KEY (參考用),English (遊戲原文),Chinese (請填寫中文)
Bard's Tale,Bard's Tale,冰城傳奇
The,The,The
TRILOGY,TRILOGY,三部曲
BT1ChapterDesc,Tales of the Unknown,未知的故事
BT2ChapterDesc,The Destiny Knight,命運騎士
BT3ChapterDesc,Thief of Fate,命運之賊
NewGameConfirm,Starting a new game will overwrite your existing AutoSave. Are you sure you wish to proceed?,你確定要開始新遊戲嗎？新遊戲將會覆蓋你現有的自動存檔。
BeginBT1,Begin Tales of the Unknown,開始「未知的故事」
BeginBT2,Begin The Destiny Knight,開始「命運騎士」
BeginBT3,Begin Thief of Fate,開始「命運之賊」
ComingSoon,Coming Soon,即將推出
New Game,New Game,開始新冒險
Load Game,Load Game,讀取進度
Options,Options,設定
Quit Game,Quit Game,離開遊戲
Chapter1,VOLUME I,首部曲
Chapter2,VOLUME II,二部曲
Chapter3,VOLUME III,三部曲
BEGIN,BEGIN,開始
LEGACY MODE,LEGACY MODE,經典模式
YES,YES,是
NO,NO,否
Yes,Yes,是
No,No,否
Cancel,Cancel,取消
OK,OK,確定
Start Game,Start Game,開始遊戲
Back,Back,返回
Resume,Resume,繼續
Close,Close,關閉
Main Menu,Main Menu,主選單
SPACE_TO_CONTINUE,<color=#ffff22>SPACE</color> to continue...,<color=#ffff22>按空白鍵</color>繼續...
LEVEL_X_SPELLS,Level {0} Spells,等級{0}法術
CODE,CODE,程式碼
COST,COST,成本
RANGE,RANGE,範圍
DURATION,DURATION,持續時間
FOE,FOE,敵人
COMBAT,COMBAT,戰鬥
ALL FOES,ALL FOES,所有敵人
GROUP,GROUP,集團
PARTY,PARTY,隊伍
CHAR,CHAR,字元
LONG,LONG,長
MEDIUM,MEDIUM,中
SHORT,SHORT,簡短
Spells,Spells,法術
SPECIAL_SLOT,S,特殊
PARTY_NO_SPELLCASTERS,Your party has no spell casters.,你的隊伍裡沒有施法者。
NEW_PARTY_ORDER,New Party Order:,新隊伍順序：
WHO_WILL_CAST,Who will cast a spell?,誰要施法？
WHO_WILL_PLAY,Who will play a song?,誰要演奏？
WHO_WILL_USE,Who will use an item?,誰要使用道具？
NO_NEED_PARTY_COMBAT,There is no need for party combat.,沒有必要進行隊伍戰鬥。
PARTY_HAS_NO_BARDS,Your party has no bards.,你的隊伍裡沒有吟遊詩人。
PARTY_HAS_NO_USABLE_TIMES,Your party has no members with equipped non-combat usable items.,你的隊伍裡沒有可使用的非戰鬥道具。
ALWAYS_DAYLIGHT,It always seems to be daylight here!,這裡似乎永遠是白天！
ALWAYS_NIGHT,It always seems to be night here!,這裡似乎永遠是夜晚！
TIME_OF_DAY_0,It's now midnight,現在是午夜
TIME_OF_DAY_1,It's now after midnight,現在是凌晨
TIME_OF_DAY_2,It's now early morning,現在是清晨
TIME_OF_DAY_3,It's now mid-morning,現在是上午
TIME_OF_DAY_4,It's now noon,現在是中午
TIME_OF_DAY_5,It's now afternoon,現在是下午
TIME_OF_DAY_6,It's now dusk,現在是黃昏
TIME_OF_DAY_7,It's now evening,現在是晚上
PARTY_STOPS_FOR_A_MOMENT,"Your party stops for a moment and takes a good look around...\n\n{0}, facing {1}.\n\n{2}",「隊伍停下腳步，仔細查看四周...\n\n{0}面向{1}。\n\n{2}」
TAKE_TIME_TO_LOOK_AROUND,You take the time to look around...,你停下腳步，仔細查看四周...
CHAR_MUST_DROP_ITEM,{0} must drop an item to make space for {1}:,必須捨棄一件物品才能騰出空間給{1}：
INV_FULL_DROP_ITEM,Your inventory is full. Drop an item to make space for {0}:,你的物品欄已滿。請捨棄一件物品才能騰出空間給{0}：
ITEM_TOO_IMPORTANT,You feel this item is too important to discard!,你覺得這件物品太重要了，不能丟棄！
CHOOSE_DIFF_CHAR,Choose different character,選擇其他角色
JOURNAL_ENCOUNTER,We encountered:,我們遇到了：
CHAR_GOT_THE_ITEM,{0} got the {1}.,{0}得到了{1}。
ITEM_ADDED_TO_INV,{0} has been added to the party inventory.,{0}已加入隊伍庫存。
STAIRS_UP,"There are stairs here, going up.\nDo you wish to take them?",這裡有樓梯，向上。 \n你想走嗎？
STAIRS_DOWN,"There are stairs here, going down.\nDo you wish to take them?",這裡有樓梯，向下走。 \n你想走嗎？
SAGE_KNOWS_THIS,I know of this... but the knowledge will cost thee {0} gold.,我知道這一點...但是這些知識將花費你{0}金幣。
SAGE_COME_BACK_WITH_GOLD,Come back when you can afford my wisdom.,當你能負擔我的報酬時就回來吧。
SAGE_YES,"Yes, I will pay.",是的，我會付錢。
SAGE_NO,"No, it is too much.",不，太多了。
PARTY_FINDS_UNIDENTIFIED_ITEM,The party finds an unidentified {0}.\n,該方發現一個未鑑定的{0}。 \n
PARTY_FINDS_ITEM,The party finds a {0}.\n,該方找到了{0}。 \n
CHAR_FINDS_UNIDENTIFIED_ITEM,{0} found an unidentified {1}.\n,{0}發現一個未鑑定的{1}。 \n
CHAR_FINDS_ITEM,{0} found a {1}.\n,{0}找到了{1}。 \n
CHAR_READY_TO_LEVEL_UP,{0} is ready to level up. Find the Review Board.,{0}已準備好升級。找到評審委員會。
CHAR_READY_TO_LEARN_NEW_SPELL,{0} is ready to learn level {1} {2} spells. Find the Review Board and bring {3} in gold.,{0}已準備好學習{1}{2}級法術。找到評審委員會並帶來金色的{3}。
CHAR_JUMPED_OUT_OF_WAY,{0} jumped out of the way!\n,{0}閃避了！ \n
CHAR_TAKE_CHEST_DAMAGE,{0} took {1} damage,{0}受到{1}傷害
STAIRS_NEAR,There are stairs near.,附近有樓梯。
TRAP_NEAR,There is a trap near.,附近有一個陷阱。
PORTAL_NEAR,There is a portal near.,附近有一個傳送門。
SPELLS_WAVER,Your spells waver.,你的咒語動搖了。
SPINNER_AHEAD,You sense a spinner ahead.,你感覺到前面有一個旋轉器。
SOMETHING_SPECIAL_NEAR,There is something special near.,附近有一些特別的東西。
DETECT_MOVEMENT_AHEAD,You detect some movement ahead.,你察覺到前方有動靜。
PORTAL_BELOW,There is a portal below you.,你下面有一個傳送門。
PORTAL_ABOVE,There is a portal above you.,你上方有一個傳送門。
HIT_A_TRAP,TRAP! You've hit a {0},陷阱！你已經擊中了{0}
None,None,無
Melee,Melee,近戰
Breath,Breath,噴吐
Range,Range,遠程
Summon Help,Summon Help,召喚援軍
Chance,Chance,隨機
Defend,Defend,防禦
Spell,Spell,法術
Unknown Spell,Unknown Spell,未知咒語
Exit to town,Exit to town,離開城鎮
Damage,Damage,傷害
Items,Items,物品
KICK_CHAR_FROM_PARTY,Kick {0} from the party.,將{0}踢出隊伍。
Damage_Poison,Poison,毒藥
Damage_Drain,Level Drain,等級吸取
Damage_Insane,Insanity,瘋狂
Damage_Wither,Wither,枯萎
Damage_Possess,Possess,擁有
Damage_Stoned,Petrify,石化
Damage_Critical,Critical Hit,暴擊
Damage_UnequipItems,Unequip Items,取消裝備物品
Damage_SpellDrain,Spell Drain,法術吸取
Cond_Poisoned,Poisoned,中毒
Cond_Old,Withered,衰老
Cond_Dead,Dead,死亡
Cond_Stoned,Stoned,石化
Cond_Paralyzed,Paralyzed,麻痺
Cond_Possessed,Possessed,附身
Cond_Insane,Insane,瘋狂
Cond_Drained,Drained,精力耗盡
Injured,Injured,受傷
Normal,Normal,正常
Item,Item,物品
Electric,Electric,閃電
Cold,Cold,冰凍
Holy,Holy,神聖
Water,Water,水系
Fire,Fire,火焰
STONED,STONED,石化
DEAD,DEAD,死亡
Level,Level,等級
STUN,STUN,暈眩
NUTS,NUTS,瘋狂
POSS,POSS,附身
HIDE,HIDE,潛伏
ANIMATE,ANIMATE,賦予生命
PARA,PARA,麻痺
POIS,POIS,中毒
OLD,OLD,衰老
DRAIN,DRAIN,吸取
WA,WA,戰士
PA,PA,聖騎士
MO,MO,武僧
RO,RO,盜賊
HU,HU,獵人
BA,BA,吟遊詩人
CO,CO,咒術師
MA,MA,幻術師
SO,SO,巫師
WI,WI,術士
AM,AM,大法師
CH,CH,時空術士
GE,GE,大地術士
HP,HP,HP
SP,SP,SP
CL,CL,CL
AC,AC,AC
HIT POINTS,HIT POINTS,生命值
SPELL POINTS,SPELL POINTS,法術點數
CLASS,CLASS,等級
class,class,類別
Lv,Lv,Lv
XP,XP,XP
Str,Str,力
Int,Int,智
Dex,Dex,敏
Con,Con,體
Lck,Lck,運
Light,Light,光源
LightDetect,Light (Detect Secret Doors),光（偵測暗門）
Sight,Sight,視野
Levitation,Levitation,漂浮
Compass,Compass,指南針
Song,Song,歌謠
Duration,Duration,持續時間
End of Combat,End of Combat,戰鬥結束
Bard Song,Bard Song,吟遊詩人之歌
ACTIVESPELL_DISORIENTED,"Disoriented\nWithout a compass, we cannot orient our maps!",迷失方向\n沒有指南針，我們就無法確定地圖的方向！
Persistent,Persistent,永久
Combat Round,Combat Round,戰鬥回合
Mage,Mage,法師
Undead,Undead,亡靈
Demon,Demon,惡魔
Stone,Stone,石化
Magic User,Magic User,魔法師
Warrior,Warrior,戰士
Warrior_DESC,"The base fighter-type in The Bard's Tale, warriors can use nearly every weapon there is. For every 4 levels of experience after the 1st, Warriors get an extra attack ability in combat.",作為《冰城傳奇》的核心戰鬥職業，戰士可以使用幾乎所有類型的武器。自 1 級之後，戰士每升 4 級即可在戰鬥中獲得一次額外攻擊機會。
Paladin,Paladin,聖騎士
Paladin_DESC,Paladins are fighters who have sworn to abstain from all evil and to uphold honor and purity in all places. They can use most weapons and some that no other fighters can. They get multiple attacks at higher levels. They also have a greatly increased resistance to evil magic.,聖騎士是發誓遠離一切邪惡，並在世間捍衛榮譽與純潔的戰士。他們能使用絕大多數的武器，甚至包含其他戰鬥職業無法企及的神聖兵刃。隨著等級提升，他們將獲得多次攻擊的能力；此外，他們對邪惡魔法也擁有極高的抗性。
Rogue,Rogue,盜賊
Rogue_DESC,"A professional thief with so-so combat ability, the rogue can hide in shadows, and leap out at distant enemies to land critical hits. They can also search for traps and disarm them. Without a rogue your party will pay very dearly for the booty it wins.",盜賊是戰鬥能力平平的專業竊賊，但他們能潛藏於陰影之中，並飛躍突襲遠處的敵人以造成致命一擊。他們也能搜尋並解除陷阱。如果隊伍中沒有盜賊，你們為了奪取戰利品而付出的代價，將會無比慘痛。
Bard,Bard,吟遊詩人
Bard_DESC,The Bard is a wandering minstrel. You'll see them with a tankard of ale in front of them in the less reputable taverns -- the rowdier the better. Their song magic can help your party immensely in and out of combat.,吟遊詩人是四處漂泊的流浪樂師。你經常能看見他們端著大口麥酒，混跡在那些名聲狼藉的酒館裡——而且地方越喧鬧，他們就越自在。他們的歌聲蘊含著神祕魔力，無論在戰鬥中或冒險旅途上，都能為你的隊伍帶來無比巨大的助益。
Hunter,Hunter,獵人
Hunter_DESC,"An assassin, a mercenary, a ninja. The hunter can use most weapons, and has the ability (which grows with experience) to do critical hits in combat (i.e., to attack a nerve center or other vital area and instantly kill an opponent). A good skill.",他是刺客，是僱傭兵，也是忍者。獵人能熟練使用絕大多數的武器，並擁有隨經驗增長而提升的「致命一擊」能力（意即能精準打擊神經中樞或其他要害，瞬間擊殺對手）。這是一門相當了得的本領。
Monk,Monk,武僧
Monk_DESC,"A martial artist, an almost inhuman fighting machine trained to fight without weapons or armor. The monk can use them, but, at higher levels particularly, often does better without.",他是武術大師，是個受過嚴苛訓練、在不穿盔甲也不帶武器時仍形同非人般恐怖的戰鬥機器。武僧雖然可以使用裝備，但特別是在高等級之後，赤手空拳的他們往往能發揮出更強大的戰力。
Conjurer,Conjurer,幻術師
Conjurer_DESC,"Conjurers deal in the physical creation and manifestation of real things (like fire, light, healing).",幻術師擅長將實體物質具現化。他們能憑空創造並召喚出真實存在之物（例如火焰、光芒與治癒神蹟）。
Magician,Magician,魔術師
Magician_DESC,"Magicians deal with magic as it affects physical objects (i.e., enchanting a sword, making armor stronger, making a dungeon wall disappear).",魔術師精通改變物質型態與附加附魔的法術。他們能對實體目標施加魔力影響（例如：為長劍附魔、強化盔甲的防禦力，或是令地下城的牆壁憑空消失）。
Sorcerer,Sorcerer,術士
Sorcerer_DESC,"Sorcerers are magic users who deal with the creation and manipulation of illusion. Due to the power of sorcerer spells, this class is not available to newly created characters.",術士是專精於創造與操控幻象的施法者。由於術士法術蘊含的威力過於強大，此職業並不開放給初出茅廬的新創角色。
Wizard,Wizard,巫師
Wizard_DESC,Wizards are magic users who are dedicated to the summoning and binding of various supernatural creatures. These creatures are not friendly to humankind and trying to control them is extremely hazardous. The Wizard-class is not available to new characters either.,巫師是潛心於召喚與束縛各類超自然生物的施法者。這些異界生物對人類毫無友善之情，試圖掌控牠們是極其凶險的舉動。與術士相同，巫師職業同樣不開放給初出茅廬的新角色。
Archmage,Archmage,大魔導師
Archmage_DESC,"These magic users have learned at least three levels for each of the previous four magic user classes. The Archmage is one of the most powerful and important characters in The Destiny Knight because an Archmage can do almost anything. Remember, Lagoth Zanta is an Archmage... fight fire with fire.",大魔導師是指在先前四種施法者職業中，每一門都至少研習至第 3 階（級）以上的魔法大師。大魔導師是《命運騎士》中最強大且最關鍵的角色之一，因為他們幾乎無所不能。請牢記，大魔王拉哥斯·贊塔也是一名大魔導師……想要擊敗他，你就得以毒攻毒，以烈火對抗烈火。
Chronomancer,Chronomancer,時空術士
Chronomancer_DESC,"Chronomancers are the travel experts of the magic users. Before becoming one, a magic user must master all the spells of any three mage classes. And once you become a Chronomancer, you lose the power to use all the spells you previously learned. It may sound unfair, but the Chronomancer needs to focus all of his or her attention on the important dimension teleport spells. Don't think you can get around without this spellcaster, because you just can't.",時空術士是所有施法者當中的「旅者專家」。在晉升此職業前，施法者必須先精通任意三種法師職業的所有咒語。然而，一旦你成為時空術士，你將會失去先前習得的所有法術。這聽起來或許有些不公，但時空術士必須將所有的專注力，投注在至關重要的維度傳送法術上。千萬別以為沒有這位施法者你也能闖蕩世界——因為你根本寸步難行。
Geomancer,Geomancer,大地術士
Geomancer_DESC,"Fighters who want to convert to a life of a magic can become Geomancers. Once they choose to change, they can still use the armor, weapons, and magic items that the fighter classes use. Beware: Bards lose their songs, Warriors lose their multiple attacks, Hunters lose their critical hit ability, and Monks lose their armor class bonus and multiple attacks. It's part of the trade off. To become a Geomancer, you must find the one special location that performs the rite of passage to this mage class.",渴望皈依魔法之道的戰鬥職業，可以轉職為「大地術士」。一旦選擇轉變，他們仍可繼續裝備戰士階級所使用的盔甲、武器與魔法道具。然而切記：轉職後，吟遊詩人將失去吟唱樂曲的能力、戰士會失去多次攻擊的技巧、獵人將失去致命一擊的本領，而武僧則會失去防禦防具加成與多次攻擊的優勢。這便是力量交換的代價。想要成為大地術士，你必須在世間尋獲那處舉行此法系晉升儀式的專屬祕境。
Monster,Monster,怪物
Illusion,Illusion,幻象
Human,Human,人類
Human_DESC,"While possibly being of hardier stock, this character is nonetheless like you or me.",「儘管他們的體魄或許更為強健，但這類角色本質上就如同你我一般，只是個普通人。」
Elf,Elf,精靈
Elf_DESC,"Patterned after the Tolkien elf, the elf is slight of build, frequently taller and nimbler than a human, and very inclined to magic.",「精靈是以托爾金筆下的形象為藍本塑造。他們身形纖細，通常比人類更為高挑與敏捷，且天生對魔法有著極高的親和力。」
Dwarf,Dwarf,矮人
Dwarf_DESC,"The Dwarven people are short and stout, extremely strong and healthy, but not amazingly intelligent (i.e. excellent fighters).",「矮人一族身材矮小而粗壯，他們擁有極其強悍的怪力與健康體魄，但在智力方面的表現就沒那麼驚人了（換句話說，他們是無可挑剔的頂尖戰士）。」
Hobbit,Hobbit,哈比人
Hobbit_DESC,Hobbits are slightly smaller than Dwarves but are nimble and dexterous. Just the right make-up for a rogue.,「哈比人的體型比矮人還要稍顯嬌小，但他們身手極其矯健且心思靈巧。這般天賦異稟的體質，簡直是為了成為盜賊而量身打造。」
HalfElf,Half-Elf,半精靈
HalfElf_DESC,"These crossbreeds are usually blond and fair-skinned, like elves, and get some added size and strength from their human ancestry.",「這些混血兒通常擁有如精靈般耀眼的金色髮絲與白皙膚色，同時也從人類的血統中，繼承了更為高大的身形與強健的力量。」
HalfOrc,Half-Orc,半獸人
HalfOrc_DESC,"An orc is a large, goblin-like creature often found working for evil wizards. The Half-orc, being half human, is not quite as despicable as his orc parent, but you wouldn't want to date one. They are tough but incredibly stupid.",「獸人是一種體型龐大、外貌酷似哥布林的生物，經常被發現受僱於邪惡的巫師。而半獸人因為擁有一半的人類血統，雖然不像他們的獸人父母那般面目可憎，但你絕對不會想跟他們約會。他們皮糙肉厚，卻也蠢得無可救藥。」
Gnome,Gnome,侏儒
Gnome_DESC,"Gnomes closely resemble dwarves, but have less hair and even shorter tempers. They are also more magically inclined, as a rule. Highly intelligent but not very robust.",「地精的外貌與矮人極其相似，但他們的毛髮較少，脾氣也更為暴躁。一般而言，他們對魔法有著更高的天賦。雖然智力超群，但他們的體魄卻相當脆弱。」
Male,Male,男性
Female,Female,女性
Strength,Strength,力量
Strength_DESC,Strength is physical power and chiefly affects the amount of damage a character can do to an opponent in hand-to-hand combat. Make sure your fighting characters are strong.,力量代表角色的肉體勁道。它主要影響角色在近身肉搏戰中，能對敵人造成多少傷害。請務必確保你隊伍中的戰鬥職業擁有強健的力量。
Intelligence,Intelligence,智力
Intelligence_DESC,Intelligence is mental power. A high intelligence will enable your magic users to get bonus spell points.,智力代表角色的精神心智力量。卓越的智力能讓你的施法者獲得額外的法力值加成。
Dexterity,Dexterity,敏捷
Dexterity_DESC,Measures agility & nimbleness. A high score makes your characters harder to hit and helps them strike the first blow in combat.,本項數值用以評估角色的身手與靈敏度。高昂的敏捷度不僅能讓角色更難被敵人擊中，還能助他們在戰鬥中搶佔先機、率先出招。
Constitution,Constitution,體質
Constitution_DESC,"Measures healthiness. It takes more damage to kill a character with a high constitution score. This is reflected in bonus ""hit points"", the character's life span.",本項數值用以評估角色的健康與強韌度。體質優異的角色需要承受更多傷害才會倒下，這將直接體現於額外的「生命值」加成上，亦即延展了角色的生命極限。
Luck,Luck,幸運
Luck_DESC,"Luck is an ambiguous attribute, as it has a number of unseen effects on gameplay. For example, lucky characters are more likely to resist evil magic and avoid nasty traps.",幸運是一項難以捉摸的屬性，因為它對遊戲過程有著諸多潛移默化的隱形影響。舉例來說，受到命運眷顧的角色，將更有機會抵抗邪惡魔法的侵襲，並完美避開那些陰險毒辣的機關陷阱。
Hit Points,Hit Points,生命值
Hit Points_DESC,"Hit Points measure the damage a character can take before they are killed. The current status is shown in the characters status bar, followed by their current maximum potential.",生命值用以衡量角色在力竭戰死前所能承受的傷害總量。當前的生命狀態會顯示在角色的狀態欄中，其後則會標註他們目前所能達到的最大生命潛能值。
Spell Points,Spell Points,法術點數
Spell Points_DESC,"This shows current spell point status. Points are used up with each cast of a magic spell. If a Conjurer has 20 spell points and casts a Mage Flame spell at a cost of 2 spell points, his new total would be 18. The characters status line lists both their current and maximum spell points.",本項數值顯示當前的法力值狀態。每當施展魔法咒語時，便會消耗相應的點數。舉例來說：若一名幻術師擁有 20 點法力值，並施展了消耗 2 點法力的「法師之火」咒語，其剩餘的法力總量將會變為 18 點。角色的狀態欄會同時列出他們當前的法力值與最大法力上限。
Reroll,Reroll,重新投骰
Accept Character,Accept Character,確認角色
Disarm Skill,Disarm Skill,解除陷阱技能
Identify Skill,Identify Skill,鑑定技能
Hide in Shadows Skill,Hide in Shadows Skill,潛伏陰影技能
Critical Hit,Critical Hit,暴擊
Attack,Attack,攻擊
Refugee Camp,Refugee Camp,難民營
Adventurer's Guild,Adventurer's Guild,冒險家公會
AFTER_X_HALF_DAMAGE,After {1}' the spell does half damage.,{1}之後，法術造成一半傷害。
Experience,Experience,經驗
Melee Damage,Melee Damage: {0} to {1},近戰傷害：{0}到{1}
Rogue Abilities,Rogue Abilities,盜賊能力
Disarm Traps,Disarm Traps,拆除陷阱
Bard Abilities,Bard Abilities,吟遊詩人能力
Songs Remaining,Songs Remaining,剩餘歌曲
SongsRemainCount,Songs Remaining: {0},剩餘歌曲：{0}
Inventory,Inventory,背包
Trade Gold,Trade Gold,轉移金幣
No Spin,No Spin,指針定向術
Calm Monster,Calm Monster,安撫怪物
Hide Bonus,Hide Bonus,潛伏加成
Half Spell Cost,Half Spell Cost,一半法術消耗
Regen Hitpoints,Regen Hitpoints,生命再生
Regen Spellpoints,Regen Spellpoints,法術再生
Unlimited Songs,Unlimited Songs,無限歌曲
Luck Bonus,Luck Bonus,幸運加成
Breath Protection,Breath Protection,噴吐防護
Bonus to Run,Bonus to Run,逃跑加成
Double Spell Regen,Double Spell Regen,雙倍法術再生
Quarter Spell Cost,Quarter Spell Cost,四分之一法術消耗
Resurrection,Resurrection,復活
Item_DIVIDER,Items,物品
Weapon,Weapon,武器
Weapon_DIVIDER,Weapons,武器
Shield,Shield,盾牌
Shield_DIVIDER,Shields,盾牌
Armor,Armor,裝甲
Armor_DIVIDER,Armor,裝甲
Helm,Helm,頭盔
Helm_DIVIDER,Helms,頭盔
Gloves,Gloves,手套
Gloves_DIVIDER,Gloves,手套
Instrument,Instrument,樂器
Instrument_DIVIDER,Instruments,樂器
Figurine,Figurine,小雕像
Figurine_DIVIDER,Figurines,小雕像
Ring,Ring,戒指
Ring_DIVIDER,Rings,戒指
Wand,Wand,魔杖
Wand_DIVIDER,Wands,魔杖
Offhand,Offhand,副手
Offhand_DIVIDER,Offhand Items,副手物品
Arrow,Arrow,箭頭
Arrow_DIVIDER,Arrows,箭頭
Bow,Bow,弓
Bow_DIVIDER,Bows,弓
Suit,Suit,套裝
Suit_DIVIDER,Suits,套裝
Container,Container,容器
Container_DIVIDER,Containers,容器
Boots,Boots,靴子
Boots_DIVIDER,Boots,靴子
PARTY_INVENTORY,Party Inventory,隊伍背包
Unidentified,Unidentified,未鑑定
Slot,Slot,欄位
Equipped,Equipped,已裝備
Unarmed Combat,Unarmed Combat,徒手格鬥
Damage Min,Damage Min,最低傷害
Damage Max,Damage Max,最高傷害
Ranged Damage Min,Ranged Damage Min,最低遠程傷害
Ranged Damage Max,Ranged Damage Max,最高遠程傷害
Bonus to Hit,Bonus to Hit,命中加成
To Hit,To Hit,命中
CANNOT_USE_UNIDENTIFIED,Cannot use unidentified item!,不能使用不明物品！
On Hit,On Hit,擊中時
Passive,Passive,被動
On Use,On Use,使用中
Unidentified Special,Unidentified Special,未知特效
Classes,Classes,職業
GARTHS_ITEM_INFERIOR_WARNING,<color=#115511>Item is missing {0} charge(s). Garth will not keep it once you leave the shop.</color>,<color=#115511>商品缺少{0}筆費用。一旦你離開商店，Garth就不會保留它。</color>
Summon,Summon,召喚
Spirits,Spirits,靈魂
WaterOfLife,Water Of Life,生命之水
DragonBlood,Dragon Blood,龍血
MoltenTar,Molten Tar,熔融焦油
empty,empty,空的
Would you like to:,Would you like to:,您願意：
Buy an item,Buy an item,購買商品
Buy item,Buy item,購買商品
Sell an item,Sell an item,出售物品
Identify an item,Identify an item,識別一個項目
View inventory,View inventory,查看庫存
Pool Gold,Pool Gold,集中金幣
Sell item,Sell item,出售物品
Identify item,Identify item,識別物品
Done,Done,完成
SOLD,SOLD,已售出
YOU_HAVE_X_GOLD,You have {0} Gold,您有{0}金幣
CHAR_NOT_ENOUGH_GOLD,{0} does not have enough gold!,{0}沒有足夠的金幣！
You can:,You can:,您可以：
NOT_ENOUGH_GOLD,"I'm sorry, you don't have enough gold!",抱歉，您的金幣還不夠！
DO_YOU_WISH_TO_PAY,Do you wish to pay?,您想付款嗎？
SAGE_COME_BACK_LATER,Come back when you can afford my wisdom.,當你能負擔我的報酬時就回來吧。
WILL_YOU_PAY,Will you pay?,你會付錢嗎？
WHO_WILL_PAY,Who will pay?,誰來付錢？
WHO_GETS_THE_ITEM,Who gets the {0}?,誰拿到{0}？
WHO_WILL_PAY_X_GOLD,Who will pay {0} gold?,誰來支付{0}金幣？
OVERWRITE_FILE,Overwrite saved game:\n\n{0}\n\nAre you sure?,覆蓋已儲存的遊戲：\n\n{0}\n\n您確定嗎？
CANNOT_OVERWRITE_AUTOSAVE,You cannot overwrite AutoSave or QuickSave files,您無法覆蓋自動儲存或快速儲存文件
NO_CHAR_HAS_ENOUGH_GOLD,"I am sorry, but no character has enough gold to pay!",抱歉，沒有角色有足夠的金幣來支付！
All Foes,All Foes,所有敵人
Party,Party,隊伍
Single Group,Single Group,單組
Single Target,Single Target,單一目標
Single Ally,Single Ally,單一盟友
TELEPORT_OUTSIDE_DUNGEONS,"Outside of dungeons, this will teleport you between cities you have visited.",在地下城之外，這會將您傳送到您曾經造訪過的城市之間。
Cost reduced by item(s),Cost reduced by item(s),物品降低費用
No enemies in range,No enemies in range,範圍內沒有敵人
Not enough spell points,Not enough spell points,法術點數不足
Combat only spell,Combat only spell,僅戰鬥法術
LEVEL_1,Lv1,Lv1
LEVEL_2,Lv2,Lv2
LEVEL_3,Lv3,Lv3
LEVEL_4,Lv4,Lv4
LEVEL_5,Lv5,Lv5
Hide in Shadows,Hide in Shadows,潛伏陰影
Stop Singing,Stop Singing,停止演奏
STOP_SINGING_HINT,Stop singing the current song,停止演奏當前歌謠
CHOOSE_SONG,Choose a song to play,選擇要演奏的歌謠
CANNOT_PLAY_SONGS,Cannot play any songs at the moment.,目前無法播放任何歌曲。
CANNOT_CAST_SPELLS,Cannot cast any spells at the moment.,目前無法施展任何法術。
CANNOT_KICK_CHAR_WITH_QUEST_ITEMS,You cannot kick {0} from the party as they have important quest items in their inventory!,您不能將{0}踢出隊伍，因為他們的庫存中有重要的任務物品！
TRANSFER_GOLD,Transfer gold to whom?,把黃金轉給誰？
CANNOT_TRANSFER_GOLD_TO_MONSTER,"You cannot transfer gold to a monster or NPC, they are just not trustworthy enough!",你不能將金幣轉移給怪物或 NPC，他們只是不夠值得信任！
TRANSFER_HOW_MUCH_GOLD,Transfer how much gold?,轉多少金幣？
NOT_ENOUGH_GOLD_TO_TRANSFER,You don't have that much gold to transfer!,你沒有那麼多金幣可以轉移！
MUST_ENTER_GREATER_THAN_0,You need to enter a number greater than 0. Try again...,您需要輸入一個大於 0 的數字。請重試...
INVENTORY_EMPTY,Inventory is empty.,背包已空。
Stack items,Stack items,堆疊物品
TRADE_ITEM,Trade item to another party member,將物品轉給其他隊員
Drop item,Drop item,丟棄物品
EQUIP_UNEQUIP,Equip/Unequip,裝備/卸下
SPACE,SPACE,空間
Identify,Identify,鑑定
Use item,Use item,使用物品
NO_PERSONAL_ROOM_TO_EQUIP,No room in personal inventory to equip more items. You must unequip something.,個人庫存中沒有空間來裝備更多物品。你必須取消某些東西。
NO_PARTY_ROOM_TO_ADD,No room in the party inventory for another item. You'll need to drop something first.,隊伍庫存中沒有空間容納其他物品。你需要先放下一些東西。
CANNOT_DROP_EQUIPPED,You cannot drop equipped items. You must unequip them first.,你不能掉落裝備好的物品。你必須先取消它們的裝備。
ITEM_TOO_IMPORTANT_TO_DROP,You have a feeling this item is too important to throw away!,您感覺這件物品太重要了，不能丟掉！
ITEM_ALREADY_IDENTIFIED_TRY_MAGIC,The item is already identified! Only through magic can you learn more about it...,該項目已被識別！只有透過魔法，你才能了解更多…
ITEM_ALREADY_IDENTIFIED_TRY_ROSCOE,The item is already identified! Perhaps Roscoe can tell you more...,該項目已被識別！也許Roscoe可以告訴你更多...
PARTY_ALREADY_IDENTIFIED_THIS,Your party has already tried to identify this and failed!,你們的隊伍已經嘗試過識別這一點，但失敗了！
CHAR_IDENTIFIES_ITEM,{0} takes a close look and identifies the item as {1}.,{0}仔細觀察後發現物品為{1}。
CHAR_UNABLE_TO_IDENTIFY_ITEM,{0} takes a close look but is unable to identify the item.,{0}仔細觀察，但無法辨識該物品。
FIND_ANOTHER_WAY_TO_IDENTIFY,"You'll need to find another way to identify this item, or just discard it!",您需要找到另一種方法來識別該物品，或直接丟棄它！
TAKE_TO_GARTHS,You'll have to take it to Garth's to identify it.,你必須把它帶到Garth那裡去辨認它。
ITEM_NOT_USABLE_BY_CHAR,That item is not usable by {0}!,{0}無法使用該物品！
ITEM_CANNOT_BE_USED_OUTSIDE_COMBAT,{0} cannot be used outside of combat...,{0}不能在戰鬥之外使用...
ITEM_NOT_USABLE,{0} is not a usable item...,{0}不是一個可用的物品...
CANNOT_TRADE_EQUIPPED_ITEMS,You cannot trade equipped items. You must unequip them first.,您無法交易裝備的物品。你必須先取消它們的裝備。
TRADE_ITEM_TO,Trade {0} to:,將{0}交易至：
CHAR_HAS_NO_INV_SPACE,{0} has no inventory space available.,{0}沒有可用的庫存空間。
CHOOSE_SPELL_TO_CAST,Choose a spell to cast:,選擇要施放的咒語：
CANNOT_APPORT_ARCANE_HERE,You can't cast Apport Arcane here!,你無法在此地施展奧秘傳門！
ENTER_N_E_U,Enter 'north east up' coordinates:,輸入“東北向上”座標：
CHOOSE_DEST,Choose a destination:,選擇目的地：
MUST_ENTER_3_COORDS,You must enter 3 coordinates for apport arcane!,施展奧秘傳門必須輸入 3 個座標值！
ITEM_IDENTIFIED_AS,Item was identified as:,項目被確定為：
CHAR_CASTS_SPELL_ON,{0} casts {1} on:,{0}將{1}施放於：
CHAR_USES_ITEM_ON,{0} uses {1} on:,{0}在以下方面使用{1}：
CHAR_USES_ITEM_ON_CHAR,{0} uses {1} on {2},{0}在{2}上使用{1}
CHAR_USES_CHAR,{0} uses {1},{0}使用{1}
CHAR_DRINK_FROM_EMPTY_CONTAINER,{0} tried to drink from {1} but it is empty!,{0}試圖喝{1}的水，但它是空的！
ITEM_CANNOT_BE_USED_HERE,{0} cannot be used here.,此處不能使用{0}。
CHAR_CASTS_SPELL_BUT_FIZZLES_COZ_COMBAT_ONLY,{0} casts {1} but it fizzles because it is a combat only spell.,{0}施放了{1}但它失敗了，因為它只是一個戰鬥法術。
SKULL_ANTIMAGIC,Anti-Magic Aura,反魔法光環
SKULL_NO_APPORT,Apport Arcane cannot target here,此地無法作為奧秘傳門的目標點。
SKULL_NO_PHASE_DOOR,Phase Door cannot be cast,此處無法施展相位之門。
SKULL_X_SECONDS_LEFT,{1} Seconds Left,{1}還剩幾秒
SKULL_MAPPING_REPRESSED,Mapping repressed,映射被抑制
SKULL_SMOKE,Smoke in your eyes!,眼睛裡冒煙了！
SKULL_MALEVOLENCE,Feeling of Malevolence,惡意的感覺
SKULL_DROWNING,Drowning!,溺水了！
SKULL_DROWNING_IN_X,Drowning in {0} moves!,沉浸在{0}動作中！
SKULL_AREA_CURSES,Area Curses Detected,偵測到區域詛咒
SKULL_AREA_BLESSINGS,Area Blessings Detected,偵測到區域祝福
SKULL_FREEZING,Freezing!,凍結！
SKULL_FREEZING_IN_X,Freezing in {0} moves!,{0}動作凍結！
CHAR_TURNS_HOSTILE,{0} turns hostile...,{0}變得敵對...
LIGHT_IGNITES_GAS,Your light ignites the gas in this area!\n\nBOOM!\n\n,你的照明引爆了該區域的氣體！ \n\n轟隆隆！ \n\n
CHAR_TOOK_X_DAMAGE,{0} took {1} damage!,{0}受到{1}傷害！
OUCH_BLOCKED,Ouch... Blocked!\n,哎呀...被封鎖了！ \n
Ouch,Ouch,哎喲
STUCK,Stuck...\n,卡住了...\n
TRANSFER_FULL,Full Power Transfer,全功率傳輸
TRANSFER_PARTIAL,Moderate Power Transfer,中等功率傳輸
TRANSFER_RESET,Full Reset,完全重置
Party (No Compass),Party (No Compass),隊伍（無指南針）
Wall,Wall,牆
Door,Door,門
Secret Door,Secret Door,暗門
Hint,Hint,提示
Journal Entry,Journal Entry,日記條目
Combat,Combat,戰鬥
Trap,Trap,陷阱
Spinner,Spinner,旋轉器
Spell Points Regeneration,Spell Points Regeneration,法術點再生
Spell Points Drain,Spell Points Drain,法術點消耗
Teleport Destination,Teleport Destination,傳送目的地
Teleport Source,Teleport Source,傳送源
Magic Chains,Magic Chains,魔法鎖鏈
Malevolence,Malevolence,惡意
Smoke,Smoke,煙
LEGEND,LEGEND,傳奇
Something Odd,Something Odd,奇怪的事情
Hit Points Drain,Hit Points Drain,生命值流失
Hit Points Regeneration,Hit Points Regeneration,生命值恢復
Portal Down,Portal Down,傳送門向下
Portal Up,Portal Up,傳送門向上
Stairs Down,Stairs Down,下樓梯
Stairs Up,Stairs Up,上樓梯
Silence,Silence,沉默
Tree,Tree,樹
Inn,Inn,客棧
Large Rock,Large Rock,大岩石
Small Rocks,Small Rocks,小岩石
Temple,Temple,寺廟
Gate,Gate,門
Ignitable Gas,Ignitable Gas,可燃氣體
Darkness,Darkness,黑暗
Antimagic,Antimagic,反魔法
Empty House,Empty House,空房子
Empty Hut,Empty Hut,空蕩蕩的小屋
Bard's Hall,Bard's Hall,吟遊詩人大廳
Wizard's Guild,Wizard's Guild,巫師公會
Hut,Hut,小屋
Tower,Tower,塔
Large Tree,Large Tree,大樹
Obelisk,Obelisk,方尖碑
Review Board,Review Board,評審委員會
The Adventurer's Guild,The Adventurer's Guild,冒險家公會
Garth's Shoppe,Garth's Shoppe,加斯裝備店
The Review Board,The Review Board,評審委員會
Roscoe's Energy Emporium,Roscoe's Energy Emporium,Roscoe能源商場
Bank,Bank,銀行
Casino,Casino,賭場
An Iron Gate,An Iron Gate,鐵門
An empty hut,An empty hut,一間空蕩蕩的小屋
An unexplored hut,An unexplored hut,未開發的小屋
An empty house,An empty house,空蕩蕩的房子
An unexplored house,An unexplored house,未開發的房子
AUTOMAP_APPORT_TO_WHICH_TOWN,Which town will you Apport Arcane to?,您將把奧術分配到哪個城鎮？
AUTOMAP_WHO_CAST_SPELL,Who will cast {0}?,誰來出演{0}？
AUTOMAP_SCRY_SIGHT_HINT,A caster in your party will cast Scry Sight to reveal your location on the map.,你隊伍中的施法者將施展占星術來顯示你在地圖上的位置。
AUTOMAP_APPORT_ARCANE_HINT,A caster in your party will cast Apport Arcane to teleport to anywhere on any level of the current dungeon. Does not work in cities and you cannot teleport between different dungeons.,你隊伍中的施法者將施放「奧術傳送」來傳送到目前地下城任何層的任何地方。不適用於城市，您無法在不同的地下城之間傳送。
AUTOMAP_CHANGE_TO_NEXT_CITY,Change to next city or dungeon map.,更改到下一個城市或地下城地圖。
AUTOMAP_CHANGE_TO_PREVIOUS_CITY,Change to previous city or dungeon map.,改為之前的城市或地下城地圖。
AUTOMAP_GO_UP_LEVEL,Go up one level in current dungeon.,在當前地下城中升一級。
AUTOMAP_GO_DOWN_LEVEL,Go down one level in current dungeon.,在目前地下城中下一層。
North,North,北
East,East,東
Up,Up,向上
N,N,氮
E,E,乙
Up2,Up,向上
Stairs going up,Stairs going up,樓梯向上
Stairs going down,Stairs going down,樓梯往下走
A portal going up,A portal going up,一個正在上升的門戶
A portal going down,A portal going down,門戶網站正在下降
We encountered a trap here!,We encountered a trap here!,我們在這裡遇到了陷阱！
A magical spinner!,A magical spinner!,一個神奇的旋轉器！
Smoke in our eyes!,Smoke in our eyes!,我們的眼睛裡冒煙了！
Magic chains!,Magic chains!,魔法鎖鏈！
Ignitable gas!,Ignitable gas!,可燃氣體氣體！
A feeling of malevolence!,A feeling of malevolence!,有一種惡毒的感覺！
An aura of anti-magic!,An aura of anti-magic!,一股反魔法的氣息！
Something draining our health!,Something draining our health!,有些東西正在消耗我們的健康！
Our music was silenced!,Our music was silenced!,我們的音樂安靜了！
Our spellpoints slowly regenerated!,Our spell points slowly regenerated!,我們的法術點慢慢恢復！
Our health slowly regenerated!,Our health slowly regenerated!,我們的健康慢慢恢復了！
Monsters lurk here!,Monsters lurk here!,怪物潛伏在這裡！
TELEPORT_TO_N_E,"Teleported to N {0}, E {1}","傳送到 N{0}, E{1}"
TELEPORT_TO_MAP_N_E,"Teleported to {0}, N {1}, E {2}",傳送到{0}、N{1}、E{2}
LOST_BEARINGS,We lost our bearings here. We should use Scry Site next time it happens.,我們在這裡迷失了方向。下次發生這種情況時我們應該使用 Scry Site。
CHAR_HAS_LOST_VOICE,{0} has lost their voice!,{0}失聲了！
CHAR_PLAYS_SONG_BUT_IS_PREVENTED,"{0} tries to play a song, but is prevented by a mysterious aura!",{0}嘗試播放歌曲，但被神秘光環阻止！
CHAR_PLAYS_SONG,{0} plays {1}.,{0}飾演{1}。
CHAR_PLAYS,{0} plays,{0}播放
CHAR_HAS_NO_INST_EQUIPPED,{0} has no instrument equipped.,{0}沒有配備儀器。
SONG_FalkentynesFury,Falkentyne's Fury,法爾肯泰恩之怒
SONG_FalkentynesFury_DESC,"This tune increases the damage your party will do in combat, by driving them into a berserker rage.",這首曲子會讓你的隊伍陷入狂暴，從而增加他們在戰鬥中造成的傷害。
SONG_SeekersBallad,Seeker's Ballad,探索者之歌
SONG_SeekersBallad_DESC,"This song will produce light when exploring, and during combat it will increase the party's chance of hitting a foe with a weapon.",這首歌在探索時會產生光，在戰鬥中會增加隊伍用武器擊中敵人的機會。
SONG_WaylandsWatch,Wayland's Watch,韋蘭的手錶
SONG_WaylandsWatch_DESC,"This song will soothe your savage foes, making them do less damage in combat.",這首歌會安撫你的野蠻敵人，使他們在戰鬥中造成更少的傷害。
SONG_BadhrKilnfest,Badh'r Kilnfest,巴德爾窯節
SONG_BadhrKilnfest_DESC,"This is an ancient Elven melody, which will heal the Bard's wounds during travelling, and heal the party's wounds during combat.",這是一首古老的精靈旋律，可以在旅行時治癒吟遊詩人的傷口，在戰鬥時治癒隊伍的傷口。
SONG_TravellersTune,Traveller's Tune,旅人之調
SONG_TravellersTune_DESC,"This melody makes the members of your party more dexterous and agile, and thus more difficult to hit.",這種旋律使你的隊伍成員變得更加靈巧和敏捷，從而更難被擊中。
SONG_Lucklaran,Lucklaran,盧克拉蘭
SONG_Lucklaran_DESC,"This song sets up a partial ""anti-magic"" field, which gives party members some increased protection against spell casting.",這首歌設定了一個部分「反魔法」場，這為隊員提供了一些針對施法的增強保護。
SONG_ArchersTune,Archer's Tune,弓箭手的曲調
SONG_ArchersTune_DESC,"Doubles the party's missile damage, and cuts the missile damage inflicted by a foe in half. Missile weapons are those weapons that are thrown or shot such as arrows, spears, and axes.",使己方的飛彈傷害加倍，並將敵人造成的飛彈傷害減半。飛彈武器是指投擲或射擊的武器，例如箭、矛和斧頭。
SONG_SpellSong,Spell Song,咒歌
SONG_SpellSong_DESC,Spells do increased damage to monsters in close range and reduces the damage done by enemy spells.,法術對近距離怪物造成的傷害增加，並減少敵方法造成的傷害。
SONG_SpellSong_DESC_BT2,Bonus to saving roll. This means the party is less likely to be damaged by magic and traps.,節省骰子的加值。這意味著隊伍被魔法和陷阱傷害的可能性較小。
SONG_SanctuaryScore,Sanctuary Score,庇護所分數
SONG_SanctuaryScore_DESC_BT2,Lowers the Armor Class for all party members.,降低所有隊員的護甲等級。
SONG_MeleeMarch,Melee March,近戰行軍
SONG_MeleeMarch_DESC,"Increases the effectiveness of your party's melee combat, reducing damage taken and also increases the damage points inflicted on enemies.",提高隊伍近戰戰鬥的效率，減少受到的傷害，並增加對敵人造成的傷害點。
SONG_ZanduvarCarack,Zanduvar Carack,贊杜瓦爾·卡拉克
SONG_ZanduvarCarack_DESC,"Protection from traps when played under normal conditions, but heals during combat.",在正常情況下玩時可以防止陷阱，但在戰鬥中可以治愈。
SONG_RhymeOfDuotime,Rhyme of Duotime,雙時之韻
SONG_RhymeOfDuotime_DESC,"Regenerates spell points at twice the normal speed when played under normal conditions, and provides extra attacks during combat.",在正常情況下播放時，以正常速度的兩倍法術再生，並在戰鬥中提供額外的攻擊。
SONG_WatchwoodMelody,Watchwood Melody,沃克伍德旋律
SONG_WatchwoodMelody_DESC,"Creates light. May work even in anti-magic zones. The party will be resistant to disorientation, allowing them to automap when they have been teleported, and spinners won't affect them when they are turning.",創造光。即使在反魔法區域也能發揮作用。隊伍將能夠抵抗迷失方向，允許他們在被傳送時自動映射，並且旋轉器在他們轉彎時不會影響他們。
SONG_WatchwoodMelody_DESC_BT2,Creates light. May work even in anti-magic zones.,創造光。即使在反魔法區域也能發揮作用。
SONG_SirRobinsTune,Sir Robin's Tune,羅賓爵士的曲調
SONG_SirRobinsTune_DESC,"This lets you run away from attackers as long as the combat has not yet begun. During combat, this keeps the monsters from calling for additional help.",只要戰鬥尚未開始，您就可以逃離攻擊者。在戰鬥中，這可以防止怪物尋求額外的幫助。
SONG_SafetySong,Safety Song,安全歌
SONG_SafetySong_DESC,"Sets up an anti-monster aura, so foes won't randomly attack you.",設定抗怪光環，敵人不會隨機攻擊你。
SONG_BringaroundBallad,Bringaround Ballad,帶來民謠
SONG_BringaroundBallad_DESC,"In non-combat situations, this rejuvenates the Bard's hit points. During combat, this song will affect everyone in your party, including the Bard.",在非戰鬥情況下，這可以恢復吟遊詩人的生命值。在戰鬥中，這首歌會影響你隊伍中的每個人，包括吟遊詩人。
SONG_KielsOverture,Kiel's Overture,基爾序曲
SONG_KielsOverture_DESC,"In non-combat situations, this calls up a compass so you can get your bearings. During combat, this casts the monster-frying Trebuchet spell for one round.",在非戰鬥情況下，這會調用指南針，以便您確定方位。在戰鬥中，這會施放炸怪物投石機法術一輪。
SONG_MinstrelShield,Minstrel Shield,吟遊詩人之盾
SONG_MinstrelShield_DESC,"In non-combat situations, this lowers your armor class. During combat, it also partially shields your party so they only take half damage from monster attacks.",在非戰鬥情況下，這會降低你的護甲等級。在戰鬥中，它也會部分保護你的隊伍，使他們只受到怪物攻擊的一半傷害。
CHAR_TAKES_POISON_DAMAGE,{0} takes some poison damage,{0}受到一些毒傷害
Faster,Faster...,更快...
Slower,Slower...,慢點...
CHAR_ATTACKS_MISS,"{0} attacks {1}, but misses.",{0}攻擊{1}，但未擊中。
CHAR_ATTACK_FROM_SHADOWS_CHAR_AND_HITS,"{0} leaps out of the shadows and attacks {1}, critically hitting for {2} points of damage.",{0}從陰影中跳出並攻擊{1}，造成{2}點傷害。
CHAR_ATTACKS_CHAR_AND_HITS,"{0} attacks {1}, and hits for {2} points of damage.",{0}攻擊{1}，並造成{2}點傷害。
CHAR_ATTACKS_CHAR_AND_HITS_MULTIPLE_TIMES,"{0} attacks {1}, and hits {2} times for {3} points of damage.",{0}攻擊{1}，並擊中{2}次，造成{3}點傷害。
CHAR_RECOVER_FROM_STUN,{0} recovers from being stunned...,{0}從震驚中回過神來…
JOIN_WANDERING_CREATURE,A wandering creature offers to join your party. You can:,一個流浪生物提出加入你的隊伍。您可以：
JOIN_ALLOW,Allow it to join,允許其加入
JOIN_FIGHT,Fight it,戰鬥吧
JOIN_LEAVE,Leave it in peace,讓它安靜
MONSTER_JOIN_PARTY,{0} joined our party.,{0}加入了我們的隊伍。
NO_SPACE_FOR_MONSTER,"You have no space in your party for another monster. Next time, you are at the Adventurer's Guild you should leave a slot free for monsters to join.",你的隊伍中沒有足夠的空間容納另一個怪物。下次，當你在冒險家公會時，你應該留一個空位讓怪物加入。
MONSTER_TRIED_TO_JOIN_BUT_WAS_FOUGHT,"{0} joined tried to join our party, but we fought it instead.",{0}加入試圖加入我們的隊伍，但我們卻與之抗爭。
MONSTER_TRIED_TO_JOIN_BUT_WERE_DECLINED,"{0} tried to join our party, but we declined and left it in peace.",{0}試圖加入我們的隊伍，但我們拒絕了並安靜地離開了。
DISSENTION_IN_RANKS,There is dissention in your ranks...,你們的隊伍中出現了分歧…
NO_MORE_HOSTILES_IN_THE_PARTY,There are no more hostiles in your party. Do you wish to continue?,你的隊伍中不再有敵對分子了。您想繼續嗎？
YOU_STILL_FACE,You still face,你依然面對
Advance ahead,Advance ahead,向前推進
Fight bravely,Fight bravely,奮勇戰鬥
Run away,Run away,逃跑
CHAR_STUNNED_MISS_TURN,{0} is stunned and will miss this turn.,{0}被驚呆了，將錯過這個回合。
CHAR_HAS_BATTLE_OPTIONS,{0} has these options this battle round:\n,{0}本輪戰鬥有以下選項：\n
ATTACK_FOES_RANGE,Attack foes up to {0}',攻擊敵人{0}'
Attack from shadows,Attack from shadows,來自陰影的攻擊
Attack foes,Attack foes,攻擊敵人
Cast a spell,Cast a spell,施展咒語
Bard song,Bard song,吟遊詩人之歌
Use an item,Use an item,使用一個項目
Use an equipped item,Use an equipped item,使用裝備好的物品
Ranged attack,Ranged attack,遠程攻擊
Hide in the shadows,Hide in the shadows,潛伏於陰影
Party attack,Party attack,隊伍攻擊
KICK_DEAD_MONSTERS,Kick dead monsters from the party!,將死去的怪物踢出隊伍！
EQUIP_OR_UNEQUIP,Equip or Unequip a single item,裝備或取消裝備單一物品
USE_ATTACK_COMMANDS,Use these attack commands?,使用這些攻擊命令？
CMD_CHAR_ADVANCES,{0} advances.,{0}前進。
PARTY_ADVANCES,The party advances!,隊伍前進！
CMD_CHAR_ATTACKS_CHAR,{0} attacks {1}.,{0}攻擊{1}。
CMD_CHAR_IS_STUNNED,{0} is stunned.,{0}驚呆了。
CMD_CHAR_PLAYS_SONG,{0} plays {1},{0}飾演{1}
CMD_CHAR_DEFENDS,{0} defends.,{0}防守。
CMD_CHAR_HIDES_IN_SHADOWS,{0} hides in the shadows.,{0}潛伏於陰影。
CMD_CHAR_KICKS_DEAD_MONSTERS,{0} kicks dead monsters.,{0}踢死怪。
CHAR_UNEQUIPS_CHAR,{0} unequips {1},{0}卸下{1}
CHAR_EQUIPS_CHAR,{0} equips {1},{0}裝備{1}
ATTACK_MEMBER_OF_PARTY,Attack member of your party:,攻擊你隊伍的成員：
CHAR_ATTACKS,{0} attacks:,{0}攻擊：
PARTY_DISBELIEVES_MONSTER,Your party disbelieves {0},你的隊伍不信{0}
INVENTORY_IS_EMPTY,Inventory is empty. ESCAPE to go back...,庫存已空。逃回去…
CHAR_CHANGE_EQUIPPED_ITEM,{0} change an equipped item:,{0}更改裝備物品：
CHAR_REMAINS_HIDDEN,{0} remains hidden...,{0}仍然隱藏...
CHAR_REMAINS_HIDDEN_AND_ADVANCES,{0} remains hidden and advances...,{0}仍然隱藏並前進...
CHAR_IS_DISCOVERED,{0} is discovered while hiding in the shadows!,{0}在躲在陰影中時被發現了！
CHAR_JUMPS_IN_SHADOWS,{0} successfully jumps into the shadows...,{0}成功跳入陰影…
CHAR_JUMPS_IN_SHADOWS_FAILS,"{0} attempts to hide in the shadows, but is discovered!",{0}試圖潛伏於陰影，但被發現了！
CHAR_CANNOT_KICK_CHAR_FROM_PARTY_QUEST_ITEMS,{0} cannot kick {1} from the party because of important quest items in their inventory!,{0}無法將{1}踢出隊伍，因為他們的庫存中有重要的任務物品！
CHAR_KICKS_CHAR_FROM_PARTY,{0} kicks {1} from the party!,{0}將{1}踢出隊伍！
CHAR_USE_ITEM_BUT_SAVE_LAST_ARROW,{0} tries to use {1} but decides to save the last arrow for the old man in Skara Brae...,{0}嘗試使用{1}，但決定為斯卡拉布雷的老人保留最後一支箭…
CHAR_USE_ITEM_BUT_EMPTY,{0} tries to use {1} but it is empty,{0}嘗試使用{1}但它是空的
the party,the party,黨
COMBAT_START_0,"Before you, you see",在你面前，你會看到
COMBAT_START_1,The sudden scream of battle brings your party to a halt. You face,突然的戰鬥尖叫聲讓你的隊伍停了下來。你面對
COMBAT_START_2,The denizens of this mystic place assault you without warning. You see,這個神秘地方的居民會在沒有任何警告的情況下攻擊你。你看
COMBAT_START_3,"You face death itself, in the form of",你面對死亡本身，其形式是
COMBAT_START_4,"""Give me blood!"" you scream, as you face",「給我血！」當你面對時你尖叫
COMBAT_START_5,"Your foes seem endless, their tales unknown. You face",你的敵人似乎無窮無盡，他們的故事無人知曉。你面對
COMBAT_START_6,"""Death and drek!"" you curse, as you see",「死亡與德瑞克！」你咒罵，如你所見
COMBAT_START_7,Snarls of defiance are heard from,傳來反抗的咆哮聲
COMBAT_START_8,"""Will there ever be an end to them?"" you shout. You see",「他們會有終結嗎？」你喊道。你看
COMBAT_START_9,"""Enjoy your next life!"" you snarl. You see",「享受你的下輩子吧！」你咆哮。你看
COMBAT_START_10,Your battlecry is heard by all as you face,當你面對時，所有人都會聽到你的戰吼
COMBAT_START_11,"Your onslaught is greeted with laughter, you face",你的攻擊受到笑聲的歡迎，你的臉
COMBAT_START_12,"""Not again!"" you moan as you face",「不會再來了！」當你面對時你呻吟著
COMBAT_START_13,"""Gimme a break! Where do they come from?"" You see",「讓我休息一下！他們從哪裡來？」你看
SPELLFILTER_All_Heading,All,全部
SPELLFILTER_Exploration_Heading,Exploration,探索
SPELLFILTER_Healing_Heading,Healing,治癒
SPELLFILTER_Buffs_Heading,Buffs,增益
SPELLFILTER_SingleTarget_Heading,Single Target,單一目標
SPELLFILTER_MultipleTargets_Heading,Multiple Targets,多目標
SPELLFILTER_Curses_Heading,Curses,詛咒
SPELLFILTER_Summoning_Heading,Summoning,召喚
SPELLFILTER_All,<color=#ffff80>All</color>\nShow all the spells that this caster currently knows. Filter them further by typing keywords below.,<color=#ffff80>全部</color>\n顯示該施法者目前已知的所有法術。透過在下面輸入關鍵字進一步過濾它們。
SPELLFILTER_Exploration,"<color=#ffff80>Exploration</color>\nSpells that help the party during their travels, such as creating light, detecting the unseen, aid in movement or disarm traps.",<color=#ffff80>探索</color>\n在旅途中幫助隊伍的法術，例如創造光、探測看不見的東西、幫助移動或解除陷阱。
SPELLFILTER_Healing,"<color=#ffff80>Healing</color>\nSpells that replenish hit points, cure status conditions, remove curses or resurrect the party members.",<color=#ffff80>治療</color>\n補充生命值、治療狀態狀況、消除詛咒或復活隊員的法術。
SPELLFILTER_Buffs,"<color=#ffff80>Buffs</color>\nSpells that increase the strength, armor or general battle skills of individuals or the entire the party.",<color=#ffff80>增益</color>\n增加個人或整個隊伍的力量、護甲或一般戰鬥技能的法術。
SPELLFILTER_SingleTarget,<color=#ffff80>Single Target</color>\nSpells that do direct damage to a single enemy.,<color=#ffff80>單一目標</color>\n對單一敵人造成直接傷害的法術。
SPELLFILTER_MultipleTargets,<color=#ffff80>Multiple Targets</color>\nSpells that do damage to one or more groups of enemies.,<color=#ffff80>多個目標</color>\n對一組或多組敵人造成傷害的法術。
SPELLFILTER_Curses,"<color=#ffff80>Curses</color>\nSpells that reduce the combat effectiveness of enemies, or inflict negative status conditions on the enemies such as poison.",<color=#ffff80>詛咒</color>\n降低敵人戰鬥力或對敵人造成負面狀態（例如中毒）的法術。
SPELLFILTER_Summoning,<color=#ffff80>Summoning</color>\nSpells that summon monsters or allies to join your party.,<color=#ffff80>召喚</color>\n召喚怪物或盟友加入你的隊伍的法術。
DRINK_LESS_THIRSTY,{0} drinks and feels less thirsty.,{0}喝了水，感覺不那麼口渴了。
DRINK_CHAR_IS_READY_TO_SING,{0} drinks and feels (hic) happier and ready to sing!,{0}喝了酒，感覺（呃）更快樂，準備唱歌了！
DRINK_CHAR_IS_HAPPIER,{0} drinks and feels (hic) happier.,{0}喝了酒，感覺（呃）更快樂了。
DRINK_CHAR_IS_REFRESHED,{0} drinks and feels refreshed.,{0}喝了之後感覺神清氣爽。
DRINK_CHAR_IS_TERRIBLE,{0} drinks and feels terrible!,{0}喝了酒感覺很糟！
DRINK_CHAR_IS_DRUNK,{0} is drunk as a skunk!,{0}喝醉了！
SCRYSITE_FACE_X_IN_CITY,You face {0} and are in {1}.,您面對{0}並且位於{1}中。
SCRYSITE_LEVEL_A_FACE_N_AT_COORDS_Z_X,"You are on level {0}, facing {1} and are at coordinates {2}, {3}",您位於{0}層，面向{1}，座標為{2}、{3}
South,South,南
West,West,西
YOUR_MONSTER_IS_DISBELIEVED,Your {0} is disbelieved!,你的{0}令人難以置信！
CHAR_IS_REVEALED_TO_BE_CREATURE,{0} is revealed to be a {1},{0}被發現是{1}
CHAR_JUMPS_INTO_THE_PARTY,{0} jumps into the party!,{0}加入隊伍！
CHAR_CASTS_SPELL_AND_PUSHES_EVERYONE,{0} casts {1} and pushes everyone away!,{0}施放{1}並把所有人推開！
CHAR_USES_ITEM,{0} uses {1},{0}使用{1}
CHAR_USES_ITEM_ON_GROUP,{0} uses {1} on {2}.,{0}在{2}上使用{1}。
CHAR_BREATHES_ON_GROUP,{0} breathes on {1}.,{0}在{1}上噴吐。
CHAR_FIRES_AT_GROUP,{0} fires at {1}.,{0}向{1}開火。
CHAR_BREATHES_ON_PARTY,{0} breathes on the party.,{0}為隊伍注入了活力。
CHAR_CASTS,{0} casts:,{0}演員：
CHAR_CASTS_SPELL,{0} casts {1},{0}鑄造{1}
CHAR_CASTS_SPELL_ON_CHAR,{0} casts {1} on {2},{0}將{1}投射到{2}上
CHAR_CASTS_SPELL_ON_PARTY,{0} casts {1} on the party.,{0}在隊伍中施放{1}。
CHAR_CASTS_UNKNOWN_SPELL,{0} casts a spell.,{0}施展咒語。
CHAR_CASTS_UNKNOWN_SPELL_ON_CHAR,{0} casts a spell on {1}.,{0}對{1}施展咒語。
CHAR_CASTS_UNKNOWN_SPELL_ON_PARTY,{0} casts a spell on the party.,{0}對隊伍施展魔法。
CHAR_HIT_FOR_DAMAGE,{0} is hit for {1} damage.,{0}受到{1}傷害。
EARTH_SWALLOWS_GROUP,The earth swallows them up.,大地吞噬了他們。
CHAR_USES_DORK_RING,{0} tries to use the Dork Ring. It does absolutely nothing of use to anyone.,{0}嘗試使用 Dork Ring。它對任何人來說絕對沒有任何用處。
CHAR_USES_ITEM_MANA_RESTORED,{0} uses the {1} and has their mana restored.,{0}使用{1}並恢復了法力。
PARTY_IS_HEALED_ILLUSIONS_FLESH,"The party is healed, and illusions are turned to flesh!",隊伍被治癒，幻象化為肉身！
PARTY_IS_SHIELDED_AND_STRENGTHENED,The party is shielded and strengthened!,隊伍受到保護和加強！
CHAR_CASTS_SPELL_BUT_DUNGEON_PROTECTED,"{0} tries to cast {1}, but the dungeon level appears to be magically protected!",{0}嘗試施放{1}，但地下城關卡似乎受到了魔法保護！
CHAR_TRIES_TO_CAST_SPELL_BUT_FIZZLES,"{0} tries to cast {1}, but it fizzles!",{0}嘗試施放{1}，但失敗了！
CHAR_TAKES_DAMAGE,{0} takes {1} damage.,{0}受到{1}傷害。
CHAR_KILLED,Killed!,被殺了！
CHAR_POISONED,Poisoned!,中毒了！
CHAR_PETRIFIED,Petrified!,石化了！
CHAR_INSANE,Insane!,瘋狂的！
CHAR_POSSESSED,Possessed!,著魔了！
CHAR_WITHERED,Withered!,枯萎了！
CHAR_DRAINED,Drained of experience!,經驗耗盡！
CHAR_SPELL_DRAINED,Drained of spell points!,法術點耗盡！
CHAR_UNEQUIPPED,Items have been unequipped!,物品未裝備！
CHAR_CRITICALLY_HIT,{0} is critically hit and killed!,{0}被重擊身亡！
CHAR_CALMED,{0} is calmed!,{0}冷靜了！
GROUP_PULLED_CLOSER,{0} is pulled closer.,{0}被拉近了。
GROUP_PUSHED_AWAY,{0} is pushed away.,{0}被推開。
CHAR_RESISTS_SPELL,{0} resists.,{0}抵抗。
EVERYONE_RESISTS,Everyone resists it.,每個人都抵制它。
SPELL_RESISTED,The spell is resisted.,該咒語被抵抗。
SPELL_FIZZLES,The spell fails.,咒語失敗了。
CHAR_BLOCKS_ATTACK,{0} blocks the attack.,{0}阻止了攻擊。
CHAR_IS_OUT_OF_RANGE,{0} is out of range.,{0}超出範圍。
CHAR_DODGES_THE_ATTACK,{0} dodges the attack.,{0}躲開了攻擊。
SPELL_HITS,{0} is hit for {1} damage.,{0}受到{1}傷害。
SPELL_HITS_AND_KILLS,{0} is hit for {1} damage and is killed.,{0}受到{1}傷害並被殺死。
SPELL_OUT_OF_RANGE,The spell doesn't reach.,咒語達不到。
CHAR_PLAYS_OVERTURE_AT_GROUP,{0} plays Kiel's Overture at {1}...,{0}在{1}演奏基爾序曲......
SUMMONED,Summoned:,召喚：
CHAR_IS_REVEALED_TO_BE_CHAR,{0} is revealed to be a {1},{0}被發現是{1}
CHAR_SUMMON_BLACK_SLAYERS_BLOCKED,{0} tries to summon some Black Slayers but summoning has been blocked!,{0}嘗試召喚一些黑色殺手，但召喚已被阻止！
CHAR_SUMMONS_MINIONS,{0} summons some minions...,{0}召喚一些小兵...
SUMMON_ONE_IS_BLOCKED,... one is blocked by magic!,……一個被魔法擋住了！
BLACK_SLAYER_ARRIVES,... a Black Slayer arrives!,……黑衣殺手降臨！
SUMMON_NO_MORE_SPACE,... there is no more space!,……沒有空間了！
CHAR_CALLS_FOR_HELP_NOTHING_HAPPENS,{0} calls for help but nothing happens!,{0}呼救但沒有任何反應！
CHAR_CALLS_FOR_HELP_ANOTHER_ARRIVES,{0} calls for help and another arrives!,{0}呼救，另一個人來了！
SPELL_AirArmor,Air Armor,空氣裝甲
SPELL_AirArmor_DESC,"This spell will make the air around the spell caster bind itself into a weightless suit of ""armor"".",這個法術會讓施法者周圍的空氣將自己束縛成一套失重的「鎧甲」。
SPELL_AnimatedSword,Aker's Animated Sword,阿克的動畫劍
SPELL_AnimatedSword_DESC,A magical sword will appear and fight like a summoned monster in defense of the party.,一把神奇的劍將出現並像召喚的怪物一樣戰鬥以防禦隊伍。
SPELL_AnimateDead,Animate Dead,動畫死亡
SPELL_AnimateDead_DESC,"Gives a dead character undead strength, making them attack your enemies as though they were truly alive.",賦予死亡角色不死力量，使他們像真正活著的人一樣攻擊你的敵人。
SPELL_AntiMagic,Anti-Magic,反魔法
SPELL_AntiMagic_DESC,"Causes the ground to absorb a portion of the magical energies cast at the party, frequently allowing the members to escape all damage. Also aids in disbelieving illusions and in turning back magical fire, like a dragon's breath.",使地面吸收一部分在隊伍中施放的魔法能量，經常讓成員逃脫所有傷害。也有助於難以置信的幻象和逆轉魔法之火，如龍息。
SPELL_TeleportArbo,Apport Arboria,阿博特阿爾博裡亞
SPELL_TeleportArbo_DESC,Teleport the party from the Wilderness to Arboria. Must be cast at the Twilight Copse.,將隊伍從荒野傳送到阿博裡亞。必須在暮光小樹林施放。
SPELL_ApportArcane,Apport Arcane,奧術傳送
SPELL_ApportArcane_DESC,"Allows the party to teleport anywhere within a dungeon, except for places protected by teleportation shields.",允許隊伍傳送到地下城內的任何地方，除了受傳送護盾保護的地方。
SPELL_TeleportGeli,Apport Gelidia,阿普特·吉莉迪亞
SPELL_TeleportGeli_DESC,Teleport the party from the Wilderness to Gelidia. Must be cast at the Cold Peak.,將隊伍從荒野傳送到格利迪亞。必須在冷峰施展。
SPELL_TeleportKine,Apport Kinestia,分配運動
SPELL_TeleportKine_DESC,Teleport to Kinestia from the Wilderness. Must be cast at the Dwarven Mines.,從荒野傳送到動力學城。必須在矮人礦坑中施放。
SPELL_TeleportLuce,Apport Lucencia,盧森西亞酒店
SPELL_TeleportLuce_DESC,Teleport to Lucencia from the Wilderness. Must be cast at Crystal Springs.,從荒野傳送到盧森西亞。必須在水晶泉鑄造。
SPELL_TeleportEvil,Apport Malefia,阿珀特馬萊菲亞
SPELL_TeleportEvil_DESC,Teleport to Malefia from the Wilderness. Must be cast at Sulphur Springs.,從荒野傳送到馬勒菲亞。必須在硫磺泉鑄造。
SPELL_TeleportAece,Apport Tarmitia,阿普特塔爾米蒂亞
SPELL_TeleportAece_DESC,Teleport the party from the Wilderness to Tarmitia. Must be cast at the Vale of Warriors.,將隊伍從荒野傳送到塔米提亞。必須在勇士谷施放。
SPELL_TeleportOluk,Apport Tenebrosia,阿普特特內布羅西亞
SPELL_TeleportOluk_DESC,Return to the Wilderness to Tenebrosia. Must be cast at Shadow Rock.,返回特內布羅西亞的荒野。必須在暗影岩施放。
SPELL_ArcFire,Arc Fire,電弧火
SPELL_ArcFire_DESC,"A fan of blue flames will shoot from the caster's fingers, doing {0}-{1} points of damage to a select opponent, times caster's level.",藍色火焰扇將從施法者的手指中射出，對選定的對手造成{0}-{1}點傷害（乘以施法者的等級）。
SPELL_Magestar,Arcyne's Magestar,阿辛的法師之星
SPELL_Magestar_DESC,"A bright flare will ignite in front of a group of your enemies, temporarily blinding them and causing them to miss the next combat round.",明亮的照明彈會在一群敵人面前點燃，暫時使他們失明並導致他們錯過下一輪戰鬥。
SPELL_AreaEnchant,Area Enchant,區域附魔
SPELL_AreaEnchant_DESC,"This spell will cause the dungeon walls within 30 feet of a stairway to call out, if the party is travelling toward it.",如果隊伍正朝樓梯走去，法術將導致樓梯 30 英尺內的地下城牆壁發出呼叫。
SPELL_Ranged00Arrow,Arrows0,箭頭0
SPELL_Ranged00Arrow_DESC,Fires some arrows,發射一些箭
SPELL_Batchspell,Batchspell,批次法術
SPELL_Batchspell_DESC,"Performs the following multiple spells: GREATER REVELATION, YBARRA'S MYSTICAL COAT OF ARMOR, SORCERER SIGHT, MAJOR LEVITATION, and KIEL'S MAGIC COMPASS.",執行以下多種法術：偉大的啟示、伊巴拉的神秘盔甲、巫師視野、大懸浮和基爾的魔法羅盤。
SPELL_Battleskill,Battleskill,戰技
SPELL_Battleskill_DESC,"This spell increases one of your party member's skill with weapons, increasing the accuracy and ferocity of their attacks.",此法術可以提高你的一名隊員的武器技能，提高他們攻擊的準確性和兇猛程度。
SPELL_SpellBind,Baylor's Spell Bind,貝勒的咒語束縛
SPELL_SpellBind_DESC,"This spell if successful possesses the mind of an enemy, forcing them to join your party and fight in its defense.",如果成功，該法術會控制敵人的思想，迫使他們加入你的隊伍並為其防禦而戰。
SPELL_BeyondDeath,Beyond Death,超越死亡
SPELL_BeyondDeath_DESC,This spell will restore life and one hit point to a character.,該法術將為角色生命再生和一生命值。
SPELL_Camaraderie,Camaraderie,友情
SPELL_Camaraderie_DESC,Has a 50% chance of calming any or all monsters in your party that have turned hostile.,有 50% 的幾率平息隊伍中任何或所有變得敵對的怪物。
SPELL_CatEyes,Cat Eyes,貓眼
SPELL_CatEyes_DESC,"The members of the mage's party will all receive perfect night-vision, which will last indefinitely. Your keen sight will also allow you to identify secret doors.",法師隊伍的成員都將獲得完美的夜視能力，並且無限期持續。你敏銳的視力還可以讓你辨識秘密之門。
SPELL_CurseWithFear,Curse,詛咒
SPELL_CurseWithFear_DESC,"Causes a group of your enemies to fear you greatly, lessening their morale and their ability to hit and damage you.",使你的一群敵人非常害怕你，降低他們的士氣以及攻擊和傷害你的能力。
SPELL_DeathStrike,Death Strike,死亡打擊
SPELL_DeathStrike_DESC,"This incantation is very likely to instantly kill one selected enemy, big or small.",這個咒語很可能會瞬間殺死選定的一個或大或小的敵人。
SPELL_DemonBane,Demon Bane,惡魔剋星
SPELL_DemonBane_DESC,This spell will do {0}-{1} points of damage to a single demon. The power to summon is the power to destroy.,該法術將對單一惡魔造成{0}-{1}點傷害。召喚的力量就是毀滅的力量。
SPELL_DemonStrike,Demon Strike,惡魔之擊
SPELL_DemonStrike_DESC,"This spell works like Demon Bane, but it will affect an entire group of demons.",這個法術的作用類似於惡魔剋星，但它會影響整個惡魔群體。
SPELL_Disbelieve,Disbelieve,不相信
SPELL_Disbelieve_DESC,"This spell will reveal the true nature of any illusion attacking the party, causing it to instantly vanish.",該法術將揭示任何攻擊該方的幻象的真實本質，使其立即消失。
SPELL_Dispossess,Dispossess,剝奪
SPELL_Dispossess_DESC,This spell will make any possessed party member return to their normal state.,此法術將使任何被附身的隊員恢復正常狀態。
SPELL_DisruptIllusion,Disrupt Illusion,打破幻象
SPELL_DisruptIllusion_DESC,"This spell will destroy any illusion fighting the party, and any new illusions created later in the combat. It will also point out any doppelgangers in the party.",該法術將摧毀與隊伍戰鬥的任何幻象，以及戰鬥後期創建的任何新幻象。它還會指出黨內的任何分身。
SPELL_DivineIntervention,Divine Intervention,神聖幹預
SPELL_DivineIntervention_DESC,"This powerful spell earns its name by doing the following: 1) Turns illusionary characters into real characters; 2) Cures characters of all illnesses but age; and 3) Restores all hit points to the party. If you're in combat, it also does the following: 1) Lowers your armor class, saving throw, to hit, and damage by 20 points; 2) Increases your attack by eight points; and 3) Casts Mangar's Mallet.",這個強大的咒語因執行以下操作而得名：1）將幻象角色變成真實角色； 2）治療除老年以外的一切疾病； 3) 恢復隊伍的所有生命值。如果你在戰鬥中，它還會執行以下操作：1）降低你的護甲等級、豁免檢定、命中率和傷害 20 點； 2）攻擊力增加8點； 3) 鑄造曼加爾的木槌。
SPELL_DragonBreath,Dragon Breath,龍息
SPELL_DragonBreath_DESC,"Allows the mage to breathe fire at a group of foes, doing {0}-{1} points of damage to each.",允許法師向一群敵人噴火，對每個敵人造成{0}-{1}點傷害。
SPELL_DreamSpell,DreamSpell,夢咒
SPELL_DreamSpell_DESC,"This powerful spell earns its name by doing the following: 1) Turns illusionary characters into real characters; 2) Cures characters of all illnesses but age; and 3) Restores all hit points to the party. If you're in combat, it also does the following: 1) Lowers your armor class, saving throw, to hit, and damage by 20 points; 2) Increases your attack by eight points; and 3) Casts Mangar's Mallet. When used out of combat, the Dreamspell can be used to escape the current dungeon.",這個強大的咒語因執行以下操作而得名：1）將幻象角色變成真實角色； 2）治療除老年以外的一切疾病； 3) 恢復隊伍的所有生命值。如果你在戰鬥中，它還會執行以下操作：1）降低你的護甲等級、豁免檢定、命中率和傷害 20 點； 2）攻擊力增加8點； 3) 鑄造曼加爾的木槌。當在戰鬥之外使用時，夢咒可以用來逃離當前的地下城。
SPELL_EarthDagger,Earth Dagger,大地匕首
SPELL_EarthDagger_DESC,Cuts down the enemy with holy daggers for 200 to 800 points of damage.,用聖匕首砍倒敵人，造成 200 到 800 點傷害。
SPELL_EarthElemental,Earth Elemental,土元素
SPELL_EarthElemental_DESC,"Summons an Earth Elemental, which is a creature created from the raw elements of the earth.",召喚土元素，這是一種由地球的原始元素創造的生物。
SPELL_EarthMaw,Earth Maw,大地之喉
SPELL_EarthMaw_DESC,"Commands the ground beneath the enemy's feet to open wide and drop the foes in, so they're never seen again.",命令敵人腳下的地面張開，將敵人扔進去，這樣他們就再也看不見了。
SPELL_EarthSong,Earth Song,大地之歌
SPELL_EarthSong_DESC,Reveals all booby-trapped areas that can injure the party.,揭露所有可能傷害隊伍的誘殺區域。
SPELL_EarthWard,Earth Ward,地球病房
SPELL_EarthWard_DESC,Casts the Trap Zap spell on the entire level.,對整個關卡施放陷阱電擊法術。
SPELL_InstantOgre,Elik's Instant Ogre,艾利克的即時食人魔
SPELL_InstantOgre_DESC,This incantation will cause a real ogre to appear and join the party.,這個咒語會讓真正的食人魔出現並加入隊伍。
SPELL_InstantSlayer,Elik's Instant Slayer,艾利克的瞬間殺手
SPELL_InstantSlayer_DESC,Materializes a slayer who joins your party. What's a slayer? The name speaks for itself...,出現一個加入你隊伍的殺手。什麼是殺手？這個名字不言自明......
SPELL_InstantWolf,Elik's Instant Wolf,艾利克的即時狼
SPELL_InstantWolf_DESC,"With this spell the caster can make a real wolf appear and join the party, fighting in its defense.",透過這個法術，施法者可以讓一隻真正的狼出現並加入隊伍，為它的防禦而戰。
SPELL_ForceFocus,Fanskar's Force Focus,Fanskar的原力集中
SPELL_ForceFocus_DESC,"Lands a cone of gravitational energy on a group of your foes, inflicting {0}-{1} points of damage.",將錐形重力能量落在一群敵人身上，造成{0}-{1}點傷害。
SPELL_NightLance,Fanskar's Night Lance,范斯卡的夜間長槍
SPELL_NightLance_DESC,"Launches a chilling ice missile against a group of foes, inflicting 100-400 damage points.",向一群敵人發射一枚冰冷飛彈，造成 100-400 點傷害。
SPELL_FarDeath,Far Death,遙遠的死亡
SPELL_FarDeath_DESC,A long-range spell that drops a distant foe dead in its tracks.,一種遠程法術，可以將遠處的敵人擊斃。
SPELL_FarFoe,Far Foe,遠敵
SPELL_FarFoe_DESC,"Pushes a group of foes 40 feet further away from your party, up to a total distance of 90 feet.",將一群敵人推離你的隊伍 40 英尺，總距離達 90 英尺。
SPELL_FatalFist,Fatal Fist,致命拳頭
SPELL_FatalFist_DESC,Crushes the enemy under an unearthly gravitational force for 400-1500 points of damage.,在超自然的重力作用下粉碎敵人，造成 400-1500 點傷害。
SPELL_FlameColumn,Flame Column,火焰柱
SPELL_FlameColumn_DESC,Creates a cyclone of flame that lashes out and delivers {0}-{1} points of damage to a group of your foes.,製造一股火焰旋風，向一群敵人猛烈攻擊，造成{0}-{1}點傷害。
SPELL_FleshAnew,Flesh Anew,煥然一新
SPELL_FleshAnew_DESC,"This spell behaves like the ""Flesh Restore"" spell, except that it will affect every member of the party.",此法術的作用類似於「血肉恢復」法術，只不過它會影響隊伍中的每個成員。
SPELL_FleshRestore,Flesh Restore,肌膚修復
SPELL_FleshRestore_DESC,This powerful healing spell will restore {0}-{1} hit points to a party member and cure poisoning and insanity.,這個強大的治療法術將為隊員恢復{0}-{1}點生命值並治癒中毒和精神錯亂。
SPELL_ForceOfTarjan,Force Of Tarjan,塔里安之力
SPELL_ForceOfTarjan_DESC,Casts Witherfist and Sandstorm for a double offensive punch.,使用威瑟拳頭和沙風進行雙重攻擊。
SPELL_FreezeFoes,Freeze Foes,凍結敵人
SPELL_FreezeFoes_DESC,"This spell binds your enemies with a magical force, slowing their movements and making them easier to hit.",這個法術用魔法力量束縛你的敵人，減慢他們的移動速度，讓他們更容易被擊中。
SPELL_FrostForce,Frost Force,冰霜之力
SPELL_FrostForce_DESC,Blasts the enemy with a deadly frost for 50 to 400 points of damage.,用致命的冰霜爆炸敵人，造成 50 到 400 點傷害。
SPELL_GateWraith,Gate,門
SPELL_GateWraith_DESC,Bids a shadowy wraith to unwillingly join your party.,邀請一個陰暗的幽靈不情願地加入你的隊伍。
SPELL_GiantStrength,Giant Strength,巨大的力量
SPELL_GiantStrength_DESC,"Instills tremendous power in your party, increasing their strike ability by 10.",為你的隊伍注入巨大的力量，將他們的攻擊能力提高 10 點。
SPELL_GillesGills,Gilles Gills,吉爾斯·吉爾斯
SPELL_GillesGills_DESC,This survival spell lets your party breathe under water. It is cumulative in effect; casting it more than once will extend the amount of time you can spend underwater.,這個生存咒語可以讓你的隊伍在水下噴吐。它的效果是累積的；多次施放它會延長你在水下的時間。
SPELL_GlacierStrike,Glacier Strike,冰川打擊
SPELL_GlacierStrike_DESC,"Impales the enemy with an icy stalagmite, causing 400 to 1600 points of damage.",用冰冷的石筍刺穿敵人，造成 400 到 1600 點傷害。
SPELL_GodFire,God Fire,神火
SPELL_GodFire_DESC,A holy spell where blazing red fires are sent from the angry gods to roast the enemy for 60 to 240 damage points.,憤怒的諸神發出熾熱的紅色火焰，烘烤敵人，造成 60 至 240 點傷害的神聖法術。
SPELL_Gotterdamurung,Götterdämmerung,諸神黃昏
SPELL_Gotterdamurung_DESC,"The finest in offensive obliteration, this spell annihilates the opponent for around 2000 damage points.",這是進攻性消滅中最好的法術，可以消滅對手約 2000 點傷害。
SPELL_GraveRobber,Grave Robber,盜墓者
SPELL_GraveRobber_DESC,Casts Beyond Death and Regeneration for a life-giving combination of spells.,施展超越死亡和重生以獲得賦予生命的法術組合。
SPELL_GreaterRevelation,Greater Revelation,更大的啟示
SPELL_GreaterRevelation_DESC,"Like a ""Lesser Revelation"" spell, only it illuminates a wider area.",就像「小啟示」咒語一樣，只是它照亮了更廣泛的區域。
SPELL_GreaterSummon,Greater Summoning,強效召喚
SPELL_GreaterSummon_DESC,This spell will gate a greater demon into our universe and bind him to the party.,這個咒語將把一個更強大的惡魔關進我們的宇宙，並將他束縛在隊伍中。
SPELL_HealAll,Heal All,治癒一切
SPELL_HealAll_DESC,"A Beyond Death spell that resurrects every dead party member (except those turned to stone), and heals all wounds, paralysis, and insanity.""",一種超越死亡的法術，可以復活所有死去的隊員（除了那些變成石頭的），並治癒所有傷口、麻痺和精神錯亂。 」
SPELL_HolyWater,Holy Water,聖水
SPELL_HolyWater_DESC,"A spray of water will emanate from the mage's fingers, doing 6-24 points of damage to any undead foe (e.g. skeleton, zombie, vampire).",法師的手指會噴出水霧，對任何不死敵人（如骷髏、殭屍、吸血鬼）造成 6-24 點傷害。
SPELL_HypnoticImage,Hypnotic Image,催眠影像
SPELL_HypnoticImage_DESC,"If successfully cast, this spell will make a group of your enemies miss the next combat round.",如果成功施展，該法術將使你的一群敵人錯過下一輪戰鬥。
SPELL_IceStorm,Ice Storm,冰風暴
SPELL_IceStorm_DESC,"Pummels a group of monsters with chunks of ice, causing 20-80 points of damage.",用冰塊猛擊一群怪物，造成 20-80 點傷害。
SPELL_Identify,Identify,識別
SPELL_Identify_DESC,Cast this spell on something to find out just what the heck it is.,對某物施放這個咒語，看看它到底是什麼。
SPELL_JoltBolt,Jolt Bolt,震擊螺栓
SPELL_JoltBolt_DESC,"Wrenches the earth below the enemy, smashing them to the ground and gives them a jolting electrical shock to cause 400-1600 points of damage.",扭動敵人下方的土地，將他們摔倒在地，並給予他們震動電擊，造成 400-1600 點傷害。
SPELL_KielsCompass,Kiel's Magic Compass,基爾的魔法羅盤
SPELL_KielsCompass_DESC,"A Compass of shimmering magelight appears above the party, telling the direction they face.",一個閃爍著法光的指南針出現在隊伍上方，告訴他們所面對的方向。
SPELL_Invisibility,Kylearan's Invisibility Spell,凱利蘭的隱形咒語
SPELL_Invisibility_DESC,This invocation will perform a Vanishing Spell on the entire party.,此呼叫將對整個隊伍執行消失咒。
SPELL_VanishingSpell,Kylearan's Vanishing Spell,凱利蘭的消失咒
SPELL_VanishingSpell_DESC,"The mage casting this spell will turn nearly invisible in the eyes of their enemies, who will have great difficulty in striking them.",施展此法術的法師將在敵人眼中變得幾乎隱形，而敵人將很難攻擊他們。
SPELL_LesserRevelation,Lesser Revelation,小啟示
SPELL_LesserRevelation_DESC,"This is an extended ""Mage Flame"" spell which also reveals secret doors.",這是一個擴展的「法師火焰」法術，也可以揭示秘密之門。
SPELL_LesserSummon,Lesser Summoning,次級召喚
SPELL_LesserSummon_DESC,"This spell will gate into our universe a lower power elemental or demon, who will (under protest) join the party.",這個咒語將進入我們的宇宙，一個較低能量的元素或惡魔，他們將（在抗議下）加入隊伍。
SPELL_Levitation,Levitation,懸浮
SPELL_Levitation_DESC,"Partially negates the effect of gravity on the party, giving a 75% chance to avoid traps and allowing them to travel up through portals.",部分抵消重力對隊伍的影響，有 75% 的幾率避免陷阱並允許他們通過傳送門向上移動。
SPELL_LocateTraps,Locate Traps,找到陷阱
SPELL_LocateTraps_DESC,"In a state of magically-heightened awareness, the spell caster will be able to sense a trap within 30 feet, if they face it.",在魔法增強意識狀態下，施法者將能夠感知 30 英尺內的陷阱（如果他們面對陷阱）。
SPELL_LuckChant,Luck Chant,幸運頌
SPELL_LuckChant_DESC,Increases your chances of hitting or defending by eight points.,使你的擊球或防守機會增加八分。
SPELL_MageFlame,Mage Flame,法師火焰
SPELL_MageFlame_DESC,"A small, mobile ""torch"" will appear, and float above the caster as they travel.",將會出現一個小型的移動“火炬”，並在施法者行進時漂浮在施法者上方。
SPELL_MageGauntlets,Mage Gauntlets,法師手套
SPELL_MageGauntlets_DESC,"Makes a party member's hands (or weapon) more deadly, adding 4-16 points of damage to every wound they inflict.",使隊伍成員的手（或武器）更加致命，他們造成的每個傷口都會增加 4-16 點傷害。
SPELL_MageMaelstrom,Mage Maelstrom,法師漩渦
SPELL_MageMaelstrom_DESC,"Assaults a group of opposing spellcasters and may do one of the following: inflict {0}-{1} points of damage, turn them to stone, or kill them outright. However, because the maelstrom is illusionary in nature, a disbelieving enemy can totally nullify it.",攻擊一群敵方施法者，並可以執行以下操作之一：造成{0}-{1}點傷害，將他們變成石頭，或直接殺死他們。然而，由於漩渦本質上是虛幻的，不信的敵人可以將其完全消除。
SPELL_MagmaBlast,Magma Blast,岩漿爆炸
SPELL_MagmaBlast_DESC,"Burns a group of foes with a blast of hot, fiery magma for 300-1200 points of damage.",用一股熾熱的岩漿燒傷一群敵人，造成 300-1200 點傷害。
SPELL_MajorLevitation,Major Levitation,主要懸浮
SPELL_MajorLevitation_DESC,"This will make the party levitate, as does the level 3 spell, but its effects will last until dispelled.",這將使隊伍懸浮起來，就像 3 級法術一樣，但其效果將持續到被驅散為止。
SPELL_MangarsMallet,Mangar's Mallet,曼加爾的木槌
SPELL_MangarsMallet_DESC,Inflicts 200-800 bone-crushing damage points against every monster group you face.,對你面對的每個怪物群造成 200-800 點碎骨傷害。
SPELL_MindBlade,Mangar's Mind Blade,曼加爾的心靈之刃
SPELL_MindBlade_DESC,A sharp explosion of psychic energy that inflicts {0}-{1} points of damage to each and every enemy you face.,靈能能量的急劇爆炸，對你面對的每個敵人造成{0}-{1}點傷害。
SPELL_MindFist,Mangar's Mind Fist,曼加爾的心靈拳
SPELL_MindFist_DESC,"A higher power ""Mind Jab"", does 3-12 points of damage to one foe, times the experience level of the mage.",威力更高的“心靈刺擊”，對一名敵人造成 3-12 點傷害，傷害值是法師經驗等級的倍數。
SPELL_MindJab,Mangar's Mind Jab,曼加爾的心靈刺擊
SPELL_MindJab_DESC,The mage casts a concentrated blast of psychic energy at one opponent doing 2-8 points of damage for each experience level of the mage.,法師向一名對手施放集中的精神能量衝擊波，對法師的每個經驗等級造成 2-8 點傷害。
SPELL_MeleeMen,Melee Men,近戰男子
SPELL_MeleeMen_DESC,Pull an attacking group into melee range (10') regardless of how far they were when they began attacking.,將攻擊組拉入近戰範圍 (10')，無論開始攻擊時距離多遠。
SPELL_MindWarp,Mind Warp,心靈扭曲
SPELL_MindWarp_DESC,This spell will make a member of your party go totally insane. Useful for possessions.,這個咒語會讓你的隊伍中的一個成員徹底瘋狂。對財物有用。
SPELL_MithrilMight,Mithril Might,秘銀之力
SPELL_MithrilMight_DESC,Increases the armor protection of each party member by enhancing their armor's natural strength by magic.,透過魔法增強護甲的自然強度來增加每位隊員的護甲保護。
SPELL_Haltfoe,Oscon's Haltfoe,奧斯康的敵人
SPELL_Haltfoe_DESC,"If successful, this spell causes every attacking group to do nothing during the next round.",如果成功，該法術會導致所有攻擊組在下一輪中什麼也不做。
SPELL_OgreStrength,Oscon's Ogre Strength,奧斯康的食人魔力量
SPELL_OgreStrength_DESC,Allows a member of your party to damage monsters as if they were as incredibly strong as an ogre.,允許你的隊伍成員傷害怪物，就好像它們像食人魔一樣強大。
SPELL_Pathfinder,Pathfinder,探路者
SPELL_Pathfinder_DESC,"An instant map, this shows the entire maze that the party's in.",一張即時地圖，顯示了隊伍所在的整個迷宮。
SPELL_Petrify,Petrify,石化
SPELL_Petrify_DESC,Turns an enemy up to 60 feet away into the hardest stone.,將 60 英尺外的敵人變成最堅硬的石頭。
SPELL_PhaseBlur,Phase Blur,相位模糊
SPELL_PhaseBlur_DESC,"The entire party will seem to waver and blur in the sight of the monsters, making the party very difficult to strike.",整個隊伍在怪物的視線中都會顯得動搖和模糊，使得隊伍難以被攻擊。
SPELL_PhaseDoor,Phase Door,相門
SPELL_PhaseDoor_DESC,"This incantation will alter the structure of almost any wall directly in front of the party, turning it to air for exactly 1 move.",這個咒語將改變隊伍正前方的幾乎所有牆壁的結構，將其變成空氣正好 1 步。
SPELL_PoisonStrike,Poison Strike,毒擊
SPELL_PoisonStrike_DESC,"This spell hurls porcupine-sharp needles from the mages finger into a selected monster, poisoning it.",該法術將豪豬鋒利的針從法師的手指中投擲到選定的怪物中，使其中毒。
SPELL_Preclusion,Preclusion,排除
SPELL_Preclusion_DESC,Keeps the enemy from being able to summon any creatures.,阻止敵人召喚任何生物。
SPELL_Preclusion_DESC_LEGACY,Has a 80% chance of preventing enemies from summoning creatures.,有 80% 的幾率阻止敵人召喚生物。
SPELL_PrimeSummoning,Prime Summoning,主召喚
SPELL_PrimeSummoning_DESC,"This spell gates in a medium level elemental or demon, to fight with the party.",此法術會進入中等等級的元素或惡魔，與隊伍戰鬥。
SPELL_QuickFix,Quick Fix,快速修復
SPELL_QuickFix_DESC,"Regenerates 8 hit points for a character, up to the character's maximum hit point level.",為角色恢復 8 點生命值，最高可達角色的最大生命值等級。
SPELL_TeleportObra,Reditus Arboria,雷迪圖斯·阿爾博裡亞
SPELL_TeleportObra_DESC,Return to the Wilderness from Arboria.,從阿伯利亞返回荒野。
SPELL_TeleportIleg,Reditus Gelidia,雷迪圖斯·格利迪亞
SPELL_TeleportIleg_DESC,Return from Gelidia to the Wilderness.,從傑莉迪亞返回荒野。
SPELL_TeleportEnik,Reditus Kinestia,雷迪圖斯運動
SPELL_TeleportEnik_DESC,Return from Kinestia to the Wilderness.,從動力學返回荒野。
SPELL_TeleportEcul,Reditus Lucencia,雷迪圖斯·盧森西亞
SPELL_TeleportEcul_DESC,Return the party from Lucencia to the Wilderness.,將隊伍從盧森西亞帶回荒野。
SPELL_TeleportLive,Reditus Malefia,雷迪圖斯·馬勒菲亞
SPELL_TeleportLive_DESC,Return from Malefia to the Wilderness.,從馬萊菲亞返回荒野。
SPELL_TeleportEcea,Reditus Tarmitia,雷迪圖斯·塔米蒂亞
SPELL_TeleportEcea_DESC,Return the party from Tarmitia to the Wilderness.,將隊伍從塔米提亞帶回荒野。
SPELL_TeleportKulo,Reditus Tenebrosia,黃粉蟲
SPELL_TeleportKulo_DESC,Return to the Wilderness from Tenebrosia.,從特內布羅西亞返回荒野。
SPELL_Regeneration,Regeneration,再生
SPELL_Regeneration_DESC,A health spell that revives all the hit points for one lucky member of the party.,一種健康咒語，可以恢復隊伍中一名幸運成員的所有生命值。
SPELL_RepelDead,Repel Dead,擊退死亡
SPELL_RepelDead_DESC,This spell will do 16-80 points of damage to a group of undead creatures.,該法術將對一群不死生物造成 16-80 點傷害。
SPELL_Restoration,Restoration,恢復
SPELL_Restoration_DESC,Makes all wounds disappear as your entire party is reforged into unflawed bodies. Also cures poisoning and insanity.,當你的整個隊伍被重鑄為完美的身體時，所有的傷口都會消失。還能治療中毒和精神錯亂。
SPELL_Rimefang,Rimefang,霧牙
SPELL_Rimefang_DESC,"Rakes enemies with shards of ice, inflicting 50 to 200 points of damage.",用冰碎片掃掠敵人，造成 50 到 200 點傷害。
SPELL_RoscoesAlert,Roscoe's Alert,Roscoe的警報
SPELL_RoscoesAlert_DESC,Reveals to the party where the anti-magic areas are.,向隊伍揭示反魔法區域的位置。
SPELL_Steelight,Sabhar's Steelight Spell,薩巴爾的鋼光法術
SPELL_Steelight_DESC,"Causes all metal near the party to glow with magical light, illuminating the surrounding area.",使隊伍附近的所有金屬發出魔法光芒，照亮周圍區域。
SPELL_Stonelight,Sabhar's Stonelight Spell,薩巴爾的石光法術
SPELL_Stonelight_DESC,"Makes all stone and earth within range of the party glow with magical light, revealing even secret doors.",使隊伍範圍內的所有石頭和泥土都發出魔法光芒，甚至顯露出秘密之門。
SPELL_SafetySpell,Safety Spell,安全咒語
SPELL_SafetySpell_DESC,"Teleports your entire party to the Adventurers' Guild, minus all gold. Use this spell only in dire emergencies.",將你的整個隊伍傳送到冒險家公會，減去所有金幣。僅在極度緊急的情況下才使用此法術。
SPELL_Sanctuary,Sanctuary,庇護所
SPELL_Sanctuary_DESC,"Shows all mage regeneration squares, so your spellcasters can be refreshed.",顯示所有法師再生方塊，以便您的施法者可以恢復活力。
SPELL_Sandstorm,Sandstorm,沙塵暴
SPELL_Sandstorm_DESC,"With a violent swirl of sand, all foes are whipped back 60 feet.",隨著一陣猛烈的沙塵漩渦，所有敵人都被擊退 60 英尺。
SPELL_ScrySight,Scry Site,占卜站點
SPELL_ScrySight_DESC,"The walls themselves will speak, under direction of this spell, revealing to the spell caster their location in the labyrinth. This spell works even in areas resistant to magic.",在該法術的指導下，牆壁本身會說話，向施法者揭示它們在迷宮中的位置。即使在對魔法有抵抗力的區域，該法術也能發揮作用。
SPELL_SecondSight,Second Sight,第二次看見
SPELL_SecondSight_DESC,"The mage will experience heightened awareness and be able to sense stairways, special encounters, spell negation zones, traps and other unusual occurrences.",法師將體驗到更高的意識，並能夠感知樓梯、特殊遭遇、法術無效區域、陷阱和其他不尋常的事件。
SPELL_ShadowShield,Shadow Shield,暗影之盾
SPELL_ShadowShield_DESC,"Casts a gray shadow around the party, and lowers their armor class by 4.",在隊伍周圍投射出灰色陰影，並將他們的護甲等級降低 4 點。
SPELL_ShockSphere,Shock Sphere,衝擊球
SPELL_ShockSphere_DESC,"A large globe of intense electrical energy envelops a group of enemies, doing {0}-{1} points of damage.",一個巨大的強烈電能球包圍了一群敵人，造成{0}-{1}點傷害。
SPELL_SorcererShield,Sorcerer Shield,魔法盾
SPELL_SorcererShield_DESC,"The mage is protected by an invisible ""shield"" of magic, that turns aside many blows that would otherwise hit them.",法師受到無形的魔法「護盾」的保護，可以擋開許多原本會擊中他們的打擊。
SPELL_SorcererSight,Sorcerer Sight,魔法視線
SPELL_SorcererSight_DESC,"This spell functions the same as the Second Sight spell, but it will last indefinitely.",此法術的作用與第二視覺法術相同，但它會無限期地持續。
SPELL_SpectreTouch,Spectre Touch,幽靈之觸
SPELL_SpectreTouch_DESC,"This spell will drain a single enemy of {0}-{1} points of damage, as if touched by a spectre.",此法術會對單一敵人造成{0}-{1}點傷害，就像被幽靈觸碰一樣。
SPELL_SpellSpirit,Spell Spirit,法術靈
SPELL_SpellSpirit_DESC,This spell will gate in a higher-level undead creature to fight for the party.,該法術將召喚出更高等級的不死生物來為隊伍而戰。
SPELL_Starflare,Starflare,星星耀
SPELL_Starflare_DESC,"The air surrounding a group of your enemies will instantly ignite, causing them to be burnt for 6-24 points of damage.",一群敵人周圍的空氣會立即被點燃，導致他們被燒傷，造成 6-24 點傷害。
SPELL_StoneToFlesh,Stone To Flesh,石化肉
SPELL_StoneToFlesh_DESC,Takes a character who has been turned to stone and restores him to his natural flesh state.,將一個已經變成石頭的角色恢復到自然的肉體狀態。
SPELL_StoneTouch,Stone Touch,石觸
SPELL_StoneTouch_DESC,"This spell will turn an enemy to stone, but won't affect a creature already made of stone.",該法術會將敵人變成石頭，但不會影響已經由石頭製成的生物。
SPELL_SoulWhip,Storal's Soul Whip,斯托拉爾的靈魂鞭子
SPELL_SoulWhip_DESC,"Whips out a tendril of psionic (mind) power to strike a selected foe, inflicting {0} to {1} damage points.",抽出一股靈能（心靈）力量來攻擊選定的敵人，造成{0}到{1}點傷害。
SPELL_Stun,Stun,擊暈
SPELL_Stun_DESC,An electric spell that gives the enemy a high-voltage zap for 50 to 200 damage points.,一種電法術，可以對敵人造成 50 到 200 點傷害的高壓電擊。
SPELL_SuccorSong,Succor Song,救援之歌
SPELL_SuccorSong_DESC,"Shows all heal-party squares, so your party can put an end to their weakness and pain.",顯示所有治癒隊伍方塊，以便你的隊伍可以結束他們的弱點和痛苦。
SPELL_SummonDead,Summon Dead,召喚死者
SPELL_SummonDead_DESC,This spell will gate into our universe a zombie or skeleton to fight for the party.,這個咒語將把殭屍或骷髏帶入我們的宇宙，為隊伍而戰。
SPELL_SummonElement,Summon Elemental,召喚元素
SPELL_SummonElement_DESC,Creates a fire-being from the raw elements of the universe to join and fight for your party.,用宇宙的原始元素創造出一個火焰生物來加入你的隊伍並為此而戰。
SPELL_SummonHerb,Summon Herb,召喚藥草
SPELL_SummonHerb_DESC,"Summons Herb to join your party. Herb is really busy, but he'll hang out with your party for a while if you need him.",召喚赫伯加入你的隊伍。赫伯真的很忙，但如果你需要他，他會和你的隊伍一起出去玩一段時間。
SPELL_SummonPhantom,Summon Phantom,召喚幻影
SPELL_SummonPhantom_DESC,This spell will bring a medium level undead creature into the party.,這個法術會將一個中等等級的不死生物帶入隊伍中。
SPELL_TargetDummy,Target-Dummy,目標虛擬
SPELL_TargetDummy_DESC,"A magical illusion appears in the party. Unable to attack, it will serve to draw enemy attacks to himself.",聚會中出現了神奇的幻象。無法攻擊，就會吸引敵人的攻擊到自己身上。
SPELL_BrothersKringle,The Brothers Kringle,克林格爾兄弟
SPELL_BrothersKringle_DESC,The brothers are always ready to help friends in trouble. Enough brothers appear to fill the empty slots in your party.,兄弟倆總是樂於幫助有困難的朋友。足夠多的兄弟出現來填補你隊伍中的空缺。
SPELL_TrapZap,Trap Zap,陷阱電擊
SPELL_TrapZap_DESC,"This spell will disarm any trap within 30 feet, in the direction the party is facing. It will also disarm traps on chests.",該法術將解除隊伍所面對方向 30 英尺內的任何陷阱。它還會解除箱子上的陷阱。
SPELL_Trebuchet,Trebuchet,投石機
SPELL_Trebuchet_DESC,Fries all foes with wickedly hot flames for 150 to 600 points.,用熾熱的火焰將所有敵人煎炸 150 到 600 點。
SPELL_Vitality,Vitality,活力
SPELL_Vitality_DESC,Invigorates a character by healing 4 to 8 hit points times the spellcaster's level.,透過治療 4 到 8 點生命值乘以施法者等級來恢復角色活力。
SPELL_VorpalPlating,Vorpal Plating,沃帕爾電鍍
SPELL_VorpalPlating_DESC,"This spell causes the weapon (or hands) of a party member to be covered with a magical field, which causes them to do an additional 2-8 points of damage.",此法術使隊伍成員的武器（或手）被魔法場覆蓋，造成額外 2-8 點傷害。
SPELL_WizardWar,Wacum's Wizard War,瓦庫姆的巫師戰爭
SPELL_WizardWar_DESC,"An electric spell that creates a pyrotechnical storm over a group of monsters, inflicting {0} to {1} damage points.",一種電法術，可在一群怪物上空製造煙火風暴，造成{0}到{1}點傷害。
SPELL_WallWarp,Wall Warp,牆壁變形
SPELL_WallWarp_DESC,Dissolve the dungeon wall that the party if facing. Lasts until the party leaves the dungeon.,溶解隊伍所面對的地下城牆。持續到隊伍離開地下城為止。
SPELL_Warstrike,Warstrike,戰爭打擊
SPELL_Warstrike_DESC,"Causes a spray of energy to spring from the caster's extended finger, sizzling a group of opponents for {0}-{1} points of damage.",讓施法者伸出的手指噴射能量噴霧，對一群敵人造成{0}-{1}點傷害。
SPELL_WindDragon,Wind Dragon,風龍
SPELL_WindDragon_DESC,This incantation will create an illusionary red dragon to fight with your party.,這個咒語將創造一條虛幻的紅龍與你的隊伍一起戰鬥。
SPELL_WindGiant,Wind Giant,風巨人
SPELL_WindGiant_DESC,"This spell will create an illusionary storm giant, to join with, and fight for, your party.",該法術將創造一個虛幻的風暴巨人，加入你的隊伍並為此而戰。
SPELL_WindHero,Wind Hero,風英雄
SPELL_WindHero_DESC,Creates an illusionary hero to join your party.,創造一個幻象英雄來加入你的隊伍。
SPELL_WindMage,Wind Mage,風係法師
SPELL_WindMage_DESC,Creates an illusionary Archmage to join your party.,創造一個虛幻的大法師來加入你的隊伍。
SPELL_WindOgre,Wind Ogre,風食人魔
SPELL_WindOgre_DESC,"This spell will create the illusion of an ogre, which will accompany and fight with your party.",該法術會產生食人魔的幻象，它會陪伴你的隊伍並與你一起戰鬥。
SPELL_WindWarrior,Wind Warrior,風武士
SPELL_WindWarrior_DESC,This spell will create the illusion of a battle-ready warrior that joins your party.,該法術將創造出一名做好戰鬥準備的戰士加入你的隊伍的幻象。
SPELL_WindWolf,Wind Wolf,風狼
SPELL_WindWolf_DESC,"This spell creates an illusionary wolf to join the party. This and other illusions are only effective as long as an enemy ""believes"" them. Depending on power and location, the monster may see through the illusion, and cause it to vanish.",該法術會創造出一隻幻影狼來加入隊伍。這種幻象和其他幻像只有在敵人「相信」它們時才有效。根據力量和位置的不同，怪物可能會看穿幻象，並使其消失。
SPELL_WitherStrike,Wither Strike,凋零打擊
SPELL_WitherStrike_DESC,"Any foe at whom this spell is cast is likely to be turned old, thus reducing their ability to attack and defend in combat.",任何施放此法術的敵人都可能變老，從而降低他們在戰鬥中攻擊和防禦的能力。
SPELL_Witherfist,Witherfist,枯拳
SPELL_Witherfist_DESC,Crushes a group of enemies under a huge fist of power for 300 to 600 points of damage.,用巨大的力量拳頭粉碎一群敵人，造成 300 到 600 點傷害。
SPELL_WizardWall,Wizard Wall,巫師牆
SPELL_WizardWall_DESC,Creates a wall of force that travels with the party and absorbs many of the enemy's attacks.,創造一道力量之牆，與隊伍一起行進並吸收敵人的許多攻擊。
SPELL_WordOfFear,Word Of Fear,恐懼之言
SPELL_WordOfFear_DESC,"This incantation will make a group of your enemies shake in fear, reducing their ability to attack and do damage.",這個咒語會讓你的一群敵人因恐懼而顫抖，降低他們的攻擊和造成傷害的能力。
SPELL_WordOfHealing,Word Of Healing,治癒之言
SPELL_WordOfHealing_DESC,"With the utterance of a single word the spell caster can cure a party member of minor wounds, healing {0}-{1} points of damage.",施法者只要說出一個詞，就能治癒一名隊員的輕傷，治療{0}-{1}點傷害。
SPELL_WrathOfValhalla,Wrath Of Valhalla,瓦爾哈拉之怒
SPELL_WrathOfValhalla_DESC,Makes a member of your party fight with the strength and accuracy of ancient Norse heroes for the entire combat.,讓你的隊伍成員在整個戰鬥中以古代挪威英雄的力量和準確性進行戰鬥。
SPELL_MysticShield,Ybarra's Mystic Shield,伊巴拉的神秘之盾
SPELL_MysticShield_DESC,"The air in front of the party will bind itself into metallic hardness, and will accompany the party when it moves, as a sort of invisible ""shield"".",隊伍前方的空氣會自我束縛成金屬般的硬度，並在隊伍移動時伴隨著隊伍，成為一種無形的「護盾」。
SPELL_MysticalArmor,Ybarra's Mystical Coat of Armor,伊巴拉的神祕鎧甲
SPELL_MysticalArmor_DESC,"Causes an effect like ""Air Armor"" to cover every member of the party, lasting indefinitely.",造成類似「空氣裝甲」的效果，覆蓋隊伍中的每個成員，並無限期持續。
SPELL_Youth,Youth,青年
SPELL_Youth_DESC,"Coats a character with a light, fragrant lotion to cure oldness.",為角色塗上一層淡香的乳液，以治癒老化。
SPELL_Lamp,Lamp Light,燈光
SPELL_Torch,Torch Light,手電筒燈
SPELL_RestoreMana,Restore Mana,恢復法力
Storage Room,A Storage Building,倉庫大樓
STORAGE_STABLES,"This appears to be the old stables, now converted into a storage space since the horses were eaten long ago when Mangar's ghastly creatures roamed the streets.",這似乎是舊馬厩，現在變成了儲藏室，因為很久以前，當曼加爾的可怕生物在街上閒逛時，馬匹就被吃掉了。
STORAGE_LOOKS_EMPTY,Looks pretty empty at the moment.\nWould you like to leave some items here?,目前看起來很空。 \n您想在這裡留下一些物品嗎？
STORAGE_INSPECT_OR_DROP_OFF_ITEMS,"Would you like to inspect the place for items, or drop off some of your own?",您想檢查該地方是否有物品，或放下一些您自己的物品？
STORAGE_LEAVE_ITEMS,Leave Items,留下物品
STORAGE_TAKE_ITEMS,Take items,拿取物品
STORAGE_WOULD_YOU_INSPECT_ITEMS,Who would like to inspect the items to take?,誰想檢查要帶走的物品？
STORAGE_WOULD_YOU_LEAVE_ITEM,Who would like to leave some items in the storage house?,誰想把一些物品留在儲藏室裡？
STORAGE_DONE_TAKING,Done taking items,物品拿取完畢
STORAGE_INVENTORY_FULL,Your inventory is full. You must drop some items to make space.,你的庫存已滿。您必須放下一些物品以騰出空間。
STORAGE_CHAR_NO_UNEQUIPPED_ITEMS,{0} has no unequipped items to leave...,{0}沒有未裝備的物品可留下...
STORAGE_DONE_LEAVING,Done leaving items,完成留下物品
SCRIPTSTRING_0000,Skara Brae,斯卡拉布雷
SCRIPTSTRING_0001,You're in an alleyway,你在一條小巷裡
SCRIPTSTRING_0002,You're on Rakhir street,你在拉基爾街
SCRIPTSTRING_0003,You're on Blacksmith street,你在鐵匠街
SCRIPTSTRING_0004,You're on Main street,你在主街上
SCRIPTSTRING_0005,You're on Trumpet street,你在喇叭街
SCRIPTSTRING_0006,You're on Grey Knife street,你在灰刀街上
SCRIPTSTRING_0007,You're on Stonework street,你在石工街上
SCRIPTSTRING_0008,You're on Emerald street,你在翡翠街
SCRIPTSTRING_0009,You're on Hawk Scabard street,你在 Hawk Scabard 街上
SCRIPTSTRING_0010,You're on Bard Blazon street,你在 Bard Blazon 街上
SCRIPTSTRING_0011,You're on Tempest street,你在暴風雨街上
SCRIPTSTRING_0012,You're on Fargoer street,你在法哥街
SCRIPTSTRING_0013,You're on Blue Highway,你在藍色高速公路上
SCRIPTSTRING_0014,You're on Night Archer street,你在夜弓手街
SCRIPTSTRING_0015,You're on Serpentskin street,你在蛇皮街上
SCRIPTSTRING_0016,You're on Corbomite street,你在 Corbomite 街上
SCRIPTSTRING_0017,You're on Sinister street,你在險惡的街上
SCRIPTSTRING_0018,You're on Marksman street,你在射手街上
SCRIPTSTRING_0019,You're on Dilvish street,你在迪爾維什街
SCRIPTSTRING_0020,You're on Death Archer street,你在死亡弓箭手街上
SCRIPTSTRING_0021,You're in the Gran Plaz,你在大廣場
SCRIPTSTRING_0022,You're standing in the Courtyard,你站在庭院裡
SCRIPTSTRING_0023,Scarlet Bard Tavern,猩紅吟遊詩人酒館
SCRIPTSTRING_0024,Sinister Inn,險惡旅館
SCRIPTSTRING_0025,Dragonbreath Tavern,龍息酒館
SCRIPTSTRING_0026,Ask Y'Mother Tavern,問媽媽酒館
SCRIPTSTRING_0027,Archmage Inn,大法師旅館
SCRIPTSTRING_0028,Skull Tavern,骷髏酒館
SCRIPTSTRING_0029,Drawnblade Tavern,抽刀酒館
SCRIPTSTRING_0030,Thief Temple,盜賊廟
SCRIPTSTRING_0031,Temple of Great gods,大神殿
SCRIPTSTRING_0032,Temple of Greatest gods,最偉大的神殿
SCRIPTSTRING_0033,Temple of Greater gods,大神殿
SCRIPTSTRING_0034,Temple of Kiosk,亭廟
SCRIPTSTRING_0035,Temple of 100 Blessings,百福寺
SCRIPTSTRING_0036,Temple of the Mad God,狂神神廟
SCRIPTSTRING_0037,Mangar's Tower,曼加爾塔
SCRIPTSTRING_0038,Harkyn's Castle,哈肯城堡
SCRIPTSTRING_0039,Kylearan's Tower,凱利蘭之塔
SCRIPTSTRING_0040,You're on Westgate street,你在西門街
SCRIPTSTRING_0041,Guild Master,公會會長
SCRIPTSTRING_0042,"As you enter the guild, you catch the eye of the Guild Master.\n\n",當你進入公會時，你引起了會長的注意。 \n\n
SCRIPTSTRING_0043,"""Well met, brave adventurer, but you come in the most dire of times.""\n\n""The evil wizard, Mangar, has cursed our town with this blizzard, and the streets are overrun with all matter of evil miscreants.""",“很高興見到你，勇敢的冒險家，但你在最可怕的時刻到來了。”\n\n“邪惡的巫師曼加爾用這場暴風雪詛咒了我們的城鎮，街道上到處都是邪惡的惡棍。”
SCRIPTSTRING_0044,"""You must help us defeat Mangar! In this guild you will find many skilled warriors and mages that would join you in this quest.""\n\n",「你必須幫助我們擊敗曼加爾！在這個公會中你會發現許多熟練的戰士和法師會加入你的任務。」\n\n
SCRIPTSTRING_0045,"""When your party is ready, set out into town. Be sure to visit Garth's Shoppe to the north and equip yourself for battle. He has the finest weapons and armour in Skara Brae, and indeed is the only shoppe brave enough to open these days!""",「當你的隊伍準備好後，出發進城。一定要參觀北邊的加斯裝備店，並為戰鬥做好準備。他擁有斯卡拉布雷最好的武器和盔甲，而且確實是這些天唯一有勇氣開業的商店！”
SCRIPTSTRING_0046,"""The city has an abundance of temples that are open night and day to heal your wounds, and I believe Roscoe is still doing good business restoring magic points for your mages.""\n\n",「這座城市有大量的寺廟，日夜開放，可以治癒你的傷口，我相信Roscoe仍然在為你的法師恢復魔法點方面做得很好。」\n\n
SCRIPTSTRING_0047,"""And when your bard gets thirsty, be sure to visit one of the many Inns and Taverns. The Scarlet Bard, to the south, has the best selection in town!""",「當你的吟遊詩人口渴時，一定要前往眾多旅館和酒館之一。位於南方的猩紅吟遊詩人有鎮上最好的選擇！”
SCRIPTSTRING_0048,"""Now I will bid you good day and good luck in your quest!""\n\nThe guild master smiles and returns to what he was doing.",「現在我要向你道個美好的一天，祝你的任務好運！」\n\n公會會長微笑著，繼續他正在做的事情。
SCRIPTSTRING_0049,You have stepped out into the town of Skara Brae for the first time. Would you like a quick tutorial on the game controls before you proceed?,您第一次踏入斯卡拉布雷鎮。在繼續之前，您想了解有關遊戲控制的快速教學嗎？
SCRIPTSTRING_0050,"Use W,A,S,D to move around the town, or the cursor keys. You can also left click on the game view to move around.\n\nHold down right mouse on the game view and you can look around to take in the view.",使用 W、A、S、D 在城鎮中移動，或使用遊標鍵。您也可以左鍵點擊遊戲視圖來移動。 \n\n在遊戲視圖上按住滑鼠右鍵，您可以環顧四周以查看視圖。
SCRIPTSTRING_0051,"There is a Pause button at the top left of the game view that gives access to graphics, audio and game settings, as well as saving or loading the game.\n\nThere is an Actions button on the top right of the game view that will drop down a ribbon of actions to choose from. These actions are not usable during game events.",遊戲視圖的左上角有一個「暫停」按鈕，可以存取圖形、音訊和遊戲設置，以及儲存或載入遊戲。 \n\n遊戲視圖的右上角有一個「動作」按鈕，可以從下拉式選單中選擇操作。這些動作在遊戲活動期間不可用。
SCRIPTSTRING_0052,"You can change the speed that combat messages scroll by pressing the 'greater than' and 'less than' keys, or by adjusting the slider in the 'game settings' menu.",您可以按下「<」和「>」鍵或調整「遊戲設定」選單中的滑桿來變更戰鬥訊息滾動的速度。
SCRIPTSTRING_0053,"Pressing 1 to 7 lets you view the stats of one of your party members.\n\nIf you left click and drag with your mouse on one of the party member names below, you can change their position in the party. Only the first 4 character slots can be hit by enemy melee attacks.\n\n",按 1 到 7 可查看一名隊伍成員的統計資料。 \n\n如果您在下面的隊伍成員姓名上左鍵點擊並拖曳滑鼠，您可以變更他們在隊伍中的位置。敵人的近戰攻擊只能擊中前 4 個角色位置。 \n\n
SCRIPTSTRING_0054,You should try to keep a character slot free so that you can summon creatures or allow roving monsters to join your party.,你應該試著在隊伍中留出一個空位，以便在冒險中召喚魔法生物，或是接納沿途流浪前來投靠的怪物加入你的陣營。
SCRIPTSTRING_0055,"Below the game view, totals of your party's gold and inventory items are shown.\n\nAny item that is not equipped by a character will go into the communal inventory and is accessible through any player's inventory screen.",遊戲視圖下方會顯示您隊伍的黃金和庫存物品總數。 \n\n角色未裝備的任何物品都將進入公共庫存，並且可以透過任何玩家的庫存畫面存取。
SCRIPTSTRING_0056,That is all... Now go and stop Mangar!,就這些了……現在就去阻止曼加爾吧！
SCRIPTSTRING_0057,Longinus the Mad,瘋狂的朗基努斯
SCRIPTSTRING_0058,"You have entered the home of Longinus the Mad. He is busy writing in a tome, but lowers his quill as he sees you entering, then abruptly rises to greet you.",你已經進入瘋子朗吉努斯的家了。他正忙著寫書，但看到你進來時放下了羽毛筆，然後突然站起來迎接你。
SCRIPTSTRING_0059,The home of Longinus the Mad.,瘋狂者朗基努斯的家。
SCRIPTSTRING_0060,Talk to Longinus,與朗吉努斯交談
SCRIPTSTRING_0061,Leave him to his writing,讓他繼續寫作
SCRIPTSTRING_0062,"Longinus looks away and mumbles,\n\n""Go then, if you were even here, for I was not...""",朗吉努斯移開視線，咕噥道：“那就走吧，如果你還在這兒的話，因為我沒有……”
SCRIPTSTRING_0063,"He is lost in thought for a moment, then looks at you and proclaims\n\n""Twice will the Lestradae come for Caith... once for gold and once for faith.""",他陷入了沉思，然後看著你，宣布\n\n“雷力量拉德將兩次為凱斯而來……一次是為了黃金，一次是為了信仰。”
SCRIPTSTRING_0064,Twice will the Lestradae come for Caith... once for gold and once for faith.,雷斯垂德將兩次為凱斯而來……一次是為了黃金，一次是為了信仰。
SCRIPTSTRING_0065,"He withdraws into himself, and looking down, mutters\n\n""Summer follows Winter, Darkness follows Day, Singing follows Sorrow, as they stride through Skara Brae.""",他退回到自己的世界，低下頭，嘀咕著\n\n“夏天跟隨冬天，黑暗跟隨白天，歌聲跟隨悲傷，他們大步穿過斯卡拉布雷。”
SCRIPTSTRING_0066,"Summer follows Winter, Darkness follows Day, Singing follows Sorrow, as they stride through Skara Brae.",夏天跟隨冬天，黑暗跟隨白天，歌聲跟隨悲傷，他們大步穿越斯卡拉布雷。
SCRIPTSTRING_0067,"He steps towards you and whispers in your ear\n\n""Mangar the Dark is but the first, thrice more will come to Caith the cursed.""",他朝你走來，在你耳邊低語\n\n“黑暗曼加爾只是第一個，還有三次會來到受詛咒的凱斯身邊。”
SCRIPTSTRING_0068,"Mangar the Dark is but the first, thrice more will come to Caith the cursed.",黑暗曼加爾只是第一個，還有三次會來到受詛咒的凱斯身邊。
SCRIPTSTRING_0069,Bard's Tale Trilogy,冰城傳奇三部曲
SCRIPTSTRING_0070,The Bard's Tale Trilogy (Remastered)\n\nProduced by inXile Entertainment\nCEO Brian Fargo\n\nDeveloped by Krome Studios\nCEO Robert Walsh\n\nThe original program for the Apple II was written by Michael Cranford for Interplay Productions.\n\nOriginal 2016 remaster work by Olde Sküül.,冰城傳奇三部曲（重製版）\n\n由 inXile Entertainment 製作\n首席執行官 Brian Fargo\n\n由 Krome Studios 開發\n首席執行官 Robert Walsh\n\nApple II 的原始程序由 Michael Cranford 為 Interplay Productions 編寫。 \n\nOlde Sküül 的 2016 年原始重製版作品。
SCRIPTSTRING_0071,"Krome Studios Credits\n\nJames Podesta, Perry Hart, Nic Lyness, Lindsay Parmenter, Kevin McGrath, Kelly Krenn, Ronald Marc, Kate Lulham, Jake Higgs, Michael Fitzhywel, Peter Buck, Damian Stewart, Kylie Halley, Andy Green, Steve Stamatiadis, Robert Walsh, Marcia Watson, George Stamatiadis, Andi Gotard",Krome Studios 製作人員\n\n詹姆斯·波德斯塔、佩里·哈特、尼克·萊尼斯、林賽·帕門特、凱文·麥克格拉斯、凱利·克倫、羅納德·馬克、凱特·盧勒姆、傑克·希格斯、邁克爾·菲茨海維爾、彼得·巴克、達米安·斯圖爾特、凱莉·哈雷、安迪·格林、邁克爾·菲茨海維爾、彼得·巴克、達米安·斯圖爾特、凱莉·哈雷、安迪·沃森、史蒂夫·斯塔馬迪斯、羅伯特·斯蒂亞、喬治·德·格林、史蒂夫·塔馬蒂斯、羅伯特·希蒂亞、史蒂夫·格林、史蒂夫·塔馬迪亞、羅伯特·塔馬蒂斯、羅伯特·格林德、史蒂夫·德葛西亞、羅伯特·格林斯、羅伯特·格林斯、羅伯特·格林迪
SCRIPTSTRING_0072,"inXile Entertainment Credits\n\nPRODUCTION COORDINATOR\nPaul Marzagalli\n\nADDITIONAL DESIGN WORK\nBrian DiDomenico, Daniel Kim, Russell Krueger, Nathan Long, David Rogers, Eric Schwarz, Greg Underwood, Brandon Humphreys and Paul Fish\n\nTESTING\nDaniel Reid and the inXile Forums A-Team",inXile Entertainment 致謝\n\n製作協調員\nPaul Marzagalli\n\n額外設計工作\nBrian DiDomenico、Daniel Kim、Russell Krueger、Nathan Long、David Rogers、Eric Schwarz、Greg Underwood、Brandon Humphreys 和 Paul Fish\n\n測試\nDaniel Reid 和 inXile 論壇 A 團隊
SCRIPTSTRING_0073,There's a lot of hay on the ground here.,這裡的地上有很多乾草。
SCRIPTSTRING_0074,Jerome's Stable,傑羅姆的馬厩
SCRIPTSTRING_0075,"Jerome the stablemaster says...\n\n""Sorry Friends, all of the horses have been eaten by creatures!""",馬厩主人傑羅姆說...\n\n“抱歉朋友們，所有的馬都被生物吃掉了！”
SCRIPTSTRING_0076,City Gate,城門
SCRIPTSTRING_0077,"You stand before the city gates, which are blocked by a gigantic snow drift.",你站在城門前，城門被巨大的雪堆擋住了。
SCRIPTSTRING_0078,Temple,寺廟
SCRIPTSTRING_0079,"""This is the temple of the Mad God. What is thy business, unbeliever?""",“這裡是狂神的殿堂。你是做什麼的，異教徒？”
SCRIPTSTRING_0080,Speak to the priest,與牧師交談
SCRIPTSTRING_0081,Exit the temple,退出寺廟
SCRIPTSTRING_0082,"""This is the temple of the Mad God. Welcome back, believer, the catacombs await you...""",「這裡是狂神的神殿。歡迎回來，信徒，地下墓穴正等著你…」
SCRIPTSTRING_0083,Descend into the catacombs,降到地下墓穴
SCRIPTSTRING_0084,"""Only those who know the name of the Mad One are welcome.""\nWhat wilt thou say?\n\n",「只歡迎那些知道瘋子名字的人。」\n你會說什麼？ \n\n
SCRIPTSTRING_0085,TARJAN,塔爾讓
SCRIPTSTRING_0086,JENNELL,詹內爾
SCRIPTSTRING_0087,BURGER,漢堡
SCRIPTSTRING_0088,"""Quit thy babbling,"" the priest says.",「別胡言亂語了，」神父說。
SCRIPTSTRING_0089,"""Speak not the name of the High one so loudly, lest he awaken,"" the priest says. ""Enter the catacombs, believer.""",「不要大聲說出至高者的名字，以免他醒來，」牧師說。 “進入地下墓穴，信徒。”
SCRIPTSTRING_0090,"The priests sigh in unison, ""Mawwaige... Mawwaige, is what brings us together, today.""",牧師們齊聲嘆息道：“Mawwaige……Mawwaige，是今天我們聚集在一起的原因。”
SCRIPTSTRING_0091,Blasphemy!,褻瀆！
SCRIPTSTRING_0092,"""Thou hath uttered the most unspeakable word! Prepare to die!!!""",“你說出了最難言喻的話！準備受死吧！！！”
SCRIPTSTRING_0093,"Now you did it. Before you, you see",現在你做到了。在你面前，你會看到
SCRIPTSTRING_0094,No escape!,無處可逃！
SCRIPTSTRING_0095,\n\nCowards! You must fight to the death!!,\n\n膽小鬼！一定要戰鬥到死！ ！
SCRIPTSTRING_0096,"\n\n""You have lived!! Let's try again!!""",\n\n“你活了！！我們再試一次！！”
SCRIPTSTRING_0097,"Next time, keep your mouths shut. Ahead are",下次請閉嘴。前面是
SCRIPTSTRING_0098,"""Cowards!""",“膽小鬼！”
SCRIPTSTRING_0099,"\n\n""You're not getting away!!""",\n\n“你逃不掉的！！”
SCRIPTSTRING_0100,"""You monsters!""",“你們這些怪物！”
SCRIPTSTRING_0101,"\n\n""Never say that word ever again!!""",\n\n“永遠不要再說這個字！！”
SCRIPTSTRING_0102,"Before you, lies Baron Harkyn's majestic castle.",在您面前，矗立著哈金男爵的雄偉城堡。
SCRIPTSTRING_0103,Castle,城堡
SCRIPTSTRING_0104,"This is the entry chamber to Harkyn's Castle. It is not guarded, but a sign threatens trespassers with death. Shall you enter?\n\n",這是哈肯城堡的入口室。它沒有守衛，但有一個標誌警告侵入者死亡。你要進去嗎？ \n\n
SCRIPTSTRING_0105,There is an entrance to the city sewers here. Do you wish to go in?\n\n,這裡有城市下水道的入口。你想進去嗎？ \n\n
SCRIPTSTRING_0106,Amber Tower,琥珀塔
SCRIPTSTRING_0107,This is the entry chamber to Kylearan's Amber Tower. A stairwell leads up to a lofty level of chambers. Do you want to take the stairs?\n\n,這是凱利蘭琥珀塔的入口室。樓梯間通往高處的房間。你想走樓梯嗎？ \n\n
SCRIPTSTRING_0108,The gate opens to let you pass...,門打開讓你通過...
SCRIPTSTRING_0109,You use your Master Key to open the iron gate to the west of Kylearan's Amber Tower...,你用你的萬能鑰匙打開凱利蘭琥珀塔西邊的鐵門...
SCRIPTSTRING_0110,West Gate,西門
SCRIPTSTRING_0111,"You stand before an iron gate, beyond which stands Kylearan's tower to the east.",你站在一扇鐵門前，鐵門的東邊矗立著凱莉蘭的塔樓。
SCRIPTSTRING_0112,You use your Master Key to open the iron gate to the south of Kylearan's Amber Tower...,你用你的萬能鑰匙打開凱利蘭琥珀塔南面的鐵門...
SCRIPTSTRING_0113,South Gate,南門
SCRIPTSTRING_0114,"You stand before an iron gate, beyond which stands Kylearan's tower to the north.",你站在一扇鐵門前，鐵門的北邊矗立著凱莉蘭的塔樓。
SCRIPTSTRING_0115,Magic Mouth,魔嘴
SCRIPTSTRING_0116,"A magic mouth on the wall speaks to you: ""Despised ones, none save Mangar may enter his demesnes.""",牆上有一張神奇的嘴對你說話：“被鄙視的人，除了曼加爾之外，沒有人可以進入他的領地。”
SCRIPTSTRING_0117,You use your Master Key to open the iron gate to the north of Mangar's tower...,你用你的萬能鑰匙打開曼加爾塔北面的鐵門......
SCRIPTSTRING_0118,North Gate,北門
SCRIPTSTRING_0119,"You stand before an iron gate, beyond which stands Mangar's tower to the south.",你站在一扇鐵門前，鐵門的南面是曼加爾塔。
SCRIPTSTRING_0120,You use your Master Key to open the iron gate to the east of Mangar's tower...,你用你的萬能鑰匙打開曼加爾塔東邊的鐵門......
SCRIPTSTRING_0121,East Gate,東門
SCRIPTSTRING_0122,"You stand before an iron gate, beyond which stands Mangar's tower to the west.",你站在一扇鐵門前，門外西邊矗立著曼加爾塔。
SCRIPTSTRING_0123,The Tower,塔樓
SCRIPTSTRING_0124,This is the entry chamber to Mangar's Tower. A stairwell leads up to the first level of traps and terrors. Shall you take the stairs?\n\n,這是曼加爾塔的入口室。樓梯間通往第一層陷阱和恐怖。你要走樓梯嗎？ \n\n
SCRIPTSTRING_0125,Samurai,武士
SCRIPTSTRING_0126,"You stand before a gate, which is guarded by a statue of a Samurai Warrior. You can:",你站在一扇門前，門上有一座武士雕像把守。您可以：
SCRIPTSTRING_0127,A statue of a Samurai Warrior stands guarding a gate.,武士雕像守卫着大门。
SCRIPTSTRING_0128,Attack it.,攻擊它。
SCRIPTSTRING_0129,Leave it.,留下它。
SCRIPTSTRING_0130,Stone Giant,石巨人
SCRIPTSTRING_0131,"You stand before a gate, which is guarded by a statue of a Stone Giant. You can:",你站在一扇門前，門上有一尊石巨人雕像把守。您可以：
SCRIPTSTRING_0132,A statue of a Stone Giant stands guarding a gate.,一座石巨人雕像守卫着大门。
SCRIPTSTRING_0133,Ogre Lord,食人魔領主
SCRIPTSTRING_0134,"You stand before a gate, which is guarded by a statue of an Ogre Lord. You can:",你站在一扇門前，門上有一尊食人魔領主的雕像把守著。您可以：
SCRIPTSTRING_0135,A statue of an Ogre Lord stands guarding a gate.,一尊食人魔领主的雕像守卫着大门。
SCRIPTSTRING_0136,Grey Dragon,灰龍
SCRIPTSTRING_0137,"You stand before a gate, which is guarded by the statue of a Grey Dragon. You can:",你站在一扇門前，門上有灰龍雕像把守。您可以：
SCRIPTSTRING_0138,A statue of a Grey Dragon stands guarding a gate.,一尊灰龍雕像守護著大門。
SCRIPTSTRING_0139,Stone Golem,石傀儡
SCRIPTSTRING_0140,"You stand before a gate, which is guarded by a Stone Golem. You can:",你站在一扇门前，门由石傀儡把守。您可以：
SCRIPTSTRING_0141,A statue of a Stone Golem stands guarding a gate.,一尊石傀儡雕像守護著大門。
SCRIPTSTRING_0142,Cellars,酒窖
SCRIPTSTRING_0143,This is the wine cellar of the Scarlet Bard. The air is musty with old wine.,這裡是猩紅吟遊詩人的酒窖。空氣中瀰漫著陳酒的霉味。
SCRIPTSTRING_0144,Rare wines - 50 years and older. Keep Out!,稀有葡萄酒 - 50 年及以上。請勿入內！
SCRIPTSTRING_0145,Fine wines - 10 years and older. For regular customers only.,優質葡萄酒 - 10 年及以上。僅限常客。
SCRIPTSTRING_0146,Sewers,下水道
SCRIPTSTRING_0147,You are in the sewers under Skara Brae. The shallow water holds unknown terrors. Be careful!\n\n,你在斯卡拉布雷下面的下水道裡。淺水裡蘊藏著未知的恐怖。小心！ \n\n
SCRIPTSTRING_0148,An inscription on the wall reads: Pass the light at night...,牆上的銘文寫著：夜間傳遞燈光......
SCRIPTSTRING_0149,There is something strange going on...,有一些奇怪的事情正在發生...
SCRIPTSTRING_0150,The sewer water seems very warm here...,這裡的下水道水看起來很溫暖…
SCRIPTSTRING_0151,An inscription on the wall reads: Golems are made of stone.,牆上的銘文寫著：傀儡是石頭做的。
SCRIPTSTRING_0152,An inscription on the wall reads: IRKM DESMET DAEM.,牆上的銘文寫著：IRKM DESMET DAEM。
SCRIPTSTRING_0153,A large spider has been etched into the north wall.,北墙上刻着一只大蜘蛛。
SCRIPTSTRING_0154,There is a great deal of slime on the walls here.,這裡的牆壁上有大量的黏液。
SCRIPTSTRING_0155,Spidergod,蜘蛛神
SCRIPTSTRING_0156,I found a statue of a spider god here.,我在這裡發現了一尊蜘蛛神的雕像。
SCRIPTSTRING_0157,There is the statue of a large spider here. Do you want to search the room?\n\n,這裡有一隻大蜘蛛的雕像。你想搜查房間嗎？ \n\n
SCRIPTSTRING_0158,I searched the room and it came to life!,我搜查了房間，發現它活了！
SCRIPTSTRING_0159,That was not a wise move!,這可不是什麼明智之舉！
SCRIPTSTRING_0160,"There are tracks here, leading east.",這裡有軌道，通往東方。
SCRIPTSTRING_0161,On the wall is this inscription: There is no exit until the seven words are said.,牆上刻著這樣的銘文：不到七個字，就沒有出口。
SCRIPTSTRING_0162,Something smells...,有什麼味道…
SCRIPTSTRING_0163,There are some rotted clothes and bones here.,這裡有一些腐爛的衣服和骨頭。
SCRIPTSTRING_0164,In the dirt is written: Heed not what is beyond understanding.,泥土上寫著：不要留意那些無法理解的事。
SCRIPTSTRING_0165,On the wall is this inscription: Thor is the greatest son of Odin.,牆上刻著這樣的銘文：托爾是奧丁最偉大的兒子。
SCRIPTSTRING_0166,"A light beam from the surface is mirrored down here and focused to a burning ray, blocking the corridor.",來自地表的光束在這裡被反射下來，並聚焦成一道燃燒的光線，擋住了走廊。
SCRIPTSTRING_0167,\nMove ahead anyways?\n\n,\n還是繼續前進嗎？ \n\n
SCRIPTSTRING_0168,I chose to walk ahead and the beam of light seared my flesh!,我選擇走在前面，光束灼傷了我的肉體！
SCRIPTSTRING_0169,The beam of light sears your flesh.,光束灼燒你的肉體。
SCRIPTSTRING_0170,"A magic mouth on the wall speaks:\n""Know this, that a man called Tarjan, thought to many to be insane, had through wizardly powers, proclaimed himself a god in Skara Brae a hundred years ago. His image is locked in stone until made whole again...""",牆上的一張魔法嘴說道：\n“要知道，一百年前，一個名叫塔爾揚的人被許多人認為是瘋子，他通過魔法力量在斯卡拉布雷宣稱自己是神。他的形像被鎖在石頭裡，直到再次完整……”
SCRIPTSTRING_0171,An inscription on the wall reads:\n\nSeek the Snare from behind the scenes.,牆上的銘文寫著：\n\n從幕後尋找圈套。
SCRIPTSTRING_0172,An inscription on the wall reads:\n\nThe hand of time writes and cannot erase.,牆上刻著這樣的銘文：\n\n時間之手可以書寫，卻無法抹去。
SCRIPTSTRING_0173,Staircase,樓梯
SCRIPTSTRING_0174,"There are stairs here, which seem to go a long way up. Do you wish to take them?\n\n",這裡有樓梯，看起來很長一段路。你想帶走它們嗎？ \n\n
SCRIPTSTRING_0175,Stairs here rise to the city above!,這裡的樓梯通往上面的城市！
SCRIPTSTRING_0176,Catacombs,地下墓穴
SCRIPTSTRING_0177,"Around you stretches miles of winding, twisting tunnels. The ancient bones of acolytes jut out of the earth.",你周圍是綿延數英里的蜿蜒曲折的隧道。古代侍僧的骸骨從地底伸出。
SCRIPTSTRING_0178,You have entered the burial preparation chamber. Few but the priests of the Mad God have seen this and lived.,您已進入埋葬準備室。除了狂神的祭司之外，很少有人看到這一點並活下來。
SCRIPTSTRING_0179,"A message on the wall, scrawled in blood, says, ""The ancient witch king yet lives...""",牆上有一條用血潦草地寫著的訊息：“遠古巫王還活著…”
SCRIPTSTRING_0180,On the wall is etched this rhyme:\n\nFifteen doors east\nand thou art there.\n\nOn souls they feast\nin the dark one's lair.,牆上刻著這樣的詩句：\n\n東邊十五扇門\n你就在那裡。 \n\n他們在黑暗者的巢穴中盛宴靈魂。
SCRIPTSTRING_0181,Welcome to the stasis chamber...\n\nPlease remain calm.,歡迎來到靜滯室...\n\n請保持冷靜。
SCRIPTSTRING_0182,Stasis Chamber,靜滯室
SCRIPTSTRING_0183,Thank you for remaining calm.\n\nYou may leave...,感謝您保持冷靜。 \n\n您可以離開...
SCRIPTSTRING_0184,"A sign proclaims that you have entered the chambers of Bashar Kavilor, High Priest. Prepare to die!",一個標誌表明您已進入大祭司巴沙爾·卡維洛爾的房間。準備好受死吧！
SCRIPTSTRING_0185,Stasis chamber ahead: Those who venture ahead should prepare for a long stay!,前方靜滯室：前方冒險的人應該要做好長期停留的準備！
SCRIPTSTRING_0186,"A voice from nowhere proclaims:\n\n""To the tower fly\nA mad one die\nOnce lost the eye.""",不知從何處傳來一個聲音：\n\n“飛向塔樓\n一個瘋子會死\n一旦失去了眼睛。”
SCRIPTSTRING_0187,Bashar Kavilor,巴沙爾·卡維洛爾
SCRIPTSTRING_0188,"We found the living chambers of Bashar Kavilor, the High Priest. He immediately attacked us!",我們找到了大祭司巴沙爾·卡維洛爾的起居室。他立即攻擊我們！
SCRIPTSTRING_0189,"You have entered the living chambers of Bashar Kavilor, the High Priest. He screams, ""Infidel! Face now the wrath of a servant of the Mad one!""",您已進入大祭司巴沙爾·卡維洛爾的起居室。他尖叫道：“異教徒！現在面對瘋子僕人的憤怒吧！”
SCRIPTSTRING_0190,"I think you're in trouble, because there's",我認為你有麻煩了，因為有
SCRIPTSTRING_0191,Sphynx,史芬克斯
SCRIPTSTRING_0192,"We found the High Priest's treasure chamber. His pet dragon, Sphynx, attacked us!",我們找到了大祭司的寶庫。他的寵物龍斯芬克斯襲擊了我們！
SCRIPTSTRING_0193,"This is the High Priest's treasure chamber. His pet dragon, Sphynx, peers at you hungrily. ""Sphynx eat now,"" it growls.",這是大祭司的寶庫。他的寵物龍斯芬克斯正飢腸轆轆地看著你。 「斯芬克斯現在吃東西了，」它咆哮道。
SCRIPTSTRING_0194,A message is scrawled on the wall in blood:\nSeek the Mad One's stoney self in Harkyn's domain.,牆上用血潦草地寫著一則訊息：\n在哈金的領地尋找瘋子的石質自我。
SCRIPTSTRING_0195,Witch King,巫王
SCRIPTSTRING_0196,We found the ancient burial chamber of King Aildrek. He attacked us!,我們發現了艾爾德雷克國王的古老墓室。他襲擊了我們！
SCRIPTSTRING_0197,"Before you lies the ancient burial chamber of King Aildrek, now a creature of darkness. ""Now, mortal men, I will drink of your souls,"" he hisses.",在你面前的是艾爾德雷克國王的古老墓室，他現在是黑暗的生物。 「現在，凡人，我要喝掉你們的靈魂，」他嘶嘶地說。
SCRIPTSTRING_0198,"Among the items strewn about in the burial chamber, is a glowing jeweled eye.\n\n",在墓室中散落的物品中，有一隻發光的寶石眼睛。 \n\n
SCRIPTSTRING_0199,A wide corridor leads into Baron Harkyn's castle. Fabulous tapestries adorn the walls. The flickering torchlight casts strange shadows.,一條寬闊的走廊通往哈金男爵的城堡。牆上裝飾著精美的掛毯。閃爍的火炬光投射出奇怪的陰影。
SCRIPTSTRING_0200,Three marble steps lead to the Baron's throne.,三級大理石階梯通往男爵的寶座。
SCRIPTSTRING_0201,On the door is etched:\n\nGUARD ROOM -- Members only,門上刻著：\n\n警衛室－僅限會員
SCRIPTSTRING_0202,The Royal Jail Cell. The sulfurous smell of hot coals is in the air.,皇家監獄牢房。空氣中瀰漫著熱煤的硫磺味。
SCRIPTSTRING_0203,"A sign says, ""To Jail Cell.""",一個牌子上寫著：“去監獄牢房。”
SCRIPTSTRING_0204,"A sign says, ""NO trespassing.""",一個牌子上寫著「禁止侵入」。
SCRIPTSTRING_0205,You are in the royal bedroom.,你在皇家臥室。
SCRIPTSTRING_0206,This chamber is filled with magical energy!,這個密室充滿了魔法能量！
SCRIPTSTRING_0207,Roscoe's Magical Spa. Please leave a favorable review on MageBook.,Roscoe的神奇水療中心。請在 MageBook 上留下好評。
SCRIPTSTRING_0208,We found Baron's throne.,我們找到了男爵的寶座。
SCRIPTSTRING_0209,You are at the Baron's throne. Who wishes to sit on it?,你坐在男爵的寶座上。誰願意坐在上面？
SCRIPTSTRING_0210,Ouch! That hurt!,哎喲！好痛啊！
SCRIPTSTRING_0211,Sitting on the throne made a doorway appear.,坐在王座上，出現了一個門口。
SCRIPTSTRING_0212,The sound of grating stone is heard.,聽到石頭摩擦的聲音。
SCRIPTSTRING_0213,Guard Captain,警衛隊長
SCRIPTSTRING_0214,"We encountered the Captain of the Guard. He screamed ""Die, scum!"" and attacked us!",我們遇到了守衛隊長。他尖叫道：「死吧，渣滓！」並攻擊我們！
SCRIPTSTRING_0215,"You see the Captain of the Guard standing before you. ""Die, scum!"" he screams as he runs insanely toward you.",你看到守衛隊長站在你面前。 「死吧，人渣！」他尖叫著瘋狂地跑向你。
SCRIPTSTRING_0216,"We encountered six warriors, dressed in bright green robes. They screamed ""Intruders!"" and attacked us!",我們遇到了六名身穿亮綠色長袍的武士。他們尖叫著「入侵者！」並攻擊我們！
SCRIPTSTRING_0217,"Before you stand six warriors, dressed in bright green robes. ""Intruders!"" They scream battle cries as they run toward you with drawn swords.",在你面前站著六名身穿亮綠色長袍的戰士。 「入侵者！」他們一邊喊著戰鬥的口號，一邊舉著拔出的劍向你衝來。
SCRIPTSTRING_0218,"On defeating the warriors, we each took robes.",擊敗戰士後，我們每個人都穿上了長袍。
SCRIPTSTRING_0219,There are piles of bright green warrior robes here.\n\n,這裡有成堆的亮綠色武士長袍。 \n\n
SCRIPTSTRING_0220,{0} reaches for some robes.\n\n,{0}伸手去拿一些長袍。 \n\n
SCRIPTSTRING_0221,There is a magical glowing crystal sword here.\n\n,這裡有一把神奇的發光水晶劍。 \n\n
SCRIPTSTRING_0222,You are in a splendid library.,你在一個輝煌的圖書館。
SCRIPTSTRING_0223,"A sign on the wall reads, ""Slave quarters.""",牆上的牌子上寫著：“奴隸宿舍。”
SCRIPTSTRING_0224,The air nearby has a foul reek to it.,附近的空氣充滿了惡臭。
SCRIPTSTRING_0225,Something is not quite right here.,這裡有些不對勁。
SCRIPTSTRING_0226,Wizened man,乾癟的男人
SCRIPTSTRING_0227,There is a wizened man here. He asked if we would answer his riddle.,這裡有一個乾癟的男人。他問我們是否願意回答他的謎語。
SCRIPTSTRING_0228,"A wizened man appears before you, saying, ""Have you come to answer my riddle?""\n\n",一個乾癟的男人出現在你面前，說：「你是來回答我的謎語的嗎？」\n\n
SCRIPTSTRING_0229,"When we said no, he asked if we would fight him instead.",當我們拒絕時，他問我們是否願意與他戰鬥。
SCRIPTSTRING_0230,"He smirks at the assembled party, ""Would you rather test your magic and steel against my power?""\n\n",他對著聚集的隊伍傻笑著，「你們願意用我的力量來測試你們的魔法和鋼鐵嗎？」\n\n
SCRIPTSTRING_0231,"""Be gone with you!""",“跟你走吧！”
SCRIPTSTRING_0232,"""Answer this riddle to pass:\n\nOnce man alive\nNow living death\nIt drinketh blood\nN' stealeth breath""\n\n",「回答這個謎語即可通過：\n\n一旦人活著\n現在活著死亡\n它喝血\n'隱密的噴吐」\n\n
SCRIPTSTRING_0233,VAMPIRE,吸血鬼
SCRIPTSTRING_0234,LICH,巫妖
SCRIPTSTRING_0235,VAMPYRE,吸血鬼
SCRIPTSTRING_0236,"He frowns at you, ""Wrong, do you want to try again?""\n\n",他皺眉看著你，「錯了，你想再試一次嗎？」\n\n
SCRIPTSTRING_0237,"""Pass at your leisure,"" the Master Sorcerer says.",「隨意吧，」法師大師說。
SCRIPTSTRING_0238,"""Time to try out my new spells, ON YOU!"" You see",「是時候試試我的新咒語了，在你身上！」你看
SCRIPTSTRING_0239,There is a silver square floating in the center of the room.\n\n,房間中央漂浮著一個銀色的方塊。 \n\n
SCRIPTSTRING_0240,A magic mouth wants the answer to this riddle:,一張神奇的嘴巴想要這個謎語的答案：
SCRIPTSTRING_0241,"""Past warscapes fought by men long dead, and treasures lost on bloodied fields, the One God lifts his thorn-crowned head, and lays a strength on friendly...""\n\n",「過去由死去的人們所經歷的戰爭場面，以及在血腥的土地上丟失的寶藏，獨一之神抬起他戴著荊棘王冠的頭，為友好的人提供力量......」\n\n
SCRIPTSTRING_0242,SHIELDS,盾牌
SCRIPTSTRING_0243,SHIELD,盾牌
SCRIPTSTRING_0244,"""You're not good at this...""",“你不擅長這個…”
SCRIPTSTRING_0245,We found a magical Ybarra shield,我們發現了一個神奇的伊巴拉盾牌
SCRIPTSTRING_0246,A magical shield appears.\n\n,魔法護盾出現。 \n\n
SCRIPTSTRING_0247,"A sign on the wall reads, ""The Barracks.""\n\n""Official robes are required.""",牆上的牌子上寫著：“軍營。”\n\n“需要穿官袍。”
SCRIPTSTRING_0248,Written on the wall in blood is:\n\nThe Crystal Sword will leave the crystal guardian in many pieces.,牆上用血寫著：\n\n水晶劍會讓水晶守護者碎成許多碎片。
SCRIPTSTRING_0249,Intruder Alert!,入侵者警報！
SCRIPTSTRING_0250,We were recognized as intruders and attacked by the legions of Baron Harkyn.,我們被認為是入侵者，並受到哈金男爵軍團的攻擊。
SCRIPTSTRING_0251,"The legions of Baron Harkyn stand before you, recognizing you as intruders. ""Death to them!"" they scream.",哈金男爵的軍團站在你面前，認出你是入侵者。 「他們去死吧！」他們尖叫。
SCRIPTSTRING_0252,The room is filled with,房間裡充滿了
SCRIPTSTRING_0253,The room is filled with the bodies of dead Berserkers.,房間裡充滿了死去的狂戰士的屍體。
SCRIPTSTRING_0254,"Wearing the warrior robes, we were about to sneak past the legions of Baron Harkyn.",穿著戰士長袍，我們正要從哈金男爵的軍團身邊溜過去。
SCRIPTSTRING_0255,"The legions of Baron Harkyn stand before you, recognizing you as legion members.\n\nOne mutters, ""Darn, I was hoping for some action. It's so boring here.""",哈金男爵的軍團站在你面前，承認你是軍團成員。 \n\n有人嘀咕道：“該死，我本來希望採取一些行動。這裡太無聊了。”
SCRIPTSTRING_0256,Gold Statue,黃金雕像
SCRIPTSTRING_0257,There is a gold statue of a fifteen foot tall warrior here.,這裡有一尊十五英尺高的戰士的金色雕像。
SCRIPTSTRING_0258,A gold statue of a fifteen foot tall warrior stands before you. Will you approach it?\n\n,一座十五英尺高的戰士的金色雕像矗立在您面前。你願意接近它嗎？ \n\n
SCRIPTSTRING_0259,It appears harmless.,它看起來無害。
SCRIPTSTRING_0260,"The eye we had levitated into the statue's empty socket and it groaned ""I HUNGER"" and came to life.",我們將那隻眼睛懸浮到雕像的空眼窩中，它呻吟著“我飢餓”，然後就活了過來。
SCRIPTSTRING_0261,An Eye levitates from the party and goes into the statue's empty socket.,一隻眼睛從隊伍中升起，進入雕像的空眼窩。
SCRIPTSTRING_0262,I HUNGER!,我餓了！
SCRIPTSTRING_0263,The statue comes to life!,雕像活了！
SCRIPTSTRING_0264,"The walls shake as the statue stands suddenly, flinging marble everywhere. Gaze at the awesomeness of",雕像突然站立，牆壁搖晃，大理石飛濺得到處都是。凝視著的偉大
SCRIPTSTRING_0265,"A golden statue of a warrior, 15 feet tall, notices you as you approach. Gaze at the awesomeness of",當您走近時，一座 15 英尺高的金色戰士雕像會注意到您。凝視著的偉大
SCRIPTSTRING_0266,"Chunks of marble and stone lay chaotically around the room, evidence of an epic battle. A swirling portal of light floats above what looks like chunks of gold. Will you step into the portal?",房間裡散落著大塊的大理石和石頭，這是一場史詩般的戰鬥的證據。一個旋轉的光之門漂浮在看起來像金塊的上方。你會踏入門戶嗎？
SCRIPTSTRING_0267,"Where the golden statue had once stood, now is a swirling portal... a teleport to another place...",金色雕像曾經矗立的地方，現在變成了一個旋轉的傳送門…傳送到另一個地方…
SCRIPTSTRING_0268,"Yes, enter the portal.",是的，進入門戶。
SCRIPTSTRING_0269,"No, stay here for now.",不，暫時留在這裡。
SCRIPTSTRING_0270,You are being teleported!,你正在被傳送！
SCRIPTSTRING_0271,An old man,一個老人
SCRIPTSTRING_0272,An old man asked us this question to pass:\n\nWhat tavern lies off Night Archer street?,一位老人向我們提出了這樣一個問題：\n\n夜弓手街上有什麼酒館？
SCRIPTSTRING_0273,"An old man stands before you, saying, ""Answer this question to pass:\n\nWhat tavern lies off Night Archer street?""\n\n",一位老人站在你面前，說：「回答這個問題即可通過：\n\n夜弓手街上有什麼酒館？」\n\n
SCRIPTSTRING_0274,SKULL,骷髏
SCRIPTSTRING_0275,SKULL TAVERN,骷髏酒館
SCRIPTSTRING_0276,"""Not so smart, are you? Get off my lawn!""\n\nWill you leave?\n\n",「你不太聰明，是嗎？從我的草坪上滾出去！」\n\n你會離開嗎？ \n\n
SCRIPTSTRING_0277,"""C'mon boys! Let's get 'em!"" You see",「來吧，孩子們！讓我們抓住他們！」你看
SCRIPTSTRING_0278,"""Don't come back now, ya hear!""",“現在別回來，聽到了！”
SCRIPTSTRING_0279,"""Pass, oh learned ones,"" he says.",「通過吧，有學識的人，」他說。
SCRIPTSTRING_0280,Tower,塔
SCRIPTSTRING_0281,There's no way out!\n\nIt's a trap!,沒有出路！ \n\n這是個陷阱！
SCRIPTSTRING_0282,Run for it!,奔跑吧！
SCRIPTSTRING_0283,"An inscription on the wall reads,\n\nAs a guardian\nHe must walk...\nThe first part\nof his name\nmeans rock",牆上的銘文寫道：\n\n作為守護者\n他必須行走...\n他名字的第一部分\n意味著岩石
SCRIPTSTRING_0284,"An inscription on the wall reads,\n\nMade of earth\nYet without soul\nAs living statue\nHe is whole",牆上的銘文寫道：\n\n由泥土製成\n卻沒有靈魂\n就像活生生的雕像\n他是完整的
SCRIPTSTRING_0285,"A voice speaks softly, saying: ""Beware the sting at the tail (south) of the serpent-way.""",一個聲音輕聲說道：“小心蛇道尾部（南面）的刺痛。”
SCRIPTSTRING_0286,"A magic mouth asked this riddle:\n""Name the one of cold, foretold twofold!""",一張神奇的嘴問了這個謎語：\n“說出寒冷的名字，雙重預言！”
SCRIPTSTRING_0287,"A magic mouth on the wall speaks to you, saying this:\n""Name the one of cold, foretold twofold!""\n\n",牆上有一張神奇的嘴對你說話，說：\n「說出寒冷的名字，雙重預言！」\n\n
SCRIPTSTRING_0288,STONE GOLEM,石傀儡
SCRIPTSTRING_0289,STONEGOLEM,石傀儡
SCRIPTSTRING_0290,"""Incorrect!""",“不正確！”
SCRIPTSTRING_0291,"A magic mouth asked this riddle:\n""Name the endless byway and your path shall be guaranteed:""",一張神奇的嘴問了這個謎語：\n“說出無盡的小路，你的道路將得到保證：”
SCRIPTSTRING_0292,"A magic mouth on the wall speaks to you, saying this:\n""Name the endless byway and your path shall be guaranteed:""\n\n",牆上有一張神奇的嘴對你說話，說：\n「說出無盡的小路，你的道路將得到保證：」\n\n
SCRIPTSTRING_0293,SINISTER,險惡
SCRIPTSTRING_0294,"""Wrong.""",“錯了。”
SCRIPTSTRING_0295,"""Passage has been granted!""",“通行已獲準！”
SCRIPTSTRING_0296,There is a silver triangle floating in the center of the room.\n\n,房間中央漂浮著一個銀色的三角形。 \n\n
SCRIPTSTRING_0297,Golem!,傀儡！
SCRIPTSTRING_0298,There is a crystal statue of a Golem here. It wants to fight us.,這裡有一尊傀儡的水晶雕像。它想與我們戰鬥。
SCRIPTSTRING_0299,"A crystal statue comes to life before you, ready to attack! Will you fight it?\n\n",一座水晶雕像在您面前栩栩如生，準備攻擊！你會反抗嗎？ \n\n
SCRIPTSTRING_0300,The golem's shattered body reformed and attacked us again!,傀儡破碎的身軀再次重組，向我們發動了攻擊！
SCRIPTSTRING_0301,Something is happening to the golem's shattered body...,傀儡破碎的身體正在發生一些變化...
SCRIPTSTRING_0302,Kylearan,凱利蘭
SCRIPTSTRING_0303,"""Greetings! I am Kylearan, oh perseverant ones, the good wizard of Skara Brae. Put away your weapons, for I am your ally, not an enemy.""",「你們好！我是凱利蘭，哦，堅持不懈的人們，斯卡拉布雷的好巫師。收起你們的武器，因為我是你們的盟友，而不是敵人。”
SCRIPTSTRING_0304,"""You have passed my tests, and now can continue on to your true quest, the source of evil in Skara Brae -- Mangar the Dark, my nemesis.""",「你已經通過了我的考驗，現在可以繼續你真正的追求，斯卡拉布雷的邪惡之源——黑暗曼加爾，我的宿敵。”
SCRIPTSTRING_0305,"""Mangar's tower, at the opposite corner of Skara Brae from mine, is a five level deathtrap, which can only be entered by use of an onyx key.""",“曼加爾的塔樓位於斯卡拉布雷與我的塔樓相對的角落，是一個五層死亡陷阱，只能使用瑪瑙鑰匙進入。”
SCRIPTSTRING_0306,"""Good luck, and remember, seeing is not always believing.""",“祝你好運，記住，眼見並不總是可信的。”
SCRIPTSTRING_0307,Kylearan vanishes.,凱利蘭消失了。
SCRIPTSTRING_0308,There is an onyx key laying on the floor.\n\n,地板上放著一把瑪瑙鑰匙。 \n\n
SCRIPTSTRING_0309,On the wall is etched:\nBeyond the lie\nBefore the slip\nA passage north\nWill fake a trip\nAnd upward go\nTo evil's grip\nYet not an inch\nWill seem to dip,牆上刻著：\n超越謊言\n在滑倒之前\n向北的通道\n將假裝一次旅行\n向上走\n邪惡的掌控\n但不到一英寸\n似乎會下沉
SCRIPTSTRING_0310,"Ahead lies the exit, oh faithful ones!",前方就是出口，哦忠實的人們！
SCRIPTSTRING_0311,Ahead lies the deathfield!,前面就是死亡之地！
SCRIPTSTRING_0312,"A magic mouth on the wall speaks to you, saying this:\n\n""Perseverance in all things.""",牆上有一張神奇的嘴對你說話，說的是：\n\n“凡事堅持。”
SCRIPTSTRING_0313,On the wall is etched:\n\nThe Spectre Snare can catch a foe and bind him lest his spirit go...,牆上刻著：\n\n幽靈網可以抓住敵人並束縛他，以免他的靈魂消失...
SCRIPTSTRING_0314,This room is reeking with magical energy...,這個房間裡充滿了魔法能量…
SCRIPTSTRING_0315,"A sign reads, ""Keep out! This means YOU! Signed, Roscoe.""",一個牌子上寫著：“請勿入內！這意味著你！簽名，Roscoe。”
SCRIPTSTRING_0316,Mouth...,嘴...
SCRIPTSTRING_0317,"A magic mouth on the wall speaks:\n\n""Two shapes yours,\none's around;\nSpeak the shape\nand final found.""\n\n",牆上的一張魔法嘴說話：\n\n「你的兩個形狀，\n周圍沒有；\n說出形狀\n並最終找到。」\n\n
SCRIPTSTRING_0318,CIRCLE,圓
SCRIPTSTRING_0319,Wrong!,錯了！
SCRIPTSTRING_0320,There is a silver circle floating in the center of the room.\n\n,房間中央漂浮著一個銀色的圓圈。 \n\n
SCRIPTSTRING_0321,"On the wall is etched:\n\nDo not scry,\nthe first is lie.",牆上刻著：\n\n不要探知，\n第一個是謊言。
SCRIPTSTRING_0322,On the wall is etched:\n\nThe One God's\nsecond is surely with.,牆上刻著：\n\n獨一神的\n第二個肯定是與。
SCRIPTSTRING_0323,"On the wall is etched:\n\nAs the One God has said, the third is passion if you have love and life.",牆上刻著：\n\n正如獨一上帝所說，如果你有愛和生命，第三個就是激情。
SCRIPTSTRING_0324,"On the wall is etched:\n\nIn all the land,\nthe fourth is and",牆上刻著：\n\n在所有土地上，\n第四個是和
SCRIPTSTRING_0325,"On the wall is etched:\n\nWe speak of One God, eternal is he, his fifth is almost certainly be.",牆上刻著：\n\n我們談論的是一位上帝，祂是永恆的，幾乎可以肯定祂的第五位是。
SCRIPTSTRING_0326,"On the wall is etched:\n\nOn the many levels, several are ancient but the sixth is forever.",牆上刻著：\n\n在許多層中，有幾層是古老的，但第六層是永恆的。
SCRIPTSTRING_0327,On the wall is etched:\n\nThe One has said that the first man is blessed and the last is damned.,牆上刻著：\n\n真主說過，第一個人是受祝福的，最後一個是被詛咒的。
SCRIPTSTRING_0328,You smell burning coals...,你聞到燒焦的煤炭味...
SCRIPTSTRING_0329,The Keymaster,鑰匙大師
SCRIPTSTRING_0330,"An old man called ""The Keymaster"" wants to sell us something for 50000 gold pieces.",一位名叫「鑰匙大師」的老人想以五萬金幣的價格賣給我們一些東西。
SCRIPTSTRING_0331,"An old man is here, and says to you:\n""I am the Keymaster. I have something to sell you for the low price of 50000 gold pieces. What say you? Do we have a deal?""\n\n",一位老人在這裡對你說：\n「我是鑰匙大師。我有東西要以 50000 金幣的低價賣給你。你說呢？我們有交易嗎？」\n\n
SCRIPTSTRING_0332,"""Well, if you're not here to do business, will you leave?""\n\n",「好吧，如果你不是來這裡做生意，你會離開嗎？」\n\n
SCRIPTSTRING_0333,"""I'm asking nicely, will you leave?""\n\n",「我好心問你，你走嗎？」\n\n
SCRIPTSTRING_0334,"""I'm asking again, will you please leave?""\n\n",「我再問一遍，你可以離開嗎？」\n\n
SCRIPTSTRING_0335,"""I'm getting really annoyed at you! Will you PLEASE leave?""\n\n",「我真的很生你的氣！你能離開嗎？」\n\n
SCRIPTSTRING_0336,"""After I said please too..."" The man speaks briefly and 6 friends appear. ""Most unfriendly,"" he says. His friends look very angry.",「我說了請也……」男人簡短地說了幾句，然後 6 個朋友出現了。 “最不友好，”他說。他的朋友看起來很生氣。
SCRIPTSTRING_0337,Who will buy it?,誰會買呢？
SCRIPTSTRING_0338,We bought a Master Key from the old man for 50000 gold.,我們花了5萬金幣從老頭買了一把萬能鑰匙。
SCRIPTSTRING_0339,"He pockets the gold and holds a key in his hand. ""Pleasure doing business with you!""\n\n",他把金子裝進口袋，手裡拿著一把鑰匙。 「很高興與您開展業務！」\n\n
SCRIPTSTRING_0340,"A magic mouth asks the riddle:\n""Speak the seven of the One God, in sequence, and seek the lost stairs:""",一張神奇的嘴問出謎語：\n“按順序說出一神之七，並尋找丟失的樓梯：”
SCRIPTSTRING_0341,"A magic mouth on the wall talks:\n\n""Speak the seven of the One God, in sequence, and seek the lost stairs:""\n\n",牆上的一張魔法嘴說話：\n\n「按順序說出一神之七，並尋找丟失的樓梯：」\n\n
SCRIPTSTRING_0342,LIE,謊言
SCRIPTSTRING_0343,"""What is the second word?""\n\n",「第二個字是什麼？」\n\n
SCRIPTSTRING_0344,WITH,與
SCRIPTSTRING_0345,"""What is the third word?""\n\n",「第三個字是什麼？」\n\n
SCRIPTSTRING_0346,PASSION,熱情
SCRIPTSTRING_0347,"""What is the fourth word?""\n\n",「第四個字是什麼？」\n\n
SCRIPTSTRING_0348,AND,和
SCRIPTSTRING_0349,"""What is the fifth word?""\n\n",「第五個字是什麼？」\n\n
SCRIPTSTRING_0350,BE,貝
SCRIPTSTRING_0351,"""What is the sixth word?""\n\n",「第六字是什麼？」\n\n
SCRIPTSTRING_0352,FOREVER,永遠
SCRIPTSTRING_0353,"""What is the seventh and final word?""\n\n",「第七個也是最後一個字是什麼？」\n\n
SCRIPTSTRING_0354,DAMNED,該死的
SCRIPTSTRING_0355,Sorry Charlie!,對不起查理！
SCRIPTSTRING_0356,We correctly answered the riddle and some stairs appeared.,我們正確地回答了這個謎語，有些樓梯出現了。
SCRIPTSTRING_0357,"""Well done, oh faithful one. The stairs have materialized.""",“幹得好，哦忠實的人。樓梯已經實體化了。”
SCRIPTSTRING_0358,On the wall is etched:\n\nWelcome to Mangar's crypt,牆上刻著：\n\n歡迎來到曼加爾的地穴
SCRIPTSTRING_0359,The shape of a skull is etched on the floor.,地板上蝕刻著頭骨的形狀。
SCRIPTSTRING_0360,Tracks lead south down this corridor.,軌道沿著這條走廊向南延伸。
SCRIPTSTRING_0361,A gust of wind blows through here...,一陣風從這裡吹過…
SCRIPTSTRING_0362,There is a large black coffin in this tomb.\n\nDo you wish to open it?\n\n,這個墳墓裡有一口黑色的大棺材。 \n\n你想打開它嗎？ \n\n
SCRIPTSTRING_0363,A Vampire Lord rises from the coffin. He seems rather disturbed. You see,吸血鬼領主從棺材中升起。他看起來頗為不安。你看
SCRIPTSTRING_0364,Hungry Dragons,飢餓的龍
SCRIPTSTRING_0365,"Two sleeping dragons awaken at your passage. ""Hmm, humans for dinner again, Gor,"" says the small one. ""Why don't we get any pork up here?""",兩條沉睡的龍在你經過時醒來。 「嗯，人類又來吃晚餐了，哥哥，」小傢伙說。 “為什麼我們這裡不買豬肉呢？”
SCRIPTSTRING_0366,"As Gor gasps his last, he croaks out, ""we should have sent out for pizza instead... Aaaaahhrrrrgg...""",當戈爾嚥下最後一口氣時，他嘶啞地說：“我們應該出去買披薩……啊啊啊啊……”
SCRIPTSTRING_0367,Your music caused two sleeping dragons to continue slumbering.,你的音樂讓兩條沉睡的龍繼續沉睡。
SCRIPTSTRING_0368,There is a pair of dragons snoring quite loudly here.,這裡有一對龍在打呼嚕，聲音很大。
SCRIPTSTRING_0369,"A magic mouth on the wall speaks:\n\n""Name the greatest son of Odin and win his aid.""\n\n",牆上有一張神奇的嘴在說話：\n\n「說出奧丁最偉大的兒子的名字並贏得他的幫助。」\n\n
SCRIPTSTRING_0370,THOR,雷神
SCRIPTSTRING_0371,"""Brush up on your mythology and come back later!""",「溫習一下你的神話，稍後再回來！”
SCRIPTSTRING_0372,A small statue appears.\n\n,出現一個小雕像。 \n\n
SCRIPTSTRING_0373,We were awarded a small figurine of Thor,我們獲得了雷神索爾的小雕像
SCRIPTSTRING_0374,"On the wall to the north are etched 3 geometric shapes: a square, a circle, and a triangle.",北面的牆壁上蝕刻著 3 個幾何形狀：正方形、圓形和三角形。
SCRIPTSTRING_0375,"A voice whispers, ""You see farther... Passage has been granted.""",一個聲音低聲說：“你看得更遠了……通行已被批准。”
SCRIPTSTRING_0376,"A voice whispers, ""To gain passage, you must see farther...""",一個聲音低聲說：“要想通行，你必須看得更遠……”
SCRIPTSTRING_0377,"A magic mouth speaks to the party:\n\n""What can bind the mightiest foes?""\n\n",一張神奇的嘴對隊伍說話：\n\n「什麼可以束縛最強大的敵人？」\n\n
SCRIPTSTRING_0378,SPECTRE SNARE,幽靈圈套
SCRIPTSTRING_0379,SPECTER SNARE,幽靈圈套
SCRIPTSTRING_0380,"""No prize for you!""",“沒有獎勵給你！”
SCRIPTSTRING_0381,Return when you have space for your reward.,當您有足夠的空間來領取獎勵時，請返回。
SCRIPTSTRING_0382,A magical lasso appears.\n\n,出現了一個神奇的套索。 \n\n
SCRIPTSTRING_0383,There is a pool of boiling liquid here.,這裡有一池沸騰的液體。
SCRIPTSTRING_0384,There is a pool of boiling liquid here. Will the party dive in?\n\n,這裡有一池沸騰的液體。隊伍會加入嗎？ \n\n
SCRIPTSTRING_0385,"We found Mangar's treasure trove, guarded by two very hungry dragons.",我們找到了曼加爾的寶庫，由兩條非常飢餓的龍看守著。
SCRIPTSTRING_0386,"This is Mangar's treasure trove. Two dragons are here, and they're very hungry. You're in some real trouble.",這是曼加爾的寶庫。有兩條龍在這裡，它們非常餓。你真的遇到麻煩了。
SCRIPTSTRING_0387,"A magic mouth on the wall speaks to you, saying:\n\n""Death to those who would attack the mighty one!""",牆上的一張魔法嘴對你說話，說道：\n\n“那些攻擊強大者的人都得死！”
SCRIPTSTRING_0388,An evil spirit possessed one of our party!,我們隊伍中的一個人被邪靈附身了！
SCRIPTSTRING_0389,"The corpse of Mangar the Dark, and a portal back to the Skara Brae Adventurers Guild.",黑暗曼加爾的屍體，以及返回斯卡拉布雷冒險家公會的傳送門。
SCRIPTSTRING_0390,You are relieved to see the rotting corpse of Mangar the Dark still lies here undisturbed since your last visit.\n\n,自從你上次訪問以來，黑暗曼加爾的腐爛屍體仍然躺在這裡，不受打擾，你感到很欣慰。 \n\n
SCRIPTSTRING_0391,There is a swirling portal here. A remnant of Kylearan's magic. Will you enter it?,這裡有一個旋轉的傳送門。凱利蘭魔法的殘餘。你會輸入嗎？
SCRIPTSTRING_0391a,There is a swirling portal here.\n\n,這裡有一個旋轉的傳送門。 \n\n
SCRIPTSTRING_0391b,Will you enter it?,你會輸入嗎？
SCRIPTSTRING_0392,Enter the portal.,進入門戶。
SCRIPTSTRING_0393,Stay in the tower.,留在塔裡。
SCRIPTSTRING_0394,Mangar!,曼加爾！
SCRIPTSTRING_0395,"You stand in the antechamber of Mangar the Dark, evil Archmage of Skara Brae. Mangar glares at you with deep hatred. ""Die, mortals!"" he screams.",你站在斯卡拉布雷的邪惡大法師黑暗曼加爾的前廳裡。曼加爾帶著深深的仇恨瞪著你。 「凡人，去死吧！」他尖叫。
SCRIPTSTRING_0396,Mangar the Dark.,黑暗曼加爾。
SCRIPTSTRING_0397,With a wave of his hand a few of his close friends drop by. They don't look like a fun group.,他一揮手，他的幾個親密朋友就過來了。他們看起來不像是一個有趣的團體。
SCRIPTSTRING_0398,"Kylearan, the good Archmage, appears before you in a flash of light. ""Well done!"" he cries, beaming. ""Your quest in Skara Brae is fulfilled!""",凱利蘭，善良的大法師，在一道閃光中出現在你面前。 「幹得好！」他微笑著喊道。 “你在斯卡拉布雷的任務已經完成！”
SCRIPTSTRING_0399,"""The evil one is now defeated, and his spell of winter will soon end.""",「邪惡之徒已經被擊敗，他的冬天也即將結束。」
SCRIPTSTRING_0400,"""You will all, as a symbol of my gratitude, receive 300,000 experience bonus. Also take this 300,000 gold to share amongst yourselves. Fare well and live long!""",“作為我的謝意，你們將獲得三十萬經驗獎勵，這三十萬金幣也拿去大家分享吧，萬事如意！”
SCRIPTSTRING_0401,The forest,森林
SCRIPTSTRING_0402,You're in the realm of Caith,你在凱斯的王國裡
SCRIPTSTRING_0403,Fanskar's Castle,凡斯卡城堡
SCRIPTSTRING_0404,Philippi,腓立比
SCRIPTSTRING_0405,Tangramayne,唐格拉梅尼
SCRIPTSTRING_0406,Colosse,歌羅西
SCRIPTSTRING_0407,Ephesus,以弗所
SCRIPTSTRING_0408,Corinth,哥林多
SCRIPTSTRING_0409,Thessalonica,帖撒羅尼迦
SCRIPTSTRING_0410,The Sage,聖人
SCRIPTSTRING_0411,"A wise sage lives here, charging gold for the wisdom of the ancients!",這裡住著一位睿智的聖人，為古人的智慧收取黃金！
SCRIPTSTRING_0412,"The Sage says:\n\n""Gold can buy thee the wisdom of the ancients, my friends.""\n\nYou can:",聖人說：\n\n「我的朋友們，黃金可以為你們買到古人的智慧。」\n\n你可以：
SCRIPTSTRING_0413,Talk to the Sage,與聖人交談
SCRIPTSTRING_0414,Exit his hut,退出他的小屋
SCRIPTSTRING_0415,What will you ask him about?,你會問他什麼？
SCRIPTSTRING_0416,THE TOMBS,墳墓
SCRIPTSTRING_0417,FANSKAR,范斯卡
SCRIPTSTRING_0418,DARGOTH,達戈斯
SCRIPTSTRING_0419,MAZE OF DREAD,恐懼迷宮
SCRIPTSTRING_0420,OSCON,奧斯康
SCRIPTSTRING_0421,KAZDEK,卡茲德克
SCRIPTSTRING_0422,GREY CRYPT,灰色地穴
SCRIPTSTRING_0423,DESTINY STONE,命運石
SCRIPTSTRING_0424,LAGOTH ZANTA,拉戈斯·贊塔
SCRIPTSTRING_0425,SCARLET BARD,猩紅吟遊詩人
SCRIPTSTRING_0426,ELF BOOTS,精靈靴子
SCRIPTSTRING_0427,LUCKSHIELD,幸運盾
SCRIPTSTRING_0428,DEATH STARS,死星
SCRIPTSTRING_0429,MAGE STAFF,法師法杖
SCRIPTSTRING_0430,THIEF DAGGER,盜賊匕首
SCRIPTSTRING_0431,KATO'S BRACER,加藤的護腕
SCRIPTSTRING_0432,AG'S ARROWS,AG 的箭
SCRIPTSTRING_0433,MITHRIL ARROWS,秘銀箭
SCRIPTSTRING_0434,RING OF RETURN,歸來之戒
SCRIPTSTRING_0435,BREATHRING,噴吐
SCRIPTSTRING_0436,WIZHELM,維澤爾姆
SCRIPTSTRING_0437,SPEEDBOOTS,速度靴
SCRIPTSTRING_0438,ZEN ARROWS,禪箭
SCRIPTSTRING_0439,DRUMS OF DEATH,死亡之鼓
SCRIPTSTRING_0440,SONG AXE,歌謠斧
SCRIPTSTRING_0441,TRICK BRICK,魔術磚
SCRIPTSTRING_0442,ARAM'S KNIFE,阿拉姆的刀
SCRIPTSTRING_0443,ANGRA'S EYE,安格拉之眼
SCRIPTSTRING_0444,THOR'S HAMMER,雷神之鎚
SCRIPTSTRING_0445,SWORD OF ZAR,札爾之劍
SCRIPTSTRING_0446,NOSPEN RING,諾斯彭環
SCRIPTSTRING_0447,ALI'S CARPET,阿里的地毯
SCRIPTSTRING_0448,TROLL RING,巨魔戒指
SCRIPTSTRING_0449,DORK RING,多克環
SCRIPTSTRING_0450,BARDSWORD,吟遊詩人之劍
SCRIPTSTRING_0451,SORCERSTAFF,法師法杖
SCRIPTSTRING_0452,DAYBLADE,日刃
SCRIPTSTRING_0453,SLAYER FIGURINE,殺手雕像
SCRIPTSTRING_0454,GIANT FIGURINE,巨型雕像
SCRIPTSTRING_0455,OGRE FIGURINE,食人魔雕像
SCRIPTSTRING_0456,BULLDOZER FIGURINE,推土機雕像
SCRIPTSTRING_0457,BROTHERS FIGURINE,兄弟雕像
SCRIPTSTRING_0458,DRAGON FIGURINE,龍雕像
SCRIPTSTRING_0459,HERB FIGURINE,藥草雕像
SCRIPTSTRING_0460,MASTER MAGE FIGURINE,法師大師雕像
SCRIPTSTRING_0461,VANQUISHER FIGURINE,征服者雕像
SCRIPTSTRING_0462,SARADON,薩拉登
SCRIPTSTRING_0463,"""My memory fails me,"" he says.",「我的記憶力衰退了，」他說。
SCRIPTSTRING_0464,"""I have a more interesting tale than that"", the Sage starts to tell you about his amazing travels abroad.",“我有一個比這更有趣的故事”，聖人開始向您講述他奇妙的國外旅行。
SCRIPTSTRING_0465,"""That is something better left unsaid"", the Sage whispers.",“這件事最好不要說出來”，聖人低聲說道。
SCRIPTSTRING_0466,"""Ah, yes"", the Sage says, ""therein lies a tale of great magnitude.""",“啊，是的，”聖人說道，“其中蘊藏著一個偉大的故事。”
SCRIPTSTRING_0467,"""Get enough gold first,"" he says.",「首先獲得足夠的黃金，」他說。
SCRIPTSTRING_0468,"""Hidden beneath the city of Ephesus, the Tombs have been closed for centuries.\nSeek the entrance at the Temple of Darkness, in the city's center.""",“隱藏在以弗所城地下的陵墓已經關閉了幾個世紀。\n尋找位於城市中心的黑暗神殿的入口。”
SCRIPTSTRING_0469,"""Fanskar is a deadly warrior-mage who tried once to claim the title of Destiny Knight and failed.\nHis castle is a well-guarded fortress, located south-west of Colosse.""",“范斯卡是一位致命的戰士法師，他曾試圖奪取命運騎士的頭銜，但失敗了。\n他的城堡是一座戒備森嚴的堡壘，位於科洛西西南部。”
SCRIPTSTRING_0470,"""Dargoth is a creature more animal than man. He is a Lemurian... a being from another realm. Dargoth's tower is hidden in the city of Philippi. Take care, friends, for he is death itself.""",「達格斯是一種比人類更像動物的生物。他是利穆里亞人……來自另一個領域的存在。達格斯的塔隱藏在腓立比城中。小心，朋友們，因為他本身就是死亡。”
SCRIPTSTRING_0471,"""The Maze is said to be the home of the Graphnar Fist, a group of elite mercenaries who kill for both gold and pleasure. The Maze itself exists from ancient times. Seek it in Thessalonica.""",“據說迷宮是格拉夫納之拳的所在地，這是一群為了金錢和快樂而殺人的精英僱傭兵。迷宮本身自古以來就存在。在塞薩洛尼卡尋找它。”
SCRIPTSTRING_0472,"""In the city of Corinth is the Fortress of the mage Oscon, whose strength is legendary and whose skill surpasses even Mangar's. The Fortress was, in fact, once the keep of a prominent Caith noble - Count Waldec. Oscon was his sorcerer. When the Lestradae mercenaries invaded, Oscon turned coat, slew the count, aided Lagoth, and took power for himself. Only an item of KAZDEK will gain you entrance.""",「在科林斯城裡有法師奧斯康的要塞，他的力量具有傳奇色彩，技能甚至超越了曼加爾。事實上，這座要塞曾經是凱斯貴族瓦爾德克伯爵的要塞。奧斯康是他的巫師。當雷力量拉德僱傭兵入侵時，奧斯康變身，殺死了伯爵，援助了拉戈斯，並為自己取了一個權力入口。
SCRIPTSTRING_0473,"""Ah, yes, Kazdek. The immortal one, as he is called, he is in fact a living statue. Seek him between Thessalonica and Colosse, with the word of his name.""",「啊，是的，卡茲德克。不朽的人，正如他所說的那樣，實際上是一尊活生生的雕像。在塞薩洛尼卡和歌羅西之間尋找他，說出他的名字。”
SCRIPTSTRING_0474,"""Take care, my friends. None have left the Grey Crypt alive. Know you, however, that no magical spells will work therein.""",“小心點，我的朋友們。沒有人活著離開灰墓穴。不過你要知道，魔法咒語在裡面不起作用。”
SCRIPTSTRING_0475,"""A rock it is, in fact, yet much more. Ponder this, my friends: Never find and never fool, the last one drinks the poison pool, the first one reads the ancient tome, the third one breaks the double dome.""",「事實上，它是一塊岩石，但遠不止於此。我的朋友們，想一想：永遠不要找到，也永遠不要愚弄，最後一個喝下毒池，第一個閱讀古書，第三個打破雙穹頂。”
SCRIPTSTRING_0476,"""An evil genius is Lagoth, else he'd not have posed the threat to the Land that he has. Yet, an enemy to be respected, I think. His whereabouts are unknown, but I'd not be surprised to find him near.""",「拉戈斯是一個邪惡的天才，否則他不會對他所擁有的土地構成威脅。然而，我認為，他是一個值得尊敬的敵人。他的下落不明，但如果我發現他在附近，我不會感到驚訝。”
SCRIPTSTRING_0477,"""The master of songs, the Scarlet Bard. He can be found singing songs in a tavern in Ephesus. He may be able to teach you a powerful song or two... for a price.""",「歌曲大師，猩紅吟遊詩人。你可以在以弗所的一家小酒館裡找到他唱歌。他也許能教你一兩首強有力的歌曲……只要付出代價。”
SCRIPTSTRING_0478,"""Ah, that one makes you lucky at avoiding bad spells, thrown weapons and dragon breath.""",“啊，那個可以讓你幸運地避開不良咒語、投擲武器和龍息。”
SCRIPTSTRING_0479,"""A ninja weapon, they do 16-64 points of damage and have a range of 60 feet.""",“一種忍者武器，可造成 16-64 點傷害，射程為 60 英尺。”
SCRIPTSTRING_0480,"""The Mage Staff regenerates spell points and boosts the armor of the wielder.""",“法師法杖可以恢復法術點並增強持有者的護甲。”
SCRIPTSTRING_0481,"""A thief with that has an increased chance of hiding in shadows.""",“擁有這種能力的小偷更有可能躲在陰影中。”
SCRIPTSTRING_0482,"""An ingenious device! If given to a monster ally, he is not likely to turn on you.""",「一個巧妙的裝置！如果給怪物盟友，他不太可能背叛你。”
SCRIPTSTRING_0483,"""Ag's arrows do 24-96 points of damage and have a range of 90 feet.""",“Ag 的箭會造成 24-96 點傷害，射程為 90 英尺。”
SCRIPTSTRING_0484,"""Mithril arrows do 6-24 points of damage and have a range of 50 feet.""",“秘銀箭會造成 6-24 點傷害，射程為 50 英尺。”
SCRIPTSTRING_0485,"""That ring casts a Safety Spell when you use it. Careful of that!""",“那枚戒指在使用時會施展安全咒語。小心！”
SCRIPTSTRING_0486,"""That ring protects the wearer from breath attacks. Most useful!""",“那枚戒指可以保護佩戴者免受噴吐攻擊。非常有用！”
SCRIPTSTRING_0487,"""Ah, that one casts Wizard War when you use it.""",“啊，那個使用的時候會施展巫師戰爭。”
SCRIPTSTRING_0488,"""Those boots aid you in running from fights. Not a very heroic item...""",「那些靴子可以幫助你逃離戰鬥。不是一個非常英雄的物品...」
SCRIPTSTRING_0489,"""Zen Arrows... oh yes. They do 40-160 points of damage, to a range of 70 feet.""",“Zen Arrows...哦，是的。它們會造成 40-160 點傷害，射程為 70 英尺。”
SCRIPTSTRING_0490,"""The Drums of Death cast a Death Strike spell on an opponent.""",“死亡之鼓對對手施展死亡打擊法術。”
SCRIPTSTRING_0491,"""The Song Axe is a wondrous item which always returns to the thrower, and does 64-256 points of damage at a range of 80 feet.""",「歌斧是一件奇妙的物品，它總是會返回到投擲者手中，並在 80 英尺的範圍內造成 64-256 點傷害。”
SCRIPTSTRING_0492,"""That one makes a Wizard Wall appear.""",“那會讓巫師之牆出現。”
SCRIPTSTRING_0493,"""Aram's Knife? Oh yes. 128-512 points of damage, thrown at any range. Not too shabby.""",“阿拉姆之刀？哦，是的。128-512點傷害，在任何距離投擲。不算太破爛。”
SCRIPTSTRING_0494,"""The Eye casts Batchspell, as needed.""",“眼睛會根據需要施放批量法術。”
SCRIPTSTRING_0495,"""Thor's Hammer does 32-128 points of damage at a range of 70 feet, and it always returns.""",“雷神之鎚在 70 英尺範圍內造成 32-128 點傷害，並且總是會回來。”
SCRIPTSTRING_0496,"""The Sword is rarely spoken of, but it is said to be throwable, up to 80 feet for 96-384 points of damage.""",「這把劍很少被提及，但據說它可以投擲，最遠 80 英尺，可造成 96-384 點傷害。”
SCRIPTSTRING_0497,"""The Nospen... oh yes. It deactivates all spinners in dungeons. A handy item.""",“Nospen...哦，是的。它可以停用地下城中的所有旋轉器。一個方便的物品。”
SCRIPTSTRING_0498,"""Ali's Carpet will leave you feeling like you are levitating forever. You will get good use out of this.""",“阿里的地毯會讓你感覺自己永遠漂浮在空中。你會充分利用它。”
SCRIPTSTRING_0499,"""I almost forgot this existed. The Troll Ring will leave its wearer feeling healthier and healthier over time.""",「我幾乎忘記了它的存在。隨著時間的推移，巨魔戒指會讓佩戴者感覺越來越健康。”
SCRIPTSTRING_0500,"""A very insightful ring. Use it for inner wisdom.""",“一枚非常有洞察力的戒指。用它來獲得內在的智慧。”
SCRIPTSTRING_0501,"""I have seen very few of these, but when I have, the bard who wielded it would never lose their voice... Strange... those bards.""",「我很少見過這樣的東西，但當我見過的時候，使用它的吟遊詩人永遠不會失去他們的聲音......奇怪......那些吟遊詩人。”
SCRIPTSTRING_0502,"""The Sorcerstaff can destroy illusions in battle and stops more from being summoned. It can also identify those pesky doppelgangers.""",“巫師可以在戰鬥中摧毀幻象並阻止更多的召喚。它還可以識別那些討厭的分身。”
SCRIPTSTRING_0503,"""The Dayblade deals 3-33 damage and is known for its ability to, in a lesser capacity, reveal the way.""",“Dayblade 會造成 3-33 點傷害，並以較小的能力揭示道路而聞名。”
SCRIPTSTRING_0504,"""When these drums are pounded, they cause an enemy to drop dead right in front of them.""",“當這些鼓被敲響時，他們會導致敵人倒在他們面前死去。”
SCRIPTSTRING_0505,"""This figurine contains the essence of a Slayer. When shattered an enormous slayer will stand beside you. He swings for 31-124 damage. His swing can often kill instantly.""",「這個雕像蘊含著毀滅戰士的精髓。當它被粉碎時，一個巨大的毀滅戰士會站在你身邊。他的揮舞造成 31-124 點傷害。他的揮舞通常可以立即殺死你。”
SCRIPTSTRING_0506,"""This figurine contains the essence of a Storm Giant. When shattered, cracks of thunder reveal a Storm Giant with your party. He slams for 31-124 damage.""",「這個雕像蘊含著風暴巨人的精髓。當它破碎時，雷聲會在你的隊伍中顯露出風暴巨人。他會猛擊造成 31-124 點傷害。”
SCRIPTSTRING_0507,"""This figurine contains the essence of an Ogre. When shattered the gruesome ogre will fight beside you. It swings multiple times for 4-16 damage.""",「這個雕像蘊含著食人魔的精髓。粉碎後，可怕的食人魔會在你身邊戰鬥。它會多次擺動，造成 4-16 點傷害。”
SCRIPTSTRING_0508,"""This figurine contains the essence of a Bulldozer. When shattered it will release the essence and form the mighty warrior himself. He swings for 16-64 damage.""",「這個雕像含有推土機的精華。當它被粉碎時，它會釋放精華並形成強大的戰士本人。他揮舞起來會造成 16-64 點傷害。”
SCRIPTSTRING_0509,"""This figurine contains the essence of the Kringle Brothers. When shattered multiple brothers appear to fight alongside you, enough to fill your party. They swing for 64-256 damage. They have a deadly breath and aren't afraid to use it.""",「這個雕像包含了克林格爾兄弟的精髓。當破碎時，多個兄弟會出現並與你並肩作戰，足以填滿你的隊伍。他們會造成 64-256 點傷害。他們擁有致命的氣息，並且不害怕使用它。”
SCRIPTSTRING_0510,"""This figurine contains the essence of a Blast Dragon. When shattered a Blast Dragon appears with a puff of smoke. It breathes on its foes and they don't often survive more than a single blow. It swings for 18-72 damage.""",「這個雕像包含了疾風龍的精髓。當被粉碎時，疾風龍會帶著一股煙霧出現。它向敵人噴吐，他們通常只能在一次打擊後存活下來。它會造成 18-72 點傷害。”
SCRIPTSTRING_0511,"""This figurine contains the essence of Herb. When shattered Herb comes to fight. Herb has the knowledge to cast: Storal's Soul Whip, and summon more herbs! He swings mightily for 32-128 damage.""",「這個雕像蘊含著赫伯的精髓。當破碎的赫伯前來戰鬥時，赫伯擁有施放斯托拉爾靈魂之鞭的知識，並召喚更多的草藥！他會強力揮動，造成 32-128 點傷害。”
SCRIPTSTRING_0512,"""This figurine contains the essence of a Master Mage. When shattered a destructive Master Mage will fight alongside you. They have the knowledge to cast: Prime Summoning, Oscon's Haltfoe, Fanskar's Night Lance and Mangar's Mallet.""",「這個雕像包含了法師大師的精髓。當它被粉碎時，破壞性的法師大師將與你並肩作戰。他們擁有施展的知識：Prime Summoning、Oscon 的 Haltfoe、Fanskar 的 Night Lance 和 Mangar 的 Mallet。”
SCRIPTSTRING_0513,"""This figurine contains the essence of a Vanquisher. When shattered it will release a Vanquisher to fight for you. It swings for 15-60 damage. Those unfortunate enough to survive the blow, are turned to stone.""",「這個雕像蘊含著征服者的精髓。當它被粉碎時，它會釋放出征服者來為你戰鬥。它的擺動會造成 15-60 點傷害。那些不幸在這一擊中倖存下來的人，都會變成石頭。”
SCRIPTSTRING_0514,"""A powerful mage who resides in Philippi. He is always sticking his nose into things he shouldn't...""",「居住在菲利皮的一位強大的魔法師。他總是對不該插手的事情感興趣……」
SCRIPTSTRING_0515,Lagoth Zanta,拉戈斯·贊塔
SCRIPTSTRING_0516,Lagoth Zanta!,拉戈斯·贊塔！
SCRIPTSTRING_0517,"""Welcome, my friends, to the home of Lagoth Zanta! You have been cunning, it is true, but your days have now come to an end. Your quest is through fools.\n\nPrepare to die.""",「歡迎，我的朋友們，來到拉戈斯·贊塔的家！你確實很狡猾，但你的日子現在已經結束了。你的任務是通過傻瓜完成的。\n\n準備好去死吧。”
SCRIPTSTRING_0518,"After an epic battle, the Destiny Knight hath slain Lagoth Zanta!",經過一場史詩般的戰鬥，命運騎士殺死了拉格斯·贊塔！
SCRIPTSTRING_0519,"Well done!\nAt the death of Zanta the armies of the Realm muster and march to defeat the invading hordes, who will easily fall. The king himself enters the hut and salutes you.",幹得好！ \n贊塔死後，王國的軍隊集結並進軍，擊敗入侵的部落，而他們很容易就會倒下。國王親自走進小屋並向您致敬。
SCRIPTSTRING_0520,The King,國王
SCRIPTSTRING_0521,"""Oh mighty ones, I thank thee for thy service to the realm. May the All High bless thee and keep thee strong and prosperous. In my own little way, I give you all a little bonus.""",「噢，強大的人們，我感謝你們對王國的貢獻。願至高者保佑你們，讓你們保持強大和繁榮。以我自己的方式，我給你們所有人一點獎勵。”
SCRIPTSTRING_0522,"Congratulations, your quest is over. But a new one is bound to begin...",恭喜你，你的任務已經結束了。但新的一幕注定要開始…
SCRIPTSTRING_0523,"Just an empty hut now, since you have defeated Lagoth Zanta once and for all!",現在只剩下一間空小屋了，因為你已經徹底擊敗了拉戈斯·贊塔！
SCRIPTSTRING_0524,Temple Of Narn,納恩神廟
SCRIPTSTRING_0525,Temple of Narn,納恩神廟
SCRIPTSTRING_0526,You stand inside the Temple of Narn. There is a large green altar before you.\n\nYou can:,你站在納恩神殿內。你面前有一個綠色的大祭壇。 \n\n你可以：
SCRIPTSTRING_0527,Approach the altar,走近祭壇
SCRIPTSTRING_0528,Exit,退出
SCRIPTSTRING_0529,"""Welcome, oh great Knight! Thy presence blesses us all! Stay and rest as long as you desire.""",“歡迎，哦偉大的騎士！你的存在祝福我們所有人！只要你願意，就留下來休息吧。”
SCRIPTSTRING_0530,Nothing happened...,什麼都沒發生...
SCRIPTSTRING_0531,... and yet not all things are complete.\nIt felt as if {0} was very close to great power.,……但並非所有事情都已完成。 \n感覺{0}非常接近強大的力量。
SCRIPTSTRING_0532,Something strange is happening to {0}...,{0}身上發生了一些奇怪的事情...
SCRIPTSTRING_0533,"{0} has become the One of Legend, known to all men as the Destiny Knight!\nPower courses through {1} as never felt before.\nThe full extent of {0}'s powers are as yet unknown...",{0}已成為傳奇之一，被所有人稱為命運騎士！ \n透過{1}獲得前所未有的力量。 \n{0}的力量的全部範圍尚不清楚...
SCRIPTSTRING_0534,... but they appear to be incredible!\n\nIt was foretold that you shall receive power when the spirit has come upon you. You must now go and be a witness of this to all...\n\n,……但它們似乎令人難以置信！ \n\n有人預言，當靈魂降臨在你身上時，你將獲得力量。你現在必須去向所有人見證這一切...\n\n
SCRIPTSTRING_0535,Stone Man,石頭人
SCRIPTSTRING_0536,A Stone Man dwells here.,這裡住著一個石人。
SCRIPTSTRING_0537,"""Welcome, my friends,"" a stone man exclaims.\n""My home is, of course, your home. Stay as long as you like."" He falls asleep.\n\nYou can:",「歡迎，我的朋友們，」一個石頭人大聲說。 \n「當然，我的家也是你們的家。想住多久就住多久。」他睡著了。 \n\n您可以：
SCRIPTSTRING_0538,Speak to him,跟他說話
SCRIPTSTRING_0539,Exit the room,退出房間
SCRIPTSTRING_0540,What will you say?,你會說什麼？
SCRIPTSTRING_0541,Kazdek,卡茲代克
SCRIPTSTRING_0542,He does not awake.,他沒有醒來。
SCRIPTSTRING_0543,Kazdek's Hut.,卡茲德克的小屋。
SCRIPTSTRING_0544,"""You called?"" he says as he awakes.\n\n""Oh, you would like an item of mine."" He pulls something from the air. ""Take this."" He then vanishes.\n\n",「你打電話來了？」 \n\n「哦，你想要我的一件東西。」他從空中拉出一些東西。 「拿著這個。」然後他就消失了。 \n\n
SCRIPTSTRING_0545,Kazdek gave us an item.,卡茲德克給了我們一個物品。
SCRIPTSTRING_0546,"""Friends!"" Kazdek exclaims.\n""You have returned!""",「朋友們！」卡茲德克驚呼。 \n“你回來了！”
SCRIPTSTRING_0547,Speak to Kazdek,與卡茲德克交談
SCRIPTSTRING_0548,"""What did you need friends?""",“你需要什麼朋友？”
SCRIPTSTRING_0549,Ask for another item,詢問另一件物品
SCRIPTSTRING_0550,Nevermind,沒關係
SCRIPTSTRING_0551,"""Another?...""",「另一個？…」
SCRIPTSTRING_0552,"""But of course. Anything for friends.""\n\n",「但是當然。為了朋友什麼都可以。」\n\n
SCRIPTSTRING_0553,Empty House,空房子
SCRIPTSTRING_0554,Some dust remains from where the stone man was...,石人所在的地方還殘留著一些灰塵…
SCRIPTSTRING_0555,Fanskar's Castle,凡斯卡城堡
SCRIPTSTRING_0556,You stand in the entry to Fanskar's Castle. A door blocks your way to the main level.,你站在范斯卡城堡的入口處。一扇門擋住了你通往主層的路。
SCRIPTSTRING_0557,You stand in the entry to Fanskar's Castle. A stairway leads to the main level.\n\nYou can:,你站在范斯卡城堡的入口處。樓梯通往主層。 \n\n您可以：
SCRIPTSTRING_0558,Take the stairway,走樓梯
SCRIPTSTRING_0559,Crypt,地穴
SCRIPTSTRING_0560,An ancient crypt with a passage leading into darkness...,一個古老的墓穴，有一條通往黑暗的通道...
SCRIPTSTRING_0561,You stand in the entry to an ancient crypt. A passage leads into the dark unknown.\n\nYou can:,你站在一個古老墓穴的入口處。一條通道通往黑暗的未知。 \n\n你可以：
SCRIPTSTRING_0562,Take the passage,走通道
SCRIPTSTRING_0563,Statue,雕像
SCRIPTSTRING_0564,"A statue comes to life before you, and says:\n\n""Name this crypt to enter it.""",一座雕像在你面前活了過來，並說：\n\n“命名這個墓穴以進入它。”
SCRIPTSTRING_0565,GREY,灰色
SCRIPTSTRING_0566,"""Wrong!""",“錯了！”
SCRIPTSTRING_0567,"A statue comes to life before you and gestures towards the entrance of the Grey Crypt.\n\n""The crypt awaits...""",一座雕像在你面前栩栩如生，並指向灰色墓穴的入口。 \n\n“墓穴等待著…”
SCRIPTSTRING_0568,Saradon's Corpse,薩拉頓的屍體
SCRIPTSTRING_0569,"Saradon's corpse lies in front of you, surrounded by many other bodies...\n\nIt looks like he didn't go down without a fight.",薩拉頓的屍體就躺在你的面前，周圍還有許多其他的屍體……\n\n看來他並不是不戰而屈人之兵。
SCRIPTSTRING_0570,Inspect Saradon's corpse,檢查薩拉頓的屍體
SCRIPTSTRING_0571,"Saradon's looted corpse lies in front of you, surrounded by many other bodies...\n\nIt looks like he didn't go down without a fight.",薩拉頓被掠奪的屍體就躺在你面前，周圍還有許多其他屍體……\n\n看起來他並不是不戰而屈人之兵。
SCRIPTSTRING_0572,You rummage through his robes...\n\n,你翻遍了他的長袍...\n\n
SCRIPTSTRING_0573,The land is charred around this hut...\n\nIt looks like a battle took place.,這座小屋周圍的土地已被燒焦...\n\n看起來好像發生了一場戰鬥。
SCRIPTSTRING_0574,You're at the city gates,你已經到了城門口
SCRIPTSTRING_0575,You're on Traveller street,你在旅行者街上
SCRIPTSTRING_0576,You're on Scimitar street,你在彎刀街
SCRIPTSTRING_0577,You're on Claymore street,你在克萊莫街
SCRIPTSTRING_0578,You're on Denizen street,你在 Denizen 街上
SCRIPTSTRING_0579,You're on Battleaxe street,你在戰斧街
SCRIPTSTRING_0580,You're on Lowshield street,你在 Lowshield 街
SCRIPTSTRING_0581,You're on Scepter street,你在權杖街
SCRIPTSTRING_0582,You're on Spunspell street,你在Spunspell街上
SCRIPTSTRING_0583,You're on Bluesteel street,你在藍鋼街上
SCRIPTSTRING_0584,Zandurae Inn,贊杜拉旅館
SCRIPTSTRING_0585,Blacksmoke,黑煙
SCRIPTSTRING_0586,Foul Breath,口臭
SCRIPTSTRING_0587,Vroom Temple,弗魯姆神廟
SCRIPTSTRING_0588,Thieves Temple,盜賊聖殿
SCRIPTSTRING_0589,Brotherly Love,兄弟之愛
SCRIPTSTRING_0589a,Fixer Temple,固定器寺廟
SCRIPTSTRING_0590,The Bard's Tale Trilogy (Remastered)\n\nProduced by inXile Entertainment\nCEO Brian Fargo\n\nDeveloped by Krome Studios\nCEO Robert Walsh\n\nThe original program for the Apple II was written by Michael Cranford for Interplay Productions.\n\n,冰城傳奇三部曲（重製版）\n\n由 inXile Entertainment 製作\n首席執行官 Brian Fargo\n\n由 Krome Studios 開發\n首席執行官 Robert Walsh\n\nApple II 的原始程序由 Michael Cranford 為 Interplay Productions 編寫。 \n\n
SCRIPTSTRING_0591,"Krome Studios Credits\n\nJames Podesta, Perry Hart, Nic Lyness, Lindsay Parmenter, Kevin McGrath, Kelly Krenn, Ronald Marc, Kate Lulham, Jake Higgs, Peter Buck, Michael Fitzhywel, Damian Stewart, Kylie Halley, Andy Green, Steve Stamatiadis, Robert Walsh, Marcia Watson, George Stamatiadis, Andi Gotard",？
SCRIPTSTRING_0592,The Bard's Tale Trilogy (Remastered)\n\nProduced by inXile Entertainment\nCEO Brian Fargo\n\nDeveloped by Krome Studios\nCEO Robert Walsh\n\nThe original program for the Apple II was written by Michael Cranford for Interplay Productions.\n,冰城傳奇三部曲（重製版）\n\n由 inXile Entertainment 製作\n首席執行官 Brian Fargo\n\n由 Krome Studios 開發\n首席執行官 Robert Walsh\n\nApple II 的原始程序由 Michael Cranford 為 Interplay Productions 編寫。 \n
SCRIPTSTRING_0593,"Krome Studios Credits\n\nJames Podesta, Perry Hart, Nic Lyness, Lindsay Parmenter, Kevin McGrath, Kelly Krenn, Ronald Marc, Kate Lulham, Jake Higgs, Peter Buck, Michael Fitzhywel, Damian Stewart, Andy Green, Steve Stamatiadis, Robert Walsh, Marcia Watson",Krome Studios 作品\n\n詹姆斯·波德斯塔、佩里·哈特、尼克·萊尼斯、林賽·帕門特、凱文·麥格拉斯、凱利·克倫、羅納德·馬克、凱特·盧勒姆、傑克·希格斯、彼得·巴克、邁克爾·菲茨海維爾、達米安·斯圖爾特、安迪·格林、史蒂夫·斯塔馬迪亞·沃森
SCRIPTSTRING_0594,"inXile Entertainment Credits\n\nPRODUCTION COORDINATOR\nPaul Marzagalli\n\nADDITIONAL DESIGN WORK\nBrian DiDomenico, Paul Fish, Brandon Humphreys, Daniel Kim, Russell Krueger, Nathan Long, David Rogers, Eric Schwarz and Greg Underwood",inXile Entertainment 製作人員\n\n製作協調員\nPaul Marzagalli\n\n額外設計工作\nBrian DiDomenico、Paul Fish、Brandon Humphreys、Daniel Kim、Russell Krueger、Nathan Long、David Rogers、Eric Schwarz 和 Greg Underwood
SCRIPTSTRING_0595,inXile Entertainment Credits\n\nTESTING\nDaniel Reid and the inXile Forums A-Team,inXile 娛樂製作人員\n\n測試\nDaniel Reid 和 inXile 論壇 A 團隊
SCRIPTSTRING_0596,Kings Emissary,國王使者
SCRIPTSTRING_0597,"As you enter the guild, an old man approaches you.\n\n",當你進入公會時，一位老人向你走來。 \n\n
SCRIPTSTRING_0598,"""Welcome to Tangramayne, adventurers. Your visit is fortuitous as we have much need of noble warriors. Our streets are overrun with filthy scum, released upon us by a powerful Archmage, Lagoth Zanta.""",「歡迎來到唐格拉梅恩，冒險家們。你們的到來是偶然的，因為我們非常需要高貴的戰士。我們的街道上到處都是骯髒的敗類，這些敗類是由強大的大法師拉格斯·贊塔向我們釋放的。”
SCRIPTSTRING_0599,"""Defeating him will not be easy, but I'm sure you will find the help you need in this guild.""\n\n",「打敗他並不容易，但我相信你會在這個公會中找到你需要的幫助。」\n\n
SCRIPTSTRING_0600,"""When your party is ready, set out into the town, or indeed exit through the city gates and traverse the wilderness to the other five great towns in this region of Caith.""",“當你的隊伍準備好後，就出發進城，或者直接從城門出去，穿過荒野，前往凱斯地區的其他五個大城市。”
SCRIPTSTRING_0601,"""You'll find Garth's Shoppe not far to the south, where you can equip yourself for battle with a fine assortment of weapons and armor.""\n\n",「你會在南邊不遠的地方找到Garth的商店，在那裡你可以用各種精美的武器和盔甲裝備自己進行戰鬥。」\n\n
SCRIPTSTRING_0602,"""Stop by a temple when you are in need of healing, and Roscoe's Energy Emporium is always willing to exchange your gold for a quick spell recharge.""\n\n",「當你需要治療時，去寺廟看看，Roscoe的能量商場總是願意用你的黃金來換取快速的法術充能。」\n\n
SCRIPTSTRING_0603,"""Your bards can wet their whistles if their voices get dry at one of our fine taverns, and if they want to learn some new songs, look around for a man known as the Scarlet Bard.\n\n",「如果你的吟遊詩人在我們一家精緻的酒館裡聲音變乾，他們可以潤濕他們的口哨，如果他們想學一些新歌，那就四處尋找一個被稱為猩紅吟遊詩人的人。\n\n
SCRIPTSTRING_0604,"""While you're looking, feel free to drop in to one of our Casinos for a hand of BlackJack. Make sure to use our banks to keep your gold safe, you never know when you'll need to make a hasty exit from a dungeon.""",「當您在尋找時，請隨時前往我們的賭場玩一手二十一點。請務必使用我們的銀行來保證您的黃金安全，您永遠不知道什麼時候需要匆忙逃離地下城。 」
SCRIPTSTRING_0605,"""Before I go, if you should come across the King's daughter, tell her the King wishes for her presence immediately. She was last seen here in Tangramayne, but I am unable to locate her.""\n\nAnd with that, the old man gives an anxious look and leaves the guild.",「在我離開之前，如果你遇到國王的女兒，請立即告訴她國王希望她到場。她最後一次出現是在坦格拉瑪尼，但我找不到她。 」\n\n說完，老人露出焦急的表情，離開了公會。
SCRIPTSTRING_0606,You have stepped out into the town of Tangramayne for the first time. Would you like a quick tutorial on the game controls before you proceed?,您第一次踏入坦格拉瑪尼鎮。在繼續之前，您想了解有關遊戲控制的快速教學嗎？
SCRIPTSTRING_0607,That is all... Now go seek the seven pieces of the Destiny Wand and defeat Lagoth Zanta!,就這樣…現在就去尋找命運魔杖的七片並擊敗拉格斯·贊塔！
SCRIPTSTRING_0608,Magician to the King,向國王獻祭的魔術師
SCRIPTSTRING_0609,The Magician to the King stands by the entrance to the Dark Domain.,國王的魔法師站在黑暗領域的入口處。
SCRIPTSTRING_0610,"""Welcome adventurers.""\n\nThe Magician to the King stands before you.\n\n""I have a noble quest for you, if you'd hear the tale.""",「歡迎冒險家。」\n\n王的魔法師站在你面前。 \n\n“如果你願意聽聽這個故事，我對你有一個崇高的追求。”
SCRIPTSTRING_0611,Listen to her,聽她說
SCRIPTSTRING_0612,"""The story is a tragic one. The daughter of Endor the Mighty, King of all the land, has been kidnapped by the Dark Lord, whose domain lies just under this chamber.""\n\n""I would rescue her myself, but the Dark Lord has laid a mighty spell upon his domain and I am barred from ever entering. You, however, can make it in.""",「這個故事是一個悲慘的故事。全能之王恩多的女兒被黑魔王綁架了，黑魔王的領地就在這個房間的下面。」\n\n“我會親自營救她，但黑魔王在他的領地上施了強大的咒語，我被禁止進入。不過，你可以進去。”
SCRIPTSTRING_0613,"""If the princess is found and brought back here to me, I will grant each of you some additional experience points. And, of course, the King will be most pleased.\n\nTake care, and be sure to map every inch of the Dark One's domain. I'll be waiting here for you to return.""",「如果找到公主並帶回這裡給我，我會給你們每人一些額外的經驗值。當然，國王會非常高興。\n\n保重，一定要繪製出黑暗勢力的每一寸領土。我會在這裡等你們回來。”
SCRIPTSTRING_0614,"The Magician to the King stands before you.\n\n""You've heard my tale adventurers. You know I am barred from going down there. It is up to you.""",國王的魔術師就站在你面前。 \n\n“你已經聽過我的冒險故事了。你知道我被禁止去那裡。這取決於你。”
SCRIPTSTRING_0615,Listen to story again,再聽一次故事
SCRIPTSTRING_0616,"""Greetings again, adventurers.""\n\nThe Magician to the King looks pleased to see you.",「再次問好，冒險者們。」\n\n國王的魔法師見到你們很高興。
SCRIPTSTRING_0617,Speak to her,和她說話
SCRIPTSTRING_0618,"""The princess and the King are most pleased with you. I can't ask any more of you, but you're more than welcome to go back down there...""",「公主和國王對你們感到非常滿意。我不能再要求你們了，但非常歡迎你們回到那裡……”
SCRIPTSTRING_0619,"""Thou hast finished the quest!\nWell done, oh faithful adventurers.""\n\nThe Magician waves her hand over your group...\n\nAnd you feel much more experienced!",「你們已經完成任務了！\n幹得好，哦忠實的冒險家。」\n\n魔術師向你們的團隊揮舞著她的手......\n\n你們感覺更有經驗了！
SCRIPTSTRING_0620,"""Thou hast finished the quest!\nWell done, oh faithful adventurers.""",“你已經完成了任務！\n幹得好，哦忠實的冒險家。”
SCRIPTSTRING_0621,"""She looks in a bad way. Thank you for bringing her, we'll take her to the temple and see what we can do.""\n\nThe Magician waves her hand over your group...\n\nAnd you feel much more experienced!""",「她看起來不太好。謝謝你們帶她來，我們會帶她去寺廟看看能做些什麼。」\n\n魔術師向你們的團隊揮了揮手......\n\n你們感覺更有經驗了！
SCRIPTSTRING_0622,You're in the main plaza,你在主廣場
SCRIPTSTRING_0623,You're on Ybarra street,你在伊巴拉街
SCRIPTSTRING_0624,You're on Brazen street,你在黃銅街
SCRIPTSTRING_0625,You're on Bogster street,你在博格力量街
SCRIPTSTRING_0626,You're on Corwin street,你在科溫街
SCRIPTSTRING_0627,You're on Gordon street,你在戈登街
SCRIPTSTRING_0628,You're on Flyblade street,你在 Flyblade 街上
SCRIPTSTRING_0629,You're on Shortspell street,你在 Shortspell 街上
SCRIPTSTRING_0630,You're on Mycroft street,你在麥克羅夫特街
SCRIPTSTRING_0631,Zinskae Inn,辛斯凱旅館
SCRIPTSTRING_0632,Bein Tavern,貝因酒館
SCRIPTSTRING_0633,Greysword Inn,灰劍旅館
SCRIPTSTRING_0634,Temple of Rok,洛克神廟
SCRIPTSTRING_0635,One God,獨一神
SCRIPTSTRING_0636,The I AM,我是
SCRIPTSTRING_0637,Temple of Darkness.,黑暗神殿。
SCRIPTSTRING_0638,Temple of Darkness,黑暗神殿
SCRIPTSTRING_0639,You stand within the Temple of Darkness.\n\nA passage leads down to what are probably some very ancient tombs...\n\nYou can:,你站在黑暗神殿內。 \n\n一條通道通往可能是一些很古老的墳墓...\n\n你可以：
SCRIPTSTRING_0640,Take Passage,採取透過
SCRIPTSTRING_0641,You're following Jennello lane,您正在跟隨 Jennello 車道
SCRIPTSTRING_0642,You're on Masterstroke street,你在MasterStrike街上
SCRIPTSTRING_0643,You're on Jade Fist street,你在玉拳街
SCRIPTSTRING_0644,You're on Jabberwock street,你在賈伯沃克街
SCRIPTSTRING_0645,You're on Knollglen street,你在諾爾格蘭街
SCRIPTSTRING_0646,You're on Crossblade street,你在 Crossblade 街上
SCRIPTSTRING_0647,You're on Riposte street,你在反擊街
SCRIPTSTRING_0648,Warmonger Inn,戰爭販子旅館
SCRIPTSTRING_0649,Ganzu Inn,甘祖客棧
SCRIPTSTRING_0650,Redpoint Inn,紅點旅館
SCRIPTSTRING_0651,Millenium Inn,千禧年旅館
SCRIPTSTRING_0652,1O1 Blessings,1O1 祝福
SCRIPTSTRING_0653,1O2 Blessings,1O2 祝福
SCRIPTSTRING_0654,The Mad god,瘋狂之神
SCRIPTSTRING_0655,Shadow Temple,暗影神殿
SCRIPTSTRING_0656,You're at the gates leading to Saradon's House,你已經到了薩拉頓之家的大門了
SCRIPTSTRING_0657,You're in Saradon's Courtyard,你在薩拉頓的庭院
SCRIPTSTRING_0658,Dargoth's Tower,達格斯之塔
SCRIPTSTRING_0659,You stand in the entry to Dargoth's Tower.\n\nA stairway leads upwards into the darkness.\n\nYou can:,你站在達格斯塔的入口處。 \n\n有一個樓梯往上通往黑暗。 \n\n你可以：
SCRIPTSTRING_0660,Take Stairway,走樓梯
SCRIPTSTRING_0661,You stand before Dargoth's Tower.\n\nThere are signs of a struggle. It looks like someone might have been dragged into the tower...,你站在達格斯塔前。 \n\n有打鬥的跡象。看來有人被拖進塔裡了…
SCRIPTSTRING_0662,You stand before a locked iron gate.,你站在一扇鎖著的鐵門前。
SCRIPTSTRING_0663,You use the Master Key to open the gate.,您使用萬能鑰匙打開大門。
SCRIPTSTRING_0664,You stand before a locked iron gate.\n\nIt has an unusual shaped keyhole. It almost looks... stone shaped.,你站在一扇鎖著的鐵門前。 \n\n它有一個形狀不尋常的鑰匙孔。它看起來幾乎是…石頭形狀的。
SCRIPTSTRING_0665,"You place the WardStone you found on Saradon's corpse, within the shaped hole. The gate opens to let you pass.",你將在薩拉頓屍體上找到的沃德石放置在異形孔內。門打開讓你通過。
SCRIPTSTRING_0666,Saradon's House,薩拉頓之家
SCRIPTSTRING_0667,"You stand on the ground level of Saradon's house.\nA note on a table reads: \n\n""Adventurers, if you are reading this then I was unable to return to you and am surely dead... In my workshop upstairs you will find information crucial to your success. I have some modest magical measures protecting my workshop, but I'm sure they will be no match for you.""",你站在薩拉頓房子的一層。 \n桌子上有一張紙條，上面寫著：\n\n“冒險家們，如果你們正在閱讀這篇文章，那麼我就無法回到你們身邊了，而且我肯定已經死了……在我樓上的工作室裡，你們會找到對你們成功至關重要的信息。我有一些溫和的魔法措施保護我的工作室，但我確信它們不是你們的對手。”
SCRIPTSTRING_0668,Ascend Stairs,爬樓梯
SCRIPTSTRING_0669,You stand in the upper level of Saradon's house.,你站在薩拉登房子的上層。
SCRIPTSTRING_0670,Check Bookshelf,檢查書架
SCRIPTSTRING_0671,Search Notes,搜尋筆記
SCRIPTSTRING_0672,Open Chest,打開寶箱
SCRIPTSTRING_0673,Read Scribbles,閱讀塗鴉
SCRIPTSTRING_0674,Inspect Manual,檢查手冊
SCRIPTSTRING_0675,View Writings,查看著作
SCRIPTSTRING_0676,Descend Stairs,下樓梯
SCRIPTSTRING_0677,You inspect the bookshelf but can't find anything worthwhile.,你檢查了書架，但找不到任何有價值的東西。
SCRIPTSTRING_0678,You search the scattered notes throughout the house but can't find anything worthwhile.,你搜遍了房子裡散落的筆記，卻找不到任何有價值的東西。
SCRIPTSTRING_0679,You open the chest but can't find anything worthwhile.,你打開箱子卻找不到任何有價值的東西。
SCRIPTSTRING_0680,You read the scribbles but can't decipher the words.,你讀了潦草的字跡，卻無法辨認其中的文字。
SCRIPTSTRING_0681,You inspect the manual but can't find anything worthwhile.,您檢查了手冊，但找不到任何有價值的內容。
SCRIPTSTRING_0682,You search the writings for meaning and get vague clues about Longinus the Mad.,你在文獻中尋找意義，並得到了有關瘋子朗吉努斯的模糊線索。
SCRIPTSTRING_0683,You're on Twister street,你在 Twister 街上
SCRIPTSTRING_0684,You're on Masonry street,你在磚石街
SCRIPTSTRING_0685,You're on Craggy street,你在崎嶇的街道上
SCRIPTSTRING_0686,You're on Lower street,你在下街
SCRIPTSTRING_0687,You're on Stoney street,你在斯托尼街
SCRIPTSTRING_0688,Fun Rum Inn,樂趣朗姆酒旅館
SCRIPTSTRING_0689,Orc-skinner,獸人剝皮者
SCRIPTSTRING_0690,Blue Buckler,藍色圓盾
SCRIPTSTRING_0691,Crimson Bard,深紅吟遊詩人
SCRIPTSTRING_0692,Lazy Dragon,懶龍
SCRIPTSTRING_0693,Bogus Shrine,偽神社
SCRIPTSTRING_0694,Strange Mage,奇怪的法師
SCRIPTSTRING_0695,A mage standing by a large stone.,一個法師站在一塊大石頭旁邊。
SCRIPTSTRING_0696,"A mage, standing by a large stone, blocks your way. He says:\n\n""Tell me two things you knuckleheads, to split the stone.""\n\n",一個法師站在一塊大石頭旁邊擋住了你的路。他說：\n\n「告訴我兩件事，你們這些笨蛋，劈開石頭。」\n\n
SCRIPTSTRING_0697,What is the first word?,第一個字是什麼？
SCRIPTSTRING_0698,Freeze,凍結
SCRIPTSTRING_0699,FREEZE\n\n,凍結\n\n
SCRIPTSTRING_0700,And what is the second word?,第二個字是什麼？
SCRIPTSTRING_0701,PLEASE,請
SCRIPTSTRING_0702,FREEZE\nPLEASE,請凍結\n
SCRIPTSTRING_0703,"The mage makes a gesture and with a great cracking sound, the stone splits revealing a dark passage...",法師做了個手勢，伴隨著一聲巨大的爆裂聲，石頭裂開了，露出了一條黑暗的通道…
SCRIPTSTRING_0704,Large Stone,大石頭
SCRIPTSTRING_0705,A large stone in the city square with a large crevice.,城市廣場上的一塊大石頭，有一個大裂縫。
SCRIPTSTRING_0706,"You stand before a large stone set in the city square. On one side is a crevice, leading into darkness. A mage stands beside the crevice, watching your actions but does not block your passage.\n\nYou can:",你站在城市廣場上的一塊大石頭前。一側有一條裂縫，通往黑暗。一名法師站在裂縫旁邊，注視著你的行動，但不會阻擋你的通道。 \n\n你可以：
SCRIPTSTRING_0707,Try the crevice,試試縫隙
SCRIPTSTRING_0708,Leave,離開
SCRIPTSTRING_0709,"""Seek the answer in the tombs, but don't return here until you finish the crypt.""\n\nThe mage disappears.",「在墳墓中尋找答案，但在完成地窖之前不要返回這裡。」\n\n法師消失了。
SCRIPTSTRING_0710,Destiny Stone,命運石
SCRIPTSTRING_0711,You're on Crafty street,你在狡猾的街上
SCRIPTSTRING_0712,You're on Balk street,你在巴爾克街
SCRIPTSTRING_0713,You're on Far Archer street,你在遠阿徹街
SCRIPTSTRING_0714,You're on Apollo street,你在阿波羅街
SCRIPTSTRING_0715,You're on Odin street,你在奧丁街
SCRIPTSTRING_0716,You're on Mithril street,你在秘銀街
SCRIPTSTRING_0717,You're on Mesmerizer street,你在催眠街上
SCRIPTSTRING_0718,You're on Tapestry street,你在掛毯街
SCRIPTSTRING_0719,Zen Tavern,禪宗酒館
SCRIPTSTRING_0720,14 Miracles,14 奇蹟
SCRIPTSTRING_0721,Cool Cleric,酷牧師
SCRIPTSTRING_0722,Funky Friar,時髦修士
SCRIPTSTRING_0723,Limbo Time,地獄邊境時間
SCRIPTSTRING_0724,Party Shrine,隊伍聖地
SCRIPTSTRING_0725,Oscon's Fortress,奧斯康堡壘
SCRIPTSTRING_0726,Oscons Fortress,奧斯康要塞
SCRIPTSTRING_0727,You stand in the entry to Oscon's Fortress.\n\nA stairway leads to the upper levels.\n\nYou can:,你站在奧斯康要塞的入口處。 \n\n有一個樓梯通往上層。 \n\n你可以：
SCRIPTSTRING_0728,You stand in the entry to Oscon's Fortress.\n\nYou see no entrance to the upper levels.,你站在奧斯康堡壘的入口處。 \n\n你看不到上層的入口。
SCRIPTSTRING_0729,You're on Trickster street,你在騙子街上
SCRIPTSTRING_0730,You're on Malarky street,你在馬拉基街
SCRIPTSTRING_0731,You're on Crescent street,你在新月街
SCRIPTSTRING_0732,You're on Zendar street,你在曾達爾街
SCRIPTSTRING_0733,You're on Bein street,你在貝因街
SCRIPTSTRING_0734,You're on Marakesh street,你在馬拉喀什街上
SCRIPTSTRING_0735,Bone Breaker,碎骨者
SCRIPTSTRING_0736,Crescent Kick,新月踢
SCRIPTSTRING_0737,Void Epee Inn,虛空重劍旅館
SCRIPTSTRING_0738,15 Miracles,15個奇蹟
SCRIPTSTRING_0739,Lone Disciple,孤獨的弟子
SCRIPTSTRING_0740,Manic Monk,躁狂僧侶
SCRIPTSTRING_0741,Maze Of Dread,恐懼迷宮
SCRIPTSTRING_0742,There are stairs leading down into the Maze of Dread.,有樓梯通往恐懼迷宮。
SCRIPTSTRING_0743,\n\nYou can:,\n\n您可以：
SCRIPTSTRING_0744,Take the stairs,走樓梯
SCRIPTSTRING_0745,"A magic mouth appears and says:\n\n""Where steel is bright and blood runs red...\nWalk down the stairs to the maze of...""",一張神奇的嘴出現並說道：\n\n“鋼鐵是明亮的，血是紅色的......\n走下樓梯，到達......的迷宮”
SCRIPTSTRING_0746,DREAD,恐懼
SCRIPTSTRING_0747,Dark Domain,黑暗領域
SCRIPTSTRING_0748,"A magic mouth on the wall shouts:\n\n""Turn back, adventurers - you are not the first and won't be the last to attempt to save the Princess!""",牆上的一張魔法嘴喊道：\n\n“冒險者們，回頭吧——你不是第一個也不會是最後一個嘗試拯救公主的人！”
SCRIPTSTRING_0749,"A magic mouth on the wall says:\n\n""Well, you've certainly lived up to my expectations... I'm sure the King will be most pleased with a dead princess...""",牆上的一張魔法嘴說道：\n\n“好吧，你確實沒有辜負我的期望……我相信國王會對死去的公主感到最滿意……”
SCRIPTSTRING_0750,"A magic mouth on the wall says:\n\n""The Princess! You rescued her! I was wrong...\n\nThis never happens...""",牆上有一張魔法嘴說：\n\n“公主！你救了她！我錯了......\n\n這永遠不會發生......”
SCRIPTSTRING_0751,Old Man,老人
SCRIPTSTRING_0752,"An old man appears and speaks to you, saying:\n\n""Below you now, thrice count the floors\nplay some light for the double doors.""\n\nHe then vanishes.",一位老人出現並對你說話，說：\n\n「現在在你下面，數三次樓層\n為雙門打開一些燈光。」\n\n然後他消失了。
SCRIPTSTRING_0753,In the room beyond the dark.\nLies the bite behind the bark.\nTo avoid a gruesome fate.\nLine your arrow true and straight.,在黑暗之外的房間裡。 \n樹皮後面有咬傷。 \n為了避免可怕的命運。 \n把你的箭拉得筆直。
SCRIPTSTRING_0754,The door here looks as if something was trying to get out.\n,這裡的門看起來好像有東西想要出去。 \n
SCRIPTSTRING_0755,Beware the creature that lies in the middle of darkness...\n,小心黑暗中的生物...\n
SCRIPTSTRING_0756,"There are some scribblings on the wall.\n\n""The Princess lives...""\n",牆上有一些塗鴉。 \n\n「公主活著…」\n
SCRIPTSTRING_0757,The blood-stained wall shows that many battles have been fought here.\n,血跡斑斑的牆壁顯示這裡曾發生過多次戰鬥。 \n
SCRIPTSTRING_0758,"In areas unpassable, seek entrance by Phase Door to learn the secret of the double doors...",在無法通行的區域，尋找相位門進入，了解雙門的秘密…
SCRIPTSTRING_0759,A larged winged creature offers to join up with you.,一隻長著翅膀的大生物主動提出與你會合。
SCRIPTSTRING_0760,I think you're in trouble...,我想你有麻煩了...
SCRIPTSTRING_0761,"Scrawled on the wall is a message:\n\n""Mangar was here...""",牆上潦草地寫著一則訊息：\n\n“曼加爾曾在這裡…”
SCRIPTSTRING_0762,"A sign on the wall says:\n\n""MONSTER REFORMATORY""",牆上的標誌寫著：\n\n“怪物改造所”
SCRIPTSTRING_0763,"A strange message is written on the wall:\n\n""SAMEN NGHOINT""",牆上寫著一則奇怪的訊息：\n\n“SAMEN NGHOINT”
SCRIPTSTRING_0764,One level down.\nMap wall and door.\nLook toward the corners.\nAnd read the four...,下一層。 \n繪製牆壁和門的地圖。 \n朝角落看。 \n並閱讀四個...
SCRIPTSTRING_0765,"A voice whispers:\n\n""Ask the wise one of THE TOMBS.""",一個聲音低聲說：\n\n“去問問古墓中的智者吧。”
SCRIPTSTRING_0766,Something odd!,有什麼奇怪的！
SCRIPTSTRING_0767,"A magic mouth on the wall speaks:\n\n""Speak the word to pass by:""",牆上的一張魔嘴會說話：\n\n“說出要經過的字：”
SCRIPTSTRING_0768,PASS,通行證
SCRIPTSTRING_0769,"""Correct!""",“正確！”
SCRIPTSTRING_0770,"""You may pass.""",“你可以過去了。”
SCRIPTSTRING_0771,"A magic mouth on the wall speaks:\n\n""Look at the spells of the Sorcerous kind; Who's the Master of the Mind?""",牆上的一張魔嘴說道：\n\n“看看巫師的咒語；誰是心靈的主人？”
SCRIPTSTRING_0772,MANGAR,曼加
SCRIPTSTRING_0773,"""Well done! Your exit is granted.""",“幹得好！你的退出已獲準。”
SCRIPTSTRING_0774,"A magic mouth on the wall speaks:\n\n""You have returned. I will grant your exit again.""\n\nA faint but familiar sound is heard in the distance.",牆上的一張魔嘴說道：\n\n「你回來了，我會再次準許你出去。」\n\n遠處傳來微弱但熟悉的聲音。
SCRIPTSTRING_0775,Seek the four cornered letters.,尋找四個角字母。
SCRIPTSTRING_0776,A sign says:\n\nStairs straight ahead.,一個標誌上寫著：\n\n前方有樓梯。
SCRIPTSTRING_0777,A corpse is here with a tombstone marked: Hotwind.,這裡有一具屍體，墓碑上寫著：熱風。
SCRIPTSTRING_0778,The answer to the double doors lies hidden above.,雙門的答案就隱藏在上面。
SCRIPTSTRING_0779,"A voice proclaims:\n\n""The winged one can traverse the gap.""",一個聲音宣稱：\n\n“有翅膀的人可以穿過縫隙。”
SCRIPTSTRING_0780,Two huge double doors block your path to the north.,兩扇巨大的雙門擋住了你向北的道路。
SCRIPTSTRING_0781,Two huge double doors to the north open at the sound of the Watchwood Melody.,北面的兩扇巨大的雙門在《守望伍德旋律》的聲音中打開。
SCRIPTSTRING_0782,Two huge double doors to the north open at the sound of the Seekers Ballad.,北面的兩扇巨大的雙門在探索者民謠的聲音中打開。
SCRIPTSTRING_0783,"There is a chasm ahead, blocking any further progress.",前方有一道鴻溝，阻礙任何進一步的進展。
SCRIPTSTRING_0784,The Winged Creature carries you over the chasm which lies before you.,有翼生物將帶你跨越眼前的鴻溝。
SCRIPTSTRING_0785,There is a princess here. She really wants to be rescued.,這裡有一位公主。她真的很想被拯救。
SCRIPTSTRING_0786,"You've entered the throne room of the Dark Lord. He doesn't sound pleased to see you.\n\n""Destroy these scum! he screams.""\n\nHis friends advance on you hungrily.",你已經進入黑魔王的王座室了。他看起來並不高興見到你。 \n\n「消滅這些敗類！他尖叫著。」\n\n他的朋友們飢腸轆轆地向你逼近。
SCRIPTSTRING_0787,A deep chasm can be seen to the north.\n\n,北邊可以看到一條深深的裂痕。 \n\n
SCRIPTSTRING_0788,The Tombs,墳墓
SCRIPTSTRING_0789,"""Greetings, mortals.\n\nThese tombs are a trap for the unwary. Take care you do not perish as a result of your carelessness...""",「你們好，凡人。\n\n這些墳墓對於粗心的人來說是一個陷阱。小心，不要因為你的粗心而滅亡…」
SCRIPTSTRING_0790,"A magic mouth on the wall speaks to you saying this:\n\n""Things change, even unnoticed, and not always for the better.""",牆上有一張神奇的嘴對你說：\n\n“事情會發生變化，即使你沒有註意到，但並不總是變得更好。”
SCRIPTSTRING_0791,Living Statue,活雕像
SCRIPTSTRING_0792,"A living statue stands before you saying:\n\n""Name the city -- P.......""",一座活生生的雕像矗立在你面前，說：\n\n“命名這座城市——P.......”
SCRIPTSTRING_0793,PHILIPPI,菲力比
SCRIPTSTRING_0794,"""Wrong,"" he says, and vanishes.",「錯了，」他說完就消失了。
SCRIPTSTRING_0795,"""Know this then, the first Snare lies on the third level of the tombs.""\n\nHe suddenly vanishes.",「那你要知道，第一個陷阱位於墳墓的第三層。」\n\n他突然消失了。
SCRIPTSTRING_0796,"A living statue stands before you saying:\n\n""The first Snare lies on the third level of the tombs.""\n\nHe suddenly vanishes.",一座活生生的雕像站在你面前，說：\n\n「第一個圈套位於墳墓的第三層。」\n\n他突然消失了。
SCRIPTSTRING_0797,On the wall is etched this poem:\n\nThe Snare of Death right spins in whole...,牆上刻著這首詩：\n\n死亡網羅整體旋轉…
SCRIPTSTRING_0798,... as fire-ones feast on the dead man's soul...,……就像火焰吞噬死者的靈魂一樣…
SCRIPTSTRING_0799,... yet savage words can cut the rock...,……然而野蠻的言語可以切割岩石...
SCRIPTSTRING_0800,... and feathers split the headsman's block.,……羽毛劈開了劊子手的方塊。
SCRIPTSTRING_0801,"On the wall, scrawled in blood, is this message:\n\n""Look, oh ye mighty, and despair. The tombs are not...""",牆上用血潦草地寫著這樣的訊息：\n\n“看，哦，你們強大，絕望。墳墓不是…”
SCRIPTSTRING_0802,"A voice whispers:\n\n""After the toxic one, check yourselves for a special thing that appears common...""",一個聲音低聲說道：\n\n“在有毒的之後，檢查一下自己是否有一種看似常見的特殊事物......”
SCRIPTSTRING_0803,"A magic mouth appears and says:\n\n""If the spell of dreams you seek, five magic words you must speak.""",一張魔法嘴出現並說道：\n\n“如果你尋求夢境咒語，你必須說出五個魔法詞。”
SCRIPTSTRING_0804,An old Keymaster is here trying to sell me something.,一位老鑰匙大師在這裡想向我推銷一些東西。
SCRIPTSTRING_0805,"An old man is here, and says to you:\n\n""I am the Keymaster, I have something to sell you for the low price of 50,000 gold pieces.""",一位老人在這裡對你說：\n\n“我是鑰匙大師，我有東西要低價賣給你，五萬金幣。”
SCRIPTSTRING_0806,"""What say thee?""",“你說什麼？”
SCRIPTSTRING_0807,"Buy for 50,000 Gold Pieces","購買 50,000 金幣"
SCRIPTSTRING_0808,"Bought a Master Key off the Keymaster for 50,000 gold pieces.","用 50,000 金幣從 Keymaster 購買了一把萬能鑰匙。"
SCRIPTSTRING_0809,"The test of time has lain to waste the power of the true wand. Only the One can save it, yet at a cost of losing his old life...",時間的考驗在於浪費真正魔杖的力量。只有獨一者才能拯救它，但代價是失去祂的舊命…
SCRIPTSTRING_0810,You've entered the chambers of the Dead King.,你已經進入了死亡之王的密室。
SCRIPTSTRING_0811,He doesn't look too pleased to see you.\n\nHe screams a curdling battle-cry and heads your way...,他看起來不太高興見到你。 \n\n他尖叫著一聲令人毛骨悚然的戰鬥吶喊，然後朝你走去…
SCRIPTSTRING_0812,Scratchings on the wall read:\n\nTrachaem's task was always reversed. This is the paradox.,牆上的刮痕寫著：\n\nTrachaem 的任務總是相反的。這就是悖論。
SCRIPTSTRING_0813,Scratchings on the wall read:\n\nThe great one knew success at all points. Defeat was never etched on his destiny.,牆上的划痕寫著：\n\n偉大的人在所有方面都知道成功。失敗從未銘刻在他的命運中。
SCRIPTSTRING_0814,"Scratchings on the wall read:\n\nHe was told to burn, and in that paradox knew a multitude of solutions.",牆上的划痕寫著：\n\n他被告知要燃燒，而在這個悖論中他知道了多種解決方案。
SCRIPTSTRING_0815,"Scratchings on the wall read:\n\nThe great T had, at the end of things, to beg, with a kind word.",牆上的划痕寫著：\n\n偉大的T在事情的最後不得不以一句善意的話來乞求。
SCRIPTSTRING_0816,"Scratchings on the wall read:\n\nThe strange mage wants two words: What Tr. did, in answer to the paradox, and what word he said at the end of things.",牆上的刮痕寫著：\n\n奇怪的法師想要兩個字：What Tr。做了，以回答這個悖論，以及他在事情結束時所說的話。
SCRIPTSTRING_0817,"An old man (doing a fireball trick) wearing a garment of pure gold says:\n\n""The Name of it is the staff of:""",一位穿著純金衣服的老人（表演火球術）說：\n\n“它的名字是：”
SCRIPTSTRING_0818,OLD,老
SCRIPTSTRING_0819,"""Wrong,"" he says and vanishes.",「錯了，」他說完就消失了。
SCRIPTSTRING_0820,"""Correct. I will say this then: Go to the Sage, in the wilderness, and ask him of FANSKAR.\nHe will charge you a price, but the information will be valuable.""\n\nHe suddenly disappears...",「對。那我就這麼說吧：去荒野中的聖人那裡，向他詢問 FANSKAR 的情況。\n他會向你收費，但這些信息很有價值。」\n\n他突然消失了…
SCRIPTSTRING_0821,"""You again... You know the name of the staff. I shall let you pass.""",“你又……你知道工作人員的名字，我就放你過去了。”
SCRIPTSTRING_0822,Snare #1,軍鼓 #1
SCRIPTSTRING_0823,Death Snare #1,死亡陷阱#1
SCRIPTSTRING_0824,"A cloudy face appears, and says:\n\n""Your time draws to a close, mortals. Show the answer to me, or perish.""",一張陰沉的臉出現了，說：\n\n“你們的時代即將結束，凡人。向我展示答案，否則就會滅亡。”
SCRIPTSTRING_0825,You cannot lead in darkness...,你無法在黑暗中領導...
SCRIPTSTRING_0826,You are not whole...,你並不完整...
SCRIPTSTRING_0827,Only a leader can show the way...,只有領導者才能指明道路...
SCRIPTSTRING_0828,"A cloudy face appears, and says:\n\n""Very impressive. Your way lies clear, for the time being. But my time will come...""",一張陰沉的臉出現了，說：\n\n“非常令人印象深刻。暫時你的路很清楚。但我的時間會到來......”
SCRIPTSTRING_0829,We Conquered The Tombs Snare.,我們征服了古墓陷阱。
SCRIPTSTRING_0830,Old Warrior,老戰士
SCRIPTSTRING_0831,There is an Old Warrior here.,這裡有一位老戰士。
SCRIPTSTRING_0832,Toxic Giant,劇毒巨人
SCRIPTSTRING_0833,There is a Toxic Giant here.,這裡有一個有毒巨人。
SCRIPTSTRING_0834,Allow it to join,允許其加入
SCRIPTSTRING_0835,Fight,戰鬥
SCRIPTSTRING_0836,He's not interested.,他不感興趣。
SCRIPTSTRING_0837,"Since you are already sick, you tear into the toxic giant's body and pull out... A Torch!\n\n",既然你已經病了，你就撕裂有毒巨人的身體並拔出…火把！ \n\n
SCRIPTSTRING_0838,Found a 'Torch!' in the body of a Toxic Giant,找到了「火炬」！在劇毒巨人的體內
SCRIPTSTRING_0839,There is a fountain here full of foul water.,這裡有一個噴泉，裡面充滿了污水。
SCRIPTSTRING_0840,"There is a fountain here, full of foul water. Who will drink?",這裡有一個噴泉，裡面充滿了污水。誰會喝？
SCRIPTSTRING_0841,Don't drink,不要喝酒
SCRIPTSTRING_0842,Drinking the water gave us poison.,喝了水就會中毒。
SCRIPTSTRING_0843,There is a segment to The Scepter here.\n\n,這裡有一段《權杖》。 \n\n
SCRIPTSTRING_0844,Found 'Wand Segment 1'.,找到「魔杖段 1」。
SCRIPTSTRING_0845,"You see some words etched on the wall:\n\nAge before all others, when time is short. For the last must be first.",你會看到牆上刻著一些文字：\n\n時間緊迫，年齡先於其他人。因為最後一個必須是第一個。
SCRIPTSTRING_0846,"On the wall (scrawled in old blood) is:\n\nPick yer poison, boys.",牆上（用舊血潦草地寫著）是：\n\n拿起你的毒藥，孩子們。
SCRIPTSTRING_0847,Etched on the wall are these words:\n\nA party of sick people might escape where the healthy fail.,牆上刻著這樣的話：\n\n一群病人可能會逃脫，而健康人卻失敗了。
SCRIPTSTRING_0848,Etched in the wall is this rhyme:\n\nThe won flame in ancient grip\nmight cause the cloudy one to slip...,牆上刻著這樣的韻律：\n\n古老的握力中贏得的火焰\n可能會導致陰雲密布的滑落......
SCRIPTSTRING_0849,It seems drinking all this poison subdued the voice.,似乎喝下了所有這些毒藥，聲音就變得低沉了。
SCRIPTSTRING_0850,"My goodness, you look thirsty!",天哪，你看起來很渴！
SCRIPTSTRING_0851,"Think quickly, mortals. Contrariness is often the key.",快點思考吧，凡人。矛盾往往是關鍵。
SCRIPTSTRING_0852,"A voice says,\n\n""And the old shall lead the way.""",一個聲音說：\n\n“老人會帶路。”
SCRIPTSTRING_0853,"On the wall is written:\n\nThe staff of Old once lost, once sold.\nName it to he of purest gold.",牆上寫著：\n\n舊的權杖曾經遺失，曾經被出售。 \n將其命名為最純金的他。
SCRIPTSTRING_0854,Death Angel,死亡天使
SCRIPTSTRING_0855,The party has expired...\n\nBetter luck next time adventurers.,聚會已結束...\n\n祝冒險者下次好運。
SCRIPTSTRING_0856,The Castle,城堡
SCRIPTSTRING_0857,Fanskar's Bodyguard,范斯卡的保鑣
SCRIPTSTRING_0858,You've entered the quarters of Fanskar's bodyguard. His grotesque form launches itself at you without fear.,你已經進入了 Fanskar 保鑣的住所。他那怪異的身形毫不畏懼地向你發動攻擊。
SCRIPTSTRING_0859,Time to die.,是時候死了。
SCRIPTSTRING_0860,"A magic mouth on the wall speaks to you saying this:\n\n""Ponder this:\nThe white shall lie, and in this knowledge reflects your only answer.""",牆上有一張神奇的嘴對你說：\n\n“思考一下：\n白色將撒謊，在這一知識中反映了你唯一的答案。”
SCRIPTSTRING_0861,Fanskar,凡斯卡
SCRIPTSTRING_0862,"You've entered the living chambers of Fanskar himself. He and a friend are rather surprised to see you.\n\n""Kill them!"" Fanskar screams.",你已經進入了 Fanskar 本人的起居室。他和朋友看到你很驚訝。 \n\n「殺了他們！」范斯卡尖叫。
SCRIPTSTRING_0863,Found 'Wand Segment 2'.,找到「魔杖段 2」。
SCRIPTSTRING_0864,"As you enter the room a fiery cavalcade assaults your mortal forms, destroying you instantly.",當你進入房間時，一隊熾熱的隊伍會攻擊你的凡人形態，立刻摧毀你。
SCRIPTSTRING_0865,"Some wandering adventurers find your ashes though, and return them to the Guild.",不過，一些流浪的冒險家找到了你的骨灰，並將它們歸還給公會。
SCRIPTSTRING_0866,Black Coated Old Man,黑衣老人
SCRIPTSTRING_0867,"An old man in a black cloak says: ""The door on the right leads to safety.""\n\nHe then vanishes.",一位身穿黑斗篷的老人說：「右邊的門通往安全。」\n\n然後他就消失了。
SCRIPTSTRING_0868,White Coated Old Man,白衣老人
SCRIPTSTRING_0869,"An old man in a white cloak says: ""The black-cloaked one speaks the truth.""\n\nHe then vanishes.",一位身穿白斗篷的老人說：「黑斗篷的人說的是實話。」\n\n然後他就消失了。
SCRIPTSTRING_0870,Your light illuminates the dingy walls of Fanskar's Castle. You hear voices in the distance.,你的光照亮了范斯卡城堡骯髒的牆壁。你聽到遠處有聲音。
SCRIPTSTRING_0871,"Scrawled on the wall is this message:\n\nFar right and left is hazardous, when time runs short, yet in the far corners is knowledge...",牆上潦草地寫著這樣的訊息：\n\n當時間緊迫時，最右邊和最左邊是危險的，但在遙遠的角落卻是知識......
SCRIPTSTRING_0872,"A voice says:\n\n""Fanskar guards the Death Snare with his very life.""",一個聲音說：\n\n“范斯卡用自己的生命守護著死亡陷阱。”
SCRIPTSTRING_0873,A sign reads:\n\nGuards' Quarters -- women please wait in the hall.,標誌上寫著：\n\n警衛宿舍－女士請在大廳等候。
SCRIPTSTRING_0874,A plaque reads:\n\nFanskar's Quarters,牌匾上寫著：\n\n范斯卡宿舍
SCRIPTSTRING_0875,Ask the Wise of DARGOTH!,詢問達戈斯的智者！
SCRIPTSTRING_0876,"A magic mouth appears and says:\n\n""To the worthy I reveal, a dream to mend, a dream to HEAL.""",一張神奇的嘴出現並說道：\n\n“我向值得的人透露，一個需要修補的夢想，一個需要治癒的夢想。”
SCRIPTSTRING_0877,Snare #2,小鼓 #2
SCRIPTSTRING_0878,Death Snare #2,死亡陷阱 #2
SCRIPTSTRING_0879,"A voice says:\n\n""Welcome, mortals! Choose one of three doors, but only one leads to the segment. The other two bring instant death...""",一個聲音說：\n\n“歡迎，凡人！從三扇門中選擇一扇，但只有一扇通往該區域。另外兩扇會立即死亡......”
SCRIPTSTRING_0880,"A voice says:\n\n""You have succeeded again, mortals...""",一個聲音說：\n\n“你們又成功了，凡人…”
SCRIPTSTRING_0881,"A voice whispers,\n\n""This room is unfair,\nBut do not despair,\nWe have cleared a pair,\nBecause we care.""",一個聲音低聲說道，\n\n“這個房間不公平，\n但不要絕望，\n我們已經清除了一對，\n因為我們關心。”
SCRIPTSTRING_0882,"A voice whispers,\n\n""This room is unfair,\nDo not go in there,\nBut if you should dare,\nScry with care.""",一個聲音低聲說道，\n\n“這個房間不公平，\n不要進去，\n但如果你敢，\n小心探查。”
SCRIPTSTRING_0883,"A magic mouth on the wall speaks to you saying this:\n\n""Answer this, foolish ones: Is it better to:""",牆上有一張神奇的嘴對你說：\n\n“傻瓜們，回答這個問題：是不是更好：”
SCRIPTSTRING_0884,Burn out,精疲力盡
SCRIPTSTRING_0885,Fade away,淡出
SCRIPTSTRING_0886,"""Then do so!""",“那就這麼做吧！”
SCRIPTSTRING_0887,"A voice whispers:\n\n""There's more to the picture... Than meets the eye.""",一個聲音低聲說：\n\n“這幅畫裡蘊藏著更多的東西......比表面上看到的還要複雜。”
SCRIPTSTRING_0888,"A magic mouth on the wall speaks to you saying this:\n\n""What truly counts is rarely said; Ask the wise of the Maze of Dread.""",牆上有一張神奇的嘴對你說：\n\n“真正重要的事情很少有人說出來；問問恐懼迷宮的智者。”
SCRIPTSTRING_0889,Scrawled on the wall is a message:\n\nFrequency is the ultimate key.,牆上潦草地寫著這樣一則訊息：\n\n頻率是最終的關鍵。
SCRIPTSTRING_0890,"A voice says:\n\n""Seek the Zen Master.""",一個聲音說：\n\n“尋找禪師。”
SCRIPTSTRING_0891,The ground is slippery here.,這裡的地面很滑。
SCRIPTSTRING_0892,I think you're lost.,我想你迷路了。
SCRIPTSTRING_0893,Something odd!,有什麼奇怪的！
SCRIPTSTRING_0894,There are 7 statues here.,這裡有7座雕像。
SCRIPTSTRING_0895,There are 7 statues here. Which one will you examine?,這裡有7座雕像。您將檢查哪一項？
SCRIPTSTRING_0896,Man-Rock,曼洛克
SCRIPTSTRING_0897,Blockhead,笨蛋
SCRIPTSTRING_0898,The Block Jock,街區運動員
SCRIPTSTRING_0899,Golem,魔像
SCRIPTSTRING_0900,Rock n' Roller,搖滾樂
SCRIPTSTRING_0901,Stonefist,石拳
SCRIPTSTRING_0902,Dick the Brick,磚頭迪克
SCRIPTSTRING_0903,Examined 'Man-Rock' statue.,檢查“人石”雕像。
SCRIPTSTRING_0904,Examined 'Blockhead' statue.,檢查“笨蛋”雕像。
SCRIPTSTRING_0905,Examined 'The Block Jock' statue.,檢查“塊運動員”雕像。
SCRIPTSTRING_0906,Examined 'Golem' statue.,檢查“傀儡”雕像。
SCRIPTSTRING_0907,Examined 'Rock n' Roller' statue.,檢查“搖滾樂”雕像。
SCRIPTSTRING_0908,Examined 'Stonefist' statue.,檢查“石拳”雕像。
SCRIPTSTRING_0909,Examined 'Dick the Brick' statue.,檢查“磚頭迪克”雕像。
SCRIPTSTRING_0910,Fought 'Man-Rock' statue.,與「人石」雕像戰鬥。
SCRIPTSTRING_0911,Fought 'Blockhead' statue.,與「笨蛋」雕像戰鬥。
SCRIPTSTRING_0912,Fought 'The Block Jock' statue.,與「街區運動員」雕像戰鬥。
SCRIPTSTRING_0913,Fought 'Golem' statue.,與「傀儡」雕像戰鬥。
SCRIPTSTRING_0914,Fought 'Rock n' Roller' statue.,與「搖滾樂」雕像戰鬥。
SCRIPTSTRING_0915,Fought 'Stonefist' statue.,與「石拳」雕像戰鬥。
SCRIPTSTRING_0916,Fought 'Dick the Brick' statue.,與“磚頭迪克”雕像戰鬥。
SCRIPTSTRING_0917,On the wall is a message in blood:\n\nThe Death Snare is not on the first three levels of the tower.,牆上有一條血字：\n\n死亡陷阱不在塔的前三層。
SCRIPTSTRING_0918,On the wall is etched this poem:\n\nIn darkest calm he stalks the men.\n\nWho seek the wand and read the ten.\n\nHis cry is called but none knows when.,牆上刻著這樣一首詩：\n\n在最黑暗的平靜中，他跟蹤人們。 \n\n他們尋找魔杖並唸出十。 \n\n有人叫喚他，但沒人知道何時。
SCRIPTSTRING_0919,Keep the faith.,保持信念。
SCRIPTSTRING_0920,"A voice says:\n\n""The Sword of Zar can only be drawn by one who has faced the Battletest.""",一個聲音說：\n\n“只有經過戰鬥測試的人才能拔出扎爾之劍。”
SCRIPTSTRING_0921,Where are you going?,你要去哪裡？
SCRIPTSTRING_0922,You're heading the wrong way!,你走錯路了！
SCRIPTSTRING_0923,"A voice says:\n\n""Cryptic origins are typified in the unnatural scheme...""",一個聲音說：\n\n“神秘的起源以非自然的方案為代表......”
SCRIPTSTRING_0924,You see nothing special.,你看不出什麼特別的。
SCRIPTSTRING_0925,"A magic mouth on the wall speaks to you saying this:\n\n""Speak the three, in sequence:""",牆上有一張神奇的嘴對你說：\n\n“按順序說出三個：”
SCRIPTSTRING_0926,Earth,地球
SCRIPTSTRING_0927,Compassed,羅盤
SCRIPTSTRING_0928,Earth\nCompassed,地球\n慈悲
SCRIPTSTRING_0929,Fountain,噴泉
SCRIPTSTRING_0930,Earth\nCompassed\nFountain,地球\n羅盤\n噴泉
SCRIPTSTRING_0931,"""Correct. Your portal to the next level is now operational.""",“正確。你的下一級的傳送門現在可以運行了。”
SCRIPTSTRING_0932,"A magic mouth on the wall speaks to you:\n\n""The three in sequence is known. I shall re-activate the portal to the next level.""",牆上的一張魔嘴對你說話：\n\n“三個順序已知。我將重新激活通往下一層的傳送門。”
SCRIPTSTRING_0933,"A magic mouth on the wall speaks to you saying this:\n\n""In the lands within, and the traps between, what was secret once -- now cannot be seen!""",牆上有一張神奇的嘴對你說：\n\n“在內部的土地和之間的陷阱中，曾經是秘密的東西 - 現在無法看到！”
SCRIPTSTRING_0934,"A voice says:\n\n""Three words of wisdom must be found, or else stay closer to the ground!""",一個聲音說：\n\n“必須找到三個至理名言，否則就只能腳踏實地！”
SCRIPTSTRING_0935,"A voice says:\n\n""The first says dwell, the second hell, the third of wisdom it will tell.""",一個聲音說：\n\n“第一個表示居住，第二個表示地獄，第三個表示智慧。”
SCRIPTSTRING_0936,"A voice says:\n\n""From the first take the last, fifth from the second, and eighth from the third.""",一個聲音說：\n\n“從第一個開始，到最後一個，從第二個開始第五個，從第三個開始第八個。”
SCRIPTSTRING_0937,"A voice says:\n\n""The sorrows of hell compassed me about; the snares of death prevented me.""",一個聲音說：\n\n“地獄的悲傷包圍了我；死亡的網羅阻止了我。”
SCRIPTSTRING_0938,"A voice says:\n\n""The law of the wise is a fountain of life, to depart from the snares of death.""",一個聲音說：\n\n“智者的法則是生命的源泉，可以遠離死亡的網羅。”
SCRIPTSTRING_0939,"A voice says:\n\n""For as a snare shall it come on all them that dwell on the face of the whole earth.""",一個聲音說：\n\n“因為它將像網羅一樣降臨到居住在整個地球表面的所有居民身上。”
SCRIPTSTRING_0940,"A magic mouth appears and says:\n\n""Illusions cunning and corrupt, a dream can shatter and DISRUPT.""",一張神奇的嘴出現並說道：\n\n“幻想狡猾而腐敗，夢想可以破碎和擾亂。”
SCRIPTSTRING_0941,"A magic mouth on the wall speaks to you saying this:\n\n""First five here, next five above. The fifth, of course, cannot be love.""",牆上有一張神奇的嘴對你說：\n\n“前五個在這裡，接下來的五個在上面。當然，第五個不可能是愛。”
SCRIPTSTRING_0942,"On the wall is written this note:\n\nNot everything has two sides. Take care, friends.",牆上寫著這樣的字條：\n\n並非所有東西都有兩個側面。保重，朋友們。
SCRIPTSTRING_0943,"On the wall is written this:\n\nAnd this, the first, it quencheth thirst.",牆上寫著：\n\n這是第一個，它能解渴。
SCRIPTSTRING_0944,"On the wall is etched:\n\nFor three, you see, cannot be free.",牆上刻著：\n\n對於三個，你看，不能是自由的。
SCRIPTSTRING_0945,On the wall is written this note:\n\nTo him give four... he'll not be poor!,牆上寫著這樣的字條：\n\n給他四個…他不會窮！
SCRIPTSTRING_0946,On the wall is printed:\n\nAnd number two is never true.,牆上印著：\n\n第二個從來都不是真的。
SCRIPTSTRING_0947,"A voice yells:\n\n""Get out!""",一個聲音喊道：\n\n“出去！”
SCRIPTSTRING_0948,Stasis Chamber 00,靜止室 00
SCRIPTSTRING_0949,"A voice yells:\n\n""I shall kick you out then!""",一個聲音喊道：\n\n“那我就把你踢出去！”
SCRIPTSTRING_0950,Stasis Chamber 01,靜止室01
SCRIPTSTRING_0951,Stasis Chamber 02,靜止室 02
SCRIPTSTRING_0952,Stasis Chamber 03,靜止室 03
SCRIPTSTRING_0953,Stasis Chamber 04,靜止室 04
SCRIPTSTRING_0954,Stasis Chamber 05,靜止室 05
SCRIPTSTRING_0955,Stasis Chamber 06,靜止室 06
SCRIPTSTRING_0956,"Don't look now, but you've walked in on Dargoth and a few of his close friends. Dargoth doesn't have much patience with humans.",現在別看，但你已經走進了達格斯和他的一些親密朋友。達格斯對人類沒有太多耐心。
SCRIPTSTRING_0957,Death Snare #3,死亡陷阱#3
SCRIPTSTRING_0958,"A voice says:\n\n""Thou hast bested me again, oh meagre ones. But I await thy coming, shouldst thou live that long!""",一個聲音說：\n\n“你又打敗了我，哦，可憐的人們。但我等待你的到來，你應該活那麼久嗎！”
SCRIPTSTRING_0959,Found 'Wand Segment 3'.,找到「魔杖段 3」。
SCRIPTSTRING_0960,A Magic Mouth said:,魔嘴說道：
SCRIPTSTRING_0961,The secret is hidden in the Dreamspell.,這個秘密就隱藏在夢咒中。
SCRIPTSTRING_0962,"A magic mouth on the wall speaks to you saying this:\n\n""The secret is hidden in the Dreamspell.""",牆上的一張魔法嘴對你說：\n\n“秘密隱藏在夢咒中。”
SCRIPTSTRING_0963,The Snare of Death can be beaten by the mage.,死亡之網可以被法師擊敗。
SCRIPTSTRING_0964,"A magic mouth on the wall speaks to you saying this:\n\n""The Snare of Death can be beaten by the mage.""",牆上的一張魔法嘴對你說：\n\n“死亡之網可以被法師擊敗。”
SCRIPTSTRING_0965,"Turn right at the joke, then right, then forward, then left twice, ahead twice, right, then left.",看到笑話右轉，然後右轉，然後向前，然後左轉兩次，向前兩次，右轉，然後左轉。
SCRIPTSTRING_0966,"A magic mouth on the wall speaks to you saying this:\n\n""Turn right at the joke, then right, then forward, then left twice, ahead twice, right, then left.""",牆上有一張神奇的嘴對你說：\n\n“聽到笑話右轉，然後右轉，然後向前，然後向左兩次，向前兩次，向右，然後向左。”
SCRIPTSTRING_0967,"Drop all your items, or you are lost.",放下你所有的物品，否則你就會迷路。
SCRIPTSTRING_0968,"A magic mouth on the wall speaks to you saying this:\n\n""Drop all your items, or you are lost.""",牆上有一張神奇的嘴對你說：\n\n“放下你所有的物品，否則你就會迷路。”
SCRIPTSTRING_0969,"Cry havok, and let slip the dogs of war.",大聲喊叫，讓戰犬溜走。
SCRIPTSTRING_0970,"A magic mouth on the wall speaks to you saying this:\n\n""Cry havok, and let slip the dogs of war.""",牆上有一張神奇的嘴對你說：\n\n“大聲喊叫，讓戰爭之犬溜走。”
SCRIPTSTRING_0971,"Kill off all your spellcasters, and you'll be saved.",殺掉你所有的施法者，你就會得救。
SCRIPTSTRING_0972,"A magic mouth on the wall speaks to you saying this:\n\n""Kill off all your spellcasters, and you'll be saved.""",牆上的一張魔法嘴對你說：\n\n“殺掉你所有的施法者，你就會得救。”
SCRIPTSTRING_0973,"A statue, standing before you, comes to life and says:\n\n""Give me your battle-cry, or die.""",一座雕像，站在你面前，活了過來，說：\n\n“給我你的戰鬥口號，否則就死。”
SCRIPTSTRING_0974,Havok,哈沃克
SCRIPTSTRING_0975,"""Correct. I give you a small token of my esteem.""\nHe suddenly disappears.\n\n",「正確。我向你表達我的敬意。」\n他突然消失了。 \n\n
SCRIPTSTRING_0976,Found 'Dagger!.,發現“匕首！”
SCRIPTSTRING_0977,"""Wrong."" he says, and disappears.",「錯的。」他說完就消失了。
SCRIPTSTRING_0978,"A voice proclaims:\n\n""Do not bother me without having the token!""",一個聲音宣稱：\n\n“沒有令牌就不要打擾我！”
SCRIPTSTRING_0979,"A voice proclaims.\n""Look at the wall.""",一個聲音宣布。 \n“看牆。”
SCRIPTSTRING_0980,Mage,法師
SCRIPTSTRING_0981,"A mage appears saying:\n\n""The room maze leads to salvation.""\nHe then disappears.",一名法師出現並說：\n\n「房間迷宮通往救贖。」\n然後他就消失了。
SCRIPTSTRING_0982,"You find a table with a letter on it...\n\n""We can agree our goals are accordant. An alliance between our forces would be advantageous to both our desires. I will abide in the south while I await your decision.""\n\nLagoth Zanta",你找到一張桌子，上面寫著一封信...\n\n「我們可以同意我們的目標是一致的。我們軍隊之間的聯盟將有利於我們雙方的願望。在我等待你的決定期間，我將留在南方。」\n\nLagoth Zanta
SCRIPTSTRING_0983,A voice is heard laughing.,聽到一個笑聲。
SCRIPTSTRING_0984,"A voice says:\n""Words of wisdom are great in value. Hearing them 3, or even 5 times can truly give them worth.""",一個聲音說：\n“智慧的話語很有價值。聽三遍、甚至五遍就可以真正有價值。”
SCRIPTSTRING_0985,"A voice says, ""Without pain can come no success.""",一個聲音說：“沒有痛苦就沒有成功。”
SCRIPTSTRING_0986,Snare #3,小鼓 #3
SCRIPTSTRING_0987,"A voice says, ""Welcome, foolish mortals. Time runs short...""",一個聲音說：“歡迎，愚蠢的凡人。時間不多了…”
SCRIPTSTRING_0988,On the wall is:\n\nSix we know will try to crow.,牆上寫著：\n\n我們知道六隻會嘗試打鳴。
SCRIPTSTRING_0989,On the wall is etched:\n\nFor seven and eight reverse tiny and late.,牆上刻著：\n\n為七八逆微小而晚。
SCRIPTSTRING_0990,On the wall you see:\n\nNumber 9 likes his favorite wine.,在牆上你可以看到：\n\n9 號喜歡他最喜歡的酒。
SCRIPTSTRING_0991,"On the wall is written:\n\nThe last, you see, is number ten; they cannot be called manly men.",牆上寫著：\n\n最後一個，你看，是十號；他們不能被稱為有男子氣概的男人。
SCRIPTSTRING_0992,"""Speak the ten in sequence and find the Death Snare:""",“按順序說出十個並找到死亡陷阱：”
SCRIPTSTRING_0993,Water,水
SCRIPTSTRING_0994,Lie,謊言
SCRIPTSTRING_0995,Water\nLie,水\n謊言
SCRIPTSTRING_0996,Slave,奴隸
SCRIPTSTRING_0997,Water\nLie\nSlave,水\n謊言\n奴隸
SCRIPTSTRING_0998,Gold,黃金
SCRIPTSTRING_0999,Water\nLie\nSlave\nGold,水\n謊言\n奴隸\n金
SCRIPTSTRING_1000,Hate,討厭
SCRIPTSTRING_1001,Water\nLie\nSlave\nGold\nHate,水\n謊言\n奴隸\n黃金\n仇恨
SCRIPTSTRING_1002,Rooster,公雞
SCRIPTSTRING_1003,Water\nLie\nSlave\nGold\nHate\nRooster,水\n謊言\n奴隸\n金子\n仇恨\n公雞
SCRIPTSTRING_1004,Large,大號
SCRIPTSTRING_1005,Water\nLie\nSlave\nGold\nHate\nRooster\nLarge,水\n謊言\n奴隸\n金子\n仇恨\n公雞\n大
SCRIPTSTRING_1006,Early,早期
SCRIPTSTRING_1007,Water\nLie\nSlave\nGold\nHate\nRooster\nLarge\nEarly,水\n謊言\n奴隸\n金子\n仇恨\n公雞\n大\n早期
SCRIPTSTRING_1008,Bard,吟遊詩人
SCRIPTSTRING_1009,Water\nLie\nSlave\nGold\nHate\nRooster\nLarge\nEarly\nBard,水\n謊言\n奴隸\n黃金\n仇恨\n公雞\n大\n早期\n吟遊詩人
SCRIPTSTRING_1010,Women,女性
SCRIPTSTRING_1011,Water\nLie\nSlave\nGold\nHate\nRooster\nLarge\nEarly\nBard\nWomen,水\n謊言\n奴隸\n黃金\n仇恨\n公雞\n大\n早期\n吟遊詩人\n女人
SCRIPTSTRING_1012,"""You're being teleported...""",“你正在被傳送…”
SCRIPTSTRING_1013,"""You have already spoken the ten in sequence. The Death Snare awaits.""",“你已經按順序說出了十個。死亡陷阱正在等待著。”
SCRIPTSTRING_1014,"""You blew it!""",“你搞砸了！”
SCRIPTSTRING_1015,Maze of Dread,恐懼迷宮
SCRIPTSTRING_1016,A room with three buttons.,一個有三個按鈕的房間。
SCRIPTSTRING_1017,"You stand in a 10' x 10' room on level 1, with three buttons on the wall.\n\nYou can:",您站在第 1 層的 10' x 10' 房間中，牆上有三個按鈕。 \n\n您可以：
SCRIPTSTRING_1018,1) Press button 1,1）按下按鈕1
SCRIPTSTRING_1019,2) Press button 2,2) 按按鈕 2
SCRIPTSTRING_1020,3) Press button 3,3）按按鈕3
SCRIPTSTRING_1018_JOY,Press button 1,按按鈕 1
SCRIPTSTRING_1019_JOY,Press button 2,按按鈕 2
SCRIPTSTRING_1020_JOY,Press button 3,按按鈕3
SCRIPTSTRING_1021,The dank corridors of this sinister maze have been tunneled from raw earth and lined with crumbling flagstones. It doesn't look like a safe place.,這個險惡迷宮的潮濕走廊是用未加工的泥土挖成的，兩旁都是搖搖欲墜的石板。它看起來不像是一個安全的地方。
SCRIPTSTRING_1022,"On the wall is written:\n\nTwas blue, the one that never knew.",牆上寫著：\n\n那是藍色，那是一種永遠不知道的藍色。
SCRIPTSTRING_1023,"On the wall is written:\n\nYes brown, as was the mighty crown.",牆上寫著：\n\n是棕色的，就像那頂巨大的王冠一樣。
SCRIPTSTRING_1024,"On the wall is written:\n\nTry green, the one who lies unseen.",牆上寫著：\n\n試試綠色，那是看不見的。
SCRIPTSTRING_1025,On the wall is written:\n\nAs black as coalfoot's longest track.,牆上寫著：\n\n像煤足最長的足跡一樣黑。
SCRIPTSTRING_1026,"On the wall is written:\n\nNot white, while you can stand and fight.",牆上寫著：\n\n不是白色的，而你可以站著戰鬥。
SCRIPTSTRING_1027,On the wall is written:\n\nAs yellow as the great one's bellow.,牆上寫著：\n\n像偉人的吼叫一樣黃。
SCRIPTSTRING_1028,"You stand in a 10' x 10' room on level 2, with three buttons on the wall.\n\nYou can:",您站在第 2 層的 10' x 10' 房間中，牆上有三個按鈕。 \n\n您可以：
SCRIPTSTRING_1029,Riddler,謎語人
SCRIPTSTRING_1030,"A man appears in a puff of smoke, and speaks to you:\n\n""Blue, red, green, brown, black, white, yellow; Colors cast in the artist's pot, name the false while canst be caught...""",一個人出現在一陣煙霧中，對你說話：\n\n“藍、紅、綠、棕、黑、白、黃；藝術家罐子裡的顏色，辨認出假的，卻抓不住……”
SCRIPTSTRING_1031,Der,德爾
SCRIPTSTRING_1032,"""Sorry!"" He mumbles, and then disappears.",「對不起！」他咕噥了一聲，然後消失了。
SCRIPTSTRING_1033,"""Correct!"" He exclaims.",「對的！」他驚呼。
SCRIPTSTRING_1034,The Riddler suddenly disappears.,謎語人突然消失了。
SCRIPTSTRING_1035,"""You have defeated the Battletest I see...""\n\n""For your efforts, take this.""\n\n",「你已經擊敗了我看到的戰鬥測試…」\n\n「為了你的努力，收下這個。」\n\n
SCRIPTSTRING_1036,"For completing the 'Battletest', the Riddler awarded the 'Sword of Zar'.",為了完成“戰鬥測試”，謎語者授予“扎爾之劍”。
SCRIPTSTRING_1037,"The Riddler suddenly appears in a puff of smoke again.\n\n""Adventurers, I am not here to quiz you.""",謎語人突然再次出現在一陣煙霧中。 \n\n“冒險者們，我不是來考你們的。”
SCRIPTSTRING_1038,"""I noticed you were missing the Battletest trophy. Don't misplace it again...""\n""Go on... Take it...""\n\n",「我注意到你錯過了戰鬥測試獎盃。不要再放錯地方了...」\n「繼續...拿走它...」\n\n
SCRIPTSTRING_1039,No sign of the Riddler.,沒有謎語人的蹤跡。
SCRIPTSTRING_1040,On the wall is written:\n\nThe Riddler's clues lie on the entry level.,牆上寫著：\n\n謎語人的線索位於入門層。
SCRIPTSTRING_1041,"A whispering voice says,\n""The Sword of Zar lies below.""",一個低聲說：\n“扎爾之劍就在下面。”
SCRIPTSTRING_1042,Etched in the wall is this message:\n\nThe thirst brings an even score of jaunts.,牆上刻著這樣的訊息：\n\n口渴帶來均勻的短途旅行。
SCRIPTSTRING_1043,"Seek the Zen Master, friends!",求禪師，朋友們！
SCRIPTSTRING_1044,On the wall is etched this message:\n\nTime is short on the Snare... take care!,牆上刻著這樣的訊息：\n\n小鼓上的時間不多了...小心！
SCRIPTSTRING_1045,"A voice says,\n""Ask him of Oscon, he who knows many things.""",一個聲音說：\n“去問問奧斯康吧，他知道很多事情。”
SCRIPTSTRING_1046,"On the wall, written in blood, is:\n\nThe Riddler seeks a word, but he'll only understand it backwards.",牆上用血寫著：\n\n謎語人尋找一個詞，但他只能倒著理解它。
SCRIPTSTRING_1047,The Graphnar Lord is magic-proof.,Graphnar Lord 是防魔法的。
SCRIPTSTRING_1048,"A magic mouth appears and says:\n\n""Though enemies wear plate and sallet, a dream can crush them like a MALLET.""",一張神奇的嘴出現並說道：\n\n“雖然敵人穿著板甲和沙包，但夢想可以像木槌一樣粉碎他們。”
SCRIPTSTRING_1049,"You stand in a 10' x 10' room on level 3, with three buttons on the wall.\n\nYou can:",您站在第 3 層的 10' x 10' 房間中，牆上有三個按鈕。 \n\n您可以：
SCRIPTSTRING_1050,Graphnar Lord,圖形領主
SCRIPTSTRING_1051,"You just walked into the meeting room, and before you stands the Lord of Graphnar mercenaries and his personal guard.\n\n""You're not my men,"" he shouts.\n""Put them to death!""",你剛走進會議室，面前就站著格拉夫納領主的傭兵和他的私人衛隊。 \n\n「你們不是我的人，」他喊道。 \n“殺死他們！”
SCRIPTSTRING_1052,Snare #4,軍鼓 #4
SCRIPTSTRING_1053,Death Snare #4,死亡陷阱 #4
SCRIPTSTRING_1054,"A voice says:\n\n""Greetings again, ye potential corpses. Even as you listen to me your time grows short...""",一個聲音說：\n\n“再次問候，你們這些潛在的屍體。即使你們聽我說話，你們的時間也越來越短了……”
SCRIPTSTRING_1055,Arms Master,武器大師
SCRIPTSTRING_1056,This is the weapons school. Before you is the Arms Master of the Graphnar Fist and twelve of his pupils.,這裡是武器學校。在你面前的是格拉夫納拳頭的武器大師和他的十二名學生。
SCRIPTSTRING_1057,"""Intruders!"" he calls out.\n\n""Here's your chance, boys... Have at'em!""",“入侵者！” \n\n“機會來了，孩子們……來吧！”
SCRIPTSTRING_1058,"A man appears before you, saying:\n\n""I am the Master Alchemist. Take my gift and leave me be.""\nHe then disappears.\n\n",一個男人出現在你面前，說：\n\n「我是煉金術大師。拿走我的禮物，別管我了。」\n然後他就消失了。 \n\n
SCRIPTSTRING_1059,A Master Alchemist gave out a 'Vial'.,一位煉金大師拿出了一個『瓶子』。
SCRIPTSTRING_1060,"A voice says:\n\n""Keep the faith, kid.""",一個聲音說：\n\n“保持信念，孩子。”
SCRIPTSTRING_1061,"A magic mouth on the wall speaks to you saying this:\n\n""Say to me the value of rote actions.""",牆上有一張神奇的嘴對你說：\n\n“告訴我死記硬背的價值。”
SCRIPTSTRING_1062,ENDURABLE,耐用
SCRIPTSTRING_1063,"""You are an endurable bunch after all...""",「你們畢竟是一群能忍受的人…」
SCRIPTSTRING_1064,"""Sorry!"" it says.\n""I'm thirsty,"" whines the mouth.",「對不起！」它說。 \n「我渴了，」嘴裡抱怨道。
SCRIPTSTRING_1065,"""\nSorry!"" it says.\n\nIt takes a vial from the party.\n\n""Get me another!"" it screams.",“\n抱歉！” \n\n 它從隊伍上拿走了一個小瓶。 \n\n「給我再拿一個！」它尖叫。
SCRIPTSTRING_1066,"""Correct!"" it exclaims.",「正確的！」它驚呼道。
SCRIPTSTRING_1067,"""You can't possibly know that...""",“你不可能知道…”
SCRIPTSTRING_1068,"A voice says:\n\n""Once again thou hast defeated my Snare. And yet, you see, you're but halfway there!""\n\n""Proceed, small ones, and meet my dare...""",一個聲音說：\n\n“你再一次擊敗了我的網羅。然而，你看，你只完成了一半！”\n\n“繼續前進，小傢伙們，迎接我的挑戰......”
SCRIPTSTRING_1069,Found 'Wand Segment 4'.,找到「魔杖段 4」。
SCRIPTSTRING_1070,"A sign proclaims:\n\nINTRUDERS -- Know that you trespass on the grounds of the Graphnar Fist. Leave, or die.",一個標誌上寫著：\n\n入侵者－知道你侵入了 Graphnar Fist 的土地。要嘛離開，要嘛死。
SCRIPTSTRING_1071,A sign reads:\n\nTraining center... Weapons and Stealth,標示牌上寫著：\n\n訓練中心...武器和隱形
SCRIPTSTRING_1072,A sign reads:\n\nTroop Barracks (A) -- Archers,標示牌上寫著：\n\n部隊營房 (A) -- 弓箭手
SCRIPTSTRING_1073,A sign reads:\n\nTroop Barracks (B) -- Swordsmen,標示牌上寫著：\n\n部隊營房 (B) -- 劍客
SCRIPTSTRING_1074,A sign proclaims:\n\nCAUTION! Officers allowed to pass here with permits ONLY. (Absolutely NO MAGES allowed ahead!),一個標誌上寫著：\n\n小心！官員只有在獲得許可的情況下才可以通過這裡。 （法師絕對不允許在前面！）
SCRIPTSTRING_1075,"A voice says:\n\n""Though seeming of little value, repetitiveness is definitely Endurable. At least up to five times... Then it just becomes insanity.""",一個聲音說：\n\n“雖然看起來沒什麼價值，但重複絕對是可以忍受的。至少最多五次……然後就變得瘋狂了。”
SCRIPTSTRING_1076,On the wall here is written:\n\nFor every need there is a satiation.,牆上寫著：\n\n每一個需求都有一個滿足。
SCRIPTSTRING_1077,DANGER: Troops beware! Ahead lies the real-time Puzzle-Snare. Proceed at thy own risk.,危險：部隊小心！前方是即時的 Puzzle-Snare。請自行承擔風險。
SCRIPTSTRING_1078,Oscon's Fort,奧斯康堡
SCRIPTSTRING_1079,"A magic mouth says:\n\n""The fortress of Oscon challenges all who brave its chambers. But its tripwires are treacherous; if you should hit one, and the message TRIPWIRE! appears;",一張神奇的嘴說：\n\n「奧斯康要塞向所有敢於在其密室中勇敢的人提出挑戰。但它的絆線是危險的；如果你擊中絆線，就會出現絆線消息！
SCRIPTSTRING_1080,"You have but scant moments to continue through the passage you are in, or you will die. Turning back at that point will ensure your deaths -- you must head forward...\n\nGood luck.""",你只有很少的時間繼續穿過你所在的通道，否則你就會死。到那時回頭將確保你的死亡——你必須前進……\n\n祝你好運。 」
SCRIPTSTRING_1081,"A magic mouth on the wall speaks to you saying this:\nPits of ....""",牆上有一張神奇的嘴對你說：\n…的坑”
SCRIPTSTRING_1082,Fire,火
SCRIPTSTRING_1083,"""The land of ...""",“這片土地……”
SCRIPTSTRING_1084,"A magic mouth on the wall speaks to you saying this:\n""Pits of Fire.""\n""The land of .....""",牆上有一張神奇的嘴對你說：\n「火坑。 ”\n“......之地”
SCRIPTSTRING_1085,Krill,磷蝦
SCRIPTSTRING_1086,"""Sword of ...""",「劍……」
SCRIPTSTRING_1087,"A magic mouth on the wall speaks to you saying this:\n""Pits of Fire.""\n""The land of Krill.""\n""Sword of .......""",牆上有一張神奇的嘴對你說：\n「火坑」。 \n「磷蝦之地。 ”\n“......之劍”
SCRIPTSTRING_1088,Silence,沉默
SCRIPTSTRING_1089,"""... and the word is still...""",「……這個字仍然是……」
SCRIPTSTRING_1090,"A magic mouth on the wall speaks to you saying this:\n""Pits of Fire.""\n""The land of Krill.""\n""Sword of Silence.""\n""And the word is still.""",牆上有一張神奇的嘴對你說：\n「火坑」。 \n「磷蝦之地。 ”\n「沉默之劍。 ”\n“這個字是靜止的。 」
SCRIPTSTRING_1091,"A magic mouth on the wall speaks to you saying this:\n""Pits of Fire.""\n""The land of Krill.""\n""Sword of Silence.""\n""The word remains still.""",牆上有一張神奇的嘴對你說：\n「火坑」。 \n「磷蝦之地。 ”\n「沉默之劍。 ”\n“這個字保持靜止。 」
SCRIPTSTRING_1092,A faint but familiar sound can be heard in the distance.,遠處傳來微弱但熟悉的聲音。
SCRIPTSTRING_1093,"A magic mouth on the wall speaks to you saying this:\n\n""Seek the master of the zen, whose might was caught by Zanta's men.""",牆上有一張神奇的嘴對你說：\n\n「尋找禪宗大師，他的力量被讚塔的手下抓住了。 」
SCRIPTSTRING_1094,On the wall is written this poem:\nIn caverns deep near pits of fire\nThe Agron creep and do conspire.,牆上寫著這首詩：\n在靠近火坑的深處洞穴中\n阿格隆蠕動並密謀。
SCRIPTSTRING_1095,On the wall is written this poem:\nOf battles fought in the land of Krill\nSing bards without a ghostly will.,牆上寫著這首詩：\n磷蝦之地的戰鬥\n吟唱沒有幽靈意志的吟遊詩人。
SCRIPTSTRING_1096,On the wall is written this poem:\nSword of silence axe of hate\nDeath arrow's path is always straight.,牆上寫著這樣的詩：\n沉默之劍仇恨之斧\n死亡之箭的路徑永遠是筆直的。
SCRIPTSTRING_1097,"A voice whispers, ""The Zen Master cometh!""",一個聲音低聲說：「禪師來了！ 」
SCRIPTSTRING_1098,"A magic mouth on the wall speaks to you saying this:\n\n""The six you need in directional order, as is spoken of, but you must bond them into a single word.""",牆上有一張神奇的嘴對你說：\n\n「正如前面所說，你需要按方向順序排列六個單詞，但你必須將它們組合成一個單詞。 」
SCRIPTSTRING_1099,Trip Wire,絆線
SCRIPTSTRING_1100,TRIPWIRE! You have mere moments to get to the other end of the passage.,絆線！你只有片刻的時間到達頻道的另一端。
SCRIPTSTRING_1101,OSCON'S MIRROR ROOM,奧斯康的鏡室
SCRIPTSTRING_1102,The party was killed by a Tripwire...\n\nBetter luck next time adventurers.,隊伍被絆線殺死了...\n\n祝冒險者下次好運。
SCRIPTSTRING_1103,"A magic mouth on the wall speaks to you saying this:\n\n""To leave and rise, then seek 6 lies:\nFirst the 3 west then the 3 east, from north to south -- to be released!""",牆上有一張魔嘴對你說：\n\n“要離開並上升，然後尋找 6 個謊言：\n先是西 3 個，然後是東 3 個，從北到南 - 被釋放！”
SCRIPTSTRING_1104,"An old man stands before you, saying,\n""Give me the name of the last Destroyer.""",一位老人站在你面前，說：\n“請告訴我最後一位毀滅者的名字。”
SCRIPTSTRING_1105,Answer him,回答他
SCRIPTSTRING_1106,Fight him,與他戰鬥
SCRIPTSTRING_1107,Walk Away,走開
SCRIPTSTRING_1108,"""The answer is?""",“答案是？”
SCRIPTSTRING_1109,DERVAK,德瓦克
SCRIPTSTRING_1110,"""Wrong!"" The old man says.",「錯了！」老者說。
SCRIPTSTRING_1111,"""Yes!"" He screams insanely!",「是的！」他瘋狂地尖叫！
SCRIPTSTRING_1112,The old man starts laughing.,老人開始大笑。
SCRIPTSTRING_1113,"""You know the name...""\n\n""Now face it!"" he screams maniacally.",「你知道這個名字…」\n\n「現在面對現實吧！」他瘋狂地尖叫。
SCRIPTSTRING_1114,On the wall is etched this message:\n\nOnly 4 men can solve the Snare above.,牆上刻著這樣的訊息：\n\n只有 4 個人可以解決上面的圈套。
SCRIPTSTRING_1115,"A voice whispers,\n""Bond them into the Last one's name!""",一個聲音低聲說道：\n“將他們束縛在最後一人的名字裡！”
SCRIPTSTRING_1116,D,D
SCRIPTSTRING_1117,E,乙
SCRIPTSTRING_1118,R,右
SCRIPTSTRING_1119,V,V
SCRIPTSTRING_1120,A,一個
SCRIPTSTRING_1121,K,K
SCRIPTSTRING_1122,"A magic mouth appears and says:\n\n""Sword or mace or axe or pike, dream a dream to gain a STRIKE.""",一張神奇的嘴出現並說道：\n\n“劍或狼牙棒或斧頭或長矛，夢想一個夢想以獲得打擊。”
SCRIPTSTRING_1123,TRIPWIRE!,絆線！
SCRIPTSTRING_1124,OSCON'S FUNHOUSE,奧斯康遊樂園
SCRIPTSTRING_1125,"A magic mouth on the wall speaks to you saying this:\n""Say it to ascend:""",牆上有一張神奇的嘴對你說：\n“說它來提升：”
SCRIPTSTRING_1126,STILL,仍然
SCRIPTSTRING_1127,"""Correct. Your way is assured.""",“正確。你的路已經確定了。”
SCRIPTSTRING_1128,"""The word remains... Your way is assured, yet again.""",「這個詞依然存在……你的道路再次得到保證。”
SCRIPTSTRING_1129,You hear a faint but familiar sound in the near distance.,你聽到遠處傳來微弱但熟悉的聲音。
SCRIPTSTRING_1130,On the wall is written:\n\nSay the Word to ascend...,牆上寫著：\n\n說出提升的話語…
SCRIPTSTRING_1131,A sign reads:\n\nThe step into the unknown.,標牌上寫著：\n\n邁向未知。
SCRIPTSTRING_1132,"A voice says:\n\n""The Zen Master needs no introduction.""",一個聲音說：\n\n“禪師無需介紹。”
SCRIPTSTRING_1133,"On the wall is written:\n\nIn Skara Brae did Mangar reside, yet his brother travelled farther yet, and now is your nemesis...",牆上寫著：\n\n曼加爾住在斯卡拉布雷，但他的兄弟卻走得更遠，現在是你的宿敵......
SCRIPTSTRING_1134,"On the wall is etched:\n\nThe Bezwark came, the axeman fell.\n\nThe key was dropped, within the well.",牆上刻著：\n\n貝茲瓦克來了，斧手倒下了。 \n\n鑰匙掉在井裡了。
SCRIPTSTRING_1135,Oscon,奧斯康
SCRIPTSTRING_1136,You just walked into the presence of the Master Mage Oscon.,你剛剛走進法師大師奧斯康的面前。
SCRIPTSTRING_1137,"""Mangar was my brother. When you ruined his plans, I bided my time until an opportunity to avenge him presented itself.""\n\n""Now you will follow him to the grave!\nPrepare thyselves!"" He shouts.",「曼加爾是我的兄弟。當你破壞了他的計劃時，我等待著為他報仇的機會出現。」\n\n「現在你將跟隨他進入墳墓！\n做好準備！」他大喊。
SCRIPTSTRING_1138,This will be the toughest battle of your lives.,這將是你們一生中最艱難的戰鬥。
SCRIPTSTRING_1139,Snare #5,小鼓#5
SCRIPTSTRING_1140,Death Snare #5,死亡陷阱 #5
SCRIPTSTRING_1141,"A voice says:\n\n""Once again, I greet thee, oh ye soon-to-die. You are within the Death Snare and must seek the solution before you are totally lost...""",一個聲音說：\n\n“我再次向你致意，哦，你快要死了。你在死亡陷阱中，必須在完全迷失之前尋求解決方案......”
SCRIPTSTRING_1142,There is a strange statue here.,這裡有一尊奇怪的雕像。
SCRIPTSTRING_1143,There is a strange statue here.\n\nYou can:,這裡有一個奇怪的雕像。 \n\n你可以：
SCRIPTSTRING_1144,Say his name,說出他的名字
SCRIPTSTRING_1145,Walk away,走開
SCRIPTSTRING_1146,What is it?,它是什麼？
SCRIPTSTRING_1147,Rock,搖滾
SCRIPTSTRING_1148,Your party is full.,你的隊伍已滿。
SCRIPTSTRING_1149,Who do you wish to get rid of?,你想擺脫誰？
SCRIPTSTRING_1150,Cancel,取消
SCRIPTSTRING_1151,SCISSOR,剪刀
SCRIPTSTRING_1152,PAPER,紙
SCRIPTSTRING_1153,"A magic mouth on the wall speaks to you saying this:\n\n""That which flame can defeat can win over the one which leads to life. Your travels converge on this or death. Time's a wasting...""",牆上有一張神奇的嘴對你說：\n\n“火焰能打敗的，就能戰勝帶來生命的。你的旅行要么集中於此，要么死亡。時間是一種浪費……”
SCRIPTSTRING_1154,"A magic mouth on the wall speaks to you saying this:\n\n""Not yet, mortals. Until the 3 of paradox fill the top of your ranks, ye must return...""",牆上的一張魔法嘴對你說：\n\n“還不行，凡人。在悖論 3 佔據你們隊伍的頂端之前，你們必須回來……”
SCRIPTSTRING_1155,"A voice says:\n\n""Lucky ones, and yet I'll crush the life from you! Your pain is my strength, and your despair my laughter...""",一個聲音說：\n\n“幸運兒，但我會粉碎你的生命！你的痛苦是我的力量，你的絕望是我的笑聲......”
SCRIPTSTRING_1156,Found 'Wand Segment 5'.,找到「魔杖段 5」。
SCRIPTSTRING_1157,Written on the wall is this message:\n\nMages beware: Oscon allows none to glory...,牆上寫著這樣的訊息：\n\n法師們要小心：奧斯康不允許任何人榮耀......
SCRIPTSTRING_1158,"Oscon, in the flesh, baby.",奧斯康，肉身，寶貝。
SCRIPTSTRING_1159,"On the wall is etched this note:\n\nTo wrap, to cut, and even smash, I think you'll find this Snare a bash.",牆上刻著這樣的字條：\n\n要包裹，要切割，甚至要粉碎，我想你會發現這個小鼓是一個重擊。
SCRIPTSTRING_1160,"A voice says:\n""Hear from him who knoweth best: east has always bested west.""",一个声音说：\n“听听最了解的人的意见：东方总是打败西方。”
SCRIPTSTRING_1161,"A voice whispers:\n""Exit, turn right, walk 2, turn left, walk 2, turn to see Scissor.""",一个声音低声说道：\n“退出，右转，走 2，左转，走 2，转身看到 Scissor。”
SCRIPTSTRING_1162,"A voice proclaims:\n""Name the three, east, south, and west, to gain exit when needed.""",一个声音宣称：\n“说出东、南、西三者的名字，以便在需要时离开。”
SCRIPTSTRING_1163,On the wall is written:\n\nAsk the wise of the GREY CRYPT...,牆上寫著：\n\n問灰色地穴的智者…
SCRIPTSTRING_1164,Grey Crypt,灰色地穴
SCRIPTSTRING_1165,The stairs are gone...?,樓梯沒了……？
SCRIPTSTRING_1166,"A magic mouth on the wall speaks to you saying this:\n\n""Hear this, mortals:\nThe sphynx asks a riddle with 2 answers, one which allows release through Sword, and one which Wizely brings you closer to the Snare.""",牆上的一張魔法嘴對你說：\n\n“聽聽這個，凡人：\n斯芬克斯提出了一個有兩個答案的謎語，一個可以通過劍釋放，另一個可以通過威茲利讓你更接近圈套。”
SCRIPTSTRING_1167,"A Sphynx stands before you, and says:\n\n""Two answers here I will accept:\nEach is a creature of the Crypt. Name it:""",斯芬克斯站在你面前，說：\n\n“我接受兩個答案：\n每個都是地穴的生物。請說出它的名字：”
SCRIPTSTRING_1168,WIZE ONE,智慧一號
SCRIPTSTRING_1169,DEATH SWORD,死亡之劍
SCRIPTSTRING_1170,"""Sorry.""",“抱歉。”
SCRIPTSTRING_1171,"""I think I like you.""",“我想我喜歡你。”
SCRIPTSTRING_1172,There are some bleached bones here.,這裡有一些漂白的骨頭。
SCRIPTSTRING_1173,"The eerie silence of the Crypt lies all around you. This is a place which drains all magic from the air around you, and all will from your mortal forms.",地穴裡詭異的寂靜籠罩著你。这个地方会吸干你周围空气中的所有魔法，以及你凡人形态中的所有意志。
SCRIPTSTRING_1174,On the wall is scrawled this message:\n\nTo continue is to cut off all hope of life!,牆上潦草地寫著這樣的字：\n\n繼續下去就是斷絕一切生的希望！
SCRIPTSTRING_1175,"A voice says:\n\n""You sell your steel past dawn and drift, yet secret is the ancient gift to offer up a blessed lift.""",一個聲音說：\n\n“你在黎明後出售你的鋼鐵並漂流，但秘密是提供神聖升力的古老禮物。”
SCRIPTSTRING_1176,"A voice says:\n\n""Past days of wisdom's early reign,\npast years of fire, wrath, and pain,\na passage down you've yet to gain.""",一個聲音說：\n\n“過去智慧早年統治的日子，\n過去充滿火焰、憤怒和痛苦的歲月，\n你還沒有取得進展。”
SCRIPTSTRING_1177,On the wall is etched:\n\nBe not bold -- it's twice foretold!,墙上刻着：\n\n不要大胆——已经预言过两次了！
SCRIPTSTRING_1178,Ask the wise of DESTINY STONE.,請教命運石的智者。
SCRIPTSTRING_1179,Snare #6,小鼓#6
SCRIPTSTRING_1180,Death Snare #6,死亡陷阱 #6
SCRIPTSTRING_1181,"A voice says:\n\n""Prepare for your death, oh mortal fools. The sixth Snare will beat you, and few are those who have ever solved its twisted pattern...""",一個聲音說：\n\n“準備好迎接死亡吧，哦，凡間的傻瓜。第六個網羅將會打敗你，很少有人能夠解決它扭曲的模式......”
SCRIPTSTRING_1182,"A magic mouth on the wall speaks to you saying this:\n\n""Yes, I think you've got it...""",牆上有一張神奇的嘴對你說：\n\n“是的，我想你已經明白了...”
SCRIPTSTRING_1183,"A magic mouth on the wall speaks to you saying this:\n\n""MISTAKE! Seek knowledge near, to make it clear.""",牆上有一張神奇的嘴對你說：\n\n“錯誤！尋求附近的知識，以使其清楚。”
SCRIPTSTRING_1184,"A voice says:\n\n""Your skill is surprising, if not incredible, and yet the greatest snare lies ahead, and after that...""",一個聲音說：\n\n“你的技巧即使不是令人難以置信，也是令人驚訝的，但最大的陷阱就在前方，在那之後......”
SCRIPTSTRING_1185,"""Me...""",“我……”
SCRIPTSTRING_1186,Found 'Wand Segment 6'.,找到「魔杖段 6」。
SCRIPTSTRING_1187,Blue Mage,藍色魔法師
SCRIPTSTRING_1188,"A mage in a blue robe appears and says:\n\nA sequence lost must now be found -- with that I think I'll see you around!""",一位身穿藍色長袍的法師出現並說道：\n\n現在必須找到丟失的序列——有了這個，我想我會再見到你的！ 」
SCRIPTSTRING_1189,Grey Mage,灰法師
SCRIPTSTRING_1190,"A mage in a grey robe appears and says:\n\n""The game you thrice must commit, and now I'll see you in a bit!""",一個身穿灰袍的法師出現並說：\n\n「你必須參加三次的遊戲，現在我們一會兒見！ 」
SCRIPTSTRING_1191,The spinner is gone.,旋轉器不見了。
SCRIPTSTRING_1192,A sign reads:\n\nThe Tomb of the Vampire Dragon -- Adventurers Beware!!!,一個牌子上寫著：\n\n吸血鬼龍之墓－冒險者小心翼翼！ ！ ！
SCRIPTSTRING_1193,"On the wall is written this message:\n\nThe Snare is a calculated sequence; learn it quickly, or perish!",牆上寫著這樣的訊息：\n\n小鼓是一個經過計算的序列；趕緊學起來，不然就滅亡！
SCRIPTSTRING_1194,"A voice whispers:\n\n""Past the Tomb lies the true snare.""",一個聲音低聲說：\n\n「過了墳墓，才是真正的陷阱。 」
SCRIPTSTRING_1195,On the wall is etched:\n\nBe not bereft... first try lower left!,牆上刻著：\n\n不要失去...先試試左下角！
SCRIPTSTRING_1196,Soon... the Zen Master!,很快……禪師！
SCRIPTSTRING_1197,"On the wall is a message, written in blood:\n\nWherein wisdom lies, as the clock ticks, doorways to success can be uncovered.",牆上有一條用血寫成的信息：\n\n智慧就在其中，隨著時間的流逝，成功的大門將會被揭開。
SCRIPTSTRING_1198,"A voice says:\n\n""A central annoyance is fixable.""",一个声音说：\n\n“主要的烦恼是可以解决的。 」
SCRIPTSTRING_1199,"A magic mouth appears and says:\n\n""If the spell of dreams you wield, safe you'll be behind its SHIELD.""",一張神奇的嘴出現並說道：\n\n「如果你使用夢想咒語，那麼你就會安全地躲在它的盾牌後面。 」
SCRIPTSTRING_1200,"There are stairs here, going up.\nDo you wish to take them?",這裡有樓梯，向上。 \n你想走嗎？
SCRIPTSTRING_1201,Yes,是
SCRIPTSTRING_1202,No,否
SCRIPTSTRING_1203,"A mage stands in this chamber, tossing a fiery sphere. He snarls at you, saying:\n\n""Okay, scumbags, tell me what the plan is, or you're going nowhere.""",一名法師站在這個房間裡，投擲著一個熾熱的球體。他對你咆哮，說：\n\n“好吧，混蛋，告訴我計劃是什麼，否則你哪兒也去不了。”
SCRIPTSTRING_1204,Near,近
SCRIPTSTRING_1205,"""You blew it, turkeys!""",“你搞砸了，火雞們！”
SCRIPTSTRING_1206,"""Okay, you know it. Now get out of here.""",“好了，你知道了。現在就離開這裡吧。”
SCRIPTSTRING_1207,"The mage tossing a fiery sphere, still stands in this chamber.\n\n""The scumbags return? Surely you can't have forgotten the plan. Get out of here.""",丟著火球的法師，還站在這個密室裡。 \n\n“渣男回來了？你肯定不會忘記計劃的吧，趕緊離開這裡吧。”
SCRIPTSTRING_1208,"A voice whispers:\n\n""Hear the sphere, speak the truth, the plan is near though quite uncouth.""",一個聲音低聲說道：\n\n“聽聽球體的聲音，說實話，計劃已經臨近，儘管相當粗魯。”
SCRIPTSTRING_1209,"A voice chuckles:\n\n""Late we were for the battle's crest, yet on the Bronze shield were we blessed.""",一個聲音輕笑道：\n\n“我們遲到了戰鬥的頂峰，但在青銅盾牌上我們受到了祝福。”
SCRIPTSTRING_1210,The Bold One cometh!,大膽者來了！
SCRIPTSTRING_1211,On the wall is written this message:\n\nSeek the Narn Temple. He who approaches the altar may restore that which was broken.,牆上寫著這樣的訊息：\n\n尋找納恩神殿。靠近祭壇的人可以修復被破壞的東西。
SCRIPTSTRING_1212,"On the wall, scrawled in blood, is:\n\nOnly a Master Mage can do the impossible.",牆上用血潦草地寫著：\n\n只有法師大師才能完成不可能的事。
SCRIPTSTRING_1213,"A voice says:\n\n""It's a one-way road to the final Snare. Continue at your own risk.""",一個聲音說：\n\n“這是一條通往最終圈套的單向道路。繼續前進需要您自擔風險。”
SCRIPTSTRING_1214,"A magic mouth on the wall says:\n\n""The spell of dreams is near, but first five words you must hear.""",牆上有一張神奇的嘴說：\n\n“夢想的咒語即將來臨，但你必須先聽到五個字。”
SCRIPTSTRING_1215,"A magic mouth on the wall says:\n\n""The spell of dreams may here be earned. Just speak the words in order learned.""",牆上的一張魔法嘴說道：\n\n“可以在這裡獲得夢境咒語。只需說出單字即可學會。”
SCRIPTSTRING_1216,MALLET,木槌
SCRIPTSTRING_1217,SHIELD\nMALLET,盾牌\n木槌
SCRIPTSTRING_1218,HEAL,治癒
SCRIPTSTRING_1219,SHIELD\nMALLET\nHEAL,盾牌\n木槌\n治療
SCRIPTSTRING_1220,STRIKE,罷工
SCRIPTSTRING_1221,SHIELD\nMALLET\nHEAL\nSTRIKE,盾牌\n木槌\n治療\n攻擊
SCRIPTSTRING_1222,DISRUPT,破壞
SCRIPTSTRING_1223,SHIELD\nMALLET\nHEAL\nSTRIKE\nDISRUPT,盾牌\n木槌\n治療\n攻擊\n破壞
SCRIPTSTRING_1224,"""Knowledge you have sought. Power you can wield...""",“你所尋求的知識。你可以運用的力量......”
SCRIPTSTRING_1225,"""Who will come forward to learn the spell of power...?""",“誰會挺身而出學習力量咒語…？”
SCRIPTSTRING_1226,"""You will not wield the spell. Return to me with the five to tell.""",“你不會使用這個咒語。帶著五個人回到我這裡來告訴我。”
SCRIPTSTRING_1227,"A magic mouth says:\n\n""You have returned. Who would like to learn the spell of power?""",一張魔嘴說：\n\n“你回來了，誰想學習力量咒語？”
SCRIPTSTRING_1228,"""You seem worthy... Archmage {0}.""",“看來你值得…大法師{0}。”
SCRIPTSTRING_1229,The magic mouth begins to whisper to Archmage {0}.,魔嘴開始對大法師{0}低語。
SCRIPTSTRING_1230,"The magic mouth explained to Archmage {0}, how to cast the 'Dreamspell'.",魔嘴向大法師{0}講解，如何施展『夢咒』。
SCRIPTSTRING_1231,"The magic mouth yells:\n\n""Only Archmages are worthy of this secret!""\n\nThis spell is far too powerful for {0} to wield.",魔法之口大喊：\n\n「只有大法師才配擁有這個秘密！」\n\n這個法術對於{0}來說太強大了，無法使用。
SCRIPTSTRING_1232,There is a statue of a pale old man here.,這裡有一尊臉色蒼白的老人的雕像。
SCRIPTSTRING_1233,There is a statue of a pale old man here.\n\nYou can:,這裡有一尊蒼白老人的雕像。 \n\n你可以：
SCRIPTSTRING_1234,Look at it,看看它
SCRIPTSTRING_1235,It came to life!,它復活了！
SCRIPTSTRING_1236,There is a statue of a small yellow dragon here.,這裡有一尊小黃龍的雕像。
SCRIPTSTRING_1237,There is a statue of a small yellow dragon here.\n\nYou can:,這裡有一尊小黃龍的雕像。 \n\n你可以：
SCRIPTSTRING_1238,"It came to life, and it grew!",它復活了，並且成長了！
SCRIPTSTRING_1239,There is a statue of a blue lizard here.,這裡有一尊藍色蜥蜴的雕像。
SCRIPTSTRING_1240,There is a statue of a blue lizard.\n\nYou can:,有一個藍色蜥蜴的雕像。 \n\n你可以：
SCRIPTSTRING_1241,There is a statue of a knight with a bronze shield here.,這裡有一尊手持青銅盾牌的騎士雕像。
SCRIPTSTRING_1242,There is a statue of a knight with a bronze shield here.\n\nYou can:,這裡有一尊手持青銅盾牌的騎士雕像。 \n\n你可以：
SCRIPTSTRING_1243,"A voice whispers:\n\n""The four statues will attack you if examined.""",一個聲音低聲說：\n\n“如果檢查的話，這四個雕像會攻擊你。”
SCRIPTSTRING_1244,It's kind of slippery here.,這裡有點滑。
SCRIPTSTRING_1245,Snare #7,軍鼓 #7
SCRIPTSTRING_1246,Death Snare #7,死亡陷阱 #7
SCRIPTSTRING_1247,"A voice speaks to you:\n\n""Once again, foolish ones, you have sprung the Snare. This one will beat you though. The clock is running...""",一個聲音對你說話：\n\n“再一次，愚蠢的人們，你們已經陷入了圈套。不過這個人會打敗你們。時鐘正在運行......”
SCRIPTSTRING_1248,Hot coals ahead!,前方有熱煤！
SCRIPTSTRING_1249,"A magic mouth on the wall speaks to you saying this:\n\n""Of old portent the song will read; name the hands which did the deed.""",牆上有一張神奇的嘴對你說：\n\n“這首歌將讀出古老的預兆；說出做這件事的手的名字。”
SCRIPTSTRING_1250,STORM FISTS,風暴之拳
SCRIPTSTRING_1251,"""Sorry, but wrong.""",“抱歉，但是錯了。”
SCRIPTSTRING_1252,"A voice whispers:\n\n""Your party doesn't look very zen.""",一個聲音低聲說道：\n\n“你們的聚會看上去不太有禪意。”
SCRIPTSTRING_1253,"A voice whispers:\n\n""The calm are always the ones who shine...""",一個聲音低聲說：\n\n“平靜的人總是閃耀的…”
SCRIPTSTRING_1254,"A voice whispers:\n\n""A calm head lets you see true change...""",一個聲音低聲說：\n\n“冷靜的頭腦讓你看到真正的變化…”
SCRIPTSTRING_1255,"A voice whispers:\n\n""Seems like you could use some bling.""",一個聲音低聲說：\n\n“看來你需要一些珠寶。”
SCRIPTSTRING_1256,"A magic mouth on the wall speaks to you saying this:\n\n""The ancient scribe had said it all: name to where went evil's call.""",牆上有一張神奇的嘴對你說：\n\n“古代抄寫員已經說了這一切：邪惡的召喚去了哪裡。”
SCRIPTSTRING_1257,GALE,大風
SCRIPTSTRING_1258,"""Wrong, bud."" he says.",「錯了，夥計。」他說。
SCRIPTSTRING_1259,"""Correct!""\n\n",「正確！」\n\n
SCRIPTSTRING_1260,Found 'The Ring'.,找到“指環”。
SCRIPTSTRING_1261,"A magic mouth on the wall speaks to you saying this:\n\n""The one of whom is great in fame, restore to him his proper name:""",牆上有一張神奇的嘴對你說：\n\n“名聲大噪的人，請恢復他的正名：”
SCRIPTSTRING_1262,Arkast,阿卡力量
SCRIPTSTRING_1263,"""Bad guess...""",“猜錯了…”
SCRIPTSTRING_1264,"A magic mouth on the wall speaks to you saying this:\n\n""A tale to tell of ages gone, which bards once sang in deep despair, of he who fought the evil one, and cast his fate within the Snare.""",牆上有一張神奇的嘴對你說：\n\n“一個講述遠古歲月的故事，吟遊詩人曾經在深深的絕望中歌唱，講述他與邪惡之人戰鬥，並將自己的命運扔進網羅的故事。”
SCRIPTSTRING_1265,"""Past shuttered door and fractured glass, the Dark one called into the gale: within the black and shadowed mass, the face of Bold began to pale.""",“穿過緊閉的門和破碎的玻璃，黑暗者呼喚著狂風：在黑色陰影中，大膽的臉開始變得蒼白。”
SCRIPTSTRING_1266,"""As storm fists scored his broken back, and steel whirled in his bloody hand, the Bold one screamed and then, alack, his sword became as brittle as sand.""",「當風暴拳頭擊中他骨折的背部，鋼鐵在他血淋淋的手中旋轉時，大膽者尖叫起來，然後，唉，他的劍變得像沙子一樣脆弱。”
SCRIPTSTRING_1267,"""The one of pure and solid creed - was gone and bent to evil's task. Until by good he shall be freed his name is all I truly ask:""",「純潔而堅定的信條——已經消失，並致力於邪惡的任務。直到他因善行而獲得自由，我真正所要求的就是他的名字：”
SCRIPTSTRING_1268,A Magic Mouth that tells a rather long story.,一張魔嘴，講了一個相當長的故事。
SCRIPTSTRING_1269,ZEN MASTER,禪師
SCRIPTSTRING_1270,"""Correct.""",“正確。”
SCRIPTSTRING_1271,Your party is full...,你的聚會已滿...
SCRIPTSTRING_1272,"""Curses! I'll see you soon, foolish ones!""\n\n""Seek me at the hut of the Sage, and meet your destiny.""",「詛咒！我很快就會見到你們，愚蠢的人們！」\n\n“到聖人小屋來找我，並遇見你們的命運。”
SCRIPTSTRING_1273,Found 'Wand Segment 7'.,找到「魔杖段 7」。
SCRIPTSTRING_1274,"When danger, oft a variable can split an old path.",當危險發生時，變數常常會分裂舊的路徑。
SCRIPTSTRING_1275,There's nothing to be seen here... yet.,這裡還沒有什麼好看的。
SCRIPTSTRING_1276,He's but a corpse without a past.\nUntil you call his name...\nArkast!,他只是一具沒有過去的屍體。 \n直到你呼喚他的名字...\n阿卡力量！
SCRIPTSTRING_1277,Only he of which we sing;\nCan in good faith make use the ring.,只有我們所歌頌的他；\n才能真誠地使用這枚戒指。
SCRIPTSTRING_1278,"The Narn Temple lies close to the sage, to the south west of Corinth.",納恩神殿位於科林斯西南部，靠近聖人的地方。
SCRIPTSTRING_1279,On the wall is scrawled:\n\nThe first:\n\n  ↓ ↓ ↓ ← ↑ ← ← ← ←\n\n  ↑ → → → → ↑ ← ↑,牆上潦草地寫著：\n\n第一個：\n\n ↓ ↓ ↓ ← ↑ ← ← ← ←\n\n ↑ → → → → ↑ ← ↑
SCRIPTSTRING_1280,On the wall is scrawled:\n\nThe second:\n\n  ↓ ↓ ↓ ← ← ← ← ← ←\n\n  ↑ ↑ ← ↑ → → ↓ ↓ →\n\n  → ↑ ← ↑ → → ↑,牆上潦草地寫著：\n\n第二個：\n\n ↓ ↓ ↓ ← ← ← ← ← ←\n\n ↑ ↑ ← ↑ → → ↓ ↓ →\n\n → ↑ ←
SCRIPTSTRING_1281,On the wall is scrawled:\n\nThe third:\n\n  ← ↓ → ↓ ↓ ← ← ← ←\n\n  ← ← ← ← ↑ ↑ ↑ ↑ →\n\n  → → ↓ ↓ → → → ↑ ↑,牆上潦草地寫著：\n\n第三個：\n\n ← ↓ → ↓ ↓ ← ← ← ←\n\n ← ← ← ← ↑ ↑ ↑ ↑ →\n\n → → → → →
SCRIPTSTRING_1282,On the wall is scrawled:\n\nThe fourth:\n\n  ← ↓ ← ← ↑ → ↑,牆上潦草地寫著：\n\n第四個：\n\n ← ↓ ← ← ↑ → ↑
SCRIPTSTRING_1283,On the wall is scrawled:\n\nThe fifth:\n\n  ↓ ↓ ↓ ← ← ← ← ← ↑\n\n  → → → → ↑ ← ← ← ←\n\n  ↑ → → → ↑,牆上潦草地寫著：\n\n第五個：\n\n ↓ ↓ ↓ ← ← ← ← ← ↑\n\n → → → → ↑ ← ← ← ←\n\n ↑ → ↑ ← ← ← ←\n\n ↑ → ↑ → → →
SCRIPTSTRING_1284,On the wall is scrawled:\n\nThe sixth:\n\n  ↓ ↓ ↓ ← ↑ ↑ ← ↓\n\n  ↓ ← ← ← ← ↑ → →\n\n  → ↑ ↑ → ↑,牆上潦草地寫著：\n\n第六：\n\n ↓ ↓ ↓ ← ↑ ↑ ← ↓\n\n ↓ ← ← ← ← ↑ → →\n\n → ↑ ↑ → ↑
SCRIPTSTRING_1285,On the wall is scrawled:\n\nThe seventh:\n\n  ↓ ← ← ← ← ← ← ↓\n\n  ↓ ← ← ↑ ↑ ↑ → →\n\n   → → → → ↑,牆上潦草地寫著：\n\n第七個：\n\n ↓ ← ← ← ← ← ← ↓\n\n ↓ ← ← ↑ ↑ ↑ → →\n\n → → → → ↑
SCRIPTSTRING_1286,Saradon's Workshop,薩拉東的工作室
SCRIPTSTRING_1287,"A long corridor stretches out before you, through walls stacked to the ceiling with books. You can almost feel the magic in the air.",一條長長的走廊在你面前延伸，牆上堆滿了書籍，一直延伸到天花板。你幾乎可以感受到空氣中的魔力。
SCRIPTSTRING_1288,"A sign on the wall reads:\n\n""Saradon's Workshop. The uninvited are not welcome.""",牆上的標誌上寫著：\n\n“薩拉頓工作室。不歡迎不請自來的人。”
SCRIPTSTRING_1289,"You find a scrap of parchment in the handwriting of Saradon. It reads:\n\nIf you're reading this, you have already proven yourself in my maze of teleports. Respect my workshop please, but take what you need. You may find something of use. Farewell and good luck.",你發現一小片羊皮紙上有薩拉頓的筆跡。上面寫著：\n\n如果您正在閱讀本文，那麼您已經在我的傳送迷宮中證明了自己。請尊重我的工作室，但拿走你需要的東西。你可能會發現一些有用的東西。再見，祝你好運。
SCRIPTSTRING_1290,"You stumble over an open book on the floor.\n\nIt seems that Saradon maintained a correspondence with Longinus, the mad prophet of Skara Brae. Longinus’ replies seem to have consisted of nothing more than inscrutable rhymes. You pick up one such example and read it...\n\nBy tor and loch by burn and tarn.\nYour fate lies in the lap of Narn.",你絆倒在地板上一本打開的書。 \n\n薩拉頓似乎與斯卡拉布雷的瘋狂先知朗吉努斯保持著通信。朗吉努斯的回答似乎只不過是一些難以理解的押韻。你拿起一個這樣的例子並閱讀它......\n\n通過托爾和湖通過燃燒和塔恩。 \n你的命運掌握在納恩的懷抱裡。
SCRIPTSTRING_1291,"More notes from Longinus catch your eye, these just as cryptic as the previous\n\nThe greatest heroes number seven.\nAssume their roles and rise to heaven.",朗吉努斯的更多筆記引起了您的注意，這些筆記與之前的筆記一樣神秘\n\n最偉大的七位英雄。 \n承擔他們的角色併升入天堂。
SCRIPTSTRING_1292,On a low table there is yet another piece of nonsensical poetry from the mad prophet:\n\nThough high you fly or low you stoop.\nYou will never be worthy of the soup.,矮桌上還放著另一首來自瘋狂先知的無意義詩：\n\n雖高則飛，低則彎。 \n你永遠配不上這道湯。
SCRIPTSTRING_1293,You find what seems to be a longer draft of the letter you received from Saradon.,你發現從薩拉登那裡收到的信的草稿似乎更長。
SCRIPTSTRING_1294,"My name is Saradon, a wizard of some fame and little fortune. Though you know me not, and we have never met, I feel that I have known you all my life. For the story of your deeds, your entanglement with Mangar and his evil horde in Skara Brae, flows from the lips of every Bard throughout the Realm.",我的名字叫薩拉頓，是一位頗有名氣但財富微薄的巫師。雖然你不認識我，我們也從未見過面，但我覺得我一生都認識你。因為你的事蹟、你與曼加爾以及他在斯卡拉布雷的邪惡部落的糾葛，從整個王國的每個吟遊詩人的嘴裡流傳出來。
SCRIPTSTRING_1295,"For this reason, for your courage and experience, I have contacted you above all others. For now we face an evil much greater than Mangar's. An evil that threatens not the safety and tranquility of but one city, nae... an evil that threatens the existence of the entire Realm and all the cities and citizens within!",基於這個原因，為了你的勇氣和經驗，我先聯絡了你。現在我們面臨著比曼加爾更大的邪惡。一種邪惡不僅僅威脅一個城市的安全與安寧，不……一種威脅整個王國以及其中所有城市和公民的存在的邪惡！
SCRIPTSTRING_1296,"Recall now the lessons of your childhood. The story of Turin, the Archmage who forged the Destiny Wand in the molten depths of the holy mountain Krontor. The Destiny Wand, the uniting force which has rallied armies to the aid of the Realm, and has maintained peace and prosperity for the last 700 years.",現在回想一下你童年的教訓。都靈的故事，大法師在克朗托聖山的熔岩深處鑄造了命運魔杖。命運魔杖，集結軍隊援助王國的團結力量，並在過去 700 年裡維持了和平與繁榮。
SCRIPTSTRING_1297,"But look around you now, where has the power of the Destiny Wand gone? Lawless mercenaries from the neighboring kingdom of Lestradae have invaded the Realm and now run rampant through the streets. Even in Tangramayne, our capital! It is they who have taken the Destiny Wand, with the guidance of an evil Archmage known as Lagoth Zanta.",但現在看看你的周圍，命運魔杖的力量到哪裡去了？來自鄰國萊力量拉德的無法無天的傭兵入侵了王國，現在在街上猖獗。即使在我們的首都唐格拉瑪尼！正是他們在邪惡大法師拉格斯·贊塔的指導下拿走了命運魔杖。
SCRIPTSTRING_1298,"Although Lagoth has thwarted each of my attempts to gain knowledge of his powers and location, I have been able to discover that the Destiny Wand lies broken in seven pieces, at seven different locations. Lagoth has placed each fragment of the scepter within a Snare of Death - a puzzle room that will require all the wisdom and cunning at your disposal in order for you to survive.",儘管拉戈斯挫敗了我了解他的力量和位置的每一次嘗試，但我已經能夠發現命運魔杖破碎成七塊，分佈在七個不同的位置。拉戈斯將權杖的每個碎片都放置在死亡陷阱中——這是一個謎題室，需要你運用所有的智慧和狡猾才能生存。
SCRIPTSTRING_1299,"Do you believe in legends?\n\nLegend states that, Unimaginable power is bestowed upon the one who reforges the Destiny Wand... Regardless of whether or not you hold faith in the stuff of legend, you must defeat Lagoth Zanta, regain the seven fragments, and reforge the Destiny Wand - it is the only way to save the Realm.",你相信傳說嗎？ \n\n傳說，重鑄命運魔杖的人會被賦予難以想像的力量……無論你是否相信傳說，你都必須擊敗拉格斯·贊塔，奪回七片碎片，重鑄命運魔杖——這是拯救王國的唯一方法。
SCRIPTSTRING_1300,"Now I must hurry, for in my attempts to glean knowledge of Lagoth, he has discovered my prying magic and even now his mercenaries approach. I care not for my own safety, but I pray that my magic is still strong enough to deliver this letter into your hands.",現在我必須抓緊時間，因為當我試圖收集拉格斯的知識時，他已經發現了我的窺探魔法，甚至現在他的僱傭兵也已經逼近了。我不在乎自己的安全，但我祈禱我的魔法仍然強大到足以將這封信送到你的手中。
SCRIPTSTRING_1301,"My workshop contains powerful quest knowledge which I have gathered using magic and other, more physical, methods. Use it to help you during your quest. My only regret is that I cannot personally be there to counsel you during your quest. May fate smile upon you... and upon me.\n\nSaradon.",我的工作室包含強大的任務知識，這些知識是我使用魔法和其他更物理的方法收集的。在你的探索過程中用它來幫助你。我唯一的遺憾是我不能親自在你的探索過程中為你提供建議。願命運向你微笑……也向我微笑。 \n\nSaradon。
SCRIPTSTRING_1302,"You find a staff leaning against the bookshelf.\n\nIt has a note attached to it, which reads:\n\n""This staff harmonizes the magical energies around it and channels them into the wielder, replenishing their spell points.\n\nTake it, for it will surely provide some assistance to you on your journey, adventurers.""",你發現書架上斜靠著一根法杖。 \n\n它上面附有一張紙條，上面寫著：\n\n“這根法杖可以協調周圍的魔法能量，並將它們引導到持有者身上，補充他們的法術點。\n\n拿上它吧，因為它一定會給你的冒險之旅提供一些幫助。”
SCRIPTSTRING_1303,"You find some handwritten notes from Saradon upon a stack of books. They read:\n\n""I've come across a spell of such power that a mage may only know it in transience. I first learnt of its existence in the Tombs, but to dream of wielding it one must delve into the Destiny Stone...""",你在一疊書上發現了薩拉登的一些手寫筆記。他們讀到：\n\n“我遇到了一個咒語，其力量如此強大，法師可能只能短暫地知道它。我第一次在古墓中得知它的存在，但要想夢想使用它，就必須深入研究命運之石……”
SCRIPTSTRING_1304,"Some more notes lay here:\n\n""To learn the spell one must take five clues into the stone. But the order, it's all wrong...""",這裡還有一些註釋：\n\n“要學習該咒語，必須將五個線索放入石頭中。但是順序，全錯了......”
SCRIPTSTRING_1305,"And another page reads:\n\n""The crypt holds the first, and a maze will lead you to the second...""",另一頁寫著：\n\n“地窖裡有第一個，迷宮會帶你到第二個…”
SCRIPTSTRING_1306,"And another page reads:\n\n""The third lies in a castle, and a fort for the fourth.""",另一頁寫著：\n\n“第三個位於城堡中，第四個位於堡壘中。”
SCRIPTSTRING_1307,"A final page reads:\n\n""A tall tower keeps the final secret.""",最後一頁寫著：\n\n“一座高塔保守著最後的秘密。”
SCRIPTSTRING_1308,"You find a note from Saradon's personal journal.\n\nThe mysterious appearance of the tower to the south is of great concern to me. Combined with the treachery of Oscon's betrayal to Count Waldec, things are at a boiling point. The time has come to seek help from abroad.",你從薩拉頓的個人日記中找到了一條筆記。 \n\n南邊塔樓的神秘外觀引起了我的極大關注。再加上奧斯康對瓦爾德克伯爵的背叛，事情已經到了沸點。現在是向國外尋求幫助的時候了。
SCRIPTSTRING_1309,Wilderness,荒野
SCRIPTSTRING_1310,You're in the forest outside of Skara Brae,您位於 Skara Brae 郊外的森林中
SCRIPTSTRING_1311,Scrapwood,廢木材
SCRIPTSTRING_1312,Shrine,神社
SCRIPTSTRING_1313,You have stepped into the wilderness for the first time. Would you like a quick tutorial on the game controls before you proceed?,你第一次踏入荒野。在繼續之前，您想了解有關遊戲控制的快速教學嗎？
SCRIPTSTRING_1314,"Use W,A,S,D to move around the wilderness, or the cursor keys. You can also left click on the game view to move around.\n\nHold down right mouse on the game view and you can look around to take in the view.",使用 W、A、S、D 在荒野中移動，或使用遊標鍵。您也可以左鍵點擊遊戲視圖來移動。 \n\n在遊戲視圖上按住滑鼠右鍵，您可以環顧四周以查看視圖。
SCRIPTSTRING_1315,That is all... You should start by investigating the ruins of Skara Brae in the valley below.,就這些了……你應該從調查下面山谷中的斯卡拉布雷廢墟開始。
SCRIPTSTRING_1316,To the north is the refugee camp.,北面是難民營。
SCRIPTSTRING_1317,Scrapwood Tavern.,廢木酒館。
SCRIPTSTRING_1318,You are next to Scrapwood Tavern.,您位於 Scrapwood Tavern 旁。
SCRIPTSTRING_1319,You are next to a small shrine.,你在一個小神社旁邊。
SCRIPTSTRING_1320,"Deeply hidden in verdant shadows, this grove, the Twilight Copse, is quiet and feels very peaceful.",這片樹林，暮光小樹林，深深隱藏在翠綠的陰影之中，很安靜，給人一種非常平和的感覺。
SCRIPTSTRING_1321,Arboria Runestones.,阿爾伯利亞符石。
SCRIPTSTRING_1322,"Here, halfway up Earthdagger Mountain, winds swirl around and make this place earn its name: Cold Peak.",這裡位於地匕山的半山腰，風在周圍盤旋，使這個地方得名：冷峰。
SCRIPTSTRING_1323,Gelidia Runestones.,格莉迪亞符石。
SCRIPTSTRING_1324,Amid the bountiful trees you find a bubbling Crystal Spring that almost glows with purity.,在茂密的樹木中，您會發現一處冒著氣泡的水晶泉水，幾乎閃爍著純淨的光芒。
SCRIPTSTRING_1325,Lucencia Runestones.,盧森西亞符石。
SCRIPTSTRING_1326,"Lovingly tunneled into the mountainside, the opening to the Old Dwarf Mine looks natural.",老矮人礦洞的隧道巧妙地深入山腰，看起來很自然。
SCRIPTSTRING_1327,Kinestia Runestones,動能符石
SCRIPTSTRING_1328,"Stabbing up into the sky like an obsidian dagger, Shadow Rock is utterly alien to the surrounding landscape.",暗影岩像一把黑曜石匕首一樣刺入天空，與周圍的景觀完全不同。
SCRIPTSTRING_1329,Tenebrosia Runestones.,特內布羅西亞符石。
SCRIPTSTRING_1330,"The flat, grassy plain stretches peacefully out in all directions. This is the Vale of Lost Warriors.",平坦、綠草如茵的平原向四方平靜地延伸。這裡就是失落勇士谷。
SCRIPTSTRING_1331,Tarmitia Runestones.,塔米提亞符石。
SCRIPTSTRING_1332,"Foul, noxious gases reeking of rotten eggs, bubble up through the turgid, yellow, mud-laden waters of Sulphur Springs.",硫磺泉的渾濁、黃色、充滿泥漿的水中冒著臭雞蛋般的惡臭有毒氣體。
SCRIPTSTRING_1333,Malefia Runestones.,瑪萊菲亞符石。
SCRIPTSTRING_1334,The party sees the old review board to the east.,一行人看到舊的評審委員會在東邊。
SCRIPTSTRING_1335,Statue of the Mad God,狂神的雕像
SCRIPTSTRING_1336,There is a statue of the Mad God Tarjan here. It's strange that it is clean and shiny as if someone has been caring for it.,這裡有一尊狂神塔爾揚的雕像。奇怪的是，它乾淨又閃亮，好像有人照顧過它一樣。
SCRIPTSTRING_1337,Among the ruins of Skara Brae is an unnatural silence. As if death itself has come to stay.,斯卡拉布雷的廢墟中有一種不自然的寂靜。彷彿死亡本身已經降臨。
SCRIPTSTRING_1338,The feeling of evil is foreboding.,邪惡的感覺是不祥的預感。
SCRIPTSTRING_1339,To the east is the Temple of the Mad God.,東邊是狂神殿。
SCRIPTSTRING_1340,Temple of the Mad God.,狂神神廟。
SCRIPTSTRING_1341,"""This is the temple of the Mad God. What is thy business, unbeliever?""\n\nSpeak to priest?\n\n",「這是瘋神的神殿。你在做什麼，不信者？」\n\n與神父交談？ \n\n
SCRIPTSTRING_1342,"""Only those who know the name of the Mad one are welcome.""\nWhat wilt thou say?\n\n",「只歡迎那些知道瘋子名字的人。」\n你會說什麼？ \n\n
SCRIPTSTRING_1343,CHAOS,混沌
SCRIPTSTRING_1344,SWORD,劍
SCRIPTSTRING_1345,SHADOW,陰影
SCRIPTSTRING_1346,"""Speak not the name of the High one so loudly, lest he answer,"" the priest says. ""Enter the catacombs, believer.""",「不要大聲說出至高者的名字，以免他回答，」牧師說。 “進入地下墓穴，信徒。”
SCRIPTSTRING_1347,"""Welcome true believers! Follow the true path of Chaos and your destiny will come to you. Enter the realm of Brilhasti ap Tarj.""",“歡迎真正的信徒！遵循混沌的真正道路，你的命運就會降臨到你身上。進入塔吉河畔布里哈斯蒂的領域。”
SCRIPTSTRING_1348,"""Welcome true believers! Enter the realm of shadow.\n\nBrilhasti awaits you!!""",“歡迎真正的信徒！進入暗影領域。\n\nBrilhasti 正在等待著你！！”
SCRIPTSTRING_1349,"""Welcome true believers! Those who live by the sword shall perish by the sword.\n\nBrilhasti awaits you!!""",“歡迎真正的信徒！靠劍生存的人將死於劍下。\n\n布里哈斯蒂在等著你！！”
SCRIPTSTRING_1350,"""Ha ha, fooled you!""",“哈哈，騙你的！”
SCRIPTSTRING_1351,Stairs Down,下樓梯
SCRIPTSTRING_1352,There are some stairs leading down into the catacombs.,有一些樓梯通往地下墓穴。
SCRIPTSTRING_1353,\n\nDo you wish to take them?,\n\n你想帶走它們嗎？
SCRIPTSTRING_1354,The Corpse Of Longinus,朗基努斯的屍體
SCRIPTSTRING_1355,The home of Longinus.,朗基努斯的故鄉。
SCRIPTSTRING_1356,"Under a pile of rubble that was once the home of Longinus, you see a limp, lifeless body, reaching to the sky as if for some final profound gesture.\n\nAlas, poor Longinus.",在曾經是朗吉努斯家的一堆瓦礫下，你看到一具無力、毫無生氣的屍體，伸向天空，彷彿在做最後的深刻姿態。 \n\n唉，可憐的朗吉努斯。
SCRIPTSTRING_1357,Search the house,搜查房子
SCRIPTSTRING_1358,You find nothing else.,你找不到別的東西。
SCRIPTSTRING_1359,"A tattered note, written in the hand of Longinus the Mad reads:\n""Faith will not save you, nor belief, pray fate blesses you with a thief.""",一張破爛的紙條，由瘋子朗吉努斯親手寫下：\n“信仰不能拯救你，信仰也不能拯救你，祈求命運賜予你一個小偷。”
SCRIPTSTRING_1360,"You find a tattered note, written in the hand of Longinus the Mad. It reads:\n\n""Faith will not save you, nor belief,\nPray fate blesses you with a thief.""",你發現了一張破爛的紙條，是瘋子朗吉努斯親手寫的。上面寫著：\n\n“信仰救不了你，信仰也救不了你，\n祈禱命運賜福給你一個小偷。”
SCRIPTSTRING_1361,"The last prophecy of Longinus the Mad.\n""Rage against it or sing its praises, A maze cares not if it amazes.""",瘋子朗吉努斯的最後預言。 \n“對它憤怒或歌頌它，迷宮不在乎它是否令人驚奇。”
SCRIPTSTRING_1362,"This looks to be the last prophecy of Longinus the Mad...\n\n""Rage against it or sing its praises,\nA maze cares not if it amazes.""",這看起來是瘋子朗吉努斯的最後預言……\n\n“對它憤怒或歌頌它，\n迷宮不在乎它是否令人驚訝。”
SCRIPTSTRING_1363,Original Game scenario design by Michael A. Stackpole.\n,由 Michael A. Stackpole 設計的原創遊戲場景。 \n
SCRIPTSTRING_1364,Programming and Direction by Rebecca Ann Heineman.\n,麗貝卡·安·海涅曼 (Rebecca Ann Heineman) 的節目和指導。 \n
SCRIPTSTRING_1365,Music composed by Kurt Heiden.\n,音樂由庫爾特·海登創作。 \n
SCRIPTSTRING_1366,"Playtesters: Bruce Schlickbernd, Rebecca Ann Heineman, Jennell Jaquays",遊戲測試者：Bruce Schlickbernd、Rebecca Ann Heineman、Jennell Jaquays
SCRIPTSTRING_1367,"Through the rubble to the east you can see the scorched walls of Harkyn's Castle. In the distance, the partially toppled tower of Kylearan tells the tale of the good wizard's fate.",透過東邊的廢墟，你可以看到哈肯城堡燒焦的牆壁。遠處，部分倒塌的凱利蘭塔講述這位善良巫師的命運故事。
SCRIPTSTRING_1368,"The collapsed remains of Roscoe's Energy Emporium lies before you to the north, its owner yet another victim of the Mad God's attack.",Roscoe能源商場倒塌的廢墟就在你面前的北邊，它的主人也是瘋神攻擊的另一個受害者。
SCRIPTSTRING_1369,"As you turn the corner, you think you hear singing and the skillful strumming of a lute?",當你拐過街角時，你認為你聽到了歌聲和熟練的琵琶彈奏聲嗎？
SCRIPTSTRING_1370,"To the south is all that remains of the old Dragonbreath Inn. You can clearly hear a melody now, cutting through the still smouldering wreckage of the tavern.",南面是舊龍息旅店的全部遺跡。現在你可以清楚地聽到一段旋律，穿過酒館仍在冒煙的廢墟。
SCRIPTSTRING_1371,Arboria,阿爾博裡亞
SCRIPTSTRING_1372,You are in Arboria,你在阿爾博裡亞
SCRIPTSTRING_1373,"Reaching into the sky, Valarian's Tower stands as a monument for what once was.",瓦拉里安之塔高聳入雲，如同一座紀念碑，展現了曾經的面貌。
SCRIPTSTRING_1374,Foul noxious fumes rise from a gaping pit.,惡臭的有毒煙霧從大坑中升起。
SCRIPTSTRING_1375,The finger of the lake shimmers in a natural glow all its own.,湖水的手指閃爍著自然的光芒。
SCRIPTSTRING_1376,An old hut sits by the shore of a beautiful lake. Fishing equipment is stacked neatly against the hut's wall.,一座古老的小屋坐落在美麗的湖邊。釣魚用具整齊地靠著小屋的牆壁堆放。
SCRIPTSTRING_1377,Ciera Brannia,西拉布蘭尼亞
SCRIPTSTRING_1378,The ground is littered with acorns.,地上散落著橡子。
SCRIPTSTRING_1379,Large Oak Tree.,大橡樹。
SCRIPTSTRING_1380,"You see a large oak tree here, and the ground is littered with acorns.\n\nDo you want to pick a fresh acorn off the tree?\n\n",你在這裡看到一棵大橡樹，地上散落著橡子。 \n\n你想從樹上摘一個新鮮的橡實嗎？ \n\n
SCRIPTSTRING_1381,This field is full of beautiful flowers that float and dance on the light breezes.,這片田野上開滿了美麗的花朵，在微風中翩翩起舞。
SCRIPTSTRING_1382,Arefolia,沙葉屬
SCRIPTSTRING_1383,There is a large pile of Arefolia leaves here.,這裡有一大堆沙葉草的葉子。
SCRIPTSTRING_1384,\n\nDo you want to gather some leaves?,\n\n你想收集一些樹葉嗎？
SCRIPTSTRING_1385,Hawkslayer alerts you that he has important items that you should take with you before you leave!,鷹殺手提醒您，他有重要物品，您在離開之前應該隨身攜帶！
SCRIPTSTRING_1386,Deep Pit,深坑
SCRIPTSTRING_1387,"You see a deep, dark pit scarring the land like a wound.\n",你看到一個又深又黑的坑，像傷口一樣傷痕累累。 \n
SCRIPTSTRING_1388,Do you wish to enter it?,您想進入嗎？
SCRIPTSTRING_1389,Festering Pit,潰爛坑
SCRIPTSTRING_1390,"You are inside a an old, battered tower.\n",你在一座破舊的塔樓裡。 \n
SCRIPTSTRING_1391,Do you wish to climb up?,你想爬上去嗎？
SCRIPTSTRING_1392,Valarians Tower,瓦拉里安塔
SCRIPTSTRING_1393,"Beneath the waves of the lake, you see a building.\n",在湖水的波浪下，你看到一棟建築物。 \n
SCRIPTSTRING_1394,Do you wish to enter?\n\n,您想進入嗎？ \n\n
SCRIPTSTRING_1395,Underwater Palace.,水下宮殿。
SCRIPTSTRING_1396,Fisherman,漁夫
SCRIPTSTRING_1397,"An old fisherman is here. He says, ""For a few pieces of thy gold, I'll let thee in on a few secrets.""",來了一位老漁夫。他說：“只要你幾塊金子，我就可以告訴你一些秘密。”
SCRIPTSTRING_1398,Shall thou give some gold to the fisherman?\n\n,你可以給漁夫一些黃金嗎？ \n\n
SCRIPTSTRING_1399,"""Well be that way!"" shouts the fisherman. He eats a can of spinach and then promptly throws you out of his home.",「那就這樣吧！」漁夫喊道。他吃了一罐菠菜，然後立刻把你趕出了他的家。
SCRIPTSTRING_1400,Whom shall give him some gold?,誰給他一些金子？
SCRIPTSTRING_1401,How much gold?\n\n,多少金幣？ \n\n
SCRIPTSTRING_1402,"""Here is a spell called 'Gilles Gills' that will let thee breathe underwater. Just say GILL and thee can explore the life spring in the Crystal Palace.""",「這裡有一個叫做『吉爾斯吉爾斯』的咒語，可以讓你在水下噴吐。只要說吉爾，你就可以探索水晶宮裡的生命之泉。”
SCRIPTSTRING_1403,"""And don't forget to take something to carry the 'Water of Life' in, that stuff hath many healing and life giving properties!""",“別忘了帶一些東西來攜帶‘生命之水’，那東西有很多治療和賦予生命的特性！”
SCRIPTSTRING_1404,Who wants to learn Gilles Gills?,誰想學習吉爾斯·吉爾斯？
SCRIPTSTRING_1405,"""I cannot teach thee, thou art not a magic user.""",“我無法教你，你不是魔法師。”
SCRIPTSTRING_1406,"""I cannot teach thee, thou knowest this spell already.""",“我無法教你，你已經知道這個咒語了。”
SCRIPTSTRING_1407,The fisherman teaches you the spell.,漁夫教你咒語。
SCRIPTSTRING_1408,"""Thou should go into the forest and get some Arefolia leaves. They will let thee breathe underwater for a little while.""",“你應該到森林裡去拿一些阿瑞弗利亞葉子。它們會讓你在水下噴吐一會兒。”
SCRIPTSTRING_1409,"""Thou should come back when I'm not busy."" He then shoos you out of his little shack.",「我不忙的時候你就回來吧。」然後他把你趕出了他的小棚屋。
SCRIPTSTRING_1410,Warrior,戰士
SCRIPTSTRING_1411,Standing before you is a hearty warrior wearing battle-scarred armor and a big grin. You notice the gray shot through his black hair as he warmly welcomes you.,站在你面前的是一位身穿傷痕累累的盔甲、笑容滿面的熱血戰士。當他熱情地歡迎你時，你注意到他黑髮中的灰白光芒。
SCRIPTSTRING_1412,"""Well as I live and breathe! I'd thought I'd never see you again since the time we last parted ways.""",“好吧，我活著，噴吐著！自從我們上次分手以來，我以為我再也見不到你了。”
SCRIPTSTRING_1413,"""How about us getting together again?""\n\n",「我們再聚在一起怎麼樣？」\n\n
SCRIPTSTRING_1414,"""Well maybe you're right. I've got some sleeping to catch up on and then it's back to work.""",“好吧，也許你是對的。我要睡一會兒，然後就回去工作了。”
SCRIPTSTRING_1415,Zzzzzz,茲茲茲
SCRIPTSTRING_1416,You come upon a sleeping man under a tree. He awakens and jumps into a fighting stance in a blink of an eye. You are taken by surprise.,你在樹下遇到一個熟睡的人。他醒來，眨眼間就擺出了戰鬥姿態。你大吃一驚。
SCRIPTSTRING_1417,"""Sorry, but you can't be too careful,"" says the hearty fighter. ""Well how about it? Shall we team up again?""\n\n",「抱歉，但你不能太小心，」這位熱情的戰士說。 「怎麼樣？我們再組隊吧？」\n\n
SCRIPTSTRING_1418,"""It seems that you already have a full house. I get a little uncomfortable with too many people bogging the party down.""",“看來你們已經滿座了。太多人讓聚會陷入困境，我有點不舒服。”
SCRIPTSTRING_1419,"""Tell ya what, I'll wait here until you can trim your party to a more manageable size. I've got some sleeping to catch up on.""",「告訴你吧，我會在這裡等你，直到你能把你的隊伍精簡到更容易管理的規模。我要睡覺了。”
SCRIPTSTRING_1420,"""It's been a long time, eh, friends? How you ever knew the answer to that riddle was 'Iceberg', I'll never know. It's good to be back with old friends.""",「已經很久了，呃，朋友們？你怎麼知道這個謎語的答案是‘冰山’，我永遠不會知道。很高興能回到老朋友身邊。”
SCRIPTSTRING_1421,Runestones.,符石。
SCRIPTSTRING_1422,The ground seems well worn here.,這裡的地面看起來很破舊。
SCRIPTSTRING_1423,You are in the town of Ciera Brianna,您現在位於 Ciera Brianna 鎮
SCRIPTSTRING_1424,Forest Lawn,森林草坪
SCRIPTSTRING_1425,Hic Haven,希克避風港
SCRIPTSTRING_1426,Stagger Inn,交錯旅館
SCRIPTSTRING_1427,To the north,向北
SCRIPTSTRING_1428,\ you see the Wizard's Guild.\n,\你看到巫師公會。 \n
SCRIPTSTRING_1429,To the south,向南
SCRIPTSTRING_1430,\ you see a tavern.\n,\你看到一家小酒館。 \n
SCRIPTSTRING_1431,To the east,東
SCRIPTSTRING_1432,\ you see a temple.\n,\你看到一座寺廟。 \n
SCRIPTSTRING_1433,To the west,向西
SCRIPTSTRING_1434,\ is the King's castle.\n,\ 是國王的城堡。 \n
SCRIPTSTRING_1435,\ is the Sacred Grove.\n,\ 是神聖樹林。 \n
SCRIPTSTRING_1436,King's Court,國王法庭
SCRIPTSTRING_1437,King's Castle,國王的城堡
SCRIPTSTRING_1438,The party stands before the court of the King. Do you wish to speak to the King?\n\n,一行人站在國王的法庭前。你想和國王說話嗎？ \n\n
SCRIPTSTRING_1439,"The King, a white-haired elf, stands before you.\n\n""It is our pleasure to greet you. I know you are here to recover the Arrows of Life and Valarian's Bow.""",國王，一個白髮精靈，站在你面前。 \n\n“我們很高興迎接你。我知道你來這裡是為了奪回生命之箭和瓦拉里安之弓。”
SCRIPTSTRING_1440,"""But I cannot permit the desecration of his tomb until the land has been ridded of Tslotha Garnath. Bring me his head and I will allow you access to the Sacred Grove.""",“但在這片土地上除掉特斯洛薩·加納斯之前，我不能允許褻瀆他的墳墓。把他的頭給我帶來，我就允許你進入聖林。”
SCRIPTSTRING_1441,"""You may find this cursed one in the Festering Pit, an unholy place riddled with the filth from hell.""",“你可能會在潰爛坑里找到這個被詛咒的人，這是一個充滿地獄污穢的邪惡之地。”
SCRIPTSTRING_1442,"""Now be off! Take heed that Tslotha Garnath can only be killed with the Nightspear, a deadly weapon hidden in the top level of Valarian's Tower.""",“現在出發！注意，特斯洛薩·加納斯只能用夜矛殺死，夜矛是隱藏在瓦拉瑞安之塔頂層的致命武器。”
SCRIPTSTRING_1443,"The King gets up from his throne, looking very angry.\n\n""Bring me Tslotha's Head!"" he screams.",國王從王座上站起來，看起來很生氣。 \n\n「把特斯洛薩的頭拿來！」他尖叫起來。
SCRIPTSTRING_1444,"""Hail victors!"" the King shouts as he sees the proof of Tslotha's destruction.",「勝利者萬歲！」當國王看到特斯洛薩被毀滅的證據時大喊。
SCRIPTSTRING_1445,"""Your names will be sung in our land from now until forever for your bravery. You have rid us of Tslotha Garnath. Anyone who has done that is more than worthy of Valarian's relics.""",「從現在開始，我們的土地上將永遠歌頌你們的英勇事蹟。你們為我們除掉了特斯洛薩·加納斯。任何做到這一點的人都配得上瓦拉里安的遺物。”
SCRIPTSTRING_1446,"""Enjoy our hospitality, welcome guests!"" the King says.",「享受我們的熱情好客，歡迎客人！」國王說。
SCRIPTSTRING_1447,Sacred Grove,聖林
SCRIPTSTRING_1448,Sacred Grove.,聖林。
SCRIPTSTRING_1449,The entrance to the Sacred Grove is here. There is a sign nearby. It says...,聖林的入口就在這裡。附近有一個標誌。它說...
SCRIPTSTRING_1450,By proclamation of the King.\nOnly those who have proved themselves worthy may enter the Sacred Grove.,經國王宣布。 \n只有那些證明自己值得的人才能進入聖林。
SCRIPTSTRING_1451,"Since you're not worthy, I guess you can't enter. You'd better talk to the King about this.",既然你不配，我猜你進不去。這件事你最好和國王談談。
SCRIPTSTRING_1452,"You are at the entrance of the Sacred Grove. Since you are worthy, shall you enter?\n\n",您現在位於神聖樹林的入口處。既然你有資格，你就進來吧？ \n\n
SCRIPTSTRING_1453,Gelidia,石花菜屬
SCRIPTSTRING_1454,You are in the frozen wastes of Gelidia,你在傑利迪亞的冰凍荒原中
SCRIPTSTRING_1455,Outpost,前哨站
SCRIPTSTRING_1456,"The small hut holds the utter cold at bay, but the wind still whistles through small cracks, and the floor is covered with sparkling snowflakes.\n\n",小茅屋擋住了嚴寒，但風還是從縫隙裡呼嘯而過，地上鋪滿了晶瑩的雪花。 \n\n
SCRIPTSTRING_1457,"Seated at a desk you see the frozen body of a man, perhaps a half-elf. The weather has not been kind to him, and he is, in effect, mummified so you cannot tell how long he has been here.",坐在桌子旁，你看到一具冰凍的男人屍體，也許是半精靈。天氣對他來說不太好，而且他實際上已經木乃伊化了，所以你無法判斷他在這裡待了多久。
SCRIPTSTRING_1458,"Despite that confusion about his body's condition, however, the gold wristlets and circlet he wears are styled after the fashion thought over 1000 years old in your world.\n\n",儘管人們對他的身體狀況感到困惑，但他佩戴的金腕帶和金環是按照你們世界 1000 多年的時尚思想設計的。 \n\n
SCRIPTSTRING_1459,"On the desk you see, beneath a light dusting of snow, a book. Its pages are covered with a bold, flowing hand that, unfortunately, turned into weakened and trembling writing.",在桌子上，你看到一本書，上面覆蓋著一層薄薄的雪。它的書頁是用大膽、流暢的手寫的，不幸的是，它變成了虛弱和顫抖的文字。
SCRIPTSTRING_1460,Even a brief glance at it leaves you with the impression this was the dead man's diary.\n\n,即使只是簡單地看一眼，你也會覺得這是死者的日記。 \n\n
SCRIPTSTRING_1461,Shall you read the Diary?\n\n,你要讀日記嗎？ \n\n
SCRIPTSTRING_1462,A small outpost.,一個小前哨站。
SCRIPTSTRING_1463,You are in a small outpost.,你在一個小前哨站。
SCRIPTSTRING_1464,Found a snow-covered diary.,發現一本被雪覆蓋的日記。
SCRIPTSTRING_1465,You open the snow-covered diary and begin to read...,你打開被雪覆蓋的日記，開始閱讀…
SCRIPTSTRING_1466,Entry 1 ~\n,條目 1 ~\n
SCRIPTSTRING_1467,"""The battle goes poorly, but that is as I would have predicted it. This time we have no hero like Hawkslayer to bolster our militia.",「戰鬥進行得很糟糕，但這正如我所預料的那樣。這次我們沒有鷹殺手這樣的英雄來支持我們的民兵。
SCRIPTSTRING_1468,"The first invasion, as the songs sing, would have succeeded but for Lanatir's vast magics.\n\n",正如歌曲所唱的那樣，如果沒有拉納提爾強大的魔法，第一次入侵就會成功。 \n\n
SCRIPTSTRING_1469,"How cruel it is, then, that the invaders would have struck Lanatir down in their first attack. Without hero and god, how can we prevail?""",那麼，入侵者在第一次進攻中就將拉納提爾擊倒，這是多麼殘酷啊。沒有英雄和上帝，我們如何能夠勝利？ 」
SCRIPTSTRING_1470,Entry 2 ~\n,條目 2 ~\n
SCRIPTSTRING_1471,"""I agree with my brothers that none of the monsters will penetrate Lanatir's tomb, so his Sphere and the Wand of Power are safe until claimed by those capable of piercing our wards.",「我同意我的兄弟們的觀點，沒有任何怪物會穿透拉納提爾的墳墓，所以他的球體和力量魔杖是安全的，直到那些能夠穿透我們的守衛的人奪走為止。
SCRIPTSTRING_1472,"It was difficult in creating those wards, powerful magic created them and only the proper spells can destroy them.\n\n",創造這些結界很困難，強大的魔法創造了它們，只有正確的咒語才能摧毀它們。 \n\n
SCRIPTSTRING_1473,"Still, we do have hope that the foul armies swarming our verdant plains will not breach the castle and threaten Lanatir's sepulcher.""",儘管如此，我們還是希望那些湧入我們青翠平原的邪惡軍隊不會攻破城堡並威脅到拉納提爾的墳墓。 」
SCRIPTSTRING_1474,Entry 3 ~\n,條目 3 ~\n
SCRIPTSTRING_1475,"""Can it be true that I, Alendar, alone made it to this remote point?",「難道真的是我阿倫達爾一個人走到了這麼偏僻的地方嗎？
SCRIPTSTRING_1476,"A full dozen, we snuck through enemy lines and were prepared to cast a powerful spell designed to freeze our beloved home and destroy the dark ones.",我們總共有十幾個人，潛入敵人的防線，準備施展強大的咒語，旨在凍結我們心愛的家園並摧毀黑暗勢力。
SCRIPTSTRING_1477,"But that spell required at least four of us to cast safely. Can I do it alone? If so, at what cost?\n\nMy life means nothing, but will Gelidia be saved?""",但那個咒語至少需要我們四個人才能安全施展。我一個人可以做嗎？如果是這樣，代價是什麼？ \n\n我的生命毫無意義，但格莉迪亞能獲救嗎？ 」
SCRIPTSTRING_1478,Entry 4 ~ and in very weak writing.\n,第 4 條 ~ 文字非常薄弱。 \n
SCRIPTSTRING_1479,"""It is done, and I die in the storm summoned to kill my foes. So cold, so numbly cold... rest well, Lanatir.\n\nYour frozen home is my grave.""",「完成了，我死在被召喚去殺死我的敵人的風暴中。如此寒冷，如此麻木寒冷……好好休息，拉納提爾。\n\n你冰凍的家就是我的墳墓。”
SCRIPTSTRING_1480,"It appears, that was the last diary entry. There is no more...",看來，這是最後一篇日記了。沒有更多了...
SCRIPTSTRING_1481,"To the north, you see a great keep.",向北，你會看到一座宏偉的城堡。
SCRIPTSTRING_1482,Ice Keep,冰堡
SCRIPTSTRING_1483,You are at the entryway of a great ice keep.\nDo you wish to enter?,您正位於一座巨大冰堡的入口處。 \n您想進入嗎？
SCRIPTSTRING_1484,\nYou are freezing!,\n你凍壞了！
SCRIPTSTRING_1485,Lucencia,盧森西亞
SCRIPTSTRING_1486,You are in Lucencia,你在盧森西亞
SCRIPTSTRING_1487,Celaria Bree,獅子山瑞
SCRIPTSTRING_1488,White Bush,白布希
SCRIPTSTRING_1489,There is a rose bush here. Do you want to pick a rose?\n\n,這裡有一片玫瑰叢。你想摘一朵玫瑰嗎？ \n\n
SCRIPTSTRING_1490,White Rose bush.,白玫瑰叢。
SCRIPTSTRING_1491,Blue Bush,藍色布希
SCRIPTSTRING_1492,Blue Rose bush.,藍色玫瑰叢。
SCRIPTSTRING_1493,Red Bush,紅布希
SCRIPTSTRING_1494,Red Rose bush.,紅玫瑰叢。
SCRIPTSTRING_1495,Yellow Bush,黃布希
SCRIPTSTRING_1496,Yellow Rose bush.,黃玫瑰叢。
SCRIPTSTRING_1497,This rose bush doesn't seem to have any roses.,這叢玫瑰叢裡似乎沒有玫瑰。
SCRIPTSTRING_1498,Rainbow Rose bush.,彩虹玫瑰叢。
SCRIPTSTRING_1499,"{0} waters the bush, but nothing seems to happen.",{0}給灌木叢澆水，但似乎什麼事也沒發生。
SCRIPTSTRING_1500,"{0} waters the bush, and it seems to grow a little.",{0}給灌木叢澆水，它似乎長大了一點。
SCRIPTSTRING_1501,The blood of the dragon is having a strange effect on the rosebush.,龍之血對玫瑰叢產生了奇怪的效果。
SCRIPTSTRING_1502,You are in a decrepit tower. Do you wish to enter?\n\n,你在一座破舊的塔樓裡。您想進入嗎？ \n\n
SCRIPTSTRING_1503,Cyanis' Tower,賽尼斯之塔
SCRIPTSTRING_1504,Tomb,墓
SCRIPTSTRING_1505,Stairs rise up into Alliria's Tomb. Do you wish to enter?\n\n,樓梯上升至艾莉莉亞之墓。您想進入嗎？ \n\n
SCRIPTSTRING_1506,Alliria's Tomb,艾莉莉亞之墓
SCRIPTSTRING_1507,Mountain,山
SCRIPTSTRING_1508,Violet Mountain,紫羅蘭山
SCRIPTSTRING_1509,You are at the base of a Violet Mountain. Do you wish to climb it?\n\n,你正處於紫羅蘭山的山腳下。你想爬上去嗎？ \n\n
SCRIPTSTRING_1510,To the North,向北
SCRIPTSTRING_1511,\ is the majestic Violet Mountain. You can feel the dragon's presence from here.,\ 就是雄偉的紫羅蘭山。從這裡你就能感受到龍的存在。
SCRIPTSTRING_1512,You are in the town of Celaria Bree,你現在在塞拉里亞布里鎮
SCRIPTSTRING_1513,Alliria,阿利裡亞
SCRIPTSTRING_1514,Cheers,乾杯
SCRIPTSTRING_1515,\ you see the Bard's Hall.\n,\你看到吟遊詩人大廳。 \n
SCRIPTSTRING_1516,Nowhere,無所不在
SCRIPTSTRING_1517,You are nowhere,你無處可去
SCRIPTSTRING_1518,Black Scar,黑色疤痕
SCRIPTSTRING_1519,Gooey Stuff,黏糊糊的東西
SCRIPTSTRING_1520,Tar Quarry.,焦油採石場。
SCRIPTSTRING_1521,You are on the outskirts of a huge tar pit. Do you wish to explore it?\n\n,你正處於一個巨大的焦油坑的邊緣。你想探索它嗎？ \n\n
SCRIPTSTRING_1522,Canyon,峽谷
SCRIPTSTRING_1523,Shadow Canyon.,暗影峽谷。
SCRIPTSTRING_1524,You stand before a great canyon. Do you wish to enter it?\n\n,你站在一個大峽谷前。您想輸入嗎？ \n\n
SCRIPTSTRING_1525,Copse,樹林
SCRIPTSTRING_1526,Dark Copse.,黑暗的小樹林。
SCRIPTSTRING_1527,You are at the edge of a dense forest. Do you wish to enter it?\n\n,你正處於茂密森林的邊緣。您想輸入嗎？ \n\n
SCRIPTSTRING_1528,You seem to be in the middle of Nowhere.,你似乎正處於荒無人煙的地方。
SCRIPTSTRING_1529,You see a door laid on the ground. There doesn't appear to be a way to open it.,你看到地上有一扇門。似乎沒有辦法打開它。
SCRIPTSTRING_1530,Magic Door,魔法門
SCRIPTSTRING_1531,You see a hole in the ground.,你看到地上有一個洞。
SCRIPTSTRING_1532,\nDo you wish to jump in?,\n你想跳進去嗎？
SCRIPTSTRING_1533,Sceadu Demens,斯卡杜·德門斯
SCRIPTSTRING_1534,{0} places the door on the ground.,{0}將門放在地上。
SCRIPTSTRING_1535,{0} inserts the lock in the door.,{0}將鎖插入門中。
SCRIPTSTRING_1536,The door springs open!,門突然打開了！
SCRIPTSTRING_1537,Dark Copse,黑暗叢林
SCRIPTSTRING_1538,You are in the Dark Copse,你在黑暗的叢林裡
SCRIPTSTRING_1539,This forest is extremely dry. A drought has taken its toll on these once healthy trees.,這片森林極為乾燥。乾旱對這些曾經健康的樹木造成了傷害。
SCRIPTSTRING_1540,You are near the edge of the Dark Copse.,你已經接近黑暗叢林的邊緣了。
SCRIPTSTRING_1541,\nDo you wish to leave it?,\n你想離開它嗎？
SCRIPTSTRING_1542,"Amid the ashes of the burned forest, a black door rests on the soot and appears to have no real form.\n\n",在被燒毀的森林的灰燼中，一扇黑色的門擱在煙灰上，似乎沒有真實的形狀。 \n\n
SCRIPTSTRING_1543,Found 'Shadow Door'.,找到「影子門」。
SCRIPTSTRING_1544,"{0} waters the tree, but nothing seems to happen.",{0}給樹澆水，但似乎什麼事也沒發生。
SCRIPTSTRING_1545,"{0} waters the tree, and it seems to grow a little.",{0}給樹澆水，它似乎長大了一點。
SCRIPTSTRING_1546,The hot tar ignites the tree into a fury of flame!,滾燙的焦油將樹點燃成熊熊火焰！
SCRIPTSTRING_1547,You are in the town of Black Scar,你在黑疤鎮
SCRIPTSTRING_1548,Twilight Temple,暮光寺
SCRIPTSTRING_1549,Tavern,酒館
SCRIPTSTRING_1550,\ you see a Bard's Hall.\n,\你看到吟遊詩人大廳。 \n
SCRIPTSTRING_1551,You are at the gateway of Black Scar Towne. This town reeks of evil.,你已經到了黑疤鎮的門口了。這個小鎮充滿了邪惡的氣息。
SCRIPTSTRING_1552,"This place feels very strange. The darkness is palpable, as if almost alive, and it hungers for your flesh.",這個地方感覺很奇怪。黑暗觸手可及，彷彿還活著，它渴望著你的肉體。
SCRIPTSTRING_1553,"A Magic Mouth appears and says...\n\n""White bones and bright blood, life very frail...\nBe wary, Mortals, indeed you shall fail...""",一張魔嘴出現並說道……\n\n“白骨和明亮的血液，生命非常脆弱……\n小心，凡人，你們確實會失敗……”
SCRIPTSTRING_1554,"""Tslotha Garnath knows but one fear...\nHis life is absorbed with the Nightspear!""",“特斯洛薩·加納斯只知道一種恐懼……\n他的生命被夜矛所吸收！”
SCRIPTSTRING_1555,"A Magic Mouth appears and says:\n""White bones and bright blood, life very frail. Be wary, Mortals, indeed you shall fail. Tslotha Garnath knows but one fear:\nHis life is absorbed with the Nightspear!""",魔嘴出現並說道：\n“白色的骨頭和明亮的血液，生命非常脆弱。要小心，凡人，你確實會失敗。特斯洛薩·加納斯只知道一個恐懼：\n他的生命被夜矛吸收了！”
SCRIPTSTRING_1556,"A chill raises the hairs on the back of your neck, but you realize it is not a physical cold. The evil in this place seeps through your flesh and worms its icy way into your bones.",寒冷會讓你脖子後面的汗毛豎起來，但你意識到這不是身體上的感冒。這個地方的邪惡滲透進你的肉體，並以冰冷的方式鑽進你的骨頭。
SCRIPTSTRING_1557,"The party has entered the throne room of Tslotha Garnath.\n\n""Mortal Fools, You have blundered into your deaths!""\n\nYou see",隊伍已經進入了 Tslotha Garnath 的王座室。 \n\n「愚蠢的傢伙，你們已經誤入死亡！」\n\n你看
SCRIPTSTRING_1558,"""Cowards! Fight to the death!"" screams Tslotha as the party bravely ran away.",「懦夫！你死我活！」當隊伍勇敢地逃跑時，特斯洛薩尖叫。
SCRIPTSTRING_1559,The party has killed Tslotha Garnath!,該黨殺死了特斯洛薩·加納斯！
SCRIPTSTRING_1560,"However, a great flash of light erupts from the lifeless body!",然而，那死氣沉沉的身體卻爆發出了巨大的光芒！
SCRIPTSTRING_1561,"Gee, this guy isn't easy to kill.\nYou once again face",哎呀，這傢伙可不好殺。 \n你再次面對
SCRIPTSTRING_1562,"The light is absorbed by the Nightspear, trapping Tslotha's evil soul within its darkness forever!",光芒被夜矛吸收，將特斯洛薩的邪惡靈魂永遠困在黑暗之中！
SCRIPTSTRING_1563,The dead body of Tslotha Garnath is here. The head would be perfect proof of his death.\n\n,特斯洛薩·加納斯的屍體就在這裡。頭顱將是他死亡的完美證據。 \n\n
SCRIPTSTRING_1564,The headless body of Tslotha Garnath is here. His heart seems to have an inner glow as if it will not die.\n\n,Tslotha Garnath 的無頭屍體就在這裡。他的心似乎有一種內在的光芒，彷彿不會死。 \n\n
SCRIPTSTRING_1565,The carcass of Tslotha Garnath is here and it sure smells pretty bad.,特斯洛薩·加納斯的屍體就在這裡，聞起來確實很臭。
SCRIPTSTRING_1566,Palace,宮殿
SCRIPTSTRING_1567,"The Palace's beauty has been washed out by the centuries beneath the water, but its majesty is undiminished. The water is dark, yet warm, and you -- an air breather -- feel curiously welcome.",宮殿的美麗已經被水淹沒了幾個世紀，但它的威嚴絲毫沒有減弱。水是黑色的，但溫暖，而你——一個噴吐空氣的人——感到奇怪的受歡迎。
SCRIPTSTRING_1568,Bubbling up through a hole in the floor is a glowing stream of water that fills the room. Your spirits feel joyful and the pains of recent combat are forgotten. Such is the nature of the Life Spring.,一股發光的水流從地板上的一個洞裡冒出來，充滿了整個房間。你的精神感到愉悅，最近戰鬥的痛苦都被忘記了。這就是生命之泉的本質。
SCRIPTSTRING_1569,{0} collects some of the magical water.,{0}收集了一些魔法水。
SCRIPTSTRING_1570,\nYou are drowning!,\n你快淹死了！
SCRIPTSTRING_1571,{0} casts Gilles Gills - and now the party can breathe underwater!,{0}聘請吉爾斯吉爾斯 (Gilles Gills) - 現在隊伍可以在水下噴吐了！
SCRIPTSTRING_1572,Valarian's Tower,瓦拉里安之塔
SCRIPTSTRING_1573,"Beyond the shattered door you see a floor littered with dust and dry leaves. You see some signs of small animals, but, beyond that, you see no signs of normal life.",透過破碎的門，你可以看到地板上散落著灰塵和乾樹葉。你會看到一些小動物的跡象，但除此之外，你看不到正常生命的跡象。
SCRIPTSTRING_1574,"An old tapestry adorns the wall here, it depicts a beautiful castle underneath a lake.",這裡的牆上裝飾著一幅古老的掛毯，描繪了湖下一座美麗的城堡。
SCRIPTSTRING_1575,"Something here feels wrong. You sense the tower has been violated and, while you are not the offending party, you will share in the tower's wrath.",這裡感覺有些不對勁。你感覺到塔樓被侵犯了，雖然你不是冒犯者，但你會分擔塔樓的憤怒。
SCRIPTSTRING_1576,The Water of Life has many regenerative powers.,生命之水俱有許多再生能力。
SCRIPTSTRING_1577,"This level shows fewer signs of neglect, yet talon-slashes through bright murals suggest something has contemptuously desecrated Valarian's private demesne.",這一層沒有太多被忽視的跡象，但明亮的壁畫上的爪子划痕表明有東西輕蔑地褻瀆了瓦拉里安的私人領地。
SCRIPTSTRING_1578,You see a huge oak tree supporting a large stone disk.,你看到一棵巨大的橡樹支撐著一個大石盤。
SCRIPTSTRING_1579,A round portal blocks your way into the central core. On the massive stone disk you see a carving of an oak tree holding a similar disk up.\n\n,一個圓形的傳送門擋住了你進入中央核心的道路。在巨大的石盤上，您可以看到一棵橡樹的雕刻，上面托著一個類似的石盤。 \n\n
SCRIPTSTRING_1580,You see an acorn sized hole in the ground.,你會看到地上有一個橡子大小的洞。
SCRIPTSTRING_1581,You see an acorn planted here.,你看到這裡種著一顆橡實。
SCRIPTSTRING_1582,{0} plants the Acorn.,{0}種植橡子。
SCRIPTSTRING_1583,"{0} waters the acorn, but nothing seems to happen.",{0}給橡子澆水，但似乎什麼事也沒發生。
SCRIPTSTRING_1584,"The acorn, saturated with the Water of Life, bursts into verdant action and a seedling rises up like Atlas, lifting the disk up and letting you pass freely.",浸透了生命之水的橡子突然綻放出翠綠的氣息，一顆幼苗像阿特拉斯一樣升起，抬起圓盤，讓你自由通過。
SCRIPTSTRING_1585,Seek the Water of Life in the Crystal Palace.,在水晶宮尋找生命之水。
SCRIPTSTRING_1586,"This level appears inviolate, which you should take as little consolation. Instead of fearing the beasts lurking below, you now face whatever has kept them from this level in the first place.",這個水平看起來是不可侵犯的，你應該對此感到一點安慰。現在你不再害怕潛伏在下面的野獸，而是先面對那些阻止它們進入這一層的一切。
SCRIPTSTRING_1587,"Hidden away in this secret closet you see the gleaming Nightspear. No lights reflect from it, and the black metal looks like a slice from the starry night sky.\n\n",在這個秘密衣櫥裡，你可以看到閃閃發光的夜矛。它沒有反射任何光線，黑色金屬看起來就像是星空夜空的切片。 \n\n
SCRIPTSTRING_1588,Found 'Nightspear'.,找到「夜矛」。
SCRIPTSTRING_1589,"Two emotions thread the Sacred Grove. Despite the autumnal coloring, you feel life and peace here. Beneath that, though, a bitter taste of evil fills the air. The Grove has been invaded!",兩種情緒貫穿聖林。儘管已是秋日的色彩，但在這裡你仍能感受到生機與寧靜。然而，在這之下，空氣中瀰漫著邪惡的苦澀味道。格羅夫被入侵了！
SCRIPTSTRING_1590,The archway to the elven city is here. Do you wish to leave the grove?\n\n,通往精靈城的拱門就在這裡。你想離開樹林嗎？ \n\n
SCRIPTSTRING_1591,"Through the gilded bars of the door between you and the tomb entrance, you see the flickering eternal flame. In its blue-white light you see writing on the walls within.",透過你和墳墓入口之間的鍍金門閂，你可以看到閃爍的永恆火焰。在藍白色的光線下，你可以看到裡面牆壁上的文字。
SCRIPTSTRING_1592,There is a bowl in a cavity in Valarian's chest.,瓦拉里安胸口的空腔裡有一個碗。
SCRIPTSTRING_1593,Small tubes jut out of the rim of the bowl.,小管子從碗的邊緣伸出。
SCRIPTSTRING_1594,There is a heart in the bowl.,碗裡有一顆心。
SCRIPTSTRING_1595,"There is a living, beating heart in the bowl.",碗裡有一顆活生生的、跳動的心臟。
SCRIPTSTRING_1596,The door to the tomb looks like Valarian himself standing tall. The words beside the tomb read:,墳墓的門看起來就像瓦拉里安本人高高地站著。墓旁刻著這樣的字：
SCRIPTSTRING_1597,"""In life my heart knew but one ache, one task undone. Heal that pain so I may rest, and what is mine is yours.""",「在生活中，我的心只知道一種疼痛，一項未完成的任務。治愈這種痛苦，這樣我就可以休息了，我的就是你的。”
SCRIPTSTRING_1598,The eternal flame bursts forth in a beautiful blue display which dazzles the eye.,永恆的火焰爆發出美麗的藍色，令人眼花撩亂。
SCRIPTSTRING_1599,"Unfortunately, it also singed your hair. You seem to be well done.",不幸的是，它也燒焦了你的頭髮。看來你做得很好。
SCRIPTSTRING_1600,Valarian's burial chamber appears to be intact. Murals depicting his valiant deeds cover the walls of his resting place.,瓦拉里安的墓室似乎完好無損。他安息之地的牆壁上覆蓋著描繪他英勇事蹟的壁畫。
SCRIPTSTRING_1601,The bow that once belonged to the great Valarian is here.\n\n,曾經屬於偉大的瓦拉里安的弓就在這裡。 \n\n
SCRIPTSTRING_1602,Found 'Valarian's Bow'.,找到「瓦拉里安之弓」。
SCRIPTSTRING_1603,The quiver of arrows that Valarian once fought his battles with are here.\n\n,瓦拉里安曾經用來戰鬥的箭袋就在這裡。 \n\n
SCRIPTSTRING_1604,Found 'Arrows of Life'.,找到「生命之箭」。
SCRIPTSTRING_1605,The heart of Tslotha Garnath is in the bowl.,Tslotha Garnath 的心臟就在碗裡。
SCRIPTSTRING_1606,{0} places the heart in the bowl.,{0}將心放入碗中。
SCRIPTSTRING_1607,"{0} waters the heart, but nothing seems to happen.",{0}心如止水，但似乎什麼事都沒有發生。
SCRIPTSTRING_1608,"The beating heart of Tslotha Garnath is in the bowl, pumping fluids.",Tslotha Garnath 跳動的心臟位於碗中，並泵送液體。
SCRIPTSTRING_1609,"The heart, invigorated by the Water of Life, begins pumping fluid through the little tubes attached to the bowl.",心臟在生命之水的滋潤下，開始透過連接在碗上的小管泵送液體。
SCRIPTSTRING_1610,White Tower,白塔
SCRIPTSTRING_1611,"Inch thick sheets of ice coat the tower walls. Stone carvings, barely visible beneath the icy sheath, remind you of the splendor that once was Castle Lanatir.",塔壁上覆蓋著一吋厚的冰層。冰冷的外殼下幾乎看不見的石雕讓您想起拉納提爾城堡曾經的輝煌。
SCRIPTSTRING_1612,"There is a passageway here, going down. Do you wish to take it?\n\n",這裡有個通道，往下走。你想接受嗎？ \n\n
SCRIPTSTRING_1613,"There are stairs that continue up into the highest levels, or down to towards the exit.\nWhat would you like to do?",有樓梯可以繼續往上到達最高層，或是往下到達出口。 \n您想做什麼？
SCRIPTSTRING_1614,Up,向上
SCRIPTSTRING_1615,Down,向下
SCRIPTSTRING_1616,Stay,住宿
SCRIPTSTRING_1617,"Light shimmers over the ice on the north wall and reveals a brightly painted mural. It features a young Hawkslayer and a dozen baleful creatures locked in mortal combat. The painting is old in style, yet no less beautiful for it.",光線在北牆上的冰上閃爍，露出一幅色彩鮮豔的壁畫。它的主角是一名年輕的鷹殺手和十幾個陷入殊死搏鬥的邪惡生物。這幅畫風格古老，但美麗程度絲毫不減。
SCRIPTSTRING_1618,"There are stairs here that lead higher into the tower, or back down to the exit.\nWhat would you like to do?",這裡有樓梯可以通往更高的塔樓，或向下通往出口。 \n你想做什麼？
SCRIPTSTRING_1619,"Shattered ice on the wall reveals a small carving that reads: Cala and Hawkslayer, New Age, Anno Uno and eternity.",牆上的碎冰露出了一個小雕刻，上面寫著：卡拉和鷹手、新時代、紀元和永恆。
SCRIPTSTRING_1620,"A small crib is here. Engraved in a heart shaped border is ""Hawkslayer and Cala"" and underneath this emblem is the name ""Utor""",這裡有一個小嬰兒床。心形邊框上刻有“Hawkslayer 和 Cala”，徽章下方刻有“Utor”的名字
SCRIPTSTRING_1621,The rime crusted walls are a perfect example of antique architecture long since lost to the world you call home. The frozen beauty of this tower is a priceless treasure you will carry with you always.,結霜的牆壁是古董建築的完美典範，早已消失在您稱之為家的世界中。這座塔的冰凍之美是您永遠隨身攜帶的無價之寶。
SCRIPTSTRING_1622,"In a flash of brilliant white light, the party comes face to face with the keepers of the white tower.",一道耀眼的白光閃過，一行人與白塔的守護者面對面。
SCRIPTSTRING_1623,You see,你看
SCRIPTSTRING_1624,"""Chickens, fight like men!!"" says a white wizard.",「雞們，像男人一樣戰鬥吧！！」一位白巫師說。
SCRIPTSTRING_1625,On a small pedestal that was once guarded by the White Wizards is a Crystal Lens.\n\n,在曾經由白巫師看守的一個小基座上有一個水晶透鏡。 \n\n
SCRIPTSTRING_1626,Found 'Crystal Lens'.,找到“水晶鏡片”。
SCRIPTSTRING_1627,Several bodies are stacked here and they look like they have been run through a food processor.,幾具屍體堆在這裡，看起來像是經過食品加工機處理過的。
SCRIPTSTRING_1628,Grey Tower,灰塔
SCRIPTSTRING_1629,"This grey tower has an odd feel to it. Ice fills it, yet here has an ethereal aspect. It does seem, curiously, as if the ice is here only because the tower does not take notice of it.",這座灰色的塔給人一種奇怪的感覺。裡面充滿了冰，但這裡卻有一種空靈的感覺。奇怪的是，冰之所以在這裡，似乎只是因為塔沒有註意到它。
SCRIPTSTRING_1630,"There is a passageway here, going down. Do you wish to take it?",這裡有個通道，往下走。你想接受嗎？
SCRIPTSTRING_1631,"This level feels odd because the walls warp and change. The light wavers and dims, making you unsure of everything you see.",這個關卡感覺很奇怪，因為牆壁會變形和變化。光線忽隱忽現，讓你對所看到的一切都不確定。
SCRIPTSTRING_1632,"This level's icy chill seeps deep in through your flesh and sucks the warmth from your bones. It feels almost alive, and malevolent. The dark miasma leeches your courage away and leaves you very uneasy.",這一層的冰冷深入你的肉體，吸走你骨頭的溫暖。感覺幾乎還活著，而且充滿惡意。黑暗的瘴氣會吸走你的勇氣，讓你感到非常不安。
SCRIPTSTRING_1633,"Broken cross is the goal, yet hidden it doth be. Through the flaw egress is won, but peril is not lost. Win the lens, one third your prize, but at what cost?",破碎的十字架是目標，但它確實是隱藏的。透過缺陷，可以逃脫，但不會失去危險。贏得鏡頭，三分之一的獎金，但代價是什麼？
SCRIPTSTRING_1634,"In a flash of dim grey light, the party comes face to face with the keepers of the grey tower.",在一道昏暗的灰色光芒中，一行人與灰色塔的守護者面對面。
SCRIPTSTRING_1635,"""Chickens!! Fight like men!!"" shouts a grey wizard.",「雞！！像男人一樣戰鬥！！」一個灰色巫師大喊。
SCRIPTSTRING_1636,On a small pedestal that was once guarded by the Grey Wizards is a Smokey Lens.\n\n,在曾經由灰巫師守衛的一個小基座上有一個煙熏透鏡。 \n\n
SCRIPTSTRING_1637,Found 'Smokey Lens'.,找到“煙熏鏡頭”。
SCRIPTSTRING_1638,Several bodies are stacked here and they look like they have been run through La Machine.,幾具屍體堆在這裡，看起來就像是被機器運轉過。
SCRIPTSTRING_1639,Black Tower,黑塔
SCRIPTSTRING_1640,"You know it seems mad, and you can sense things in the darkness, but you see nothing, absolutely not a thing, making up the foundation of the Black Tower!",你知道這看起來很瘋狂，你可以感應到黑暗中的東西，但你什麼也看不見，絕對沒有任何東西構成了黑塔的基礎！
SCRIPTSTRING_1641,"Again you see a level without visible barriers, but you feel this place is not as formless as the level below. You do know evil dwells in its black heart.",你再次看到一個沒有明顯障礙的樓層，但你感覺這個地方並不像下面的樓層那麼無形。你確實知道邪惡住在它的黑色內心。
SCRIPTSTRING_1642,"As you climb higher in the Black Tower, the fabric of reality, though twisted and weird, becomes stronger. Chittering howls and gibbering laughter echoes throughout the void you now face.",當你在黑塔中爬得更高時，現實的結構雖然扭曲而怪異，但卻變得更強大。嘰嘰喳喳的嚎叫和胡言亂語的笑聲在你現在面對的虛空中迴響。
SCRIPTSTRING_1643,"As you step into this area, you see a vision of a dark circle eclipsing a scarlet moon. The moon vanishes, and the dark disk pulses with vibrant and ebon power.",當你踏入這個區域時，你會看到一個黑圈遮住了猩紅的月亮。月亮消失了，黑暗的圓盤閃爍著充滿活力的黑檀之力。
SCRIPTSTRING_1644,"In the darkest part of the room, the party comes face to face with the keepers of the black tower.",在房間最黑暗的地方，一行人與黑塔的守護者面對面。
SCRIPTSTRING_1645,"""Chickens!! Fight like men!!"" shouts a black wizard.",「雞！！像男人一樣戰鬥！！」一個黑巫師大喊。
SCRIPTSTRING_1646,On a small pedestal that was once guarded by the Black Wizards is a Black Lens.\n\n,在曾經由黑巫師看守的一個小基座上有一個黑色透鏡。 \n\n
SCRIPTSTRING_1647,Found 'Black Lens'.,發現“黑鏡片”。
SCRIPTSTRING_1648,Several bodies are stacked here and they look like they have been run through a garbage disposal.,這裡堆放著幾具屍體，看起來像是垃圾處理場處理過的。
SCRIPTSTRING_1649,Ice Dungeon,冰雪地下城
SCRIPTSTRING_1650,A stairway leads up to the Ice Keep.,一條樓梯通往冰堡。
SCRIPTSTRING_1651,A stairway leading up to the Ice Keep is here. Do you wish to take it?\n\n,這裡有通往冰堡的樓梯。你想接受嗎？ \n\n
SCRIPTSTRING_1652,"Unlike the rest of the castle, the dungeon gives mute evidence of the invasion's fierce fighting. Debris is scattered about and bodies lie encased in icy coffins.",與城堡的其他部分不同，地下城提供了入侵者激烈戰鬥的無聲證據。碎片散落一地，屍體被裝在冰冷的棺材裡。
SCRIPTSTRING_1653,"Dead creatures litter the floor here, and your skin crawls with the overwhelming sense of latent magic.",死去的生物散落在地板上，你的皮膚因潛在魔法的壓倒性感覺而爬行。
SCRIPTSTRING_1654,"A sign reads:\nHere lies Lanatir, last guardian of all magics. Only in the name of his blood may you enter.",一塊牌子上寫著：\n這裡長眠著拉納提爾，所有魔法的最後守護者。只有以他的血的名義你才可以進入。
SCRIPTSTRING_1655,What will you say?\n\n,你會說什麼？ \n\n
SCRIPTSTRING_1656,CALA,卡拉
SCRIPTSTRING_1657,UTOR,烏托爾
SCRIPTSTRING_1658,Nothing happened,什麼也沒發生
SCRIPTSTRING_1659,A door appears.,一扇門出現。
SCRIPTSTRING_1660,"Radiating with an inner glow all its own, Lanatir's Wand of Power gives an aura of incredible power.\n\n",拉納提爾的力量魔杖本身散發著內在的光芒，給人一種難以置信的力量光環。 \n\n
SCRIPTSTRING_1661,Found 'Wand of Power'.,找到「力量魔杖」。
SCRIPTSTRING_1662,"Warm to the touch, the Sphere of Lanatir seems to want to be used in the name of Good.\n\n",拉納提爾球體摸起來很溫暖，似乎想以善良的名義使用。 \n\n
SCRIPTSTRING_1663,Found 'Sphere of Lanatir'.,找到「拉納提爾球體」。
SCRIPTSTRING_1664,"A stone guardian asks the party:\n\n""Speak your name, defender, and pass a friend.""",一名石頭守護者要求隊伍：\n\n“說出你的名字，守護者，並傳遞一位朋友。”
SCRIPTSTRING_1665,ALENDAR,阿倫達
SCRIPTSTRING_1666,HAWKSLAYER,鷹殺手
SCRIPTSTRING_1667,Nothing happens.,什麼也沒發生。
SCRIPTSTRING_1668,"The solid, ice-laden walls of this massive castle help hold the savage storm outside. Even so, the keep is not warm and the danger of frosty death stays with you even here.",這座巨大城堡堅固的、覆蓋著冰的牆壁有助於抵禦外面的猛烈風暴。即便如此，要塞並不溫暖，即使在這裡，凍死的危險仍然伴隨著你。
SCRIPTSTRING_1669,"There is a passageway here, going up. Do you wish to take it?\n\n",這裡有個通道，往上走。你想接受嗎？ \n\n
SCRIPTSTRING_1670,There is a passageway here to the White Tower.,這裡有一條通往白塔的通道。
SCRIPTSTRING_1671,"Scrawled on the wall you see:\n\nLift the veil,\nThen counter it,\nFalse door frees,\nTrue door.",你看到的牆上潦草地寫著：\n\n揭開面紗，\n然後對抗它，\n假門被釋放，\n真門。
SCRIPTSTRING_1672,"A shimmering magical curtain that looks very much like an Aurora Borealis, shifts and sways between you and a doorway.",閃閃發光的魔法窗簾，看起來非常像北極光，在您和門口之間移動和搖擺。
SCRIPTSTRING_1673,The magical curtain dissipates into a light mist.,魔法布幕消散成淡淡的霧氣。
SCRIPTSTRING_1674,My 'Phase-Door' spell was absorbed.,我的‘相位門’咒語被吸收了。
SCRIPTSTRING_1675,My 'Levitation' spell was absorbed.,我的『懸浮』咒語被吸收了。
SCRIPTSTRING_1676,The magic has been absorbed by the curtain.,魔力已經被帷幕吸收了。
SCRIPTSTRING_1677,My 'Anti-Magic' spell was absorbed.,我的‘反魔法’咒語被吸收了。
SCRIPTSTRING_1678,There is a passageway here to the Grey Tower.,這裡有一條通往灰塔的通道。
SCRIPTSTRING_1679,"Scrawled on the wall you see:\n\nWolf to sate hunger,\nA hero true, but not one at all,\nFocus its attention,\nbut better not be seen at all.",你會看到牆上潦草地寫著：\n\n狼來充飢，\n英雄是真實的，但根本不是英雄，\n集中它的注意力，\n但最好根本不被發現。
SCRIPTSTRING_1680,"Between you and the doorway beyond, you see an opalescent, hulking creature with four arms and three eyes.",在你和遠處的門口之間，你看到一個乳白色的巨大生物，有四隻手臂和三隻眼睛。
SCRIPTSTRING_1681,The creature fades away into nothingness.,生物逐漸消失，化為虛無。
SCRIPTSTRING_1682,My 'Invisibility' spell was absorbed.,我的‘隱形’咒語被吸收了。
SCRIPTSTRING_1683,My 'Instant Wolf' spell was absorbed.,我的‘速狼’咒語被吸收了。
SCRIPTSTRING_1684,The magic has been absorbed by the creature.,魔法已被該生物吸收。
SCRIPTSTRING_1685,My 'Wind Hero' spell was absorbed.,我的‘風英雄’魔法被吸收了。
SCRIPTSTRING_1686,My 'Force Focus' spell was absorbed.,我的『原力集中』咒語被吸收了。
SCRIPTSTRING_1687,There is a passageway here to the Black Tower.,這裡有一條通往黑塔的通道。
SCRIPTSTRING_1688,"Scrawled on the wall you see:\n\nBright light,\nLoud thunder,\nWhispered terror term,\nFlaming guide to lead the way,\nJoin the wall,\nThen no one will be the wall.",你看到的牆上潦草地寫著：\n\n明亮的光芒，\n響亮的雷聲，\n低聲恐怖的術語，\n火焰引導帶路，\n加入牆壁，\n然後沒有人會成為牆壁。
SCRIPTSTRING_1689,"A glistening black wall blocks the east wall and cuts off ingress to what you believe, from what you have seen outside, must be the Black Tower.",一堵閃閃發光的黑牆擋住了東牆，切斷了通往黑塔的入口，你相信，從外面看到的，一定是黑塔。
SCRIPTSTRING_1690,The wall crumbles into a fine powder.,牆壁碎成細粉。
SCRIPTSTRING_1691,My 'Spell Bind' spell was absorbed.,我的『法術束縛』法術被吸收了。
SCRIPTSTRING_1692,My 'Mage Flame' spell was absorbed.,我的『魔法火焰』法術被吸收了。
SCRIPTSTRING_1693,My 'Lesser Revelation' spell was absorbed.,我的「小啟示」咒語被吸收了。
SCRIPTSTRING_1694,My 'Greater Revelation' spell was absorbed.,我的『偉大啟示』咒語被吸收了。
SCRIPTSTRING_1695,The magic has been absorbed by the wall.,魔力已經被牆壁吸收了。
SCRIPTSTRING_1696,My 'Shock Sphere' spell was absorbed.,我的‘震波球’法術被吸收了。
SCRIPTSTRING_1697,My 'Word Of Fear' spell was absorbed.,我的「恐懼之言」咒語被吸收了。
SCRIPTSTRING_1698,My 'Summon Elemental' spell was absorbed.,我的‘召喚元素’法術被吸收了。
SCRIPTSTRING_1699,A passageway that leads down to unknown depths is here. Do you wish to take it?\n\n,這裡有一條通往未知深處的通道。你想接受嗎？ \n\n
SCRIPTSTRING_1700,"A slab of white marble fits flush into the floor. A gold plug sits in the center of it, and reeks of magic.",一塊白色大理石板與地板齊平。一個金插頭位於它的中心，散發出魔法的氣味。
SCRIPTSTRING_1701,Light from above falls directly onto the disk from a silver disk in the ceiling.,上方的光線從天花板上的銀色圓盤直接照射到圓盤上。
SCRIPTSTRING_1702,Carved in stone are three overlapping circles with each arrow pointing towards the castle's towers.,石頭上刻著三個重疊的圓圈，每個箭頭都指向城堡的塔樓。
SCRIPTSTRING_1703,"Carved into the stone, above the gold disk, you see three overlapping circles. One arrow points from each circle toward the castle's towers.",刻在石頭上，在金盤上方，你可以看到三個重疊的圓圈。每個圓圈都有一個箭頭指向城堡的塔樓。
SCRIPTSTRING_1704,The crystal circle is,水晶圈是
SCRIPTSTRING_1705,empty,空的
SCRIPTSTRING_1706,occupied,被佔領
SCRIPTSTRING_1707,.\nThe smokey circle is,.\n煙圈是
SCRIPTSTRING_1708,.\nThe black circle is,.\n黑色圓圈是
SCRIPTSTRING_1709,.,。
SCRIPTSTRING_1710,{0} places the lens in the proper circle.,{0}將鏡頭放置在正確的圓圈中。
SCRIPTSTRING_1711,The marble platform slowly slips aside and reveals some stairs.,大理石平台慢慢滑到一邊，露出一些樓梯。
SCRIPTSTRING_1712,"The purple rock that forms the mountain is warm to the touch. A rough-hewn tunnel extends forward a short way, and ends in a solid, but magically pulsing wall.",形成這座山的紫色岩石摸起來很溫暖。一條粗糙的隧道向前延伸了一小段距離，盡頭是一堵堅固但神奇地脈動的牆壁。
SCRIPTSTRING_1713,"The darkness seems thicker here below the mountain. The hot air is fetid and stirs with the breath of a mighty, yet unseen, beast.",山下的黑暗似乎更濃。炎熱的空氣散發著惡臭，並伴隨著一頭強大但看不見的野獸的噴吐。
SCRIPTSTRING_1714,"The thick, wet air whistles sharply and the tang of brimstone tastes sour to you. A musty reptilian scent almost overpowers you. You know the dragon is far too near for peace of mind.",濃濃潮濕的空氣呼嘯而過，硫磺的味道讓你嘗起來酸酸的。一股發霉的爬蟲類氣味幾乎讓你窒息。你知道龍離我們太近了，無法讓你安心。
SCRIPTSTRING_1715,"You have entered the lair of a Rainbow Dragon. ""Lunchtime!!"" it says.",您已進入彩虹龍的巢穴。 「午餐時間！！」它說。
SCRIPTSTRING_1716,"""And I didn't even get dessert!"" the Dragon moans.",「而且我甚至沒有得到甜點！」龍呻吟著。
SCRIPTSTRING_1717,Under the body of the dragon is a Crystal Key.\n\n,龍的身體下面有一把水晶鑰匙。 \n\n
SCRIPTSTRING_1718,Found 'Crystal Key'.,找到“水晶鑰匙”。
SCRIPTSTRING_1719,The body of the dragon is surrounded by a pool of shimmering blood.,巨龍的身體周圍，被一灘閃閃發光的血水包圍著。
SCRIPTSTRING_1720,{0} collects some of the dragon blood.,{0}收集了一些龍血。
SCRIPTSTRING_1721,Cyanis' Tower is made entirely of turquoise. A narrow corridor leads in to a wall that has a small keyhole in the center of it.,Cyanis 塔完全由綠松石製成。一條狹窄的走廊通往一堵牆，牆的中央有一個小鑰匙孔。
SCRIPTSTRING_1722,{0} inserts the key into the lock.,{0}將鑰匙插入鎖中。
SCRIPTSTRING_1723,Strange grasping gargoyles frozen in the walls reach out toward you. Beyond them and on their bodies you see the carvings of Cyanis and Alliria as they once were.,凍結在牆壁中的奇怪抓握石像鬼向你伸出手。在他們之外，在他們的身體上，你可以看到西尼斯和艾莉莉亞的雕刻，就像他們曾經的樣子一樣。
SCRIPTSTRING_1724,"Somehow a sculpture on the south wall escaped Cyanis' madness. It is a carved icon of Alliria, and you can see in its beauty the reason her death would unbalance Cyanis. Below it is the word, ""Beloved.""",不知何故，南牆上的一座雕塑逃脫了西尼斯的瘋狂。它是艾莉莉亞的雕刻聖像，從它的美麗中你可以看出她的死會讓席妮絲失去平衡的原因。下面寫著「親愛的」兩個字。
SCRIPTSTRING_1725,"On the south wall you find an icon of Cyanis himself. It shows a handsome, intelligent man, but has only one disturbing aspect to it: its eyes have been clawed out.",在南牆上，您可以看到 Cyanis 本人的肖像。它展示了一個英俊、聰明的男人，但只有一個令人不安的方面：它的眼睛被挖出來了。
SCRIPTSTRING_1726,The once smooth wall now writhes with figures obscene and blasphemous. Cyanis and his foul insanity pulse through this tower level and chill you.,曾經光滑的牆壁現在爬滿了淫穢和褻瀆的人物。 Cyanis 和他邪惡的瘋狂在這座塔樓中搏動，讓你感到不寒而慄。
SCRIPTSTRING_1727,"Trapped within azure stone that moves in sluggish slow motion, small demons repeatedly play through battles old and forgotten.",小惡魔被困在以緩慢的慢動作移動的蔚藍石頭中，反覆進行著古老而被遺忘的戰鬥。
SCRIPTSTRING_1728,"Set in the south wall you see the image of Hawkslayer. He looks younger than when you first met him and has no scars. You also hear Cyanis' shrill voice crying, ""Friend, why can you not save my beloved?""",在南牆上，您可以看到鷹殺手的圖像。他看起來比你第一次見到他時還要年輕，而且沒有任何傷疤。你還聽到賽尼斯尖銳的聲音哭喊著：“朋友，你為什麼不救我心愛的人？”
SCRIPTSTRING_1729,Cyanis weeping.,茜妮絲在哭泣。
SCRIPTSTRING_1730,"You see Cyanis huddled in a corner weeping underneath a painting of his lost love. ""Why!!"" he sobs in anguish.",你會看到西雅尼斯蜷縮在角落裡，在一幅他失去的愛人的畫下哭泣。 「為什麼！！」他痛苦地抽泣著。
SCRIPTSTRING_1731,"Cyanis looks at you with insanity written over his eyes. ""Murderers!"" he yells and lunges toward the party with anger and hatred.",賽尼斯看著你，眼中寫滿了瘋狂。 「殺人犯！」他大喊大叫，帶著憤怒和仇恨衝向隊伍。
SCRIPTSTRING_1732,Charging you is,幫你充電是
SCRIPTSTRING_1733,"Cyanis runs back into his corner and resumes crying. You can't help but pity him, if only you could end his madness.",賽尼斯跑回自己的角落，繼續哭泣。你情不自禁地可憐他，如果你能結束他的瘋狂就好了。
SCRIPTSTRING_1734,You stand over the now dead body of Cyanis and wonder if what you have done was the right thing.,你站在賽尼斯已經死去的屍體旁，想知道你所做的是否正確。
SCRIPTSTRING_1735,"Cyanis sadly offers you a magic triangle. ""Take this and enter the tomb of my beloved Alliria,"" he says, trying to hold back a tear.",Cyanis 遺憾地為您提供了一個神奇的三角形。 「拿著這個，進入我心愛的艾莉莉亞的墳墓，」他說，努力忍住眼淚。
SCRIPTSTRING_1736,"""With it, a Bard can open the Black Crystal that blocks the only way in, but beware of the dangers within if you don't take precautions.""\n\n",「有了它，吟遊詩人就可以打開封鎖唯一出路的黑水晶，但如果不採取預防措施，要小心裡面的危險。」\n\n
SCRIPTSTRING_1737,Found 'Magic Triangle'.,發現“魔法三角”。
SCRIPTSTRING_1738,Next to the body of Cyanis is a triangle.,Cyanis的身體旁邊有一個三角形。
SCRIPTSTRING_1739,"Cyanis is here, slowing repairing the damage he has done to his home while in the insanity that had unmercifully tormented his soul.",賽尼斯在這裡，正在緩慢地修復他在無情地折磨他靈魂的瘋狂中對他的家造成的損害。
SCRIPTSTRING_1740,The body of Cyanis is here. You see nothing valuable on it to steal.,Cyanis的屍體就在這裡。你看不到上面有什麼值錢的東西可以偷。
SCRIPTSTRING_1741,{0} casts a healing spell at Cyanis.,{0}對 Cyanis 施放治療法術。
SCRIPTSTRING_1742,"Cyanis gets up from the ground and wipes the tears from his eyes. ""I want to thank you for ridding me of this madness that I have had to endure.""",賽尼斯從地上站起來，擦掉眼中的淚水。 “我要感謝你讓我擺脫了我不得不忍受的瘋狂。”
SCRIPTSTRING_1743,"""Alliria was murdered many moons ago by something far more powerful than anything she has ever fought.""",“許多個月前，艾莉莉亞被比她曾經戰鬥過的任何力量都強大得多的東西謀殺了。”
SCRIPTSTRING_1744,"""Tarjan tortured her before she died and I was forced to watch this happen. Her screams drove me insane for I couldn't do anything to save her.""",“塔里安在她死前折磨了她，我被迫看著這一切發生。她的尖叫聲讓我發瘋，因為我無法做任何事情來拯救她。”
SCRIPTSTRING_1745,"""All I ask is that you find this being and kill him for what he has done.""",“我所要求的就是你找到這個存在並殺死他，因為他所做的一切。”
SCRIPTSTRING_1746,"The necropolis near Alliria's tomb once must have been a glorious sight, but now the white marble tombs are stained gray. You sense great evil from all directions.",艾莉亞墳墓附近的墓地曾經一定是一個輝煌的景象，但現在白色大理石墳墓被染成了灰色。你感受到來自四面八方的巨大邪惡。
SCRIPTSTRING_1747,The silver door is tinged with dark tarnish. Vile and obscene things have been scratched into its surface by sharp claws.,銀色的門泛著深色的鏽跡。鋒利的爪子將卑鄙淫穢的東西刻進了它的表面。
SCRIPTSTRING_1748,Throughout the tomb you see signs of violation. What was once beautiful has been defaced and what was sincere has been mocked.,在整個墳墓中，你都可以看到違規的痕跡。曾經的美好被玷污，曾經的真誠被嘲笑。
SCRIPTSTRING_1749,Foul beasts slink through the shadows and derisive laughter echoes hauntingly through the halls.,邪惡的野獸在陰影中潛行，嘲笑的笑聲在大廳裡迴盪。
SCRIPTSTRING_1750,There is a large black crystal blocking the way north.,有一塊巨大的黑色水晶擋住了北方的去路。
SCRIPTSTRING_1751,There are black pieces of a shattered crystal here. They sure make a big mess.,這裡有黑色的碎水晶碎片。他們一定會惹出大麻煩。
SCRIPTSTRING_1752,{0} rings the triangle.,{0}環繞三角形。
SCRIPTSTRING_1753,"Ringing the 'Magic Triangle' caused the crystal to explode, erupting in a brilliant flash of light.",『魔三角』一響，水晶就爆炸了，爆發出絢麗的閃光。
SCRIPTSTRING_1754,"A brilliant flash of light erupts from the exploding crystal, blinding the party.",爆炸的水晶中爆發出一道耀眼的光芒，使眾人失明。
SCRIPTSTRING_1755,You see no signs of the desecration that took place in the outer chamber. Here the walls glow with intricate memorials lovingly created by the gnomes of Celaria Bree.,你看不到外室發生的褻瀆跡象。這裡的牆壁閃爍著由塞拉莉亞·布利的侏儒們精心打造的錯綜複雜的紀念碑。
SCRIPTSTRING_1756,Inset into the creamy white walls you see roses of different shades carved from gemstones. They sparkle with a deep light and calm you even here in the heart of danger.,鑲嵌在乳白色的牆壁中，您可以看到由寶石雕刻而成的不同色調的玫瑰。它們閃爍著深邃的光芒，即使身處危險之中也能讓你平靜下來。
SCRIPTSTRING_1757,"You see a shadowy figure that resembles a beautiful woman.\nShe says: ""I want the Flower of truth.""",你看到一個像美麗女人的影子。 \n她說：“我想要真理之花。”
SCRIPTSTRING_1758,"You see a shadowy figure that resembles a beautiful woman. She says:\n\n""I want the Flower of",你看到一個像美麗女人的影子。她說：\n\n「我想要花
SCRIPTSTRING_1759,"Truth.""",真相。 」
SCRIPTSTRING_1760,The shadowy figure liked the 'White Rose'.,那個影子很喜歡『白玫瑰』。
SCRIPTSTRING_1761,{0} gives the flower to the Shade.,{0}將花交給陰影。
SCRIPTSTRING_1762,She liked the gift and she fades away with a smile on her face.,她很喜歡這份禮物，臉上帶著微笑消失了。
SCRIPTSTRING_1763,"You see a shadowy figure that resembles a beautiful woman.\nShe says: ""I want the Flower of valor.""",你看到一個像美麗女人的影子。 \n她說：“我想要勇氣之花。”
SCRIPTSTRING_1764,"Valor.""",勇氣。 」
SCRIPTSTRING_1765,The shadowy figure liked the 'Blue Rose'.,那個影子很喜歡『藍玫瑰』。
SCRIPTSTRING_1766,"You see a shadowy figure that resembles a beautiful woman.\nShe says: ""I want the Flower of kinship.""",你看到一個像美麗女人的影子。 \n她說：「我想要親情之花。 」
SCRIPTSTRING_1767,"Kinship.""",親屬關係。 」
SCRIPTSTRING_1768,The shadowy figure liked the 'Red Rose'.,那個影子很喜歡『紅玫瑰』。
SCRIPTSTRING_1769,"You see a shadowy figure that resembles a beautiful woman.\nShe says: ""I want the Flower of nature.""",你看到一個像美麗女人的影子。 \n她說：“我想要自然之花。”
SCRIPTSTRING_1770,"You see a shadowy figure that resembles a beautiful woman. She says: \n\n""I want the Flower of",你看到一個像美麗女人的影子。她說：\n\n「我想要花
SCRIPTSTRING_1771,"Nature.""",自然。 」
SCRIPTSTRING_1772,The shadowy figure liked the 'Yellow Rose'.,那個影子很喜歡‘黃玫瑰’。
SCRIPTSTRING_1773,"You see a shadowy figure that resembles a beautiful woman.\nShe says: ""I want the Flower of Alliria.""",你看到一個像美麗女人的影子。 \n她說：“我想要艾莉莉亞之花。”
SCRIPTSTRING_1774,"You see a shadowy figure that resembles a beautiful woman. She says,:\n\n""I want the Flower of",你看到一個像美麗女人的影子。她說：\n\n「我想要花
SCRIPTSTRING_1775,"Alliria.""",艾莉莉亞。 」
SCRIPTSTRING_1776,The shadowy figure liked the 'Rainbow Rose'.,影子很喜歡‘彩虹玫瑰’。
SCRIPTSTRING_1777,She liked the gift but it wasn't what she asked for.,她喜歡這份禮物，但這不是她想要的。
SCRIPTSTRING_1778,You are in the resting place of Alliria. Objects of great beauty are lovingly placed in all the four corners.,你現在是在艾莉莉亞的安息之地。四個角落都精心擺放著精美的物品。
SCRIPTSTRING_1779,In this intricately decorated room sits the Crown of Truth.\n\n,在這個裝飾精美的房間裡，放置著真理之冠。 \n\n
SCRIPTSTRING_1780,Found 'Crown of Truth'.,找到「真理之冠」。
SCRIPTSTRING_1781,Lying over the coffin of Alliria is her belt.\n\n,艾莉莉亞的棺材上放著她的腰帶。 \n\n
SCRIPTSTRING_1782,Found Belt of Alliria.,找到艾莉莉亞腰帶。
SCRIPTSTRING_1783,Wasteland,荒地
SCRIPTSTRING_1784,A hole in time... we didn't enter it.,時間上的一個洞……我們沒有進去。
SCRIPTSTRING_1785,You feel an electric tingling and know this place is a hole in time.\nDo you wish to use it?,你感到一陣電擊般的刺痛，知道這個地方是一個時間洞。 \n你想使用它嗎？
SCRIPTSTRING_1786,A hole in time to K'un Wang.,王坤及時打進一洞。
SCRIPTSTRING_1787,A hole in time to Wasteland.,一個通往荒原的時間缺口。
SCRIPTSTRING_1788,A hole in time to Nottingham.,到諾丁漢的時間有空檔。
SCRIPTSTRING_1789,A hole in time to Berlin.,到柏林的時間有空檔。
SCRIPTSTRING_1790,"You see a ghostly death's-head floating above this spot and hear a voice ask, ""Who am I?""\n\n",你看到一個幽靈般的死亡之頭漂浮在這個地方上方，並聽到一個聲音問：「我是誰？」\n\n
SCRIPTSTRING_1791,SDIABM,SDIABM
SCRIPTSTRING_1792,PAVLISH,帕夫利甚
SCRIPTSTRING_1793,Answered: 'PAVLISH'.,答：「巴夫利甚」。
SCRIPTSTRING_1794,Get back to work Alan.,艾倫，回去工作吧。
SCRIPTSTRING_1795,Answered: 'SDIABM'.,答：「SDIABM」。
SCRIPTSTRING_1796,"A cruel, harsh wind sweeps over you and you hear, ""I am known as MARS,"" whispered in your ear.",一陣殘酷、刺骨的風吹過你，你聽到“我被稱為火星”，在你耳邊低語。
SCRIPTSTRING_1797,"A dry wind drives dust over you that rattles off armor. The blood-red sky forms a bowl over a broken, glowing landscape that something hideous and powerful has smashed utterly.",乾燥的風將灰塵吹到你身上，使盔甲發出嘎嘎聲。血紅色的天空在破碎、發光的大地上形成了一個碗，某種可怕而強大的東西將其徹底粉碎。
SCRIPTSTRING_1798,Shattered buildings surround you. Misshapen and misbegotten creatures lurk in the ruins. Whatever destroyed this place warped and destroyed these things as well.,破碎的建築物包圍著你。廢墟中潛伏著畸形和畸形的生物。任何摧毀這個地方的東西都會扭曲並摧毀這些東西。
SCRIPTSTRING_1799,Tarmitia,塔米蒂亞
SCRIPTSTRING_1800,"Through the smoke you see only shadows and swirls of light. Things gibber and cavort just out of sight, and the wind sounds like the groans of dying warriors.",透過煙霧，你只能看到陰影和光的漩渦。視線之外的事物胡言亂語、嬉鬧，風聲聽起來就像垂死戰士的呻吟聲。
SCRIPTSTRING_1801,"Here is the strongest feeling of power you have had in this strange warland. Through the door to the south, fate awaits you.",這是你在這片陌生的戰場上所感受到的最強烈的力量感。穿過南門，命運在等著你。
SCRIPTSTRING_1802,To the east is an image of the wilderness back home in Skara Brae.,東邊是家鄉斯卡拉布雷的荒野景象。
SCRIPTSTRING_1803,A portal back to the Wilderness back home in Skara Brae.,回到斯卡拉布雷的荒野家園的傳送門。
SCRIPTSTRING_1804,A portal from Tarmitia took us to this spot.,來自塔爾米提亞的傳送門將我們帶到了這個地方。
SCRIPTSTRING_1805,"Werra's Shield is here, it looks as it was forged yesterday.\n\n",維拉之盾在這裡，看起來像是昨天鑄造的。 \n\n
SCRIPTSTRING_1806,Found 'Werra's Shield'.,找到“維拉之盾”。
SCRIPTSTRING_1807,"Having recovered Werra's Shield, and with the Strife Spear safely in Hawkslayer's capable hands, you decide it is time to return to the old man in Skara Brae and inform him of Werra's passing.",取回維拉之盾，並將紛爭之矛安全地掌握在鷹手手中後，你決定是時候回到斯卡拉布雷的老人身邊，告訴他維拉去世的消息了。
SCRIPTSTRING_1808,"A tall, hugely muscled man laughs. ""You've come for my shield? Earn it!!""",一個高大、肌肉發達的男人笑了。 “你是來拿我的盾牌的？贏得它！！”
SCRIPTSTRING_1809,Gleefully attacking you is,興高采烈地攻擊你是
SCRIPTSTRING_1810,"""And I was beginning to enjoy myself!!""",“我開始享受自己了！！”
SCRIPTSTRING_1811,Werra lies dead before the party's feet.,維拉死在了眾人的腳下。
SCRIPTSTRING_1812,"Werra sits up in a pool of his own blood and laughs. ""That's the best fight I've had since I battled Hawkslayer and gave him Strifespear.""",維拉從自己的血泊中坐起來，大笑起來。 「自從我與鷹手戰鬥並給了他衝突之矛以來，這是我打過的最好的一場戰鬥。”
SCRIPTSTRING_1813,"He notices your looks of disbelief. ""Come, you didn't think mere mortals could kill me, did you?""",他注意到你一臉難以置信的表情。 “得了吧，你以為普通人殺不了我吧？”
SCRIPTSTRING_1814,"He smiles. ""Here, my shield is yours. You'll find it in the next room.""",他微笑著。 “在這裡，我的盾牌是你的。你會在隔壁房間找到它。”
SCRIPTSTRING_1815,The smile fades from Werra's face as a wild screeching sound fills the room and black shapes manifest themselves all around you.,房間裡充滿了狂野的尖叫聲，黑色的身影出現在你周圍，維拉臉上的笑容消失了。
SCRIPTSTRING_1816,"""Uh, oh."" is all Werra can say as you see",「呃，哦。」如你所見，Werra 只能這麼說
SCRIPTSTRING_1817,The hordes of slayers didn't seem really interested in attacking the party. They disappear as fast as they appeared leaving only the dead behind.,成群結隊的殺手似乎對攻擊隊伍並不真正感興趣。他們消失的速度和出現的速度一樣快，只留下死者。
SCRIPTSTRING_1818,Amid the bodies you see Werra's twisted form. Life drains from him and you know he is beyond help.,在屍體中你可以看到維拉扭曲的身形。他的生命正在耗盡，你知道他已經無藥可救了。
SCRIPTSTRING_1819,"""It takes a god to kill a god. Drink deep of his blood."" He shudders and lies very still.",「只有神才能殺死神。深深地喝祂的血。」他渾身發抖，一動不動地躺著。
SCRIPTSTRING_1820,"The body of the valiant warrior Werra, lies crumbled and beaten on the floor here.",英勇戰士維拉的屍體躺在這裡的地板上，被打得支離破碎。
SCRIPTSTRING_1821,Berlin,柏林
SCRIPTSTRING_1822,A hole in time to Rome.,到羅馬的時間差了點。
SCRIPTSTRING_1823,A hole in time to Berlin.,到柏林的時間有空檔。
SCRIPTSTRING_1824,A hole in time to Wasteland.,一個通往荒原的時間缺口。
SCRIPTSTRING_1825,"You see a ghostly death's-head floating above this spot and hear a voice ask, ""Who am I?""",你看到一個幽靈般的死人頭漂浮在這個地方上空，並聽到一個聲音在問：“我是誰？”
SCRIPTSTRING_1826,TYR,TYR
SCRIPTSTRING_1827,Answered: 'TYR'.,回答：「TYR」。
SCRIPTSTRING_1828,"""Now speak my true name, if you dare...""\n\n",「現在說出我的真名，如果你敢的話…」\n\n
SCRIPTSTRING_1829,WERRA,維拉
SCRIPTSTRING_1830,Answered: 'WERRA'.,答：「維拉」。
SCRIPTSTRING_1831,"A cruel, harsh wind sweeps over you and you hear, ""I am known as ARES,"" whispered in your ear.",一陣殘酷、刺骨的風吹過你，你聽到“我被稱為阿瑞斯”，在你耳邊低語。
SCRIPTSTRING_1832,"Through the smoke you see children in uniforms carrying weapons and scurrying for cover. Men in green, with red stars on their caps, oppose them.",透過煙霧，你可以看到穿著制服的孩子們拿著武器，急忙尋找掩護。身穿綠衣、帽子上有紅星的男子反對他們。
SCRIPTSTRING_1833,"Men in ragged green uniforms, with red stars on their caps, stalk the streets. Children in black uniforms oppose them and battle fiercely for their city.",身穿破爛綠色制服、帽子上戴著紅色星星的男人在街上徘徊。身穿黑色制服的孩子們反對他們，並為他們的城市進行激烈的戰鬥。
SCRIPTSTRING_1834,Stalingrad,史達林格勒
SCRIPTSTRING_1835,A hole in time to Stalingrad.,距離史達林格勒還有一段時間。
SCRIPTSTRING_1836,A hole in time to Hiroshima.,時間差到了廣島。
SCRIPTSTRING_1837,SVARAZIC,斯瓦拉日奇
SCRIPTSTRING_1838,Answered: 'SVARAZIC'.,答：「斯瓦拉濟奇」。
SCRIPTSTRING_1839,"A cruel, harsh wind sweeps over you and you hear, ""I am known as SDIABM,"" whispered in your ear.",一陣殘酷、刺骨的風吹過你，你會聽到“我被稱為 SDIABM”，在你耳邊低語。
SCRIPTSTRING_1840,Cold winds whip through the desolate streets. Men in black uniforms slink through the streets and battle with weary warriors in ragged green uniforms.,冷風吹過荒涼的街道。身穿黑色制服的男人們在街上偷偷溜過，與身穿破爛綠色制服、疲憊不堪的戰士們戰鬥。
SCRIPTSTRING_1841,"Men in ragged, green uniforms, with red stars on their caps, rage through the streets and assault warriors in black uniforms. Despite the biting cold, the battle is very nasty.",身穿破爛綠色制服、帽子上有紅色星星的男子在街上肆虐，襲擊身穿黑色制服的戰士。儘管寒冷刺骨，戰鬥卻十分慘烈。
SCRIPTSTRING_1842,"Here, out of the wind, you watch as men from opposing armies battle each other with clubs and shovels. All look weary, but they do not surrender to their fatigue.",在這裡，在風中，你可以看到敵對軍隊的士兵用棍棒和鏟子互相戰鬥。所有人看起來都很疲憊，但他們並沒有屈服於疲勞。
SCRIPTSTRING_1843,Hiroshima,廣島
SCRIPTSTRING_1844,A hole in time to Stalingrad.,距離史達林格勒還有一段時間。
SCRIPTSTRING_1845,A hole in time to Hiroshima.,時間差到了廣島。
SCRIPTSTRING_1846,A hole in time to Troy.,到特洛伊的時間有一個漏洞。
SCRIPTSTRING_1847,SUSA-NO-O,蘇薩諾奧
SCRIPTSTRING_1848,Answered: 'SUSA-NO-O'.,答：「SUSA-NO-O」。
SCRIPTSTRING_1849,"A cruel, harsh wind sweeps over you and you hear, ""I am known as TYR,"" whispered in your ear.",一陣殘酷、刺骨的風吹過你，你聽到“我被稱為 TYR”，在你耳邊低語。
SCRIPTSTRING_1850,"Fierce warriors in tan fatigues patrol the streets. A rising sun flag flutters atop a nearby building, and your odd garb makes you an immediate object of everyone's attention.",身穿棕褐色迷彩服的兇猛戰士在街上巡邏。一面冉冉升起的太陽旗在附近的建築物頂上飄揚，而你奇怪的服裝讓你立即成為所有人關注的對象。
SCRIPTSTRING_1851,Buildings of wood and paper look out of place compared to the machined weapons the warriors carry through the streets. You are marked immediately as strangers and warriors move to engage you.,與戰士們在街上攜帶的機械武器相比，木頭和紙質的建築顯得格格不入。當陌生人和戰士主動與你交戰時，你會立即被標記。
SCRIPTSTRING_1852,Warriors in tan fatigues contrast wildly with the subtle beauty of the wooden and paper buildings in the city. Everyone stares at you because you are obviously foreigners.,身穿棕褐色迷彩服的戰士與城市中木質和紙質建築的微妙之美形成鮮明對比。每個人都盯著你看，因為你顯然是外國人。
SCRIPTSTRING_1853,Troy,特洛伊
SCRIPTSTRING_1854,A hole in time to Troy.,到特洛伊的時間有一個漏洞。
SCRIPTSTRING_1855,ARES,阿瑞斯
SCRIPTSTRING_1856,Answered: 'ARES'.,答：「阿瑞斯」。
SCRIPTSTRING_1857,"A cruel, harsh wind sweeps over you and you hear, ""I am known as SVARAZIC,"" whispered in your ear.",一陣殘酷、刺骨的風吹過你，你聽到“我被稱為斯瓦拉齊克”，在你耳邊低語。
SCRIPTSTRING_1858,Greek warriors in ornate breastplates battle with bold Trojan warriors in the city streets. In the chaos you are able to pass through the area without organized opposition.,身穿華麗胸甲的希臘戰士在城市街道上與勇敢的特洛伊戰士戰鬥。在混亂中，你可以在沒有有組織的抵抗的情況下穿過該地區。
SCRIPTSTRING_1859,"The Trojan palace is a gorgeous building filled with massive marble statues and gilded furnishings. Here warriors oppose your passage, but more, you sense, to stop your stealing their loot than out of loyalty.",特洛伊宮殿是一座華麗的建築，充滿了巨大的大理石雕像和鍍金的家具。這裡的戰士反對你通過，但你感覺到，更多的是為了阻止你偷竊他們的戰利品，而不是出於忠誠。
SCRIPTSTRING_1860,"Struggling warriors fight through the streets and attack anyone or anything belligerent within sight. You see bodies and blood everywhere, and you know this city is already lost.",掙扎的戰士們在街上戰鬥，攻擊視線內的任何好戰的人或物體。你看到到處都是屍體和血跡，你知道這座城市已經失落了。
SCRIPTSTRING_1861,Rome,羅馬
SCRIPTSTRING_1862,A hole in time to Rome.,到羅馬的時間差了點。
SCRIPTSTRING_1863,MARS,火星
SCRIPTSTRING_1864,Answered: 'MARS'.,答：「火星」。
SCRIPTSTRING_1865,"A cruel, harsh wind sweeps over you and you hear, ""I am known as ST. GEORGE,"" whispered in your ear.",一陣殘酷、刺骨的風吹過你，你聽到“我被稱為聖喬治”，在你耳邊低語。
SCRIPTSTRING_1866,"Huns roam this city of marble and brick, killing citizens and battling soldiers. Despite your strange garb, you are ignored by many of those fighting around you.",匈奴人在這座大理石和磚砌的城市中游盪，殺害公民並與士兵作戰。儘管你的服裝很奇怪，但你周圍的許多戰鬥者都忽略了你。
SCRIPTSTRING_1867,Huns stalk the city streets looking for anyone to kill and anything to steal. Their cruel expressions send a chill up your spine. This city is doomed.,匈奴人在城市街道上徘徊，尋找可殺人的東西和可偷竊的東西。他們殘忍的表情讓人背脊發涼。這座城市注定要滅亡。
SCRIPTSTRING_1868,"Roman legionnaires wander the streets in small squads, rooting out Huns and other looters, then killing them on the spot. Citizens flee lest they fall prey to these angry soldiers.",羅馬軍團士兵以小隊形式在街上遊蕩，剷除匈奴人和其他掠奪者，然後就地殺死他們。公民紛紛逃離，以免成為這些憤怒士兵的犧牲品。
SCRIPTSTRING_1869,Nottingham,諾丁漢
SCRIPTSTRING_1870,A hole in time to Nottingham.,到諾丁漢的時間有空檔。
SCRIPTSTRING_1871,ST. GEORGE,英石。喬治
SCRIPTSTRING_1872,ST GEORGE,聖喬治
SCRIPTSTRING_1873,Answered: 'ST. GEORGE'.,答：‘ST。喬治'。
SCRIPTSTRING_1874,Answered: 'ST. GEORGE'.,答：‘ST。喬治'。
SCRIPTSTRING_1875,"A cruel, harsh wind sweeps over you and you hear, ""I am known as YEN-LO-WANG,"" whispered in your ear.",一陣殘酷而刺骨的風吹過你，你聽到“我被稱為YEN-LO-WANG”，在你耳邊低語。
SCRIPTSTRING_1876,Ragged bands of Saxon peasants rush through the muddy streets and engage Norman knights wherever they meet. The Saxons appear to be winning their fight.,衣衫襤褸的撒克遜農民隊伍衝過泥濘的街道，無論遇到哪裡都會與諾曼騎士交戰。撒克遜人似乎正在贏得這場戰鬥。
SCRIPTSTRING_1877,"Norman knights, clad in mail armor, battle a rabble of peasants and men in Lincoln green. Though the battle rages around you, no one side is clearly superior.",身穿鏈甲的諾曼騎士與一群身著林肯綠衣的農民和男人戰鬥。儘管戰鬥在你周圍激烈進行，但沒有哪一方明顯更勝一籌。
SCRIPTSTRING_1878,Warriors clad in Lincoln green lead a peasant mob in assaults against Norman knights. The battle appears to be even.,身穿林肯綠衣的戰士率領農民暴徒攻擊諾曼騎士。看來戰鬥是勢均力敵的。
SCRIPTSTRING_1879,K'un Wang,王坤
SCRIPTSTRING_1880,A hole in time to K'un Wang.,王坤及時打進一洞。
SCRIPTSTRING_1881,YEN-LO-WANG,顏樂王
SCRIPTSTRING_1882,Answered: 'YEN-LO-WANG'.,答：「YEN-LO-WANG」。
SCRIPTSTRING_1883,"A cruel, harsh wind sweeps over you and you hear, ""I am known as SUSA-NO-O,"" whispered in your ear.",一陣殘酷、刺骨的風吹過你，你會聽到“我被稱為 SUSA-NO-O”，在你耳邊低語。
SCRIPTSTRING_1884,The acrid scent of burning wood floats on the air. Mongol warriors and Imperial soldiers fight in the streets around you while Chinese peasants flee for their lives.,空氣中瀰漫著燃燒木頭的刺鼻氣味。蒙古戰士和帝國士兵在你周圍的街道上戰鬥，而中國農民則在逃命。
SCRIPTSTRING_1885,Mongol invaders and Chinese warriors battle openly in the streets around you. In the confusion you pass almost unnoticed despite your odd garb and looks.,蒙古侵略者和中國武士在你周圍的街道上公開戰鬥。儘管你的服裝和外表很奇怪，但在混亂中你幾乎沒有被注意到。
SCRIPTSTRING_1886,The smoldering ruins smell odd and seem somewhat unfocused. It seems very much as if they do not belong here at all. Something very alien is present.,悶燒的廢墟聞起來很奇怪，而且似乎有些沒有焦點。看起來他們根本不屬於這裡。存在一些非常陌生的東西。
SCRIPTSTRING_1887,There is a strange silence ahead.,前方一片奇怪的寂靜。
SCRIPTSTRING_1888,Foul reeking air is coming from under the door.,惡臭的空氣從門底下傳來。
SCRIPTSTRING_1889,The priests seek another word...,牧師們尋求另一個說法…
SCRIPTSTRING_1890,Stairs Up,上樓梯
SCRIPTSTRING_1891,Amongst some rubble you find some serviceable stairs leading back up to the ruins of Skara Brae.,在一些瓦礫中，你會發現一些可用的樓梯，通往斯卡拉布雷廢墟。
SCRIPTSTRING_1892,\n\nWill you take the stairs up?,\n\n你要爬樓梯嗎？
SCRIPTSTRING_1893,Tunnels,隧道
SCRIPTSTRING_1894,"This dark, gloomy tunnel reeks of death and moldy rot. You shiver to think something could live down here, and you shiver to think you might die down here.",這條陰暗陰暗的隧道充滿了死亡和發霉的腐臭味。一想到有東西能活在這裡，你就會顫抖，一想到你可能會死在這裡，你就會顫抖。
SCRIPTSTRING_1895,Your magic wavers near here.,你的魔法在這附近動搖了。
SCRIPTSTRING_1896,There seems to be an odd magnetic disturbance near.,附近似乎有奇怪的磁擾。
SCRIPTSTRING_1897,The floor sure feels sticky here.,這裡的地板確實感覺很黏。
SCRIPTSTRING_1898,... this word will allow access to the unholy domain of Brilhasti ap Tarj.,……這個詞將允許訪問 Brilhasti ap Tarj 的邪惡領域。
SCRIPTSTRING_1899,Written in Blood are large letters which spell out CHAOS.,用血寫成的大字拼出了「混沌」。
SCRIPTSTRING_1900,Malefia,馬萊菲亞
SCRIPTSTRING_1901,Lying sprawled on the cold marble floors you see a skeleton clad in armor. The back and breast plates are crushed as if some giant child grabbed a doll and squeezed it in rage.,躺在冰冷的大理石地板上，你會看到一具身穿盔甲的骷髏。背板和胸板被壓碎，就像某個巨大的孩子抓住一個洋娃娃並憤怒地擠壓它。
SCRIPTSTRING_1902,Suddenly someone gasps. Clutched in one hand you see a magnificent weapon. It is a blackened steel spear with razor edges on the head and silver runes etched onto the flatter faces.,突然有人喘息起來。一隻手緊握著，你會看到一把華麗的武器。它是一把黑色的鋼矛，頭部有剃刀邊緣，平坦的表面上蝕刻著銀色符文。
SCRIPTSTRING_1903,It exudes power and you instantly recognize it as Werra's Strifespear.,它散發著力量，你立刻就能認出它是維拉的衝突之矛。
SCRIPTSTRING_1904,Hawkslayer's Body.,鷹殺手的屍體。
SCRIPTSTRING_1905,"That means, you realize, the skeleton belongs to Hawkslayer.",你知道，這意味著這具骷髏屬於鷹殺手。
SCRIPTSTRING_1906,It also means you are the only hope of reality...,這也意味著你是現實的唯一希望......
SCRIPTSTRING_1907,Found 'Strifespear'.,找到「衝突之矛」。
SCRIPTSTRING_1908,Only the weak light burning in the eyes and the expression of utter horror on the face tells you something is very wrong.\n\nThe statue looks like Alliria.,只有眼睛裡燃燒的微弱光芒和臉上極度恐懼的表情告訴你事情很不對勁。 \n\n這座雕像看起來像艾莉莉亞。
SCRIPTSTRING_1909,"Here, sculpted from a black ice so frozen that it appears to be marble, you see the form of a god.",在這裡，你可以看到神的形象，是用冰凍得像大理石一樣的黑冰雕刻而成的。
SCRIPTSTRING_1910,{0} invokes the power of the 'Belt of Alliria'.,{0}調用了「艾莉莉亞腰帶」的力量。
SCRIPTSTRING_1911,The power of the 'Belt of Alliria' was invoked.,「艾莉莉亞腰帶」的力量被召喚。
SCRIPTSTRING_1912,Something resembling Alliria was here.,類似艾莉莉亞的東西就在這裡。
SCRIPTSTRING_1913,The statue fades into nothingness.,雕像消失得無影無蹤。
SCRIPTSTRING_1914,"You hear a voice say ""Legions horrid and vast.""",你聽到一個聲音說“軍團可怕而龐大。”
SCRIPTSTRING_1915,Only the weak light burning in the eyes and the expression of utter horror on the face tells you something is very wrong.\n\nThe statue looks like Valarian.,只有眼睛裡燃燒的微弱光芒和臉上極度恐懼的表情告訴你事情很不對勁。 \n\n這座雕像看起來像瓦拉倫。
SCRIPTSTRING_1916,{0} invokes the power of 'Valarian's Bow'.,{0}調用了「瓦拉里安之弓」的力量。
SCRIPTSTRING_1917,The power of 'Valarian's Bow' was invoked.,「瓦拉里安之弓」的力量被召喚。
SCRIPTSTRING_1918,Something resembling Valarian was here.,類似瓦拉倫的東西就在這裡。
SCRIPTSTRING_1919,"You hear a voice say ""He cannot be defeated by what he can see.""",你聽到一個聲音說“他不能被他所看到的打敗。”
SCRIPTSTRING_1920,Only the weak light burning in the eyes and the expression of utter horror on the face tells you something is very wrong.\n\nThe statue looks like Lanatir.,只有眼睛裡燃燒的微弱光芒和臉上極度恐懼的表情告訴你事情很不對勁。 \n\n這座雕像看起來像拉納提爾。
SCRIPTSTRING_1921,{0} invokes the power of the 'Sphere of Lanatir'.,{0}呼叫了「拉納提爾球體」的力量。
SCRIPTSTRING_1922,The power of the 'Sphere of Lanatir' was invoked.,「拉納提爾球體」的力量被召喚。
SCRIPTSTRING_1923,Something resembling Lanatir was here.,類似拉納提爾的東西就在這裡。
SCRIPTSTRING_1924,"You hear a voice say ""To oppose the Usurper's usurpers.""",你聽到一個聲音說“反對篡奪者的篡奪者。”
SCRIPTSTRING_1925,Only the weak light burning in the eyes and the expression of utter horror on the face tells you something is very wrong.\n\nThe statue looks like Sceadu.,只有眼睛裡燃燒的微弱光芒和臉上極度恐懼的表情告訴你事情很不對勁。 \n\n這座雕像看起來像斯卡杜。
SCRIPTSTRING_1926,{0} invokes the power of 'Sceadu's Cloak'.,{0}呼叫了「斯卡杜斗篷」的力量。
SCRIPTSTRING_1927,The power of 'Sceadu's Cloak' was invoked.,「斯卡杜斗篷」的力量被召喚。
SCRIPTSTRING_1928,Something resembling Sceadu was here.,類似斯卡杜的東西就在這裡。
SCRIPTSTRING_1929,"You hear a voice say ""Hold his allies at bay.""",你聽到一個聲音說“阻止他的盟友。”
SCRIPTSTRING_1930,Only the weak light burning in the eyes and the expression of utter horror on the face tells you something is very wrong.\n\nThe statue looks like Ferofist.,只有眼睛裡燃燒的微弱光芒和臉上極度恐懼的表情告訴你事情很不對勁。 \n\n這座雕像看起來像費羅菲力量。
SCRIPTSTRING_1931,{0} invokes the power of 'Ferofist's Helm'.,{0}調用了「費羅菲力量頭盔」的力量。
SCRIPTSTRING_1932,The power of 'Ferofist's Helm' was invoked.,「費羅菲力量頭盔」的力量被召喚。
SCRIPTSTRING_1933,Something resembling Ferofist was here.,這裡有類似費羅菲力量的東西。
SCRIPTSTRING_1934,"You hear a voice say, ""He opens the Gates of Hell.""",你聽到一個聲音說：“他打開了地獄之門。”
SCRIPTSTRING_1935,Only the weak light burning in the eyes and the expression of utter horror on the face tells you something is very wrong.\n\nThe statue looks like Werra.,只有眼睛裡燃燒的微弱光芒和臉上極度恐懼的表情告訴你事情很不對勁。 \n\n這座雕像看起來像維拉。
SCRIPTSTRING_1936,{0} invokes the power of 'Werra's Shield'.,{0}調用了「維拉之盾」的力量。
SCRIPTSTRING_1937,The power of 'Werra's Shield' was invoked.,「維拉之盾」的力量被召喚。
SCRIPTSTRING_1938,Something resembling Werra was here.,類似維拉的東西就在這裡。
SCRIPTSTRING_1939,"You hear a voice say ""It can be stolen from the jaws of defeat. The way is open for the new generation.""",你聽到一個聲音說：“它可以從失敗者的嘴裡被偷走。道路已經為新一代敞開了。”
SCRIPTSTRING_1940,You see the faint outline of a door on the north wall.,你看到北牆上有一扇門的模糊輪廓。
SCRIPTSTRING_1941,"As the party walks into the room, the floor dissipates and the party falls through a field of stars.",當隊伍走進房間時，地板消散，隊伍墜入一片星空。
SCRIPTSTRING_1942,You enter the room and stumble upon an arcane religious ceremony in progress. The priestess points in your direction.,你進入房間，偶然發現正在進行的神秘宗教儀式。女祭司指向你的方向。
SCRIPTSTRING_1943,"""They will make a perfect sacrifice for the Mad One!""",「他們將為狂人做出完美的犧牲！”
SCRIPTSTRING_1944,Their haunting laughter burns in your ears as you cowardly beat a strategic retreat.,當你怯懦地進行戰略撤退時，他們令人難以忘懷的笑聲在你耳邊迴響。
SCRIPTSTRING_1945,"As you enter the room, waves of heat wash over you from the lava pit in front of you.",當你進入房間時，一股熱浪從你面前的熔岩坑中湧向你。
SCRIPTSTRING_1946,Lava pit.,熔岩坑。
SCRIPTSTRING_1947,Guarding a narrow bridge that spans the chasm is a skeletal figure and his minions.,一個骷髏和他的爪牙守護著一座橫跨峽谷的窄橋。
SCRIPTSTRING_1948,"""Fools, none shall pass!!"" he screams as you face",「蠢貨，一個都不能通過！！」當你面對他時他會尖叫
SCRIPTSTRING_1949,"As you flee for the door, a wave of lava pursues you...",當你逃向門口時，一股熔岩追趕著你…
SCRIPTSTRING_1950,You are burned by the lava before escaping out the door.,在逃出門之前，你會被熔岩燒傷。
SCRIPTSTRING_1951,Barracks,軍營
SCRIPTSTRING_1952,There is a passageway here.,這裡有一條通道。
SCRIPTSTRING_1953,There is a passageway here. Do you wish to take it?\n\n,這裡有一條通道。你想接受嗎？ \n\n
SCRIPTSTRING_1954,There is a passageway here that leads to Ferofist's.,這裡有一條通道通往費羅菲力量。
SCRIPTSTRING_1955,\ There is a passageway here that leads to the Barracks.,\ 這裡有一條通道通往軍營。
SCRIPTSTRING_1956,"Despite the smoke choking the passageway, you see, nailed to the walls, battle standards of Dwarven battalions. Many have been torn and defaced, but they still hang in the barracks entrance.",儘管煙霧堵塞了通道，你還是可以看到釘在牆上的矮人營的戰旗。許多都已被撕裂和污損，但它們仍然掛在軍營入口處。
SCRIPTSTRING_1957,"Hidden away in a corner of this room is a strange key. Judging by the oddly shaped handle, it looks like you use your right hand to turn it.\n\n",這個房間的角落藏著一把奇怪的鑰匙。從形狀奇怪的手柄來看，看起來像是用右手轉動的。 \n\n
SCRIPTSTRING_1958,Found Right Key.,找到右鍵。
SCRIPTSTRING_1959,Ferofist's,費羅菲力量的
SCRIPTSTRING_1960,The ground seems worn here.,這裡的地面似乎已經磨損了。
SCRIPTSTRING_1961,There is a passageway here leads to the Private Quarters,這裡有個通道通往私人宿舍
SCRIPTSTRING_1962,\ There is a passageway here that leads to Ferofist's,\ 這裡有一條通道通往費羅菲力量
SCRIPTSTRING_1963,There is a passageway here leads to the Workshop,這裡有個通道通往車間
SCRIPTSTRING_1964,There is a passageway here leads to the Barracks,這裡有一條通道通往軍營
SCRIPTSTRING_1965,"Carved from solid rock, the Dwarven castle you find yourself standing in radiates strength and power. Sadly, however, its walls also bear the scars of war -- and many of them are very recent.",這座矮人城堡由堅固的岩石雕刻而成，您會發現自己所站立的矮人城堡散發著力量和力量。然而遺憾的是，它的城牆也帶有戰爭的傷痕——其中許多是最近才留下的。
SCRIPTSTRING_1966,"The castle's Grand Reception room looms high over your head, its vaulted ceiling lost in the dim light above you. Strewn throughout you see the torn and shattered bodies of Dwarves and strange machines.",城堡的大接待室高高地聳立在您的頭頂上，其拱形天花板消失在頭頂昏暗的燈光中。你可以看到矮人破碎的屍體和奇怪的機器散落在各處。
SCRIPTSTRING_1967,"Ferofist's Throne Room, stripped of the fine furnishings it once had, seems violated and dead. Broken and long dead combatants fill the room. It is a very grim sight.",費羅菲力量的王座室被剝奪了曾經擁有的精美家具，看起來被侵犯了，而且死氣沉沉。房間裡充滿了破碎和死去已久的戰鬥人員。這是一個非常嚴峻的景象。
SCRIPTSTRING_1968,"Scratched deep into the wall, with coppery shards of metal embedded in the stone, you read: Why must those who rise to rival their creators always be considered damned?",在牆壁深處的刮痕中，石頭上鑲嵌著銅色的金屬碎片，你讀到：為什麼那些奮起反抗其創造者的人總是被認為是該死的？
SCRIPTSTRING_1969,"Standing before you, blocking the hallway, you see Hawkslayer. He's younger than the last time you met, and shows none of the signs of his long adventuring career.",站在你面前，擋住走廊，你看到鷹殺手。他比你們上次見面時更年輕，而且沒有表現出他漫長的冒險生涯的任何跡象。
SCRIPTSTRING_1970,"He stares at you and says, ""The old one said I'd find allies, but I don't work with just anyone. I only want smart allies.""",他盯著你說：“老傢伙說我會找到盟友，但我不和任何人一起工作。我只想要聰明的盟友。”
SCRIPTSTRING_1971,"""Answer this riddle:\nColder than myself, I cover myself with myself, and shrink so I can grow large again.""",“回答這個謎語：\n比我自己更冷，我用自己覆蓋自己，然後縮小，這樣我才能再次變大。”
SCRIPTSTRING_1972,"""What's the answer?""",“答案是什麼？”
SCRIPTSTRING_1973,ICEBERG,冰山
SCRIPTSTRING_1974,"""If you can't answer that simple a riddle, I don't know how you'll survive in Kinestia. I better come along and keep you safe.""",“如果你不能回答這麼簡單的謎語，我不知道你將如何在動力學中生存。我最好和你一起保護你的安全。”
SCRIPTSTRING_1975,"""Glad to be in smart company. Listen, you magickers should know, magic is screwy here. Be careful.""",“很高興能和聰明人在一起。聽著，你們魔法師應該知道，這裡的魔法很詭異。要小心。”
SCRIPTSTRING_1976,"""How about us getting together?""\n\n",「我們聚在一起怎麼樣？」\n\n
SCRIPTSTRING_1977,You come upon a sleeping Hawkslayer. He awakens and jumps into a fighting stance in a blink of an eye. You are taken by surprise.,你遇到了一個正在睡覺的鷹殺手。他醒來，眨眼間就擺出了戰鬥姿態。你大吃一驚。
SCRIPTSTRING_1978,"""Sorry, but you can't be too careful,"" says Hawkslayer. ""Well how about it? Shall we team up?""\n\n",「抱歉，但你再小心也不過分，」鷹殺手說。 「那怎麼樣？我們組隊吧？」\n\n
SCRIPTSTRING_1979,"""Tell ya what, I'll wait here until you can trim your party to a more manageable size. I've got some sleeping to catch up on.""",「告訴你吧，我會在這裡等你，直到你能把你的隊伍精簡到更容易管理的規模。我要睡覺了。”
SCRIPTSTRING_1980,Private Quarter,私人宿舍
SCRIPTSTRING_1981,There is a passageway here that leads to Ferofist's,這裡有一條通道通往費羅菲力量
SCRIPTSTRING_1982,\ There is a passageway here that leads to the Private Quarters,\ 這裡有個通道通往私人宿舍
SCRIPTSTRING_1983,Wisps of smoke and the sounds of battle echo throughout the halls of Ferofist's private lodging wing. You see the grim reminders of war all over - most notably dying Dwarves and their mechanistic foes.,縷縷煙霧和戰鬥的聲音在費羅菲力量私人宿舍的大廳迴響。你到處都能看到戰爭的殘酷痕跡——最引人注目的是垂死的矮人和他們的機械敵人。
SCRIPTSTRING_1984,"A small band of Dwarves, accompanied by a dying Ferofist.",一小群矮人，伴隨著垂死的費羅菲力量。
SCRIPTSTRING_1985,"A small band of dwarves looks up and growls menacingly, but an older Dwarf, seated in the middle of their protective circle, commands them to silence.",一小群矮人抬起頭，威脅性地咆哮，但坐在他們保護圈中間的一位年長的矮人命令他們保持安靜。
SCRIPTSTRING_1986,"His armor, once a masterwork by a Dwarven armorer, is now holed through and through. The old dwarf is dying, but his eyes light up as he sees you.",他的盔甲曾經是矮人盔甲師的傑作，現在已經被打得千瘡百孔。老矮人快要死了，但當他看到你時，他的眼睛閃閃發光。
SCRIPTSTRING_1987,"He coughs weakly, ""You have come as prophezied. You must destroy the fruits of my foolish alliance with the dark one, find the keys, and travel through my workshop into Urmech's Lair.""",他虛弱地咳嗽了一聲，“你如預言般到來了。你必須摧毀我與黑暗勢力愚蠢聯盟的果實，找到鑰匙，並穿過我的工場進入烏爾梅奇的巢穴。”
SCRIPTSTRING_1988,"Ferofist collapses into a lifeless shell of a man, finally at peace. The Dwarves take his body away to be buried in secret.",費洛菲力量倒塌成一具沒有生命的軀殼，終於獲得了平靜。矮人把他的屍體帶走並秘密埋葬。
SCRIPTSTRING_1989,"A Dwarf says, ""He scrawled this message on the wall. It may mean something or it may not.""",一個矮人說：“他在牆上潦草地寫下了這條信息。它可能意味著什麼，也可能沒有。”
SCRIPTSTRING_1990,The final Dwarf leaves.,最後的矮人離開了。
SCRIPTSTRING_1991,"A Dwarf handed us a message:\nBright hand, true hand,\nThine are the months of six summers.\nSinister hand, Dark hand,\nThree plagues upon each finger.\nIn opposition, you ward the lair of my foolish death.",一個矮人向我們傳遞了一個訊息：\n光明的手，真實的手，\n你是六個夏天的月份。 \n邪惡的手，黑暗的手，\n每根手指上都有三場瘟疫。 \n相反，你守護著我愚蠢的死亡的巢穴。
SCRIPTSTRING_1992,"Bright hand, true hand,\nThine are the months of six summers.\nSinister hand, Dark hand,\nThree plagues upon each finger.\nIn opposition, you ward the lair of my foolish death.",光明的手，真實的手，\n六個夏天的月份都是你的。 \n邪惡的手，黑暗的手，\n每根手指上都有三災。 \n相反，你守護著我愚蠢的死亡的巢穴。
SCRIPTSTRING_1993,"Hidden away in a corner of this room is a strange key. Judging by the oddly shaped handle, it looks like you use your left hand to turn it.\n\n",這個房間的角落藏著一把奇怪的鑰匙。從形狀奇怪的手柄來看，看起來像是用左手轉動的。 \n\n
SCRIPTSTRING_1994,Found Left Key.,找到左鍵。
SCRIPTSTRING_1995,Workshop,工作坊
SCRIPTSTRING_1996,There is a passageway here that leads to the Workshop.,這裡有一條通道通往工坊。
SCRIPTSTRING_1997,Turned the 'Right Key' 18 Times and the 'Left key' 15 times. The portal is no longer sealed by the two doors.,轉動「右鍵」18 次，轉動「左鍵」15 次。傳送門不再被兩扇門密封。
SCRIPTSTRING_1998,There is a sealed portal on the floor. It is secured by two locks.,地板上有一個密封的傳送門。它由兩把鎖固定。
SCRIPTSTRING_1999,How many times will ye turn the key?\n\n,您將轉動鑰匙多少次？ \n\n
SCRIPTSTRING_2000,The key turns in the lock.,鑰匙在鎖裡轉動。
SCRIPTSTRING_2001,The locks pop off the door sealing the portal.,鎖從密封門戶的門上彈出。
SCRIPTSTRING_2002,Urmech's Paradise,烏爾梅奇的天堂
SCRIPTSTRING_2003,"Through the open portal you see a viscous, bubbling liquid the color of pine pitch.",透過敞開的入口，你可以看到一種黏稠的、冒泡的液體，顏色是松瀝青。
SCRIPTSTRING_2004,A fresh breeze comes from the open portal above.,一股清新的微風從上方開放的門戶吹來。
SCRIPTSTRING_2005,Viscous Plane,黏性平面
SCRIPTSTRING_2006,"The thick, amber liquid soaks through your clothing and chills your flesh. You fight against the smothering sensation as it seals your nostrils off and blink as the fluid stings your eyes.",濃稠的琥珀色液體浸透你的衣服，讓你的肉體冰冷。當液體刺痛你的眼睛時，你要與窒息的感覺作鬥爭，因為它會堵住你的鼻孔，並眨眼。
SCRIPTSTRING_2007,You feel a slight current moving through the oily fluid. Something swishes through the murky lake and you feel a chainlike body writhe between your legs.,您會感覺到油性液體中有輕微的電流流動。有東西在黑暗的湖水中呼嘯而過，你感覺到一條鏈狀的身體在你的雙腿之間扭動。
SCRIPTSTRING_2008,A light from the south cuts through the murk and reveals stone walls worn smooth by the thick liquid flowing through this underground lake.,南邊的一道光穿透了黑暗，露出了被地下湖中流過的濃稠液體磨得光滑的石牆。
SCRIPTSTRING_2009,There is an opening in the ceiling that seems to go to a new area.\n,天花板上有一個開口，似乎通往一個新區域。 \n
SCRIPTSTRING_2010,Do you wish to swim to it?,你想遊過去嗎？
SCRIPTSTRING_2011,Sanctum,聖所
SCRIPTSTRING_2012,"Urmech's private sanctum is a beautiful world of symmetrical metal tubes, jeweled globes and silvery tools. Here you sense great power and feel a facet of magic you have never sensed before.",烏爾梅奇的私人聖殿是一個美麗的世界，裡面有對稱的金屬管、寶石球和銀色工具。在這裡你感受到了巨大的力量，感受到了從未感受過的魔法。
SCRIPTSTRING_2013,Urmech,烏爾梅奇
SCRIPTSTRING_2014,"Seated in a scrap-metal throne you see Urmech. His iron features seem to move like flesh, and his expression is one of sorrow.",你看到烏爾梅克坐在廢金屬王座上。他鋼鐵般的五官彷彿血肉一般在移動，他的表情充滿悲傷。
SCRIPTSTRING_2015,"""Is this how it must end, in violence, or can we work out an accommodation?""\n\n",「這就是事情必須以暴力結束的方式，還是我們可以找到一個和解方案？」\n\n
SCRIPTSTRING_2016,"Yes, Violence",是的，暴力
SCRIPTSTRING_2017,"No, Accommodate",不，住宿
SCRIPTSTRING_2018,"""Pity, I'm afraid you give me no choice then."" Attacking you is",「可惜了，恐怕你已經沒有選擇的餘地了。」攻擊你是
SCRIPTSTRING_2019,"""I'm glad we could avoid a confrontation.""",“我很高興我們可以避免對抗。”
SCRIPTSTRING_2020,"Urmech's broken metal body rests on top of a scrap metal throne. We could fix him if we had a spanner, a lever, a nut and a bolt.",烏爾梅克破碎的金屬身體放在廢金屬王座上。如果我們有扳手、槓桿、螺帽和螺栓，我們就可以修理他。
SCRIPTSTRING_2021,\nWe have the tools to repair him. He could still be useful.,\n我們有修復他的工具。他還是有用的。
SCRIPTSTRING_2022,Repair Urmech,修復烏爾梅克
SCRIPTSTRING_2023,Leave him.,離開他。
SCRIPTSTRING_2024,"Using your spanner, a lever, a bolt, a nut, and a bit of elbow grease, you manage to repair Urmech. He seems grateful for being put back together.",使用扳手、槓桿、螺栓、螺帽和一點苦勞，你就能修復 Urmech。他似乎很感激能重新回到一起。
SCRIPTSTRING_2025,"\nUrmech doesn't look too damaged... perhaps we could repair him... We'll need a spanner, a lever, a nut and a bolt.",\n烏爾梅奇看起來並沒有受到太大的傷害...也許我們可以修理他...我們需要一把扳手、一根槓桿、一個螺母和一個螺栓。
SCRIPTSTRING_2026,"""Ferofist created me, despite the Gods' Pact barring further creation, and through this heinous act, helped free the dark one.""",“儘管眾神契約禁止進一步創造，費羅菲力量創造了我，並通過這一令人髮指的行為，幫助釋放了黑暗勢力。”
SCRIPTSTRING_2027,"""But what of me? I have done no evil except to live. I have, in turn, created others of my kind to protect me - and so I will not be all alone.""",「但是我呢？除了生存之外，我沒有做過任何惡事。反過來，我也創造了其他同類來保護我——所以我不會孤單。”
SCRIPTSTRING_2028,"""The items you seek are in my inner sanctum. I have no need of them and they are yours to take.""",“你要找的東西就在我的密室裡，我不需要，你可以拿走。”
SCRIPTSTRING_2029,"""I have discovered a type of magic I will share with you, if you are willing.""",“我發現了一種魔法，如果你願意的話，我會與你分享。”
SCRIPTSTRING_2030,"""Those who wish to learn my magic should meet me at the rear of my sanctum. There I will instill this new power into your blood.""",「那些想要學習我的魔法的人應該在我的聖殿後面與我會面。在那裡我會將這種新的力量灌輸到你的血液中。”
SCRIPTSTRING_2031,"With that, Urmech leaves and enters a chamber to the south.",說完，烏爾梅奇離開並進入南邊的一個房間。
SCRIPTSTRING_2032,We met Urmech here. He told us his story and entered a chamber to the south.,我們在這裡遇見了烏爾梅奇。他向我們講述了他的故事，然後進入了南邊的一個房間。
SCRIPTSTRING_2033,A scrap metal throne is here. There is no sign of Urmech anywhere.,廢金屬王座就在這裡。到處都沒有烏爾梅奇的蹤跡。
SCRIPTSTRING_2034,Among the cold steel furniture that adorns Urmech's chamber is a small treasure chest.,裝飾烏爾梅奇房間的冷鋼家具中有一個小寶箱。
SCRIPTSTRING_2035,Ferofist's Helm is in the chest.\n\n,費洛菲力量的頭盔在箱子裡。 \n\n
SCRIPTSTRING_2036,Found 'Ferofist's Helm'.,找到「費羅菲力量的頭盔」。
SCRIPTSTRING_2037,The Hammer of Wrath is in the chest.\n\n,憤怒之鎚在箱子裡。 \n\n
SCRIPTSTRING_2038,Found Hammer of Wrath.,找到了憤怒之錘。
SCRIPTSTRING_2039,There is a large machine here that radiates a magical aura. No one in the party can figure out how to use this machine and what it does.,這裡有一台散發著魔法氣息的大型機器。隊伍中沒有人能夠弄清楚如何使用這台機器以及它的用途。
SCRIPTSTRING_2040,"Urmech stands before a strange and magical machine. This machine will transform a Warrior, Bard, Paladin, Hunter or Monk into a Geomancer!.""",烏爾梅奇站在一台奇怪而神奇的機器前。這台機器將把戰士、吟遊詩人、聖騎士、獵人或武僧變成大地術士！ 」
SCRIPTSTRING_2041,Urmech stands before a strange and magical machine. He says...,烏爾梅奇站在一台奇怪而神奇的機器前。他說…
SCRIPTSTRING_2042,"""This machine will instill into a Warrior, Bard, Paladin, Hunter or Monk the ability to use magic.""",「這台機器將向戰士、吟遊詩人、聖騎士、獵人或武僧灌輸使用魔法的能力。 」
SCRIPTSTRING_2043,"""You will be more than a warrior, you will be a Geomancer!!""",「你將不僅僅是一名戰士，你將成為一名大地術士！ ！ 」
SCRIPTSTRING_2044,"""But know this, you will lose some of your fighter abilities and skills but the magic you possess will more than make up for the loss.""",「但要知道這一點，你將失去一些戰士能力和技能，但你擁有的魔法將足以彌補損失。 」
SCRIPTSTRING_2045,Whom shall become a Geomancer?,誰適合成為大地術士？
SCRIPTSTRING_2046,"""Very well, I'll be here if you change your minds.""",「好吧，如果你改變主意，我就在這裡。 」
SCRIPTSTRING_2047,"""I cannot change you, you aren't a warrior.""",「我無法改變你，你不是戰士。 」
SCRIPTSTRING_2048,Urmech reaches out and caresses your temples with his copper fingers. You feel a tingle and you have been changed.,烏爾梅奇伸出他的銅手指撫摸你的太陽穴。你感到一陣刺痛，你已經改變了。
SCRIPTSTRING_2049,"Through an open portal you see a viscous, bubbling liquid the color of pine pitch.\n",透過一個打開的入口，你可以看到松脂顏色的黏稠、冒泡的液體。 \n
SCRIPTSTRING_2050,Do you wish to climb into it?,你想爬進去嗎？
SCRIPTSTRING_2051,UnterBrae,布雷下
SCRIPTSTRING_2052,"Although Skara Brae lay in ruins, it felt far more alive than this place. Something here just feels wrong: it is not of this world. Even breathing this air feels dirty.",雖然斯卡拉布雷已經變成了廢墟，但它給人的感覺卻比這裡更有生氣。這裡總覺得有些不對勁：它不屬於這個世界。連噴吐這種空氣都覺得很髒。
SCRIPTSTRING_2053,Tacked on the door in the east wall you see the following message:\n\nThose who enter this door will never leave through it.,釘在東牆上的門上，你會看到以下資訊：\n\n進入這扇門的人將永遠不會從它出去。
SCRIPTSTRING_2054,The tint of melancholy paves the way.,憂鬱的色調鋪平了道路。
SCRIPTSTRING_2055,A splash of a noble's blood colors the exit.,出口處濺滿了貴族的血。
SCRIPTSTRING_2056,The shade of the winds' home will make you free.,風之家的樹蔭會讓你自由。
SCRIPTSTRING_2057,"A magic mouth appears and says:\n""Speak the rhyming word to pass through!""",一張神奇的嘴出現並說道：\n「說出押韻詞即可穿過！ 」
SCRIPTSTRING_2058,BLUE,藍色
SCRIPTSTRING_2059,"""Sorry, but thou art wrong.""",「抱歉，但你錯了。 」
SCRIPTSTRING_2060,Answer: BLUE,答案：藍色
SCRIPTSTRING_2061,"""Very good! You may be worthy to battle Brilhasti ap Tarj after all!""",「很好！畢竟你可能值得與塔吉河畔的布里哈斯蒂戰鬥！ 」
SCRIPTSTRING_2062,Return from beyond this place is not possible by this means.,通過這種方式不可能從這個地方返回。
SCRIPTSTRING_2063,"Down below, eschew the first right thing to do.",在下面，避開第一個正確的事情。
SCRIPTSTRING_2064,"Light hurts me and bleeds me, but leaves me behind it always.",光傷害了我，讓我流血，但總是把我拋在身後。
SCRIPTSTRING_2065,The air down here smells of dry rot and other putrefaction. The dry air feels uncomfortable and leeches moisture from you as it saps your strength and courage.,這裡的空氣充滿了乾腐和其他腐爛物的味道。乾燥的空氣會讓人感覺不舒服，並會吸收水分，削弱你的力量和勇氣。
SCRIPTSTRING_2066,Faded Figure,褪色的身影
SCRIPTSTRING_2067,"A faded figure appears and asks:\n""I am nothing, I make nothing, but my opposite creates me even as it destroys me. What am I?""",一個褪色的身影出現並問道：\n「我什麼都不是，我什麼也沒創造，但我的對立面創造了我，即使它摧毀了我。我是什麼？ 」
SCRIPTSTRING_2068,Answer: SHADOW,答案：影子
SCRIPTSTRING_2069,"Things that lurk, in shadows below Make it an unsafe place to go. First Ward: Spin lest ye be spun.",潛伏在下面陰影中的東西使它成為一個不安全的地方。第一區：旋轉，以免被旋轉。
SCRIPTSTRING_2070,"The first Ward's Key:\nNevEr Now,\nEvEr iS SEEn,\nElitE aNd NarroW,\nNorth by NorthWest Way,\nDoves MourN.",第一個病房的鑰匙：\n現在，\n一切都可見，\n精英和狹窄，\n西北路向北，\n鴿子哀悼。
SCRIPTSTRING_2071,Only a fool would frontally assault the second Ward.,只有傻子才會正面攻擊第二區。
SCRIPTSTRING_2072,"The third Ward's path of darkness is not without danger, but there is more to fear in the light of Brilhasti's insanity.",第三區的黑暗之路並非沒有危險，但鑑於布里哈斯蒂的瘋狂，還有更多的恐懼。
SCRIPTSTRING_2073,"The three Wards below will try your soul, but that's the only way out of this hole. Brilhasti is cold and he is mean. Make sure his death is quick and clean.",下面的三個結界會考驗你的靈魂，但這是離開這個洞的唯一出路。布里哈斯蒂很冷酷，而且很刻薄。確保他的死亡快速而乾淨。
SCRIPTSTRING_2074,The spectral hand of fear runs bony fingers down your spine. The air is hot and close. This place feels like the inside of a grave.,恐懼的幽靈之手沿著你的脊椎手指撫摸。空氣又熱又近。這個地方感覺就像是在墳墓裡面。
SCRIPTSTRING_2075,Figure,圖
SCRIPTSTRING_2076,"A figure appears and asks:\n""I have no lips, yet my kiss is deadly. I am not a razor, but those I caress need never shave again. Your best friend, I will kill you.""",一個人影出現並問道：\n“我沒有嘴唇，但我的吻是致命的。我不是剃刀，但我愛撫的人永遠不需要再刮鬍子。你最好的朋友，我會殺了你。”
SCRIPTSTRING_2077,"""Speak my name, then ready me.""",“說出我的名字，然後讓我做好準備。”
SCRIPTSTRING_2078,"Sorry, but thou art wrong.",抱歉，但你錯了。
SCRIPTSTRING_2079,Answer: SWORD,答案：劍
SCRIPTSTRING_2080,"Diddledy high,\nDiddledy low,\nCome brave blood sheep, you've a goodly way to go.",Diddledy 高，\nDiddledy 低，\n勇敢的血羊來吧，你還有很長的路要走。
SCRIPTSTRING_2081,"So far, so good, this you all think,\nCome even further, your blood I will drink.\nBrilhasti am I, and great is my god.\nCome to me, come, down the path few have trod.",到目前為止，一切都很好，你們都這麼想，\n走得更遠，我會喝你們的血。 \n我是布里哈斯蒂，偉大的是我的神。 \n到我這裡來，來吧，沿著很少有人走過的路。
SCRIPTSTRING_2082,The party has entered the chamber of Brilhasti ap Tarj! He doesn't seem pleased to meet you.,隊伍已進入 Brilhasti ap Tarj 的房間！他似乎不太高興見到你。
SCRIPTSTRING_2083,You scream a hideous battle cry as you face,當你面對時，你會尖叫出可怕的戰鬥口號
SCRIPTSTRING_2084,"""You Wimps!"" screams Brilhasti ap Tarj as the party bravely retreats.",「你們這些膽小鬼！」當隊伍勇敢撤退時，Brilhasti ap Tarj 尖叫道。
SCRIPTSTRING_2085,The party has killed Brilhasti ap Tarj!,該黨殺死了 Brilhasti ap Tarj！
SCRIPTSTRING_2086,A force is enveloping the party...,一股力量正在包圍著隊伍…
SCRIPTSTRING_2087,This place is marked by the remains of a mighty battle... \n\nThis is where Brilhasti ap Tarj was defeated...,這個地方以一場激烈戰鬥的遺跡為標誌... \n\n這是 Brilhasti ap Tarj 被擊敗的地方...
SCRIPTSTRING_2088,Tar quarry,焦油採石場
SCRIPTSTRING_2089,The god-awful stench of sulphurous tar swirls through this pit like a cyclone. Through the wisps of choking mist you see a small building amid bubbling tar flats.,硫磺焦油的可怕惡臭像旋風一樣在這個坑中盤旋。透過一縷縷令人窒息的霧氣，你可以看到一座小建築坐落在冒泡的柏油平地上。
SCRIPTSTRING_2090,You see the forest from here.,從這裡你可以看到森林。
SCRIPTSTRING_2091,\nDo you wish to go back?,\n你想回去嗎？
SCRIPTSTRING_2092,To the east you see a wide area of oozing tar that produces noxious burst of steam as bubbles burst and flick tar droplets around. To your horror you see things moving in the seething pool.,在東邊，你可以看到一大片正在滲出的焦油，當氣泡破裂並四處彈射焦油滴時，會產生有毒的蒸氣。令你驚恐的是，你看到沸騰的池子裡有東西在移動。
SCRIPTSTRING_2093,North and south of you the skeletons and gnawed corpses of creatures trapped in the tar serve as grisly evidence of the deceptive dangers of the tar pit.,在你們的北邊和南邊，被困在焦油中的生物的骷髏和被啃咬的屍體是焦油坑中欺騙性危險的可怕證據。
SCRIPTSTRING_2094,"The roiling slime-pit to the west reeks of putrefaction and decay. You see something move within the tar, but you are wise enough to keep your distance.",西邊翻滾的黏液坑散發著腐爛的惡臭。你看到焦油裡有東西在移動，但你夠聰明，保持了距離。
SCRIPTSTRING_2095,In the middle of the little building you see a small fountain jetting viscous black tar.,在小建築的中間，你可以看到一個小噴泉，噴出黏稠的黑色焦油。
SCRIPTSTRING_2096,{0} collects some of the gooey tar.,{0}收集了一些黏稠的焦油。
SCRIPTSTRING_2097,Shadow Canyon,暗影峽谷
SCRIPTSTRING_2098,"The Shadow Canyon stretches off into the distance. It appears to be without end but, you expect, this is, like so many other things in Tenebrosia, an illusion of some sort.",暗影峽谷一直延伸到遠方。它似乎沒有盡頭，但是，你可以預料到，這就像特內布羅西亞的許多其他事物一樣，是某種幻覺。
SCRIPTSTRING_2099,A passage is here back to the forest.,這裡有一條回到森林的通道。
SCRIPTSTRING_2100,Scrawled in a crude hand on the canyon wall you see the message: A castle is only as weak as its strongest wall.,您可以在峽谷壁上用粗糙的筆跡潦草地寫下這樣的訊息：一座城堡的脆弱程度取決於它最堅固的城牆。
SCRIPTSTRING_2101,"The canyon recedes into the land's twilight murk and you feel at the end of the canyon, yet still firmly in the middle of it. This place seems to ignore all logic.",峽谷逐漸退入大地的暮色黑暗中，你感覺自己已經到了峽谷的盡頭，但仍然牢牢地處於峽谷的中間。這個地方似乎忽略了所有邏輯。
SCRIPTSTRING_2102,"Gibbering howls echo from black sandstone walls. You cannot tell from whence they originate, but you do know no human throat uttered the cries. You shiver involuntarily.",黑色砂岩牆上迴響著胡言亂語的嚎叫聲。你無法判斷它們從何而來，但你確實知道這些哭聲不是人類的喉嚨發出的。你不由自主地顫抖起來。
SCRIPTSTRING_2103,The walls are rotted around the traps.,陷阱周圍的牆壁已經腐爛。
SCRIPTSTRING_2104,Hidden away in a crevice on the cliff wall is a lock that looks more like a shadow than anything real.\n\n,懸崖壁的縫隙裡隱藏著一把鎖，看起來更像是一個影子，而不是任何真實的東西。 \n\n
SCRIPTSTRING_2105,Found 'Shadow Lock'.,找到“暗影鎖”。
SCRIPTSTRING_2106,Sceadu's Demens,斯卡杜的德門斯
SCRIPTSTRING_2107,"The darkness feels warm and living, yet is not menacing. It conceals things, but the sharply defined shadows also reveal a stability that lets you know this is the heart of Tenebrosia.",黑暗讓人感覺溫暖而生氣勃勃，但並不具威脅性。它掩蓋了一切，但清晰的陰影也揭示了一種穩定，讓你知道這是特內布羅西亞的心臟。
SCRIPTSTRING_2108,"Through the murk you see walls defining rooms with an utter absence of anything you would consider reason. You don't feel mortal dread, but a healthy fear of the unknown mixed with fear of surprises.",透過黑暗，你看到牆壁界定了房間，完全沒有任何你認為合理的東西。你不會感到致命的恐懼，而是對未知的健康恐懼與對意外的恐懼混合在一起。
SCRIPTSTRING_2109,"Hushed whispers remind you of town gossips, and your ears burn as you are certain you've heard yourself mentioned several times, but you can recall no specific item and remember no definite words.",低聲的耳語讓你想起鎮上的八卦，你的耳朵感到灼燒，因為你確信你曾多次聽到自己被提及，但你記不起任何具體的項目，也不記得任何明確的單詞。
SCRIPTSTRING_2110,"Scratched on the wall you see: Just because you're paranoid, it doesn't mean you don't have enemies. You feel unfriendly eyes watching you closely.",你看到牆上的刮痕：僅僅因為你偏執，並不代表你沒有敵人。你感覺有一雙不友善的眼睛在密切地註視著你。
SCRIPTSTRING_2111,"Carved into the black basalt floor you see the gilded question: ""If Nowhere is a circle, then the middle is at the end, isn't it?""",黑色玄武岩地板上刻著一個鍍金的問題：“如果無處是圓，那麼中間就在末端，不是嗎？”
SCRIPTSTRING_2112,"You hear laughter echoing in your ears. ""Close, but the other end is where your prize lurks.""",你聽到笑聲在你耳邊迴響。 “很接近，但另一端就是你的獎品所在。”
SCRIPTSTRING_2113,"A laugh floats hauntingly through the air. ""Alas, this end is not the end you seek.""",空氣中瀰漫著令人難以忘懷的笑聲。 “唉，這結局並不是你所尋求的結局。”
SCRIPTSTRING_2114,Sceadu,斯卡杜
SCRIPTSTRING_2115,"Seated in a tall throne you see a powerful figure, but you notice almost immediately that it's easier to see him by not looking at him.",坐在高高的王座上，你看到一個強大的人物，但你幾乎立即註意到，不看他更容易看到他。
SCRIPTSTRING_2116,"He smiles somewhat uneasily. ""I know what you have come for, but I cannot surrender it to you.""",他笑得有些不安。 “我知道你來的目的，但我不能把它交給你。”
SCRIPTSTRING_2117,Attacking you is,攻擊你是
SCRIPTSTRING_2118,"Sceadu, stripped of his life, cries out and collapses. ""Damn you, Tarjan,"" he swears, then falls unconscious.",斯卡杜被剝奪了生命，大喊一聲，倒在了地上。 「該死的，Tarjan，」他咒罵道，然後就失去了知覺。
SCRIPTSTRING_2119,"His labored chest heaves twice, then Sceadu lies utterly still.",他勞累的胸口起伏了兩下，然後斯卡杜一動不動地躺著。
SCRIPTSTRING_2120,Sceadu's Cloak covers its now deceased owner.\n\n,Sceadu 的斗篷覆蓋了其已故主人。 \n\n
SCRIPTSTRING_2121,Found 'Sceadu's Cloak'.,找到「斯卡杜的斗篷」。
SCRIPTSTRING_2122,Next to Sceadu's throne is a beautifully crafted helmet. Too bad Sceadu wasn't wearing it when you ruined his day.\n\n,斯卡杜的寶座旁邊是一頂精心製作的頭盔。太糟糕了，當你毀了斯卡杜的一天時，他沒有戴上它。 \n\n
SCRIPTSTRING_2123,Found 'Helm of Justice'.,找到「正義之盔」。
SCRIPTSTRING_2124,"You look in pity at the body of Sceadu, ""Why did he ally himself with the dark one?"" someone asks.",你憐憫地看著斯卡杜的屍體，「他為什麼要和黑暗勢力結盟？」有人問。
SCRIPTSTRING_2125,Tarjan,塔爾詹
SCRIPTSTRING_2126,You feel an overpowering aura of evil here. You are close to finally fulfilling your quest.,在這裡你感受到一股壓倒性的邪惡氣息。您即將最終完成您的任務。
SCRIPTSTRING_2127,You feel power pulsing like a heartbeat. You are very close to the source of all evil!,你感覺力量像心跳一樣脈動。你已經非常接近萬惡之源了！
SCRIPTSTRING_2128,You feel that this is a gate back to the wilderness outside of Skara Brae.,你會覺得這是通往斯卡拉布雷郊外荒野的大門。
SCRIPTSTRING_2129,\n\nDo you wish to take it?,\n\n你想拿走嗎？
SCRIPTSTRING_2130,A one-way dimensional hole from Tarjan's realm dumped us out here.,塔里安王國的一個單向維度洞將我們扔到了這裡。
SCRIPTSTRING_2131,"A dark, cloaked figure laughs. ""So you think you could defeat me again, like the way you tricked me at Baron Harkyn's castle so many years ago?""",一個穿著斗篷的黑影笑了。 “所以你認為你能再次擊敗我，就像多年前你在哈金男爵的城堡裡欺騙我一樣？”
SCRIPTSTRING_2132,"""Now I'll have my revenge on you and I'll take what should rightfully be mine!!""",“現在我要向你報仇，我要拿回本該屬於我的東西！！”
SCRIPTSTRING_2133,"""I will possess control over all space and time!!""",“我將擁有對所有空間和時間的掌控！！”
SCRIPTSTRING_2134,Tarjan waves his arms and conjures up some friends.,塔里安揮舞手臂，召喚出一些朋友。
SCRIPTSTRING_2135,"""Here my pretties, time for target practice.""",“寶貝們，現在是練習打靶的時間了。”
SCRIPTSTRING_2136,You face,你面對
SCRIPTSTRING_2137,"""I knew you could never defeat my forces of darkness!""",「我就知道你永遠無法擊敗我的黑暗勢力！」
SCRIPTSTRING_2138,"Tarjan has a look of complete surprise on his face, ""Most impressive, you are a hardy lot.""",塔里安臉上露出驚訝的表情，“最令人印象深刻的是，你真是個吃苦耐勞的人。”
SCRIPTSTRING_2139,"""Now I'll gleefully send you to the hell I came from and torment your souls for eternity.""",“現在我會高興地把你送進我來的地獄，永遠折磨你的靈魂。”
SCRIPTSTRING_2140,"Tarjan waves his arms and cries, ""You will not live to see dawn!!""",塔里安揮舞著雙臂，喊道：“你活不到黎明！！”
SCRIPTSTRING_2141,Ether,乙醚
SCRIPTSTRING_2142,"You gather around Tarjan's dead body, carefully avoiding the steaming streams of vitriolic blood burning into the stone floor, and reality slowly begins to unravel around you.",你聚集在塔里安的屍體周圍，小心翼翼地避開燃燒在石頭地板上的熱氣騰騰的硫酸血流，現實開始慢慢地在你周圍瓦解。
SCRIPTSTRING_2143,"You look up and discover, where there had only been a dark rock ceiling, a brilliantly lit chimney of stone.",你抬頭一看，發現那裡只有一個黑色的岩石天花板，一個燈火輝煌的石煙囪。
SCRIPTSTRING_2144,You slowly drift upward.,你慢慢地向上漂移。
SCRIPTSTRING_2145,Time and space folds in upon itself and you reach a place made completely and utterly of light.,時間和空間自行折疊，你到達一個完全由光組成的地方。
SCRIPTSTRING_2146,"Seated in a glowing throne, a man smiles at you. Though he is youthful and handsome, you recognize him instantly as the old man who sent you upon your quest.",一個男人坐在發光的王座上，對著你微笑。儘管他年輕又英俊，但你立刻認出他就是派你去探尋的那位老人。
SCRIPTSTRING_2147,"Beside him stands your friend, Hawkslayer.",他旁邊站著你的朋友，鷹手。
SCRIPTSTRING_2148,The enthroned figure pulls out a sword and begins to speak...,登基者拔出一把劍，開始說話…
SCRIPTSTRING_2149,"Looking around, you recognise the site where Tarjan was finally defeated. Now quiet, though still the remnants of Tarjan's beasts wander through this realm of evil.",環顧四周，你認出了塔里安最終被擊敗的地方。現在已經安靜了，但塔里安野獸的殘餘仍然在這個邪惡的國度裡遊蕩。
SCRIPTSTRING_2150,You're at the City Square gates,您已到達城市廣場大門
SCRIPTSTRING_2151,We found the Scarlet Bard here.,我們在這裡找到了猩紅吟遊詩人。
SCRIPTSTRING_2152,We found Saradon's corpse here.,我們在這裡發現了薩拉頓的屍體。
SCRIPTSTRING_2153,We found a WardStone in Saradon's robes.,我們在薩拉頓的長袍中發現了一塊沃德石。
BESTIARY_ONE_KILL_LEFT,Need 1 more kill to unlock this information.,還需要 1 次擊殺才能解鎖此訊息。
BESTIARY_MORE_KILLS_LEFT,Need {0} more kills to unlock this information.,需要{0}次擊殺才能解鎖此資訊。
ITEM_Acorn,Acorn,橡子
ITEM_Adamant Bracers,Adamant Bracers,精金護腕
ITEM_Adamant Chain,Adamant Chain,金剛鏈
ITEM_Adamant Dagger,Adamant Dagger,金剛匕首
ITEM_Adamant Gloves,Adamant Gloves,精金手套
ITEM_Adamant Helm,Adamant Helm,堅固頭盔
ITEM_Adamant Mace,Adamant Mace,金剛錘
ITEM_Adamant Plate,Adamant Plate,精金板
ITEM_Adamant Scale,Adamant Scale,堅固的規模
ITEM_Adamant Shield,Adamant Shield,堅固之盾
ITEM_Adamant Sword,Adamant Sword,金剛劍
ITEM_Ag's Arrows,Ag's Arrows,Ag的箭
ITEM_Ali's Carpet,Ali's Carpet,阿里的地毯
ITEM_Angel's Harp,Angel's Harp,天使的豎琴
ITEM_Angel's Ring,Angel's Ring,天使之戒
ITEM_Angra's Eye,Angra's Eye,安格拉之眼
ITEM_Aram's Knife,Aram's Knife,亞蘭的刀
ITEM_Arc's Eye,Arc's Eye,電弧之眼
ITEM_Arc's Hammer,Arc's Hammer,電弧之鎚
ITEM_Arcshield,Arcshield,弧形盾牌
ITEM_Arefolia,Arefolia,沙葉屬
ITEM_Arrows,Arrows,箭頭
ITEM_Arrows of Life,Arrows of Life,生命之箭
ITEM_Bard Bow,Bard Bow,吟遊詩人弓
ITEM_Bardsword,Bardsword,吟遊詩人之劍
ITEM_Belt of Alliria,Belt of Alliria,艾莉莉亞腰帶
ITEM_Black Arrows,Black Arrows,黑箭
ITEM_Black Lens,Black Lens,黑色鏡片
ITEM_Blast Harp,Blast Harp,疾風豎琴
ITEM_Blast Mandolin,Blast Mandolin,爆炸曼陀林
ITEM_Blood Axe,Blood Axe,血斧
ITEM_Blood Mesh Robe,Blood Mesh Robe,血網長袍
ITEM_Blue Rose,Blue Rose,藍玫瑰
ITEM_Bolt,Bolt,博爾特
ITEM_Boomerang,Boomerang,迴力鏢
ITEM_Breathring,Breathring,噴吐環
ITEM_Broadsword,Broadsword,大刀
ITEM_Broom,Broom,掃帚
ITEM_Brothers Figure,Brothers Figurine,兄弟雕像
ITEM_Buckler,Buckler,圓盾
ITEM_Bulldozer Figure,Bulldozer Figurine,推土機雕像
ITEM_Canteen,Canteen,食堂
ITEM_Chain Mail,Chain Mail,鎖子甲
ITEM_Cli Lyre,Cli Lyre,克里裡拉琴
ITEM_Cold Harp,Cold Harp,冷豎琴
ITEM_Cold Horn,Cold Horn,冷角
ITEM_Conjurstaff,Conjurstaff,魔術師
ITEM_Crown of Truth,Crown of Truth,真理之冠
ITEM_Crystal Gem,Crystal Gem,水晶寶石
ITEM_Crystal Key,Crystal Key,水晶鑰匙
ITEM_Crystal Lens,Crystal Lens,水晶鏡片
ITEM_Crystal Sword,Crystal Sword,水晶劍
ITEM_Dag Stone,Dag Stone,達格石
ITEM_Dagger,Dagger,匕首
ITEM_Dagger!,Dagger!,匕首！
ITEM_Dayblade,Dayblade,日刃
ITEM_Deadlyrang,Deadlyrang,致命陣
ITEM_Death Dagger,Death Dagger,死亡匕首
ITEM_Death Figure,Death Figurine,死亡雕像
ITEM_Death Hammer,Death Hammer,死亡之錘
ITEM_Death Stars,Death Stars,死星
ITEM_Deathhorn,Deathhorn,死亡號角
ITEM_Deathring,Deathring,死亡之環
ITEM_Diamond Bracers,Diamond Bracers,鑽石護腕
ITEM_Diamond Dagger,Diamond Dagger,鑽石匕首
ITEM_Diamond Flail,Diamond Flail,鑽石連枷
ITEM_Diamond Helm,Diamond Helm,鑽石頭盔
ITEM_Diamond Plate,Diamond Plate,金剛石板
ITEM_Diamond Scale,Diamond Scale,鑽石鱗片
ITEM_Diamond Shield,Diamond Shield,鑽石盾
ITEM_Diamond Staff,Diamond Staff,鑽石法杖
ITEM_Diamond Suit,Diamond Suit,鑽石套裝
ITEM_Diamond Sword,Diamond Sword,鑽石劍
ITEM_Divine Halbard,Divine Halbard,神戟
ITEM_Dork Ring,Dork Ring,傻瓜戒指
ITEM_Dragon Blood,Dragon Blood,龍血
ITEM_Dragon Figure,Dragon Figurine,龍雕像
ITEM_Dragonshield,Dragonshield,龍盾
ITEM_Dragonsword,Dragonsword,龍劍
ITEM_Dragonwand,Dragonwand,龍杖
ITEM_Drums of Death,Drums of Death,死亡之鼓
ITEM_Dynamite,Dynamite,炸藥
ITEM_Eelskin Tunic,Eelskin Tunic,鰻魚皮外套
ITEM_Elf Boots,Elf Boots,精靈靴子
ITEM_Elf Cloak,Elf Cloak,精靈披風
ITEM_Eternal Torch,Eternal Torch,永恆火炬
ITEM_Exorwand,Exorwand,異能魔杖
ITEM_Eye,Eye,眼睛
ITEM_Familiar Figure,Familiar Figurine,熟悉的雕像
ITEM_Ferofist's Helm,Ferofist's Helm,費羅菲力量的頭盔
ITEM_Fin's Flute,Fin's Flute,芬氏長笛
ITEM_Fire Horn,Fire Horn,消防號角
ITEM_Fire Mandolin,Fire Mandolin,火曼陀林
ITEM_Fire Spear,Fire Spear,火矛
ITEM_Firebrand,Firebrand,煽動者
ITEM_Flame Flute,Flame Flute,火焰笛
ITEM_Flame Horn,Flame Horn,火焰號角
ITEM_Flame Knife,Flame Knife,火焰刀
ITEM_Flame Sword,Flame Sword,火焰劍
ITEM_Flare Crystal,Flare Crystal,耀斑水晶
ITEM_Flute,Flute,長笛
ITEM_Frost Drums,Frost Drums,霜鼓
ITEM_Frost Horn,Frost Horn,冰霜號角
ITEM_Galt's Flute,Galt's Flute,高爾特的長笛
ITEM_Galvanic Oboe,Galvanic Oboe,電鍍雙簧管
ITEM_Gauntlets,Gauntlets,護手
ITEM_Giant Figure,Giant Figurine,巨型雕像
ITEM_Gods' Blade,Gods' Blade,眾神之刃
ITEM_Golem Figure,Golem Figurine,傀儡雕像
ITEM_Grenade,Grenade,手榴彈
ITEM_Halbard,Halbard,哈爾巴德
ITEM_Hammer of Wrath,Hammer of Wrath,憤怒之錘
ITEM_Harmonic Gem,Harmonic Gem,諧波寶石
ITEM_Harmonic Staff,Harmonic Staff,和聲法杖
ITEM_Harp,Harp,豎琴
ITEM_Hawkblade,Hawkblade,鷹刃
ITEM_Heal Harp,Heal Harp,治癒豎琴
ITEM_Heartseeker,Heartseeker,尋心者
ITEM_Helm,Helm,頭盔
ITEM_Helm of Justice,Helm of Justice,正義之盔
ITEM_Herb Figure,Herb Figurine,藥草雕像
ITEM_Holy Avenger,Holy Avenger,神聖復仇者
ITEM_Holy Handgrenade,Holy Handgrenade,神聖手榴彈
ITEM_Holy Missile,Holy Missile,神聖飛彈
ITEM_Holy Sword,Holy Sword,聖劍
ITEM_Holy TNT,Holy TNT,神聖的TNT
ITEM_Horn of Gods,Horn of the Gods,諸神的號角
ITEM_Hourglass,Hourglass,沙漏
ITEM_Hunter Blade,Hunter Blade,獵人之刃
ITEM_Hunters Cloak,Hunters Cloak,獵人斗篷
ITEM_Huntsman Gloves,Huntsman Gloves,獵人手套
ITEM_I-ching,I-ching,易經
ITEM_Incense,Incense,香
ITEM_Item of K,Item of Kazdek,卡茲德克物品
ITEM_Kael's Axe,Kael's Axe,凱爾的斧頭
ITEM_Kali's Garrote,Kali's Garrote,卡莉的絞喉
ITEM_Kato's Bracer,Kato's Bracer,加藤的護腕
ITEM_Kiel's Compass,Kiel's Compass,基爾的指南針
ITEM_Lak's Lyre,Lak's Lyre,拉克的豎琴
ITEM_Lamp,Lamp,燈
ITEM_Leather Armor,Leather Armor,皮甲
ITEM_Leather Gloves,Leather Gloves,皮手套
ITEM_Left Key,Left Key,左鍵
ITEM_Lever,Lever,槓桿
ITEM_Lich Figure,Lich Figurine,巫妖雕像
ITEM_Lightstar,Lightstar,光星
ITEM_Lightwand,Lightwand,光杖
ITEM_Long Bow,Long Bow,長弓
ITEM_Lorehelm,Lorehelm,洛雷海姆
ITEM_Luckshield,Luckshield,幸運之盾
ITEM_Mace,Mace,狼牙棒
ITEM_Mage Figure,Master Wizard Figurine,法師大師雕像
ITEM_MasterMage Figure,Master Mage Figurine,法師大師雕像
ITEM_Mage Staff,Mage Staff,法師法杖
ITEM_Mages Cloak,Mages Cloak,法師斗篷
ITEM_Mages Glove,Mages Glove,法師手套
ITEM_Magic Mouth,Magic Mouth,魔嘴
ITEM_Magic Triangle,Magic Triangle,魔幻三角
ITEM_Mandolin,Mandolin,曼陀林
ITEM_Master Key,Master Key,萬能鑰匙
ITEM_Master Wand,Master Wand,大師魔杖
ITEM_Minstrels Glove,Minstrels Glove,吟遊詩人手套
ITEM_Misericorde,Misericorde,慈悲
ITEM_Mithril Arrows,Mithril Arrows,秘銀箭
ITEM_Mithril Axe,Mithril Axe,秘銀斧
ITEM_Mithril Bracers,Mithril Bracers,秘銀護腕
ITEM_Mithril Chain,Mithril Chain,秘銀鍊
ITEM_Mithril Dagger,Mithril Dagger,秘銀匕首
ITEM_Mithril Gloves,Mithril Gloves,秘銀手套
ITEM_Mithril Helm,Mithril Helm,秘銀頭盔
ITEM_Mithril Mace,Mithril Mace,秘銀狼牙棒
ITEM_Mithril Plate,Mithril Plate,秘銀板
ITEM_Mithril Scale,Mithril Scale,秘銀鱗片
ITEM_Mithril Shield,Mithril Shield,秘銀盾
ITEM_Mithril Suit,Mithril Suit,秘銀套裝
ITEM_Mithril Sword,Mithril Sword,秘銀劍
ITEM_Molten Figure,Molten Figurine,熔岩雕像
ITEM_Molten Flute,Molten Flute,熔岩長笛
ITEM_Molten Harp,Molten Harp,熔岩豎琴
ITEM_Molten Horn,Molten Horn,熔火號角
ITEM_Molten Mandolin,Molten Mandolin,熔化曼陀林
ITEM_Molten Tar,Molten Tar,熔融焦油
ITEM_Mongo Figure,Mongo Figurine,蒙戈雕像
ITEM_Mournblade,Mournblade,哀傷之刃
ITEM_Nightspear,Nightspear,夜矛
ITEM_Nospen Ring,Nospen Ring,諾斯彭環
ITEM_Nut,Nut,堅果
ITEM_Ogre Figure,Ogre Figurine,食人魔雕像
ITEM_Ogrewand,Ogrewand,奧格萬德
ITEM_Old Man Figure,Old Man Figurine,老人雕像
ITEM_Onyx Key,Onyx Key,瑪瑙鑰匙
ITEM_Oscon's Staff,Oscon's Staff,奧斯康的法杖
ITEM_Pipes of Pan,Pan's Pipes,潘氏煙鬥
ITEM_Plate Armor,Plate Armor,板甲
ITEM_Poison Dagger,Poison Dagger,毒匕首
ITEM_Powerstaff,Powerstaff,動力棒
ITEM_Pure Shield,Pure Shield,純盾
ITEM_Pureblade,Pureblade,純刃
ITEM_Purple Heart,Purple Heart,紫心勳章
ITEM_Rainbow Rose,Rainbow Rose,彩虹玫瑰
ITEM_Red Rose,Red Rose,紅玫瑰
ITEM_Red's Stiletto,Red's Stiletto,紅之高跟鞋
ITEM_Right Key,Right Key,右鍵
ITEM_Ring of Power,Ring of Power,力量之戒
ITEM_Ring of Return,Ring of Return,回歸之戒
ITEM_Ring of Accuracy,Ring of Accuracy,準確之環
ITEM_Robes,Robes,長袍
ITEM_GreenRobes,Green Warrior Robes,綠武士長袍
ITEM_Samurai Figurine,Samurai Figurine,武士雕像
ITEM_Scale Armor,Scale Armor,鱗甲
ITEM_Sceadu's Cloak,Sceadu's Cloak,斯卡杜的斗篷
ITEM_Shadelance,Shadelance,謝德蘭斯
ITEM_Shadow Door,Shadow Door,暗影門
ITEM_Shadow Lock,Shadow Lock,暗影鎖
ITEM_Shadowshiv,Shadowshiv,暗影之刃
ITEM_Sheetmusic,Sheetmusic,樂譜
ITEM_Shield Ring,Shield Ring,盾環
ITEM_Shield Staff,Shield Staff,盾杖
ITEM_Shock Drums,Shock Drums,震鼓
ITEM_Shock Harp,Shock Harp,震動豎琴
ITEM_Short Sword,Short Sword,短劍
ITEM_Shrill Flute,Shrill Flute,尖笛
ITEM_Shuriken,Shurikens,手裡劍
ITEM_Silver Circle,Silver Circle,銀圓
ITEM_Silver Square,Silver Square,銀廣場
ITEM_Silver Triangle,Silver Triangle,銀三角
ITEM_Slayer Figure,Slayer Figurine,殺手雕像
ITEM_Smokey Lens,Smokey Lens,煙燻鏡片
ITEM_Song Axe,Song Axe,歌謠斧
ITEM_Soothing Balm,Soothing Balm,舒緩膏
ITEM_Sorcerer's Hood,Sorcerer's Hood,巫師兜帽
ITEM_Sorcerstaff,Sorcerstaff,巫師之杖
ITEM_Soul Mace,Soul Mace,靈魂狼牙棒
ITEM_Spanner,Spanner,扳手
ITEM_Spark Blade,Spark Blade,火花刀片
ITEM_Spear,Spear,矛
ITEM_Spectre Mace,Spectre Mace,幽靈狼牙棒
ITEM_Spectre Snare,Spectre Snare,幽靈網羅
ITEM_Speedboots,Speedboots,速度靴
ITEM_Spell Spear,Spell Spear,法術矛
ITEM_Sphere of Lanatir,Sphere of Lanatir,拉納提爾領域
ITEM_Spirit Drum,Spirit Drum,靈鼓
ITEM_Spirithelm,Spirithelm,靈盔
ITEM_Spirits,Spirits,靈魂
ITEM_Staff,Staff,員工
ITEM_Staff of Gods,Staff of Gods,眾神之杖
ITEM_Staff of Lor,Staff of Lor,洛爾之杖
ITEM_Staff of Mangar,Staff of Mangar,曼加爾法杖
ITEM_Steady Eye,Steady Eye,穩定的眼睛
ITEM_Stealth Arrows,Stealth Arrows,隱形箭
ITEM_Stoneblade,Stoneblade,石刃
ITEM_Strifespear,Strifespear,衝突之矛
ITEM_Surehand Amulet,Surehand Amulet,必勝護身符
ITEM_Sword of Pak,Sword of Pak,帕克之劍
ITEM_Sword of Zar,Sword of Zar,札爾之劍
ITEM_Tao Ring,Tao Ring,陶環
ITEM_Tesla Ring,Tesla Ring,特斯拉環
ITEM_The Book,The Book,這本書
ITEM_The Ring,The Ring,指環
ITEM_The Scepter,The Scepter,權杖
ITEM_Thief Dagger,Thief Dagger,盜賊匕首
ITEM_Thieve's Dart,Thieves Darts,盜賊飛鏢
ITEM_Thieves Hood,Thieves Hood,盜賊兜帽
ITEM_Thor Figure,Thor Figurine,雷神鵰像
ITEM_Thor's Hammer,Thor's Hammer,雷神之鎚
ITEM_Thunder Sword,Thunder Sword,雷霆劍
ITEM_Titan Bracers,Titanium Bracers,鈦護腕
ITEM_Titan Suit,Titanium Suit,鈦金套裝
ITEM_Titan Figure,Titan Figure,泰坦雕像
ITEM_Titan Helm,Titanium Helm,鈦頭盔
ITEM_Titan Plate,Titanium Plate,鈦板
ITEM_Titan Shield,Titanium Shield,鈦盾
ITEM_Torch,Torch,火炬
ITEM_Torch!,Torch!,火炬！
ITEM_Tower Shield,Tower Shield,塔盾
ITEM_Travelhelm,Travelhelm,旅行頭盔
ITEM_Trick Brick,Trick Brick,戲法磚
ITEM_Troll Ring,Troll Ring,巨魔戒指
ITEM_Troll Staff,Troll Staff,巨魔法杖
ITEM_Troth Lance,Troth Lance,特羅斯·蘭斯
ITEM_Troy P.,Troy P.,特洛伊·P。
ITEM_Truth Drum,Truth Drum,真理鼓
ITEM_Tslotha's Head,Tslotha's Head,特斯洛薩的頭顱
ITEM_Tslotha's Heart,Tslotha's Heart,特斯洛薩之心
ITEM_Tung Plate,Tungsten Plate,鎢板
ITEM_Tung Shield,Tungsten Shield,鎢盾
ITEM_Valarian's Bow,Valarian's Bow,瓦拉里安之弓
ITEM_Vanquisher Figure,Vanquisher Figurine,征服者雕像
ITEM_Vial,Vial,小瓶
ITEM_Wand of Force,Wand of Force,原力魔杖
ITEM_Wand of Fury,Wand of Fury,憤怒魔杖
ITEM_Wand of Power,Wand of Power,力量魔杖
ITEM_Wand Segment 1,Wand Segment 1,魔杖段 1
ITEM_Wand Segment 2,Wand Segment 2,魔杖段 2
ITEM_Wand Segment 3,Wand Segment 3,魔杖段 3
ITEM_Wand Segment 4,Wand Segment 4,魔杖段 4
ITEM_Wand Segment 5,Wand Segment 5,魔杖段 5
ITEM_Wand Segment 6,Wand Segment 6,魔杖段 6
ITEM_Wand Segment 7,Wand Segment 7,魔杖段 7
ITEM_War Axe,War Axe,戰斧
ITEM_War Staff,War Staff,戰爭法杖
ITEM_WardStone,WardStone,沃德·斯通
ITEM_Wargloves,Wargloves,戰手套
ITEM_Water,Water,水
ITEM_Water of Life,Water of Life,生命之水
ITEM_Werra's Shield,Werra's Shield,維拉之盾
ITEM_White Rose,White Rose,白玫瑰
ITEM_Willow Flute,Willow Flute,柳笛
ITEM_Wineskin,Wineskin,酒袋
ITEM_Wither Staff,Wither Staff,凋靈法杖
ITEM_Wizhelm,Wizhelm,維澤爾姆
ITEM_WizWand,WizWand,魔杖
ITEM_Ybarrashield,Ybarrashield,伊巴拉盾
ITEM_Yellow Rose,Yellow Rose,黃玫瑰
ITEM_Yellow Staff,Yellow Staff,黃色法杖
ITEM_Youth Potion,Youth Potion,青春藥水
ITEM_Zen Arrows,Zen Arrows,禪箭
PORTRAIT_Male Warrior,Male Warrior,男戰士
PORTRAIT_Female Warrior,Female Warrior,女戰士
PORTRAIT_Male Paladin,Male Paladin,男性聖騎士
PORTRAIT_Female Paladin,Female Paladin,女聖騎士
PORTRAIT_Male Rogue,Male Rogue,男盜賊
PORTRAIT_Female Rogue,Female Rogue,女盜賊
PORTRAIT_Male Bard,Male Bard,男吟遊詩人
PORTRAIT_Female Bard,Female Bard,女吟遊詩人
PORTRAIT_Male Hunter,Male Hunter,男獵人
PORTRAIT_Female Hunter,Female Hunter,女獵人
PORTRAIT_Male Monk,Male Monk,男武僧
PORTRAIT_Female Monk,Female Monk,女武僧
PORTRAIT_Male Conjurer,Male Conjurer,男魔術師
PORTRAIT_Female Conjurer,Female Conjurer,女魔術師
PORTRAIT_Male Magician,Male Magician,男魔術師
PORTRAIT_Female Magician,Female Magician,女魔術師
PORTRAIT_Male Sorcerer,Male Sorcerer,男魔法師
PORTRAIT_Female Sorcerer,Female Sorcerer,女魔法師
PORTRAIT_Male Wizard,Male Wizard,男巫師
PORTRAIT_Female Wizard,Female Wizard,女巫師
PORTRAIT_Male Archmage,Male Archmage,男性大法師
PORTRAIT_Female Archmage,Female Archmage,女大法師
PORTRAIT_Male Chronomancer,Male Chronomancer,男性時空術士
PORTRAIT_Female Chronomancer,Female Chronomancer,女性時空術士
PORTRAIT_Male Geomancer,Male Geomancer,男大地術士
PORTRAIT_Female Geomancer,Female Geomancer,女大地術士
PORTRAIT_Angel of Death,Angel of Death,死亡天使
PORTRAIT_Ogre,Ogre,食人魔
PORTRAIT_Dwarf,Dwarf,矮人
PORTRAIT_Mercenary,Mercenary,傭兵
PORTRAIT_Magician,Magician,魔術師
PORTRAIT_Forest Giant,Forest Giant,森林巨人
PORTRAIT_Thief,Thief,小偷
PORTRAIT_Old Man,Old Man,老人
PORTRAIT_Orc,Orc,獸人
PORTRAIT_Sorcerer,Sorcerer,魔法師
PORTRAIT_Monk,Monk,武僧
PORTRAIT_Samurai,Samurai,武士
PORTRAIT_Vampire,Vampire,吸血鬼
PORTRAIT_Barbarian,Barbarian,野蠻人
PORTRAIT_Elder,Elder,長老
PORTRAIT_Conjurer,Conjurer,魔術師
PORTRAIT_Giant,Giant,巨人
PORTRAIT_Berzerker,Berzerker,狂戰士
PORTRAIT_Goblin,Goblin,哥布林
PORTRAIT_Ninja,Ninja,忍者
PORTRAIT_Death Giant,Death Giant,死亡巨人
PORTRAIT_Lightning Giant,Lightning Giant,閃電巨人
PORTRAIT_Warlock,Warlock,術士
PORTRAIT_Cloud Giant,Cloud Giant,雲巨人
PORTRAIT_Witch,Witch,女巫
PORTRAIT_Cranbo,Cranbo,克蘭博
PORTRAIT_Air Giant,Air Giant,空中巨人
PORTRAIT_Hobgoblin,Hobgoblin,妖怪
PORTRAIT_Guard,Guard,守衛
PORTRAIT_Guard Bald,Guard Bald,後衛禿頭
PORTRAIT_Gnome Warrior,Gnome Warrior,侏儒戰士
PORTRAIT_Shade Giant,Shade Giant,陰影巨人
PORTRAIT_Warrior,Warrior,戰士
PORTRAIT_Undead Thief,Undead Thief,不死盜賊
PORTRAIT_Vandal,Vandal,破壞者
PORTRAIT_Fox Maiden,Fox Maiden,狐女
PORTRAIT_Brute,Brute,野蠻
PORTRAIT_Mongol,Mongol,蒙古人
PORTRAIT_Spartan,Spartan,斯巴達人
PORTRAIT_Priestess,Priestess,女祭司
PORTRAIT_Geomancer,Geomancer,大地術士
PORTRAIT_Red Mage,Red Mage,紅法師
PORTRAIT_Tarjan Warrior,Tarjan Warrior,塔里安戰士
PORTRAIT_Grey Wizard,Grey Wizard,灰巫師
PORTRAIT_White Wizard,White Wizard,白巫師
PORTRAIT_Black Wizard,Black Wizard,黑巫師
PORTRAIT_Dark Priest,Dark Priest,黑暗牧師
PORTRAIT_Sorceress,Sorceress,女巫
PORTRAIT_Cyanis,Cyanis,青色
PORTRAIT_Familiar,Familiar,熟悉的
PORTRAIT_Tarjan's Bull,Tarjan's Bull,塔里安的公牛
PORTRAIT_Frost Mage,Frost Mage,冰霜法師
PORTRAIT_Scary Mage,Scary Mage,可怕的法師
PORTRAIT_Grizzly Mage,Grizzly Mage,灰熊法師
PORTRAIT_Mad Mage,Mad Mage,瘋狂法師
BT1_Ancient Enemy_SINGULAR,Ancient Enemy,遠古之敵
BT1_Ancient Enemy_PLURAL,Ancient Enemies,遠古敵人
BT1_Archmage_SINGULAR,Archmage,大法師
BT1_Archmage_PLURAL,Archmages,大法師
BT1_Assassin_SINGULAR,Assassin,刺客
BT1_Assassin_PLURAL,Assassins,刺客
BT1_Azure Monk_SINGULAR,Azure Monk,青色武僧
BT1_Azure Monk_PLURAL,Azure Monks,蔚藍僧侶
BT1_Balrog_SINGULAR,Balrog,炎魔
BT1_Balrog_PLURAL,Balrogs,炎魔
BT1_Bandersnatch_SINGULAR,Bandersnatch,潘達斯奈基
BT1_Bandersnatch_PLURAL,Bandersnatches,潘達斯奈基
BT1_Barbarian_SINGULAR,Barbarian,野蠻人
BT1_Barbarian_PLURAL,Barbarians,野蠻人
BT1_Basilisk_SINGULAR,Basilisk,蛇怪
BT1_Basilisk_PLURAL,Basilisks,蛇怪
BT1_Beholder_SINGULAR,Beholder,旁觀者
BT1_Beholder_PLURAL,Beholders,旁觀者
BT1_Berserker_SINGULAR,Berserker,狂戰士
BT1_Berserker_PLURAL,Berserkers,狂戰士
BT1_Black Dragon_SINGULAR,Black Dragon,黑龍
BT1_Black Dragon_PLURAL,Black Dragons,黑龍
BT1_Black Widow_SINGULAR,Black Widow,黑寡婦
BT1_Black Widow_PLURAL,Black Widows,黑寡婦
BT1_Bladesman_SINGULAR,Bladesman,劍客
BT1_Bladesman_PLURAL,Bladesmen,劍士
BT1_Blast Dragon_SINGULAR,Blast Dragon,疾風龍
BT1_Blast Dragon_PLURAL,Blast Dragons,疾風龍
BT1_Blue Dragon_SINGULAR,Blue Dragon,藍龍
BT1_Blue Dragon_PLURAL,Blue Dragons,藍龍隊
BT1_Body Snatcher_SINGULAR,Body Snatcher,身體掠奪者
BT1_Body Snatcher_PLURAL,Body Snatchers,身體掠奪者
BT1_Bone Crusher_SINGULAR,Bone Crusher,碎骨機
BT1_Bone Crusher_PLURAL,Bone Crushers,碎骨機
BT1_Bulldozer_SINGULAR,Bulldozer,推土機
BT1_Bulldozer_PLURAL,Bulldozers,推土機
BT1_Cloud Giant_SINGULAR,Cloud Giant,雲巨人
BT1_Cloud Giant_PLURAL,Cloud Giants,雲巨人
BT1_Conjuror_SINGULAR,Conjuror,魔術師
BT1_Conjuror_PLURAL,Conjurors,魔術師
BT1_Conjuror2_SINGULAR,Conjuror,魔術師
BT1_Conjuror2_PLURAL,Conjurors,魔術師
BT1_Conjuror3_SINGULAR,Conjuror,魔術師
BT1_Conjuror3_PLURAL,Conjurors,魔術師
BT1_Conjuror4_SINGULAR,Conjuror,魔術師
BT1_Conjuror4_PLURAL,Conjurors,魔術師
BT1_Conjuror5_SINGULAR,Conjuror,魔術師
BT1_Conjuror5_PLURAL,Conjurors,魔術師
BT1_Conjuror6_SINGULAR,Conjuror,魔術師
BT1_Conjuror6_PLURAL,Conjurors,魔術師
BT1_Copper Dragon_SINGULAR,Copper Dragon,銅龍
BT1_Copper Dragon_PLURAL,Copper Dragons,銅龍
BT1_Crystal Golem_SINGULAR,Crystal Golem,水晶傀儡
BT1_Crystal Golem_PLURAL,Crystal Golems,水晶傀儡
BT1_Death Denizen_SINGULAR,Death Denizen,死亡居民
BT1_Death Denizen_PLURAL,Death Denizens,死亡居民
BT1_Demon_SINGULAR,Demon,惡魔
BT1_Demon_PLURAL,Demons,惡魔
BT1_Demon Lord_SINGULAR,Demon Lord,魔王
BT1_Demon Lord_PLURAL,Demon Lords,惡魔領主
BT1_Doppleganger_SINGULAR,Doppelganger,分身
BT1_Doppleganger_PLURAL,Doppelgangers,雙重人格
BT1_Dwarf_SINGULAR,Dwarf,矮人
BT1_Dwarf_PLURAL,Dwarves,矮人
BT1_Dwarf King_SINGULAR,Dwarf King,矮人王
BT1_Dwarf King_PLURAL,Dwarf Kings,矮人國王
BT1_Earth Elemental_SINGULAR,Earth Elemental,土元素
BT1_Earth Elemental_PLURAL,Earth Elementals,土元素
BT1_Evil Eye_SINGULAR,Evil Eye,邪惡之眼
BT1_Evil Eye_PLURAL,Evil Eyes,邪惡之眼
BT1_Eye Spy_SINGULAR,Eye Spy,眼睛間諜
BT1_Eye Spy_PLURAL,Eye Spies,眼睛間諜
BT1_Figurine Master Mage_SINGULAR,Master Mage,法師大師
BT1_Figurine Master Mage_PLURAL,Master Mages,法師大師
BT1_Fire Elemental_SINGULAR,Fire Elemental,火元素
BT1_Fire Elemental_PLURAL,Fire Elementals,火元素
BT1_Fire Giant_SINGULAR,Fire Giant,火巨人
BT1_Fire Giant_PLURAL,Fire Giants,火巨人
BT1_Fred_SINGULAR,Fred,弗雷德
BT1_Fred_PLURAL,Freds,弗萊茲
BT1_Ghost_SINGULAR,Ghost,幽靈
BT1_Ghost_PLURAL,Ghosts,鬼魂
BT1_Ghoul_SINGULAR,Ghoul,食屍鬼
BT1_Ghoul_PLURAL,Ghouls,食屍鬼
BT1_Gimp_SINGULAR,Gimp,吉普
BT1_Gimp_PLURAL,Gimps,吉普斯
BT1_Gnome_SINGULAR,Gnome,侏儒
BT1_Gnome_PLURAL,Gnomes,侏儒
BT1_Goblin Lord_SINGULAR,Goblin Lord,哥布林領主
BT1_Goblin Lord_PLURAL,Goblin Lords,哥布林領主
BT1_Golem_SINGULAR,Golem,魔像
BT1_Golem_PLURAL,Golems,傀儡
BT1_Greater Demon_SINGULAR,Greater Demon,高等惡魔
BT1_Greater Demon_PLURAL,Greater Demons,高等惡魔
BT1_Green Dragon_SINGULAR,Green Dragon,綠龍
BT1_Green Dragon_PLURAL,Green Dragons,綠龍
BT1_Grey Dragon_SINGULAR,Grey Dragon,灰龍
BT1_Grey Dragon_PLURAL,Grey Dragons,灰龍
BT1_Half Orc_SINGULAR,Half Orc,半獸人
BT1_Half Orc_PLURAL,Half Orcs,半獸人
BT1_Herb_SINGULAR,Herb,香草
BT1_Herb_PLURAL,Herbs,香草
BT1_Figurine Herb_SINGULAR,Herb,香草
BT1_Figurine Herb_PLURAL,Herbs,香草
BT1_Hero_SINGULAR,Hero,英雄
BT1_Hero_PLURAL,Heroes,英雄
BT1_Hobbit_SINGULAR,Hobbit,哈比人
BT1_Hobbit_PLURAL,Hobbits,哈比人
BT1_Hobgoblin_SINGULAR,Hobgoblin,妖怪
BT1_Hobgoblin_PLURAL,Hobgoblins,妖精
BT1_Hydra_SINGULAR,Hydra,九頭蛇
BT1_Hydra_PLURAL,Hydras,九頭蛇
BT1_Ice Giant_SINGULAR,Ice Giant,冰巨人
BT1_Ice Giant_PLURAL,Ice Giants,冰巨人
BT1_Ivory Monk_SINGULAR,Ivory Monk,象牙武僧
BT1_Ivory Monk_PLURAL,Ivory Monks,象牙僧侶
BT1_Jabberwock_SINGULAR,Jabberwock,賈伯沃克
BT1_Jabberwock_PLURAL,Jabberwocks,賈伯沃克斯
BT1_Jackalwere_SINGULAR,Jackalwere,豺狼人
BT1_Jackalwere_PLURAL,Jackalweres,豺狼人
BT1_Jade Monk_SINGULAR,Jade Monk,玉武僧
BT1_Jade Monk_PLURAL,Jade Monks,玉武僧
BT1_Joe The Sword_SINGULAR,Joe The Sword,喬劍
BT1_Joe The Sword_PLURAL,Joe The Sword,喬劍
BT1_Kobold_SINGULAR,Kobold,狗頭人
BT1_Kobold_PLURAL,Kobolds,狗頭人
BT1_Kringle Brother_SINGULAR,Kringle Brother,克林格爾兄弟
BT1_Kringle Brother_PLURAL,Kringle Brothers,克林格爾兄弟
BT1_Lesser Demon_SINGULAR,Lesser Demon,小惡魔
BT1_Lesser Demon_PLURAL,Lesser Demons,小惡魔
BT1_Lich_SINGULAR,Lich,巫妖
BT1_Lich_PLURAL,Liches,巫妖
BT1_Lurker_SINGULAR,Lurker,潛伏者
BT1_Lurker_PLURAL,Lurkers,潛伏者
BT1_Mad Dog_SINGULAR,Mad Dog,瘋狗
BT1_Mad Dog_PLURAL,Mad Dogs,瘋狗
BT1_Mad God_SINGULAR,Mad God,瘋狂神
BT1_Mad God_PLURAL,Mad Gods,瘋狂之神
BT1_Mage_SINGULAR,Mage,法師
BT1_Mage_PLURAL,Mages,法師
BT1_Magician_SINGULAR,Magician,魔術師
BT1_Magician_PLURAL,Magicians,魔術師
BT1_Magician2_SINGULAR,Magician,魔術師
BT1_Magician2_PLURAL,Magicians,魔術師
BT1_Magician3_SINGULAR,Magician,魔術師
BT1_Magician3_PLURAL,Magicians,魔術師
BT1_Magician4_SINGULAR,Magician,魔術師
BT1_Magician4_PLURAL,Magicians,魔術師
BT1_Magician5_SINGULAR,Magician,魔術師
BT1_Magician5_PLURAL,Magicians,魔術師
BT1_Magician6_SINGULAR,Magician,魔術師
BT1_Magician6_PLURAL,Magicians,魔術師
BT1_Mandar Guard_SINGULAR,Mangar Guard,曼加爾守衛
BT1_Mandar Guard_PLURAL,Mangar Guards,曼加爾守衛
BT1_Mangar_SINGULAR,Mangar,曼加爾
BT1_Mangar_PLURAL,Mangar,曼加爾
BT1_Master Conjuror_SINGULAR,Master Conjurer,魔術師大師
BT1_Master Conjuror_PLURAL,Master Conjurors,魔術師大師
BT1_Master Magician_SINGULAR,Master Magician,魔術師大師
BT1_Master Magician_PLURAL,Master Magicians,魔術師大師
BT1_Master Ninja_SINGULAR,Master Ninja,忍者大師
BT1_Master Ninja_PLURAL,Master Ninjas,忍者大師
BT1_Master Sorcerer_SINGULAR,Master Sorcerer,魔法師大師
BT1_Master Sorcerer_PLURAL,Master Sorcerers,魔法師大師
BT1_Master Thief_SINGULAR,Master Thief,大盜
BT1_Master Thief_PLURAL,Master Thieves,盜賊大師
BT1_Master Wizard_SINGULAR,Master Wizard,法師大師
BT1_Master Wizard_PLURAL,Master Wizards,巫師大師
BT1_Maze Dweller_SINGULAR,Maze Dweller,迷宮居民
BT1_Maze Dweller_PLURAL,Maze Dwellers,迷宮居民
BT1_Maze Master_SINGULAR,Maze Master,迷宮大師
BT1_Maze Master_PLURAL,Maze Masters,迷宮大師
BT1_Mercenary_SINGULAR,Mercenary,傭兵
BT1_Mercenary_PLURAL,Mercenaries,傭兵
BT1_Mimic_SINGULAR,Mimic,模仿者
BT1_Mimic_PLURAL,Mimics,模仿者
BT1_Mind Shadow_SINGULAR,Mind Shadow,心靈陰影
BT1_Mind Shadow_PLURAL,Mind Shadows,心靈陰影
BT1_Molten Man_SINGULAR,Molten Man,熔火人
BT1_Molten Man_PLURAL,Molten Men,熔火人
BT1_Mongo_SINGULAR,Mongo,蒙戈
BT1_Mongo_PLURAL,Mongos,蒙戈斯
BT1_Ninja_SINGULAR,Ninja,忍者
BT1_Ninja_PLURAL,Ninjas,忍者
BT1_Nomad_SINGULAR,Nomad,游牧者
BT1_Nomad_PLURAL,Nomads,游牧民族
BT1_Ogre_SINGULAR,Ogre,食人魔
BT1_Ogre_PLURAL,Ogres,食人魔
BT1_Ogre Lord_SINGULAR,Ogre Lord,食人魔領主
BT1_Ogre Lord_PLURAL,Ogre Lords,食人魔領主
BT1_Ogre Magi_SINGULAR,Ogre Magi,食人魔法師
BT1_Ogre Magi_PLURAL,Ogre Magi,食人魔法師
BT1_Old Man_SINGULAR,Old Man,老人
BT1_Old Man_PLURAL,Old Men,老男人
BT1_Orc_SINGULAR,Orc,獸人
BT1_Orc_PLURAL,Orcs,獸人
BT1_Phantom_SINGULAR,Phantom,幻影
BT1_Phantom_PLURAL,Phantoms,幻影
BT1_Red Dragon_SINGULAR,Red Dragon,紅龍
BT1_Red Dragon_PLURAL,Red Dragons,紅龍
BT1_Samurai_SINGULAR,Samurai,武士
BT1_Samurai_PLURAL,Samurai,武士
BT1_Samurai Lord_SINGULAR,Samurai Lord,武士領主
BT1_Samurai Lord_PLURAL,Samurai Lords,武士領主
BT1_Scarlet Monk_SINGULAR,Scarlet Monk,猩紅僧侶
BT1_Scarlet Monk_PLURAL,Scarlet Monks,猩紅僧侶
BT1_Seeker_SINGULAR,Seeker,探索者
BT1_Seeker_PLURAL,Seekers,探索者
BT1_Shadow_SINGULAR,Shadow,影子
BT1_Shadow_PLURAL,Shadows,陰影
BT1_Skeleton_SINGULAR,Skeleton,骷髏
BT1_Skeleton_PLURAL,Skeletons,骷髏
BT1_Slayer_SINGULAR,Slayer,殺手
BT1_Slayer_PLURAL,Slayer,殺手
BT1_Figurine Slayer_SINGULAR,Slayer,殺手
BT1_Figurine Slayer_PLURAL,Slayers,殺手
BT1_Sorcerer_SINGULAR,Sorcerer,魔法師
BT1_Sorcerer_PLURAL,Sorcerers,巫師
BT1_Sorcerer2_SINGULAR,Sorcerer,魔法師
BT1_Sorcerer2_PLURAL,Sorcerers,巫師
BT1_Sorcerer3_SINGULAR,Sorcerer,魔法師
BT1_Sorcerer3_PLURAL,Sorcerers,巫師
BT1_Sorcerer4_SINGULAR,Sorcerer,魔法師
BT1_Sorcerer4_PLURAL,Sorcerers,巫師
BT1_Sorcerer5_SINGULAR,Sorcerer,魔法師
BT1_Sorcerer5_PLURAL,Sorcerers,巫師
BT1_Soul Sucker_SINGULAR,Soul Sucker,靈魂吸盤
BT1_Soul Sucker_PLURAL,Soul Suckers,靈魂吸盤
BT1_Spectre_SINGULAR,Spectre,幽靈
BT1_Spectre_PLURAL,Spectres,幽靈
BT1_Spider_SINGULAR,Spider,蜘蛛
BT1_Spider_PLURAL,Spiders,蜘蛛
BT1_Spinner_SINGULAR,Spinner,旋轉器
BT1_Spinner_PLURAL,Spinners,紡紗機
BT1_Statue_SINGULAR,Statue,雕像
BT1_Statue_PLURAL,Statues,雕像
BT1_Stone Elemental_SINGULAR,Stone Elemental,石元素
BT1_Stone Elemental_PLURAL,Stone Elementals,石元素
BT1_Stone Giant_SINGULAR,Stone Giant,石巨人
BT1_Stone Giant_PLURAL,Stone Giants,石巨人
BT1_Storm Giant_SINGULAR,Storm Giant,風暴巨人
BT1_Storm Giant_PLURAL,Storm Giants,風暴巨人
BT1_Figurine Storm Giant_SINGULAR,Storm Giant,風暴巨人
BT1_Figurine Storm Giant_PLURAL,Storm Giants,風暴巨人
BT1_Swordsman_SINGULAR,Swordsman,劍客
BT1_Swordsman_PLURAL,Swordsmen,劍客
BT1_Target Dummy_SINGULAR,Target Dummy,目標假人
BT1_Target Dummy_PLURAL,Target Dummy,目標假人
BT1_Thief_SINGULAR,Thief,小偷
BT1_Thief_PLURAL,Thieves,盜賊
BT1_Thor_SINGULAR,Thor,托爾
BT1_Thor_PLURAL,Thor,托爾
BT1_Titan_SINGULAR,Titan,泰坦
BT1_Titan_PLURAL,Titans,泰坦
BT1_Vampire_SINGULAR,Vampire,吸血鬼
BT1_Vampire_PLURAL,Vampires,吸血鬼
BT1_Vampire Lord_SINGULAR,Vampire Lord,吸血鬼領主
BT1_Vampire Lord_PLURAL,Vampire Lords,吸血鬼領主
BT1_Vanquisher_SINGULAR,Vanquisher,征服者
BT1_Vanquisher_PLURAL,Vanquishers,征服者
BT1_War Giant_SINGULAR,War Giant,戰爭巨人
BT1_War Giant_PLURAL,War Giants,戰爭巨人
BT1_Warrior Elite_SINGULAR,Warrior Elite,戰士菁英
BT1_Warrior Elite_PLURAL,Warriors Elite,勇士精英
BT1_Weretiger_SINGULAR,Weretiger,虎人
BT1_Weretiger_PLURAL,Weretigers,虎人
BT1_Werewolf_SINGULAR,Werewolf,狼人
BT1_Werewolf_PLURAL,Werewolves,狼人
BT1_White Dragon_SINGULAR,White Dragon,白龍
BT1_White Dragon_PLURAL,White Dragons,白龍
BT1_Wight_SINGULAR,Wight,懷特
BT1_Wight_PLURAL,Wights,屍鬼
BT1_Wizard_SINGULAR,Wizard,術士
BT1_Wizard_PLURAL,Wizards,巫師
BT1_Wizard Wall_SINGULAR,Wizard Wall,巫師牆
BT1_Wizard Wall_PLURAL,Wizard Wall,巫師牆
BT1_Wizard2_SINGULAR,Wizard,術士
BT1_Wizard2_PLURAL,Wizards,巫師
BT1_Wizard3_SINGULAR,Wizard,術士
BT1_Wizard3_PLURAL,Wizards,巫師
BT1_Wizard4_SINGULAR,Wizard,術士
BT1_Wizard4_PLURAL,Wizards,巫師
BT1_Wizard5_SINGULAR,Wizard,術士
BT1_Wizard5_PLURAL,Wizards,巫師
BT1_Wolf_SINGULAR,Wolf,狼
BT1_Wolf_PLURAL,Wolves,狼隊
BT1_Wraith_SINGULAR,Wraith,幽靈
BT1_Wraith_PLURAL,Wraiths,幽靈
BT1_Xorn_SINGULAR,Xorn,克奧恩
BT1_Xorn_PLURAL,Xorns,克奧恩斯
BT1_Zombie_SINGULAR,Zombie,殭屍
BT1_Zombie_PLURAL,Zombies,殭屍
BT2_A Friend_SINGULAR,A Friend,一個朋友
BT2_A Friend_PLURAL,A Friend,一個朋友
BT2_Abyssian_SINGULAR,Abyssian,阿比西亞
BT2_Abyssian_PLURAL,Abyssians,阿比人
BT2_Ace Of Hearts_SINGULAR,Ace Of Hearts,紅心王牌
BT2_Ace Of Hearts_PLURAL,Ace Of Hearts,紅心王牌
BT2_Air Titan_SINGULAR,Air Titan,泰坦航空
BT2_Air Titan_PLURAL,Air Titans,空中泰坦
BT2_Ancient Enemy_SINGULAR,Ancient Enemy,遠古之敵
BT2_Ancient Enemy_PLURAL,Ancient Enemy,遠古之敵
BT2_Ancient Mage_SINGULAR,Ancient Mage,古代法師
BT2_Ancient Mage_PLURAL,Ancient Mages,古代法師
BT2_Apprentice_SINGULAR,Apprentice,學徒
BT2_Apprentice_PLURAL,Apprentice,學徒
BT2_Arc Knight_SINGULAR,Arc Knight,弧光騎士
BT2_Arc Knight_PLURAL,Arc Knights,弧光騎士
BT2_Arch Dragon_SINGULAR,Arch Dragon,拱龍
BT2_Arch Dragon_PLURAL,Arch Dragons,拱門龍
BT2_Archer_SINGULAR,Apprentice Archer,弓箭手學徒
BT2_Archer_PLURAL,Apprentice Archers,學徒弓箭手
BT2_Archer1_SINGULAR,Archer,弓箭手
BT2_Archer1_PLURAL,Archers,弓箭手
BT2_Archer2_SINGULAR,Adept Archer,熟練的弓箭手
BT2_Archer2_PLURAL,Adept Archers,熟練的弓箭手
BT2_Archer3_SINGULAR,Master Archer,弓箭手大師
BT2_Archer3_PLURAL,Master Archers,弓箭手大師
BT2_Archmonger_SINGULAR,Archmonger,大販
BT2_Archmonger_PLURAL,Archmongers,大販
BT2_Argadoom_SINGULAR,Argadoom,阿加杜姆
BT2_Argadoom_PLURAL,Argadooms,阿加杜姆斯
BT2_Argonaut_SINGULAR,Argonaut,阿爾戈英雄
BT2_Argonaut_PLURAL,Argonauts,阿爾戈英雄
BT2_Arms Master_SINGULAR,Arms Master,武器大師
BT2_Arms Master_PLURAL,Arms Master,武器大師
BT2_Arn Wraith_SINGULAR,Arn Wraith,阿恩·幽靈
BT2_Arn Wraith_PLURAL,Arn Wraiths,阿恩幽靈
BT2_Assassin_SINGULAR,Assassin,刺客
BT2_Assassin_PLURAL,Assassins,刺客
BT2_Astral Guard_SINGULAR,Astral Guard,星界守衛
BT2_Astral Guard_PLURAL,Astral Guards,星界守衛
BT2_Axeman_SINGULAR,Axeman,斧頭人
BT2_Axeman_PLURAL,Axemen,斧兵
BT2_Axeman1_SINGULAR,Savage Axeman,野蠻斧兵
BT2_Axeman1_PLURAL,Savage Axemen,野蠻斧兵
BT2_Baf Mage_SINGULAR,Baf Mage,巴夫法師
BT2_Baf Mage_PLURAL,Baf Mages,巴夫法師
BT2_Balad Giant_SINGULAR,Balad Giant,巴拉德巨人
BT2_Balad Giant_PLURAL,Balad Giants,巴拉德巨人
BT2_Balder Guard_SINGULAR,Balder Guard,巴爾德守衛
BT2_Balder Guard_PLURAL,Balder Guards,巴爾德衛士
BT2_Bander_SINGULAR,Bander,班德爾
BT2_Bander_PLURAL,Banders,班德斯
BT2_Barbarian_SINGULAR,Barbarian,野蠻人
BT2_Barbarian_PLURAL,Barbarians,野蠻人
BT2_Basilisk_SINGULAR,Basilisk,蛇怪
BT2_Basilisk_PLURAL,Basilisks,蛇怪
BT2_Basilisk1_SINGULAR,Gigantic Basilisk,巨型蛇怪
BT2_Basilisk1_PLURAL,Gigantic Basilisks,巨型蛇怪
BT2_Basilisk2_SINGULAR,Slimy Basilisk,黏滑的蛇怪
BT2_Basilisk2_PLURAL,Slimy Basilisks,黏糊糊的蛇怪
BT2_Battlelord_SINGULAR,Battlelord,戰將
BT2_Battlelord_PLURAL,Battlelords,戰將
BT2_Baylor The Bold_SINGULAR,Baylor The Bold,大膽的貝勒
BT2_Baylor The Bold_PLURAL,Baylor The Bold,大膽的貝勒
BT2_Befar Wizard_SINGULAR,Befar Wizard,貝法精靈
BT2_Befar Wizard_PLURAL,Befar Wizards,貝法巫師隊
BT2_Berserker_SINGULAR,Berserker,狂戰士
BT2_Berserker_PLURAL,Berserkers,狂戰士
BT2_Berserker1_SINGULAR,Stalwart Berserker,堅定的狂戰士
BT2_Berserker1_PLURAL,Stalwart Berserkers,堅定的狂戰士
BT2_Bink_SINGULAR,Bink,賓克
BT2_Bink_PLURAL,Binks,賓克斯
BT2_Black Giant_SINGULAR,Black Giant,黑色巨人
BT2_Black Giant_PLURAL,Black Giants,黑色巨人
BT2_Black Priest_SINGULAR,Black Priest,黑牧師
BT2_Black Priest_PLURAL,Black Priests,黑牧師
BT2_Black Skull_SINGULAR,Black Skull,黑色骷髏
BT2_Black Skull_PLURAL,Black Skulls,黑色骷髏
BT2_Blast Dragon_SINGULAR,Blast Dragon,疾風龍
BT2_Blast Dragon_PLURAL,Blast Dragons,疾風龍
BT2_Blockhead_SINGULAR,Blockhead,笨蛋
BT2_Blockhead_PLURAL,Blockhead,笨蛋
BT2_Blood Sucker_SINGULAR,Blood Sucker,吸血者
BT2_Blood Sucker_PLURAL,Blood Suckers,吸血者
BT2_Bloodman_SINGULAR,Bloodman,血人
BT2_Bloodman_PLURAL,Bloodmen,血人
BT2_Bloodthief_SINGULAR,Bloodthief,血賊
BT2_Bloodthief_PLURAL,Bloodthieves,血賊
BT2_Blue Dragon_SINGULAR,Blue Dragon,藍龍
BT2_Blue Dragon_PLURAL,Blue Dragons,藍龍隊
BT2_Blue Ghost_SINGULAR,Blue Ghost,藍幽靈
BT2_Blue Ghost_PLURAL,Blue Ghosts,藍色幽靈
BT2_Bodyguard_SINGULAR,Bodyguard,保鑣
BT2_Bodyguard_PLURAL,Bodyguard,保鑣
BT2_Bog Wraith_SINGULAR,Bog Wraith,沼澤幽靈
BT2_Bog Wraith_PLURAL,Bog Wraiths,沼澤幽靈
BT2_Bogster_SINGULAR,Bogster,博格力量
BT2_Bogster_PLURAL,Bogsters,博格力量斯
BT2_Bone Drone_SINGULAR,Bone Drone,骨頭無人機
BT2_Bone Drone_PLURAL,Bone Drones,骨無人機
BT2_Boneman_SINGULAR,Boneman,博內曼
BT2_Boneman_PLURAL,Bonemen,骨頭人
BT2_Bonzai_SINGULAR,Bonzai,盆栽
BT2_Bonzai_PLURAL,Bonzais,邦札伊斯
BT2_Bosco Giant_SINGULAR,Bosco Giant,博斯科巨人
BT2_Bosco Giant_PLURAL,Bosco Giants,博斯科巨人隊
BT2_Bradakus_SINGULAR,Bradakus,布拉達庫斯
BT2_Bradakus_PLURAL,Bradakuses,布拉達庫塞斯
BT2_Braggart_SINGULAR,Braggart,吹牛
BT2_Braggart_PLURAL,Braggarts,吹牛者
BT2_Brass Dragon_SINGULAR,Brass Dragon,黃銅龍
BT2_Brass Dragon_PLURAL,Brass Dragons,黃銅龍
BT2_Brass Giant_SINGULAR,Brass Giant,黃銅巨人
BT2_Brass Giant_PLURAL,Brass Giants,黃銅巨人
BT2_Brockter_SINGULAR,Brockter,布羅克特
BT2_Brockter_PLURAL,Brockters,布洛克特斯
BT2_Brute_SINGULAR,Brute,野蠻
BT2_Brute_PLURAL,Brutes,畜生
BT2_Bug Man_SINGULAR,Bug Man,蟲人
BT2_Bug Man_PLURAL,Bug Men,蟲人
BT2_Bugger_SINGULAR,Bugger,混蛋
BT2_Bugger_PLURAL,Buggers,蟲族
BT2_Bulldozer_SINGULAR,Bulldozer,推土機
BT2_Bulldozer_PLURAL,Bulldozers,推土機
BT2_Burgerman_SINGULAR,Burgerman,伯格曼
BT2_Burgerman_PLURAL,Burgermen,漢堡人
BT2_Burner_SINGULAR,Burner,燃燒器
BT2_Burner_PLURAL,Burner,燃燒器
BT2_Caliard_SINGULAR,Caliard,卡利亞德
BT2_Caliard_PLURAL,Caliards,卡拉德
BT2_Cannibal_SINGULAR,Cannibal,食人者
BT2_Cannibal_PLURAL,Cannibals,食人族
BT2_Carbonite_SINGULAR,Carbonite,碳酸鹽岩
BT2_Carbonite_PLURAL,Carbonites,碳酸鹽岩
BT2_Cave Giant_SINGULAR,Cave Giant,洞穴巨人
BT2_Cave Giant_PLURAL,Cave Giants,洞穴巨人
BT2_Centron_SINGULAR,Centron,森特龍
BT2_Centron_PLURAL,Centrons,中心子
BT2_Champion_SINGULAR,Champion,冠軍
BT2_Champion_PLURAL,Champions,冠軍
BT2_Cloud Giant_SINGULAR,Cloud Giant,雲巨人
BT2_Cloud Giant_PLURAL,Cloud Giants,雲巨人
BT2_Cloud Wraith_SINGULAR,Cloud Wraith,雲端幽靈
BT2_Cloud Wraith_PLURAL,Cloud Wraiths,雲端幽靈
BT2_Cloudsman_SINGULAR,Cloudsman,雲人
BT2_Cloudsman_PLURAL,Cloudsmen,雲人
BT2_Colossus_SINGULAR,Colossus,巨像
BT2_Colossus_PLURAL,Colossuses,巨像
BT2_Conjurer_SINGULAR,Lesser Conjurer,次級咒法師
BT2_Conjurer_PLURAL,Lesser Conjurers,次級咒法師
BT2_Conjurer1_SINGULAR,Conjurer,魔術師
BT2_Conjurer1_PLURAL,Conjurers,魔術師
BT2_Conjurer2_SINGULAR,Journeyman Conjurer,熟練魔術師
BT2_Conjurer2_PLURAL,Journeyman Conjurers,熟練魔術師
BT2_Conjuror_SINGULAR,Master Conjurer,魔術師大師
BT2_Conjuror_PLURAL,Master Conjurors,魔術師大師
BT2_Cool Dude_SINGULAR,Cool Dude,酷哥們
BT2_Cool Dude_PLURAL,Cool Dudes,酷哥們
BT2_Corpse_SINGULAR,Corpse,屍體
BT2_Corpse_PLURAL,Corpses,屍體
BT2_Corpse1_SINGULAR,Decaying Corpse,腐爛的屍體
BT2_Corpse1_PLURAL,Decaying Corpses,腐爛的屍體
BT2_Crambo_SINGULAR,Crambo,克蘭博
BT2_Crambo_PLURAL,Crambos,克蘭博斯
BT2_Cranbo_SINGULAR,Cranbo,克蘭博
BT2_Cranbo_PLURAL,Cranbos,克蘭博斯
BT2_Crypt Killer_SINGULAR,Crypt Killer,地穴殺手
BT2_Crypt Killer_PLURAL,Crypt Killers,地穴殺手
BT2_Crypt Knight_SINGULAR,Crypt Knight,地穴騎士
BT2_Crypt Knight_PLURAL,Crypt Knights,地穴騎士
BT2_Cryslar_SINGULAR,Cryslar,水晶
BT2_Cryslar_PLURAL,Cryslars,水晶
BT2_Cyclone_SINGULAR,Cyclone,旋風分離器
BT2_Cyclone_PLURAL,Cyclones,旋風分離器
BT2_Daemon_SINGULAR,Daemon,守護程式
BT2_Daemon_PLURAL,Daemons,守護程式
BT2_Dargoth_SINGULAR,Dargoth,達格斯
BT2_Dargoth_PLURAL,Dargoth,達格斯
BT2_Dark Acolyte_SINGULAR,Dark Acolyte,黑暗侍僧
BT2_Dark Acolyte_PLURAL,Dark Acolytes,黑暗侍僧
BT2_Dark Dragon_SINGULAR,Dark Dragon,暗龍
BT2_Dark Dragon_PLURAL,Dark Dragons,黑暗之龍
BT2_Dark Giant_SINGULAR,Dark Giant,黑暗巨人
BT2_Dark Giant_PLURAL,Dark Giants,黑暗巨人
BT2_Dark Mage_SINGULAR,Dark Mage,黑暗法師
BT2_Dark Mage_PLURAL,Dark Mages,黑暗法師
BT2_Dark Vampire_SINGULAR,Dark Vampire,黑暗吸血鬼
BT2_Dark Vampire_PLURAL,Dark Vampires,黑暗吸血鬼
BT2_D'Artagnon_SINGULAR,D'Artagnon,達達尼翁
BT2_D'Artagnon_PLURAL,D'Artagnon,達達尼翁
BT2_Dazzler_SINGULAR,Dazzler,炫目者
BT2_Dazzler_PLURAL,Dazzlers,炫目者
BT2_Death Dealer_SINGULAR,Death Dealer,死亡販子
BT2_Death Dealer_PLURAL,Death Dealers,死亡販子
BT2_Death Dragon_SINGULAR,Death Dragon,死亡龍
BT2_Death Dragon_PLURAL,Death Dragons,死亡龍
BT2_Death Dragon1_SINGULAR,Ancient Death Dragon,遠古死龍
BT2_Death Dragon1_PLURAL,Ancient Death Dragons,遠古死亡龍
BT2_Death Drek_SINGULAR,Death Drek,死亡德雷克
BT2_Death Drek_PLURAL,Death Dreks,死亡德雷克斯
BT2_Death Ghoul_SINGULAR,Death Ghoul,死亡食屍鬼
BT2_Death Ghoul_PLURAL,Death Ghouls,死亡食屍鬼
BT2_Death Giant_SINGULAR,Death Giant,死亡巨人
BT2_Death Giant_PLURAL,Death Giants,死亡巨人
BT2_Death Giant1_SINGULAR,Mighty Death Giant,強大的死亡巨人
BT2_Death Giant1_PLURAL,Mighty Death Giants,強大的死亡巨人
BT2_Death Reaper_SINGULAR,Death Reaper,死亡收割者
BT2_Death Reaper_PLURAL,Death Reapers,死亡收割者
BT2_Death Reaper1_SINGULAR,Unforgiving Death Reaper,無情的死亡收割者
BT2_Death Reaper1_PLURAL,Unforgiving Death Reapers,無情的死亡收割者
BT2_Death Sword_SINGULAR,Death Sword,死亡之劍
BT2_Death Sword_PLURAL,Death Swords,死亡之劍
BT2_Deathadren_SINGULAR,Deathadren,死亡阿德倫
BT2_Deathadren_PLURAL,Deathadren,死亡阿德倫
BT2_Deathman_SINGULAR,Deathman,死神
BT2_Deathman_PLURAL,Deathmen,亡靈
BT2_Demi Lich_SINGULAR,Demi Lich,黛米巫妖
BT2_Demi Lich_PLURAL,Demi Liches,半巫妖
BT2_Demon_SINGULAR,Demon,惡魔
BT2_Demon_PLURAL,Demons,惡魔
BT2_Demon Lord_SINGULAR,Demon Lord,魔王
BT2_Demon Lord_PLURAL,Demon Lords,惡魔領主
BT2_Denizen_SINGULAR,Denizen,居民
BT2_Denizen_PLURAL,Denizens,居民
BT2_Desicator_SINGULAR,Desicator,乾燥器
BT2_Desicator_PLURAL,Desicators,乾燥器
BT2_Devil Dog_SINGULAR,Devil Dog,惡魔狗
BT2_Devil Dog_PLURAL,Devil Dogs,惡魔狗
BT2_Devourer_SINGULAR,Devourer,吞噬者
BT2_Devourer_PLURAL,Devourers,吞噬者
BT2_Dexter_SINGULAR,Dexter,德克力量
BT2_Dexter_PLURAL,Dexter,德克力量
BT2_Dezer Mage_SINGULAR,Dezer Mage,德澤法師
BT2_Dezer Mage_PLURAL,Dezer Mages,德澤法師
BT2_Diamond Dog_SINGULAR,Diamond Dog,鑽石狗
BT2_Diamond Dog_PLURAL,Diamond Dogs,鑽石狗
BT2_Dick The Brick_SINGULAR,Dick The Brick,磚頭迪克
BT2_Dick The Brick_PLURAL,Dick The Brick,磚頭迪克
BT2_Diet Fiend_SINGULAR,Diet Fiend,飲食惡魔
BT2_Diet Fiend_PLURAL,Diet Fiends,飲食惡魔
BT2_Doppleganger_SINGULAR,Doppelganger,分身
BT2_Doppleganger_PLURAL,Doppelgangers,雙重人格
BT2_Doppleganger1_SINGULAR,Crafty Doppelganger,狡猾的分身
BT2_Doppleganger1_PLURAL,Crafty Doppelgangers,狡猾的二重身
BT2_Doppleganger2_SINGULAR,Shady Doppelganger,陰暗的分身
BT2_Doppleganger2_PLURAL,Shady Doppelgangers,陰暗的二重身
BT2_Drach_SINGULAR,Drach,德拉赫
BT2_Drach_PLURAL,Drachs,德拉克斯
BT2_Drain Dragon_SINGULAR,Drain Dragon,排水龍
BT2_Drain Dragon_PLURAL,Drain Dragons,排水龍
BT2_Dread Giant_SINGULAR,Dread Giant,恐懼巨人
BT2_Dread Giant_PLURAL,Dread Giants,恐懼巨人
BT2_Dreadnought_SINGULAR,Dreadnought,無畏艦
BT2_Dreadnought_PLURAL,Dreadnoughts,無畏艦
BT2_Dreadnought1_SINGULAR,Crazed Dreadnought,瘋狂無畏艦
BT2_Dreadnought1_PLURAL,Crazed Dreadnoughts,瘋狂無畏艦
BT2_Dream Mage_SINGULAR,Dream Mage,夢法師
BT2_Dream Mage_PLURAL,Dream Mages,夢法師
BT2_Dren_SINGULAR,Dren,德倫
BT2_Dren_PLURAL,Drens,德倫斯
BT2_Druid_SINGULAR,Druid,德魯伊
BT2_Druid_PLURAL,Druids,德魯伊
BT2_Dust Dragon_SINGULAR,Dust Dragon,塵龍
BT2_Dust Dragon_PLURAL,Dust Dragons,塵龍
BT2_Dust Mage_SINGULAR,Dust Mage,塵埃法師
BT2_Dust Mage_PLURAL,Dust Mages,塵埃法師
BT2_Dust Man_SINGULAR,Dust Man,灰塵人
BT2_Dust Man_PLURAL,Dust Men,灰塵人
BT2_Dust Samurai_SINGULAR,Dust Samurai,塵武士
BT2_Dust Samurai_PLURAL,Dust Samurai,塵武士
BT2_Dust Soldier_SINGULAR,Dust Soldier,塵土兵
BT2_Dust Soldier_PLURAL,Dust Soldiers,塵土兵
BT2_Dust Wizard_SINGULAR,Dust Wizard,灰塵精靈
BT2_Dust Wizard_PLURAL,Dust Wizards,灰塵巫師
BT2_Earth Elemental_SINGULAR,Earth Elemental,土元素
BT2_Earth Elemental_PLURAL,Earth Elementals,土元素
BT2_Elik The Great_SINGULAR,Elik The Great,埃利克大帝
BT2_Elik The Great_PLURAL,Elik The Great,埃利克大帝
BT2_Elite Guard_SINGULAR,Elite Guard,精英衛士
BT2_Elite Guard_PLURAL,Elite Guards,精英守衛
BT2_Energon_SINGULAR,Energon,能源公司
BT2_Energon_PLURAL,Energons,能量體
BT2_Enforcer_SINGULAR,Enforcer,執行者
BT2_Enforcer_PLURAL,Enforcers,執行者
BT2_Evil Doer_SINGULAR,Evil Doer,惡人
BT2_Evil Doer_PLURAL,Evil Doers,作惡者
BT2_Evil Mage_SINGULAR,Evil Mage,邪惡法師
BT2_Evil Mage_PLURAL,Evil Mages,邪惡法師
BT2_Extramage_SINGULAR,Extramage,超法師
BT2_Extramage_PLURAL,Extramage,超法師
BT2_Fanskar_SINGULAR,Fanskar,凡斯卡
BT2_Fanskar_PLURAL,Fanskar,凡斯卡
BT2_Far Archer_SINGULAR,Far Archer,遠弓箭手
BT2_Far Archer_PLURAL,Far Archers,遠弓箭手
BT2_Far Archer1_SINGULAR,Journeyman Far Archer,熟練工遠弓箭手
BT2_Far Archer1_PLURAL,Journeyman Far Archers,熟練的遠弓箭手
BT2_Far Giant_SINGULAR,Far Giant,遠方巨人
BT2_Far Giant_PLURAL,Far Giants,遠方巨人隊
BT2_Father Kringle_SINGULAR,Father Kringle,克林格神父
BT2_Father Kringle_PLURAL,Father Kringle,克林格神父
BT2_Fazer_SINGULAR,Fazer,法澤爾
BT2_Fazer_PLURAL,Fazers,法澤斯
BT2_Fearless_SINGULAR,Fearless,無所畏懼
BT2_Fearless_PLURAL,Fearless,無所畏懼
BT2_Fiend_SINGULAR,Fiend,惡魔
BT2_Fiend_PLURAL,Fiends,惡魔
BT2_Figurine Herb_SINGULAR,Herb,香草
BT2_Figurine Herb_PLURAL,Herbs,香草
BT2_Figurine Master Mage_SINGULAR,Master Mage,法師大師
BT2_Figurine Master Mage_PLURAL,Master Mages,法師大師
BT2_Figurine Storm Giant_SINGULAR,Storm Giant,風暴巨人
BT2_Figurine Storm Giant_PLURAL,Storm Giants,風暴巨人
BT2_Fire Elemental_SINGULAR,Fire Elemental,火元素
BT2_Fire Elemental_PLURAL,Fire Elementals,火元素
BT2_Fire Guard_SINGULAR,Fire Guard,消防衛士
BT2_Fire Guard_PLURAL,Fire Guards,消防衛士
BT2_Fire Master_SINGULAR,Fire Master,火大師
BT2_Fire Master_PLURAL,Fire Masters,火大師
BT2_Flame Guard_SINGULAR,Flame Guard,火焰衛士
BT2_Flame Guard_PLURAL,Flame Guards,火焰衛士
BT2_Flame Mage_SINGULAR,Flame Mage,火焰法師
BT2_Flame Mage_PLURAL,Flame Mages,火焰法師
BT2_Flame Master_SINGULAR,Flame Master,火焰大師
BT2_Flame Master_PLURAL,Flame Masters,火焰大師
BT2_Flame Scion_SINGULAR,Flame Scion,火焰之子
BT2_Flame Scion_PLURAL,Flame Scions,火焰後裔
BT2_Flame Sprite_SINGULAR,Flame Sprite,火焰精靈
BT2_Flame Sprite_PLURAL,Flame Sprites,火焰精靈
BT2_Flamester_SINGULAR,Flamester,弗萊力量
BT2_Flamester_PLURAL,Flamesters,火焰噴射器
BT2_Flamra Guard_SINGULAR,Flamra Guard,弗拉姆拉守衛
BT2_Flamra Guard_PLURAL,Flamra Guards,弗拉姆拉守衛
BT2_Flash Dragon_SINGULAR,Flash Dragon,閃龍
BT2_Flash Dragon_PLURAL,Flash Dragons,閃光龍
BT2_Flayer_SINGULAR,Flayer,掠奪者
BT2_Flayer_PLURAL,Flayers,掠奪者
BT2_Flesh Eater_SINGULAR,Flesh Eater,食肉者
BT2_Flesh Eater_PLURAL,Flesh Eaters,食肉者
BT2_Flexor_SINGULAR,Flexor,屈肌
BT2_Flexor_PLURAL,Flexors,屈肌
BT2_Force Ghost_SINGULAR,Force Ghost,原力幽靈
BT2_Force Ghost_PLURAL,Force Ghosts,原力幽靈
BT2_Forest Giant_SINGULAR,Forest Giant,森林巨人
BT2_Forest Giant_PLURAL,Forest Giants,森林巨人
BT2_Fracter_SINGULAR,Fracter,分形
BT2_Fracter_PLURAL,Fracters,弗拉特斯
BT2_Fred_SINGULAR,Fred,弗雷德
BT2_Fred_PLURAL,Fred,弗雷德
BT2_Fred The Dop_SINGULAR,Fred The Dop,弗雷德·多普
BT2_Fred The Dop_PLURAL,Fred The Dop,弗雷德·多普
BT2_Fright_SINGULAR,Fright,驚嚇
BT2_Fright_PLURAL,Frights,驚嚇
BT2_Gandravalk_SINGULAR,Gandravalk,甘德拉瓦克
BT2_Gandravalk_PLURAL,Gandravalk,甘德拉瓦克
BT2_Gard Dragon_SINGULAR,Gard Dragon,嘉德龍
BT2_Gard Dragon_PLURAL,Gard Dragons,嘉德龍
BT2_Garslayer_SINGULAR,Garslayer,屠魔者
BT2_Garslayer_PLURAL,Garslayers,屠龍者
BT2_Ghast_SINGULAR,Ghast,惡魂
BT2_Ghast_PLURAL,Ghasts,惡魂
BT2_Ghast1_SINGULAR,Spiteful Ghast,惡意惡魂
BT2_Ghast1_PLURAL,Spiteful Ghasts,惡意惡魂
BT2_Ghost_SINGULAR,Ghost,幽靈
BT2_Ghost_PLURAL,Ghosts,鬼魂
BT2_Ghoul_SINGULAR,Ghoul,食屍鬼
BT2_Ghoul_PLURAL,Ghouls,食屍鬼
BT2_Giant_SINGULAR,Giant,巨人
BT2_Giant_PLURAL,Giants,巨人隊
BT2_Gnoll_SINGULAR,Gnoll,豺狼人
BT2_Gnoll_PLURAL,Gnolls,豺狼人
BT2_Gnome_SINGULAR,Gnome,侏儒
BT2_Gnome_PLURAL,Gnomes,侏儒
BT2_Goblin_SINGULAR,Goblin,哥布林
BT2_Goblin_PLURAL,Goblins,哥布林
BT2_Goblin1_SINGULAR,Trickster Goblin,騙子哥布林
BT2_Goblin1_PLURAL,Trickster Goblins,騙子哥布林
BT2_Golem_SINGULAR,Golem,魔像
BT2_Golem_PLURAL,Golem,魔像
BT2_Gore Ghost_SINGULAR,Gore Ghost,戈爾幽靈
BT2_Gore Ghost_PLURAL,Gore Ghosts,血腥幽靈
BT2_Gozman_SINGULAR,Gozman,戈茲曼
BT2_Gozman_PLURAL,Gozmen,戈茲曼
BT2_Graphnar Lord_SINGULAR,Graphnar Lord,圖形領主
BT2_Graphnar Lord_PLURAL,Graphnar Lord,圖形領主
BT2_Greater Demon_SINGULAR,Greater Demon,高等惡魔
BT2_Greater Demon_PLURAL,Greater Demons,高等惡魔
BT2_Greatful Dead_SINGULAR,Greatful Dead,偉大的死者
BT2_Greatful Dead_PLURAL,Greatful Dead,偉大的死者
BT2_Greklin_SINGULAR,Greklin,格雷克林
BT2_Greklin_PLURAL,Greklins,葛雷克林斯
BT2_Gremlin_SINGULAR,Gremlin,格雷姆林
BT2_Gremlin_PLURAL,Gremlins,小魔怪
BT2_Grey Acolyte_SINGULAR,Grey Acolyte,灰色侍僧
BT2_Grey Acolyte_PLURAL,Grey Acolytes,灰色侍僧
BT2_Grey Axeman_SINGULAR,Grey Axeman,灰斧兵
BT2_Grey Axeman_PLURAL,Grey Axemen,灰色斧兵
BT2_Grey Ghost_SINGULAR,Grey Ghost,灰幽靈
BT2_Grey Ghost_PLURAL,Grey Ghosts,灰色幽靈
BT2_Grey Lurker_SINGULAR,Grey Lurker,灰色潛伏者
BT2_Grey Lurker_PLURAL,Grey Lurkers,灰色潛伏者
BT2_Grey Ninja_SINGULAR,Grey Ninja,灰色忍者
BT2_Grey Ninja_PLURAL,Grey Ninjas,灰色忍者
BT2_Grin Dragon_SINGULAR,Grin Dragon,咧嘴龍
BT2_Grin Dragon_PLURAL,Grin Dragons,咧嘴龍
BT2_Grin Dragon1_SINGULAR,Grin Dragon,咧嘴龍
BT2_Grin Dragon1_PLURAL,Grin Dragons,咧嘴龍
BT2_Groper_SINGULAR,Groper,格羅珀
BT2_Groper_PLURAL,Gropers,摸索者
BT2_Growler_SINGULAR,Growler,咆哮者
BT2_Growler_PLURAL,Growlers,咆哮者
BT2_Guard_SINGULAR,Guard,守衛
BT2_Guard_PLURAL,Guards,衛兵
BT2_Guardian_SINGULAR,Guardian,守護者
BT2_Guardian_PLURAL,Guardians,守護者
BT2_Guardian1_SINGULAR,Stalwart Guardian,堅定守護者
BT2_Guardian1_PLURAL,Stalwart Guardians,堅定的守護者
BT2_Guardsman_SINGULAR,Ancient Guardsman,古代衛士
BT2_Guardsman_PLURAL,Ancient Guardsmen,古代衛兵
BT2_Guardsman1_SINGULAR,Guardsman,衛兵
BT2_Guardsman1_PLURAL,Guardsmen,衛兵
BT2_Hawkin_SINGULAR,Hawkin,霍金
BT2_Hawkin_PLURAL,Hawkins,霍金斯
BT2_Hazer_SINGULAR,Hazer,哈澤爾
BT2_Hazer_PLURAL,Hazers,哈澤斯
BT2_Head Banger_SINGULAR,Head Banger,頭撞
BT2_Head Banger_PLURAL,Head Bangers,頭撞
BT2_Headbanger_SINGULAR,Head Banger,頭撞
BT2_Headbanger_PLURAL,Head Bangers,頭撞
BT2_Herb_SINGULAR,Herb,香草
BT2_Herb_PLURAL,Herbs,香草
BT2_Hero_SINGULAR,Hero,英雄
BT2_Hero_PLURAL,Heroes,英雄
BT2_Hobbit_SINGULAR,Hobbit,哈比人
BT2_Hobbit_PLURAL,Hobbits,哈比人
BT2_Hound Spirit_SINGULAR,Hound Spirit,獵犬精神
BT2_Hound Spirit_PLURAL,Hound Spirits,獵犬精神
BT2_Howler_SINGULAR,Howler,嚎叫者
BT2_Howler_PLURAL,Howlers,嚎叫者
BT2_Human Torch_SINGULAR,Human Torch,霹靂火
BT2_Human Torch_PLURAL,Human Torches,霹靂火
BT2_Hunter_SINGULAR,Hunter,獵人
BT2_Hunter_PLURAL,Hunters,獵人
BT2_Icehole_SINGULAR,Icehole,冰洞
BT2_Icehole_PLURAL,Iceholes,冰洞
BT2_Ichor Fiend_SINGULAR,Ichor Fiend,靈液惡魔
BT2_Ichor Fiend_PLURAL,Ichor Fiends,靈液惡魔
BT2_Imp_SINGULAR,Imp,小鬼
BT2_Imp_PLURAL,Imps,進出口
BT2_Ingroid_SINGULAR,Ingroid,英格麗德
BT2_Ingroid_PLURAL,Ingroids,因格魯德
BT2_Intramage_SINGULAR,Intramage,內瑪格
BT2_Intramage_PLURAL,Intramage,內瑪吉
BT2_It's My Bud_SINGULAR,It's My Bud,這是我的芽
BT2_It's My Bud_PLURAL,It's My Bud,這是我的芽
BT2_Jack Of Spades_SINGULAR,Jack Of Spades,黑桃傑克
BT2_Jack Of Spades_PLURAL,Jack Of Spades,黑桃傑克
BT2_Jag Giant_SINGULAR,Jag Giant,鋸齒巨人
BT2_Jag Giant_PLURAL,Jag Giants,美洲虎巨人隊
BT2_Joe The Sword_SINGULAR,Joe The Sword,喬劍
BT2_Joe The Sword_PLURAL,Joe The Sword,喬劍
BT2_Kargan_SINGULAR,Kargan,卡根
BT2_Kargan_PLURAL,Kargans,卡甘斯
BT2_Kasdrek_SINGULAR,Kasdrek,卡斯德雷克
BT2_Kasdrek_PLURAL,Kasdrek,卡斯德雷克
BT2_Keel Dragon_SINGULAR,Keel Dragon,龍骨龍
BT2_Keel Dragon_PLURAL,Keel Dragons,龍骨龍
BT2_Kiel Mastermage_SINGULAR,Kiel Mastermage,基爾法師
BT2_Kiel Mastermage_PLURAL,Kiel Mastermage,基爾法師
BT2_King Giant_SINGULAR,King Giant,巨人王
BT2_King Giant_PLURAL,King Giants,巨人王
BT2_King Of Clubs_SINGULAR,King Of Clubs,俱樂部之王
BT2_King Of Clubs_PLURAL,King Of Clubs,俱樂部之王
BT2_Kinstral_SINGULAR,Kinstral,金力量拉爾
BT2_Kinstral_PLURAL,Kinstrals,金力量拉爾
BT2_Knave Of Swords_SINGULAR,Knave Of Swords,劍客
BT2_Knave Of Swords_PLURAL,Knave Of Swords,劍客
BT2_Kner Drone_SINGULAR,Kner Drone,克納無人機
BT2_Kner Drone_PLURAL,Kner Drones,克納無人機
BT2_Knifeman_SINGULAR,Knifeman,刀人
BT2_Knifeman_PLURAL,Knifemen,刀兵
BT2_Knight Diamonds_SINGULAR,Knight Diamonds,騎士鑽石
BT2_Knight Diamonds_PLURAL,Knight Diamonds,騎士鑽石
BT2_Kobold_SINGULAR,Kobold,狗頭人
BT2_Kobold_PLURAL,Kobolds,狗頭人
BT2_Kobold1_SINGULAR,Mammoth Kobold,猛獁狗頭人
BT2_Kobold1_PLURAL,Mammoth Kobolds,猛獁狗頭人
BT2_Krae Dragon_SINGULAR,Krae Dragon,克雷龍
BT2_Krae Dragon_PLURAL,Krae Dragons,克雷龍
BT2_Krakatoa_SINGULAR,Krakatoa,喀拉喀托
BT2_Krakatoa_PLURAL,Krakatoa,喀拉喀托
BT2_Kringle Brother_SINGULAR,Kringle Brother,克林格爾兄弟
BT2_Kringle Brother_PLURAL,Kringle Brothers,克林格爾兄弟
BT2_Kryll Mage_SINGULAR,Kryll Mage,克萊爾法師
BT2_Kryll Mage_PLURAL,Kryll Mages,克萊爾法師
BT2_Kwi Chang_SINGULAR,Kwi Chang,貴昌
BT2_Kwi Chang_PLURAL,Kwi Chang,貴昌
BT2_Kwon Dragon_SINGULAR,Kwon Dragon,權龍
BT2_Kwon Dragon_PLURAL,Kwon Dragons,權龍
BT2_Lagoth Zanta_SINGULAR,Lagoth Zanta,拉戈斯·贊塔
BT2_Lagoth Zanta_PLURAL,Lagoth Zanta,拉戈斯·贊塔
BT2_Land Titan_SINGULAR,Land Titan,陸地泰坦
BT2_Land Titan_PLURAL,Land Titans,陸地泰坦
BT2_Larry_SINGULAR,Larry,拉里
BT2_Larry_PLURAL,Larry,拉里
BT2_Last Destroyer_SINGULAR,Last Destroyer,最後的毀滅者
BT2_Last Destroyer_PLURAL,Last Destroyer,最後的毀滅者
BT2_Leaper_SINGULAR,Leaper,跳躍者
BT2_Leaper_PLURAL,Leapers,跳躍者
BT2_Lesser Demon_SINGULAR,Lesser Demon,小惡魔
BT2_Lesser Demon_PLURAL,Lesser Demons,小惡魔
BT2_Lich_SINGULAR,Lich,巫妖
BT2_Lich_PLURAL,Lichs,巫妖
BT2_Lich Master_SINGULAR,Lich Master,巫妖大師
BT2_Lich Master_PLURAL,Lich Masters,巫妖大師
BT2_Lich1_SINGULAR,Ancient Lich,遠古巫妖
BT2_Lich1_PLURAL,Ancient Liches,遠古巫妖
BT2_Lich2_SINGULAR,Festering Lich,潰爛的巫妖
BT2_Lich2_PLURAL,Festering Liches,潰爛的巫妖
BT2_Life Force_SINGULAR,Life Force,生命力
BT2_Life Force_PLURAL,Life Forcer,生命力者
BT2_Lifesucker_SINGULAR,Lifesucker,生命吸盤
BT2_Lifesucker_PLURAL,Lifesuckers,生命吸盤
BT2_Living Dead_SINGULAR,Living Dead,活死人
BT2_Living Dead_PLURAL,Living Dead,活死人
BT2_Living Ender_SINGULAR,Living Ender,活人安德
BT2_Living Ender_PLURAL,Living Enders,活恩德斯
BT2_Living Statue_SINGULAR,Living Statue,活雕像
BT2_Living Statue_PLURAL,Living Statue,活雕像
BT2_Lizard Man_SINGULAR,Lizard Man,蜥蜴人
BT2_Lizard Man_PLURAL,Lizard Men,蜥蜴人
BT2_Lizard Man1_SINGULAR,Vile Lizard Man,邪惡蜥蜴人
BT2_Lizard Man1_PLURAL,Vile Lizard Men,邪惡蜥蜴人
BT2_Lurker_SINGULAR,Lurker,潛伏者
BT2_Lurker_PLURAL,Lurkers,潛伏者
BT2_Mad Cur_SINGULAR,Mad Cur,瘋狂的柯爾
BT2_Mad Cur_PLURAL,Mad Curs,瘋狂的小孩子
BT2_Mad Mage_SINGULAR,Mad Mage,瘋狂法師
BT2_Mad Mage_PLURAL,Mad Mages,瘋狂法師
BT2_Madco Mage_SINGULAR,Madco Mage,瘋狂法師
BT2_Madco Mage_PLURAL,Madco Mages,瘋狂法師
BT2_Mage_SINGULAR,Mage,法師
BT2_Mage_PLURAL,Mages,法師
BT2_Mage Of Alk_SINGULAR,Mage Of Alk,阿爾克法師
BT2_Mage Of Alk_PLURAL,Mage Of Alk,阿爾克法師
BT2_Magic Dragon_SINGULAR,Magic Dragon,魔龍
BT2_Magic Dragon_PLURAL,Magic Dragons,魔法龍
BT2_Magician_SINGULAR,Magician,魔術師
BT2_Magician_PLURAL,Magicians,魔術師
BT2_Major Domo_SINGULAR,Major Domo,多莫少校
BT2_Major Domo_PLURAL,Major Domos,多莫斯少校
BT2_Maker_SINGULAR,Maker,創客
BT2_Maker_PLURAL,Makers,創客
BT2_Makron_SINGULAR,Makron,馬克宏
BT2_Makron_PLURAL,Makrons,馬克宏
BT2_Malar Dragon_SINGULAR,Malar Dragon,馬拉龍
BT2_Malar Dragon_PLURAL,Malar Dragons,瑪拉龍
BT2_Man Masher_SINGULAR,Man Masher,曼馬舍爾
BT2_Man Masher_PLURAL,Man Mashers,男人搗碎者
BT2_Man-Masher_SINGULAR,Man-Masher,粉碎者
BT2_Man-Masher_PLURAL,Man-Mashers,粉碎者
BT2_Man-Rock_SINGULAR,Man-Rock,曼洛克
BT2_Man-Rock_PLURAL,Man-Rock,曼洛克
BT2_Mantis_SINGULAR,Mantis,螳螂
BT2_Mantis_PLURAL,Mantises,螳螂
BT2_Manwall_SINGULAR,Manwall,曼沃爾
BT2_Manwall_PLURAL,Manwalls,人牆
BT2_Mar Mage_SINGULAR,Mar Mage,馬爾法師
BT2_Mar Mage_PLURAL,Mar Mages,馬爾法師
BT2_Marksman_SINGULAR,Marksman,射手
BT2_Marksman_PLURAL,Marksmen,射手
BT2_Marvin The Dop_SINGULAR,Marvin The Dop,馬文·多普
BT2_Marvin The Dop_PLURAL,Marvin The Dop,馬文·多普
BT2_Massacre Mage_SINGULAR,Massacre Mage,屠殺法師
BT2_Massacre Mage_PLURAL,Massacre Mage,屠殺法師
BT2_Master Mage_SINGULAR,Master Mage,法師大師
BT2_Master Mage_PLURAL,Master Mages,法師大師
BT2_Mastersword_SINGULAR,Mastersword,大師之劍
BT2_Mastersword_PLURAL,Masterswords,大師之劍
BT2_Matt The Dop_SINGULAR,Matt The Dop,馬特多普
BT2_Matt The Dop_PLURAL,Matt The Dop,馬特多普
BT2_Maul Ghoul_SINGULAR,Maul Ghoul,摩爾食屍鬼
BT2_Maul Ghoul_PLURAL,Maul Ghouls,大槌食屍鬼
BT2_Maze Dragon_SINGULAR,Maze Dragon,迷宮龍
BT2_Maze Dragon_PLURAL,Maze Dragons,迷宮龍
BT2_Maze Giant_SINGULAR,Maze Giant,迷宮巨人
BT2_Maze Giant_PLURAL,Maze Giants,迷宮巨人
BT2_Maze Lizard_SINGULAR,Maze Lizard,迷宮蜥蜴
BT2_Maze Lizard_PLURAL,Maze Lizards,迷宮蜥蜴
BT2_Medarch_SINGULAR,Medarch,梅達克
BT2_Medarch_PLURAL,Medarchs,梅達克斯
BT2_Medusa_SINGULAR,Medusa,美杜莎
BT2_Medusa_PLURAL,Medusas,美杜莎
BT2_Melee Man_SINGULAR,Melee Man,近戰人
BT2_Melee Man_PLURAL,Melee Men,近戰男子
BT2_Melee Monk_SINGULAR,Melee Monk,近戰武僧
BT2_Melee Monk_PLURAL,Melee Monks,近戰武僧
BT2_Menzo Monk_SINGULAR,Menzo Monk,門佐·蒙克
BT2_Menzo Monk_PLURAL,Menzo Monks,門佐·蒙克斯
BT2_Mercenary_SINGULAR,Mercenary,傭兵
BT2_Mercenary_PLURAL,Mercenaries,傭兵
BT2_Micromage_SINGULAR,Micromage,微法師
BT2_Micromage_PLURAL,Micromage,微法師
BT2_Mike's Golem_SINGULAR,Mike's Golem,麥克的傀儡
BT2_Mike's Golem_PLURAL,Mike's Golems,麥克的傀儡
BT2_Milt_SINGULAR,Milt,米爾特
BT2_Milt_PLURAL,Milt,米爾特
BT2_Mind Mimic_SINGULAR,Mind Mimic,心靈模仿者
BT2_Mind Mimic_PLURAL,Mind Mimics,心靈模仿者
BT2_Minzu Dial_SINGULAR,Minzu Dial,民族錶盤
BT2_Minzu Dial_PLURAL,Minzu Dials,民族錶盤
BT2_Miracle Mage_SINGULAR,Miracle Mage,奇蹟法師
BT2_Miracle Mage_PLURAL,Miracle Mages,奇蹟法師
BT2_Mist Giant_SINGULAR,Mist Giant,霧巨人
BT2_Mist Giant_PLURAL,Mist Giants,霧巨人
BT2_Molten Man_SINGULAR,Molten Man,熔火人
BT2_Molten Man_PLURAL,Molten Men,熔火人
BT2_Mongo_SINGULAR,Mongo,蒙戈
BT2_Mongo_PLURAL,Mongos,蒙戈斯
BT2_Mongrel_SINGULAR,Mongrel,雜種
BT2_Mongrel_PLURAL,Mongrels,雜種
BT2_Multimage_SINGULAR,Multimage,多法師
BT2_Multimage_PLURAL,Multimage,多法師
BT2_Ninja_SINGULAR,Apprentice Ninja,忍者學徒
BT2_Ninja_PLURAL,Apprentice Ninjas,忍者學徒
BT2_Ninja1_SINGULAR,Ninja,忍者
BT2_Ninja1_PLURAL,Ninjas,忍者
BT2_Ninja2_SINGULAR,Ninja Master,忍者大師
BT2_Ninja2_PLURAL,Ninja Masters,忍者大師
BT2_Nite Dweller_SINGULAR,Nite Dweller,夜行者
BT2_Nite Dweller_PLURAL,Nite Dwellers,夜間居民
BT2_Norseman_SINGULAR,Norseman,挪威人
BT2_Norseman_PLURAL,Norsemen,挪威人
BT2_Officer_SINGULAR,Officer,軍官
BT2_Officer_PLURAL,Officers,官員
BT2_Ogre_SINGULAR,Ogre,食人魔
BT2_Ogre_PLURAL,Ogres,食人魔
BT2_Ogre Hero_SINGULAR,Ogre Hero,食人魔英雄
BT2_Ogre Hero_PLURAL,Ogre Heroes,食人魔英雄
BT2_Ogre Lord_SINGULAR,Ogre Lord,食人魔領主
BT2_Ogre Lord_PLURAL,Ogre Lords,食人魔領主
BT2_Ogre Magi_SINGULAR,Ogre Magi,食人魔法師
BT2_Ogre Magi_PLURAL,Ogre Magi,食人魔法師
BT2_Ogre1_SINGULAR,Burly Ogre,魁梧的食人魔
BT2_Ogre1_PLURAL,Burly Ogres,魁梧的食人魔
BT2_Old Man_SINGULAR,Old Man,老人
BT2_Old Man_PLURAL,Old Men,老男人
BT2_Old Warrior_SINGULAR,Old Warrior,老戰士
BT2_Old Warrior_PLURAL,Old Warrior,老戰士
BT2_Orc_SINGULAR,Orc,獸人
BT2_Orc_PLURAL,Orcs,獸人
BT2_Orc Warrior_SINGULAR,Orc Warrior,獸人戰士
BT2_Orc Warrior_PLURAL,Orc Warriors,獸人戰士
BT2_Oscon_SINGULAR,Oscon,奧斯康
BT2_Oscon_PLURAL,Oscon,奧斯康
BT2_PAPER_SINGULAR,PAPER,紙
BT2_PAPER_PLURAL,PAPER,紙
BT2_Pet Dragon_SINGULAR,Pet Dragon,寵物龍
BT2_Pet Dragon_PLURAL,Pet Dragons,寵物龍
BT2_Phaz Monster_SINGULAR,Phaze Monster,菲茲怪物
BT2_Phaz Monster_PLURAL,Phaze Monsters,菲茲怪物
BT2_Pickpocket_SINGULAR,Pickpocket,扒手
BT2_Pickpocket_PLURAL,Pickpockets,扒手
BT2_Pit Skrull_SINGULAR,Pit Skrull,斯克魯爾坑
BT2_Pit Skrull_PLURAL,Pit Skrulls,坑斯庫魯人
BT2_Pogoman_SINGULAR,Pogoman,波哥曼
BT2_Pogoman_PLURAL,Pogomen,波戈門
BT2_Poison Giant_SINGULAR,Poison Giant,毒巨人
BT2_Poison Giant_PLURAL,Poison Giants,毒藥巨人
BT2_Poltergeist_SINGULAR,Poltergeist,惡作劇鬼
BT2_Poltergeist_PLURAL,Poltergeists,惡作劇鬼
BT2_Power Giant_SINGULAR,Power Giant,電力巨人
BT2_Power Giant_PLURAL,Power Giants,電力巨頭
BT2_Protomage_SINGULAR,Protomage,原型法師
BT2_Protomage_PLURAL,Protomages,原型
BT2_Pummel Giant_SINGULAR,Pummel Giant,猛擊巨人
BT2_Pummel Giant_PLURAL,Pummel Giants,打擊巨人
BT2_Pupil_SINGULAR,Pupil,瞳孔
BT2_Pupil_PLURAL,Pupils,學生
BT2_Puzzler_SINGULAR,Puzzler,益智遊戲
BT2_Puzzler_PLURAL,Puzzlers,益智遊戲
BT2_Pyro_SINGULAR,Pyro,火焰兵
BT2_Pyro_PLURAL,Pyros,火神
BT2_Pyro1_SINGULAR,Pyro Disciple,火焰兵弟子
BT2_Pyro1_PLURAL,Pyros,火神
BT2_Rack Golem_SINGULAR,Rack Golem,機架傀儡
BT2_Rack Golem_PLURAL,Rack Golems,機架傀儡
BT2_Racknid Man_SINGULAR,Racknid Man,拉克尼德曼
BT2_Racknid Man_PLURAL,Racknid Men,拉克尼德男士
BT2_Rakmonger_SINGULAR,Rakmonger,拉克蒙格
BT2_Rakmonger_PLURAL,Rakmongers,拉克販子
BT2_Ranger_SINGULAR,Ranger,遊騎兵
BT2_Ranger_PLURAL,Rangers,流浪者隊
BT2_Raver_SINGULAR,Raver,雷弗
BT2_Raver_PLURAL,Ravers,狂歡者
BT2_Red Dragon_SINGULAR,Red Dragon,紅龍
BT2_Red Dragon_PLURAL,Red Dragons,紅龍
BT2_Reptilian_SINGULAR,Reptilian,爬蟲類
BT2_Reptilian_PLURAL,Reptilians,爬蟲類
BT2_Riddle Master_SINGULAR,Riddle Master,謎語大師
BT2_Riddle Master_PLURAL,Riddle Master,謎語大師
BT2_ROCK_SINGULAR,ROCK,搖滾
BT2_ROCK_PLURAL,ROCK,搖滾
BT2_Rock Giant_SINGULAR,Rock Giant,岩石巨人
BT2_Rock Giant_PLURAL,Rock Giants,岩石巨人
BT2_Rock N' Roller_SINGULAR,Rock N' Roller,搖滾樂
BT2_Rock N' Roller_PLURAL,Rock N' Roller,搖滾樂
BT2_Rockblock_SINGULAR,Rockblock,岩塊
BT2_Rockblock_PLURAL,Rockblocks,石塊
BT2_Sahar Guard_SINGULAR,Sahar Guard,薩哈爾衛隊
BT2_Sahar Guard_PLURAL,Sahar Guards,薩哈爾衛隊
BT2_Samurai_SINGULAR,Samurai,武士
BT2_Samurai_PLURAL,Samurai,武士
BT2_Sancrilar_SINGULAR,Sancrilar,桑克里拉爾
BT2_Sancrilar_PLURAL,Sancrilars,桑克里拉爾
BT2_Sargon_SINGULAR,Sargon,薩爾貢
BT2_Sargon_PLURAL,Sargon,薩爾貢
BT2_Sauron_SINGULAR,Corrupt Wizard,腐敗巫師
BT2_Sauron_PLURAL,Corrupt Wizard,腐敗巫師
BT2_Scalord_SINGULAR,Scalord,斯卡羅德
BT2_Scalord_PLURAL,Scalords,斯卡羅德
BT2_Scar Blader_SINGULAR,Scar Blader,傷疤刀
BT2_Scar Blader_PLURAL,Scar Bladers,疤痕刀鋒
BT2_Scarab_SINGULAR,Scarab,聖甲蟲
BT2_Scarab_PLURAL,Scarabs,聖甲蟲
BT2_Scarlet Bard_SINGULAR,Scarlet Bard,猩紅吟遊詩人
BT2_Scarlet Bard_PLURAL,Scarlet Bard,猩紅吟遊詩人
BT2_Scathe Mage_SINGULAR,Scathe Mage,天災法師
BT2_Scathe Mage_PLURAL,Scathe Mages,天災法師
BT2_SCISSOR_SINGULAR,SCISSOR,剪刀
BT2_SCISSOR_PLURAL,SCISSOR,剪刀
BT2_Screamer_SINGULAR,Screamer,尖叫者
BT2_Screamer_PLURAL,Screamers,尖叫者
BT2_Shadow_SINGULAR,Shadow,影子
BT2_Shadow_PLURAL,Shadows,陰影
BT2_Shadow Lord_SINGULAR,Shadow Lord,暗影領主
BT2_Shadow Lord_PLURAL,Shadow Lords,暗影領主
BT2_Shadowshrif_SINGULAR,Shadowshrif,暗影修士
BT2_Shadowshrif_PLURAL,Shadowshrifs,暗影修士
BT2_Silk Dragon_SINGULAR,Silk Dragon,絲龍
BT2_Silk Dragon_PLURAL,Silk Dragons,絲龍
BT2_Sinister_SINGULAR,Sinister,險惡
BT2_Sinister_PLURAL,Sinisters,險惡者
BT2_Sinstriker_SINGULAR,Sinstriker,罪惡前鋒
BT2_Sinstriker_PLURAL,Sinstrikers,罪惡前鋒
BT2_Skalen_SINGULAR,Skalen,斯卡倫
BT2_Skalen_PLURAL,Skalens,斯卡倫斯
BT2_Skeleman_SINGULAR,Skeleman,斯克勒曼
BT2_Skeleman_PLURAL,Skelemen,骷髏
BT2_Skeleton_SINGULAR,Skeleton,骷髏
BT2_Skeleton_PLURAL,Skeletons,骷髏
BT2_Skeleton1_SINGULAR,Bloodthirsty Skeleton,嗜血骷髏
BT2_Skeleton1_PLURAL,Bloodthirsty Skeletons,嗜血骷髏
BT2_Skull Giant_SINGULAR,Skull Giant,骷髏巨人
BT2_Skull Giant_PLURAL,Skull Giants,骷髏巨人
BT2_Skull Warden_SINGULAR,Skull Warden,骷髏守衛
BT2_Skull Warden_PLURAL,Skull Wardens,骷髏守衛
BT2_Slammer_SINGULAR,Slammer,猛擊者
BT2_Slammer_PLURAL,Slammers,猛擊者
BT2_Slammer1_SINGULAR,Colossal Slammer,巨大猛擊者
BT2_Slammer1_PLURAL,Colossal Slammers,巨大的猛擊者
BT2_Slayer_SINGULAR,Slayer,殺手
BT2_Slayer_PLURAL,Slayer,殺手
BT2_Figurine Slayer_SINGULAR,Slayer,殺手
BT2_Figurine Slayer_PLURAL,Slayers,殺手
BT2_Slayer Lord_SINGULAR,Slayer Lord,殺手領主
BT2_Slayer Lord_PLURAL,Slayer Lords,殺手領主
BT2_Slaymaker_SINGULAR,Slaymaker,殺戮者
BT2_Slaymaker_PLURAL,Slaymakers,殺戮者
BT2_Slimer_SINGULAR,Slimer,更苗條
BT2_Slimer_PLURAL,Slimers,史萊姆
BT2_Sloggoth_SINGULAR,Sloggoth,斯洛格斯
BT2_Sloggoth_PLURAL,Sloggoths,斯洛哥德人
BT2_Sorcerer_SINGULAR,Sorcerer,魔法師
BT2_Sorcerer_PLURAL,Sorcerers,巫師
BT2_Sorceror_SINGULAR,Greater Sorcerer,大魔法師
BT2_Sorceror_PLURAL,Greater Sorcerers,高等巫師
BT2_Soron_SINGULAR,Soron,索倫
BT2_Soron_PLURAL,Sorons,索倫斯
BT2_Soul Sucker_SINGULAR,Soul Sucke,靈魂吸盤
BT2_Soul Sucker_PLURAL,Soul Suckers,靈魂吸盤
BT2_Soul Sucker1_SINGULAR,Fiendish Soul Sucker,惡魔吸魂者
BT2_Soul Sucker1_PLURAL,Fiendish Soul Suckers,惡魔吸魂者
BT2_Spectre_SINGULAR,Spectre,幽靈
BT2_Spectre_PLURAL,Spectres,幽靈
BT2_Spectre1_SINGULAR,Wailing Spectre,哀嚎幽靈
BT2_Spectre1_PLURAL,Wailing Spectres,哀嚎幽靈
BT2_Spellcaster_SINGULAR,Spellcaster,施法者
BT2_Spellcaster_PLURAL,Spellcasters,施法者
BT2_Spirit Mage_SINGULAR,Spirit Mage,靈法師
BT2_Spirit Mage_PLURAL,Spirit Mages,靈魂法師
BT2_Stalker_SINGULAR,Stalker,潛行者
BT2_Stalker_PLURAL,Stalkers,潛行者
BT2_Statue_SINGULAR,Statue,雕像
BT2_Statue_PLURAL,Statues,雕像
BT2_Steel Fist_SINGULAR,Steel Fist,鋼拳
BT2_Steel Fist_PLURAL,Steel Fists,鋼拳
BT2_Steel Giant_SINGULAR,Steel Giant,鋼鐵巨人
BT2_Steel Giant_PLURAL,Steel Giants,鋼鐵巨人
BT2_Steve The Dop_SINGULAR,Steve The Dop,史蒂夫多普
BT2_Steve The Dop_PLURAL,Steve The Dop,史蒂夫多普
BT2_Stone Dragon_SINGULAR,Stone Dragon,石龍
BT2_Stone Dragon_PLURAL,Stone Dragons,石龍
BT2_Stone Elemental_SINGULAR,Stone Elemental,石元素
BT2_Stone Elemental_PLURAL,Stone Elemental,石元素
BT2_Stone Golem_SINGULAR,Stone Golem,石傀儡
BT2_Stone Golem_PLURAL,Stone Golems,石傀儡
BT2_Stone Man_SINGULAR,Stone Man,石頭人
BT2_Stone Man_PLURAL,Stone Men,石人
BT2_Stonefist_SINGULAR,Stonefist,石拳
BT2_Stonefist_PLURAL,Stonefist,石拳
BT2_Stonra Guard_SINGULAR,Stonra Guard,斯托拉守衛
BT2_Stonra Guard_PLURAL,Stonra Guards,斯托拉守衛
BT2_Storal Sorcerer_SINGULAR,Storal Sorcerer,深淵魔法師
BT2_Storal Sorcerer_PLURAL,Storal Sorcerer,深淵魔法師
BT2_Storm Giant_SINGULAR,Storm Giant,風暴巨人
BT2_Storm Giant_PLURAL,Storm Giants,風暴巨人
BT2_Summoner_SINGULAR,Summoner,召喚師
BT2_Summoner_PLURAL,Summoners,召喚師
BT2_Super Slayer_SINGULAR,Super Slayer,超級殺手
BT2_Super Slayer_PLURAL,Super Slayers,超級殺手
BT2_Swordsman_SINGULAR,Swordsman,劍客
BT2_Swordsman_PLURAL,Swordsmen,劍客
BT2_Tanderclaw_SINGULAR,Tanderclaw,坦德爪
BT2_Tanderclaw_PLURAL,Tanderclaws,坦德利爪
BT2_Tanic Dragon_SINGULAR,Tanic Dragon,塔尼克龍
BT2_Tanic Dragon_PLURAL,Tanic Dragons,塔尼克龍
BT2_Target Dummy_SINGULAR,Target Dummy,目標假人
BT2_Target Dummy_PLURAL,Target Dummy,目標假人
BT2_Taskman_SINGULAR,Taskman,工作人員
BT2_Taskman_PLURAL,Taskmen,工作人員
BT2_Tazra Dragon_SINGULAR,Tazra Dragon,塔茲拉龍
BT2_Tazra Dragon_PLURAL,Tazra Dragons,坦茲拉龍
BT2_The Block Jock_SINGULAR,The Block Jock,街區運動員
BT2_The Block Jock_PLURAL,The Block Jock,街區運動員
BT2_The Dark Lord_SINGULAR,The Dark Lord,黑暗領主
BT2_The Dark Lord_PLURAL,The Dark Lord,黑暗領主
BT2_The Dead King_SINGULAR,The Dead King,死去的國王
BT2_The Dead King_PLURAL,The Dead King,死去的國王
BT2_The Princess_SINGULAR,The Princess,公主
BT2_The Princess_PLURAL,The Princess,公主
BT2_Thor_SINGULAR,Thor,托爾
BT2_Thor_PLURAL,Thor,托爾
BT2_Thrasher_SINGULAR,Thrasher,思拉舍
BT2_Thrasher_PLURAL,Thrashers,鶇鷸
BT2_Thunder Dragon_SINGULAR,Thunder Dragon,雷龍
BT2_Thunder Dragon_PLURAL,Thunder Dragon,雷龍
BT2_Titan Mage_SINGULAR,Titan Mage,泰坦法師
BT2_Titan Mage_PLURAL,Titan Mages,泰坦法師
BT2_Tomb Guard_SINGULAR,Tomb Guard,古墓守衛
BT2_Tomb Guard_PLURAL,Tomb Guards,古墓守衛
BT2_Torcher_SINGULAR,Torcher,火炬手
BT2_Torcher_PLURAL,Torchers,火炬手
BT2_Toxic Giant_SINGULAR,Toxic Giant,劇毒巨人
BT2_Toxic Giant_PLURAL,Toxic Giant,劇毒巨人
BT2_Toy Dragon_SINGULAR,Toy Dragon,玩具龍
BT2_Toy Dragon_PLURAL,Toy Dragons,玩具龍
BT2_Transylvan_SINGULAR,Transylvan,特蘭西萬
BT2_Transylvan_PLURAL,Transylvans,特蘭西萬斯
BT2_Troglodyte_SINGULAR,Troglodyte,穴居人
BT2_Troglodyte_PLURAL,Troglodytes,穴居人
BT2_Troll_SINGULAR,Troll,巨魔
BT2_Troll_PLURAL,Trolls,巨魔
BT2_Troll Master_SINGULAR,Troll Master,巨魔大師
BT2_Troll Master_PLURAL,Troll Masters,巨魔大師
BT2_Troll1_SINGULAR,Monstrous Troll,可怕的巨魔
BT2_Troll1_PLURAL,Monstrous Trolls,可怕的巨魔
BT2_Troy The Dop_SINGULAR,Troy The Dop,特洛伊多普
BT2_Troy The Dop_PLURAL,Troy The Dop,特洛伊多普
BT2_Undead Fred_SINGULAR,Undead Fred,亡靈弗雷德
BT2_Undead Fred_PLURAL,Undead Fred,亡靈弗雷德
BT2_Vampire_SINGULAR,Vampire,吸血鬼
BT2_Vampire_PLURAL,Vampires,吸血鬼
BT2_Vampire Dragon_SINGULAR,Vampire Dragon,吸血鬼龍
BT2_Vampire Dragon_PLURAL,Vampire Dragon,吸血鬼龍
BT2_Vampire Lord_SINGULAR,Vampire Lord,吸血鬼領主
BT2_Vampire Lord_PLURAL,Vampire Lords,吸血鬼領主
BT2_Vampire1_SINGULAR,Wicked Vampire,邪惡的吸血鬼
BT2_Vampire1_PLURAL,Wicked Vampires,邪惡的吸血鬼
BT2_Vampire2_SINGULAR,Malevolent Vampire,惡毒的吸血鬼
BT2_Vampire2_PLURAL,Malevolent Vampires,惡毒的吸血鬼
BT2_Vandryl_SINGULAR,Vandryl,范德爾
BT2_Vandryl_PLURAL,Vandryl,范德爾
BT2_Vanquisher_SINGULAR,Vanquisher,征服者
BT2_Vanquisher_PLURAL,Vanquishers,征服者
BT2_Vapra Guard_SINGULAR,Vapra Guard,瓦普拉守衛
BT2_Vapra Guard_PLURAL,Vapra Guards,瓦普拉守衛
BT2_Viking_SINGULAR,Viking,維京人
BT2_Viking_PLURAL,Vikings,維京人
BT2_Viking1_SINGULAR,Aesir,阿薩神族
BT2_Viking1_PLURAL,Aesirs,阿薩神族
BT2_Void Boyd_SINGULAR,Void Boyd,虛空博伊德
BT2_Void Boyd_PLURAL,Void Boyds,虛空博伊德
BT2_Void Shade_SINGULAR,Void Shade,虛空之影
BT2_Void Shade_PLURAL,Void Shades,虛空之影
BT2_Voidian Slip_SINGULAR,Voidian Slip,虛空之紙
BT2_Voidian Slip_PLURAL,Voidian Slips,虛空聖衣
BT2_Voor Dragon_SINGULAR,Voor Dragon,沃爾龍
BT2_Voor Dragon_PLURAL,Voor Dragons,沃爾龍
BT2_Vren Dragon_SINGULAR,Vren Dragon,維倫龍
BT2_Vren Dragon_PLURAL,Vren Dragons,維倫龍
BT2_Wacum The Wiz_SINGULAR,Wacum The Wiz,瓦庫姆奇才
BT2_Wacum The Wiz_PLURAL,Wacum The Wiz,瓦庫姆奇才
BT2_Wander Mage_SINGULAR,Wander Mage,流浪法師
BT2_Wander Mage_PLURAL,Wander Mages,流浪法師
BT2_War Giant_SINGULAR,War Giant,戰爭巨人
BT2_War Giant_PLURAL,War Giants,戰爭巨人
BT2_War Wizard_SINGULAR,War Wizard,戰爭巫師
BT2_War Wizard_PLURAL,War Wizards,戰爭奇才
BT2_Warlock_SINGULAR,Warlock,術士
BT2_Warlock_PLURAL,Warlocks,術士
BT2_Warrior_SINGULAR,Savage Warrior,野蠻戰士
BT2_Warrior_PLURAL,Savage Warriors,野蠻戰士
BT2_Warrior1_SINGULAR,Warrior,戰士
BT2_Warrior1_PLURAL,Warriors,勇士
BT2_Web Dragon_SINGULAR,Web Dragon,網龍
BT2_Web Dragon_PLURAL,Web Dragons,網龍
BT2_Weelr Deeler_SINGULAR,Weelr Deeler,韋爾·迪勒
BT2_Weelr Deeler_PLURAL,Weelr Deelers,韋爾勒經銷商
BT2_Werewolf_SINGULAR,Werewolf,狼人
BT2_Werewolf_PLURAL,Werewolves,狼人
BT2_Werewolf1_SINGULAR,Revered Werewolf,受人尊敬的狼人
BT2_Werewolf1_PLURAL,Revered Werewolves,受人尊敬的狼人
BT2_What-a-dealr_SINGULAR,What-a-dealr,什麼是經銷商
BT2_What-a-dealr_PLURAL,What-a-dealrs,什麼是經銷商
BT2_Wight_SINGULAR,Wight,懷特
BT2_Wight_PLURAL,Wights,屍鬼
BT2_Will O' Wisp_SINGULAR,Will O' Wisp,威爾·奧維斯普
BT2_Will O' Wisp_PLURAL,Will O' Wisps,威爾·奧維斯普斯
BT2_Wind Walker_SINGULAR,Wind Walker,風行者
BT2_Wind Walker_PLURAL,Wind Walkers,風行者
BT2_Winged Creature_SINGULAR,Winged Creature,有翼生物
BT2_Winged Creature_PLURAL,Winged Creature,有翼生物
BT2_Witch King_SINGULAR,Witch King,巫王
BT2_Witch King_PLURAL,Witch Kings,巫王
BT2_Wizard_SINGULAR,Wizard,術士
BT2_Wizard_PLURAL,Wizards,巫師
BT2_Wizard Of Iz_SINGULAR,Wizard Of Iz,伊茲巫師
BT2_Wizard Of Iz_PLURAL,Wizard Of Iz,伊茲巫師
BT2_Wizard Of War_SINGULAR,Wizard Of War,戰爭巫師
BT2_Wizard Of War_PLURAL,Wizard Of War,戰爭巫師
BT2_Wizard Of War1_SINGULAR,Wizard Of War,戰爭巫師
BT2_Wizard Of War1_PLURAL,Wizard Of War,戰爭巫師
BT2_Wizard Wall_SINGULAR,Wizard Wall,巫師牆
BT2_Wizard Wall_PLURAL,Wizard Wall,巫師牆
BT2_Wizard1_SINGULAR,Adept Wizard,熟練的巫師
BT2_Wizard1_PLURAL,Adept Wizards,熟練的巫師
BT2_Wize One_SINGULAR,Wize One,智慧一號
BT2_Wize One_PLURAL,Wize Ones,智者
BT2_Wolf_SINGULAR,Wolf,狼
BT2_Wolf_PLURAL,Wolves,狼隊
BT2_Wolf Priest_SINGULAR,Wolf Priest,狼牧師
BT2_Wolf Priest_PLURAL,Wolf Priests,狼祭司
BT2_Wolfman_SINGULAR,Wolfman,狼人
BT2_Wolfman_PLURAL,Wolfmen,狼人
BT2_Wolfman1_SINGULAR,Wolfman,狼人
BT2_Wolfman1_PLURAL,Wolfmen,狼人
BT2_Wood Sprite_SINGULAR,Wood Sprite,木精靈
BT2_Wood Sprite_PLURAL,Wood Sprites,木精靈
BT2_Wraith_SINGULAR,Wraith,幽靈
BT2_Wraith_PLURAL,Wraiths,幽靈
BT2_Ybarra The Mage_SINGULAR,Ybarra The Mage,法師伊巴拉
BT2_Ybarra The Mage_PLURAL,Ybarra The Mage,法師伊巴拉
BT2_Zado Giant_SINGULAR,Zado Giant,札多巨人
BT2_Zado Giant_PLURAL,Zado Giants,札多巨人隊
BT2_Zag Giant_SINGULAR,Zag Giant,鋸齒巨人
BT2_Zag Giant_PLURAL,Zag Giants,札格巨人隊
BT2_Zargo Din_SINGULAR,Zargo Din,扎爾戈·丁
BT2_Zargo Din_PLURAL,Zargo Din,扎爾戈·丁
BT2_Zealot_SINGULAR,Zealot,狂熱者
BT2_Zealot_PLURAL,Zealots,狂熱者
BT2_Zeeto Brag_SINGULAR,Zeeto Brag,澤托吹牛
BT2_Zeeto Brag_PLURAL,Zeeto Brags,澤托·誇格斯
BT2_Zen Master_SINGULAR,Zen Master,禪師
BT2_Zen Master_PLURAL,Zen Master,禪師
BT2_Zendar_SINGULAR,Zendar,贊達爾
BT2_Zendar_PLURAL,Zendars,贊達爾斯
BT2_Zombie_SINGULAR,Zombie,殭屍
BT2_Zombie_PLURAL,Zombies,殭屍
BT2_Zombie King_SINGULAR,Zombie King,殭屍王
BT2_Zombie King_PLURAL,Zombie Kings,殭屍王
BT2_Zombie1_SINGULAR,Withered Zombie,枯萎殭屍
BT2_Zombie1_PLURAL,Withered Zombies,枯萎的殭屍
BT2_Zone Dragon_SINGULAR,Zone Dragon,地帶龍
BT2_Zone Dragon_PLURAL,Zone Dragons,區域龍
BT2_Zone Golem_SINGULAR,Zone Golem,魔像地帶
BT2_Zone Golem_PLURAL,Zone Golems,區域傀儡
BT2_Zotter_SINGULAR,Zotter,珍得
BT2_Zotter_PLURAL,Zotters,珍特斯
BT3_Accursed One_SINGULAR,Accursed One,被詛咒的一號
BT3_Accursed One_PLURAL,Accursed Ones,被詛咒者
BT3_Aciddrooler_SINGULAR,Aciddrooler,酸流者
BT3_Aciddrooler_PLURAL,Aciddroolers,酸流者
BT3_Adept Daemon_SINGULAR,Adept Daemon,熟練的守護程式
BT3_Adept Daemon_PLURAL,Adept Daemons,熟練的惡魔
BT3_Agent Orange_SINGULAR,Agent Orange,橙劑
BT3_Agent Orange_PLURAL,Agent Oranges,橙劑
BT3_Alpha Scrambler_SINGULAR,Alpha Scrambler,阿爾法擾頻器
BT3_Alpha Scrambler_PLURAL,Alpha Scramblers,阿爾法擾頻器
BT3_Amida Monk_SINGULAR,Amida Monk,阿彌陀武僧
BT3_Amida Monk_PLURAL,Amida Monks,阿彌陀僧
BT3_Ape General_SINGULAR,Ape General,猿將軍
BT3_Ape General_PLURAL,Ape Generals,猿將軍
BT3_Ape Grunt_SINGULAR,Ape Grunt,猿咕嚕
BT3_Ape Grunt_PLURAL,Ape Grunts,猿咕嚕聲
BT3_Ape Ranger1_SINGULAR,Ape Ranger,猿遊俠
BT3_Ape Ranger1_PLURAL,Ape Rangers,猿遊俠
BT3_Ape Ranger_SINGULAR,Ape Ranger,猿遊俠
BT3_Ape Ranger_PLURAL,Ape Rangers,猿遊俠
BT3_Ape Soldier2_SINGULAR,Ape Soldier,猿兵
BT3_Ape Soldier2_PLURAL,Ape Soldiers,猿兵
BT3_Ape Soldier_SINGULAR,Ape Soldier,猿兵
BT3_Ape Soldier_PLURAL,Ape Soldiers,猿兵
BT3_Ape Soldier3_SINGULAR,Ape Soldier,猿兵
BT3_Ape Soldier3_PLURAL,Ape Soldiers,猿兵
BT3_Ape Soldier1_SINGULAR,Ape Soldier,猿兵
BT3_Ape Soldier1_PLURAL,Ape Soldiers,猿兵
BT3_Apollo's Priest_SINGULAR,Apollo's Priest,阿波羅的祭司
BT3_Apollo's Priest_PLURAL,Apollo's Priests,阿波羅的祭司
BT3_Arch Dragon_SINGULAR,Arch Dragon,拱龍
BT3_Arch Dragon_PLURAL,Arch Dragons,拱門龍
BT3_Arch Dragon1_SINGULAR,Arch Dragon,拱龍
BT3_Arch Dragon1_PLURAL,Arch Dragons,拱門龍
BT3_Arctic Mage2_SINGULAR,Arctic Mage,北極法師
BT3_Arctic Mage2_PLURAL,Arctic Mages,北極法師
BT3_Arctic Mage1_SINGULAR,Arctic Mage,北極法師
BT3_Arctic Mage1_PLURAL,Arctic Mages,北極法師
BT3_Arctic Mage_SINGULAR,Arctic Mage,北極法師
BT3_Arctic Mage_PLURAL,Arctic Mages,北極法師
BT3_Artic Ranger_SINGULAR,Arctic Ranger,北極遊俠
BT3_Artic Ranger_PLURAL,Arctic Rangers,北極遊騎兵
BT3_Athenian_SINGULAR,Athenian,雅典人
BT3_Athenian_PLURAL,Athenians,雅典人
BT3_Atlantian_SINGULAR,Atlantian,亞特蘭提斯
BT3_Atlantian_PLURAL,Atlantians,亞特蘭提斯人
BT3_Auntie Magic_SINGULAR,Auntie Magic,魔法阿姨
BT3_Auntie Magic_PLURAL,Auntie Magics,魔法阿姨
BT3_Avian1_SINGULAR,Avian,禽類
BT3_Avian1_PLURAL,Avians,鳥類
BT3_Avian3_SINGULAR,Avian,禽類
BT3_Avian3_PLURAL,Avians,鳥類
BT3_Avian2_SINGULAR,Avian,禽類
BT3_Avian2_PLURAL,Avians,鳥類
BT3_Avian_SINGULAR,Avian,禽類
BT3_Avian_PLURAL,Avians,鳥類
BT3_Bandit_SINGULAR,Bandit,強盜
BT3_Bandit_PLURAL,Bandits,土匪
BT3_Barlow_SINGULAR,Barlow,巴洛
BT3_Barlow_PLURAL,Barlows,巴洛斯
BT3_Basilisk1_SINGULAR,Basilisk,蛇怪
BT3_Basilisk1_PLURAL,Basilisks,蛇怪
BT3_Basilisk_SINGULAR,Basilisk,蛇怪
BT3_Basilisk_PLURAL,Basilisks,蛇怪
BT3_Bear Wani_SINGULAR,Bear Wani,熊瓦尼
BT3_Bear Wani_PLURAL,Bear Wanis,熊瓦尼斯
BT3_Big Slath_SINGULAR,Big Slath,大板條
BT3_Big Slath_PLURAL,Big Slaths,大板條
BT3_Biker_SINGULAR,Biker,騎自行車的人
BT3_Biker_PLURAL,Bikers,騎自行車的人
BT3_Black Dragon1_SINGULAR,Black Dragon,黑龍
BT3_Black Dragon1_PLURAL,Black Dragons,黑龍
BT3_Black Dragon_SINGULAR,Black Dragon,黑龍
BT3_Black Dragon_PLURAL,Black Dragons,黑龍
BT3_Black Guard_SINGULAR,Black Guard,黑守衛
BT3_Black Guard_PLURAL,Black Guards,黑衛士
BT3_Black Hobbit_SINGULAR,Black Hobbit,黑哈比人
BT3_Black Hobbit_PLURAL,Black Hobbits,黑色哈比人
BT3_Black Paladin_SINGULAR,Black Paladin,黑色聖騎士
BT3_Black Paladin_PLURAL,Black Paladins,黑色聖騎士
BT3_Black Slayer2_SINGULAR,Black Slayer,黑色殺手
BT3_Black Slayer2_PLURAL,Black Slayers,黑色殺手
BT3_Black Slayer_SINGULAR,Black Slayer,黑色殺手
BT3_Black Slayer_PLURAL,Black Slayers,黑色殺手
BT3_Black Slayer1_SINGULAR,Black Slayer,黑色殺手
BT3_Black Slayer1_PLURAL,Black Slayers,黑色殺手
BT3_Black Wizard1_SINGULAR,Black Wizard,黑巫師
BT3_Black Wizard1_PLURAL,Black Wizards,黑巫師
BT3_Black Wizard3_SINGULAR,Black Wizard,黑巫師
BT3_Black Wizard3_PLURAL,Black Wizards,黑巫師
BT3_Black Wizard4_SINGULAR,Black Wizard,黑巫師
BT3_Black Wizard4_PLURAL,Black Wizards,黑巫師
BT3_Black Wizard5_SINGULAR,Black Wizard,黑巫師
BT3_Black Wizard5_PLURAL,Black Wizards,黑巫師
BT3_Black Wizard6_SINGULAR,Black Wizard,黑巫師
BT3_Black Wizard6_PLURAL,Black Wizards,黑巫師
BT3_Black Wizard_SINGULAR,Black Wizard,黑巫師
BT3_Black Wizard_PLURAL,Black Wizards,黑巫師
BT3_Black Wizard2_SINGULAR,Black Wizard,黑巫師
BT3_Black Wizard2_PLURAL,Black Wizards,黑巫師
BT3_Blackclaw_SINGULAR,Blackclaw,黑爪
BT3_Blackclaw_PLURAL,Blackclaws,黑爪
BT3_Blank Mage1_SINGULAR,Blank Mage,空白法師
BT3_Blank Mage1_PLURAL,Blank Mages,空白法師
BT3_Blank Mage2_SINGULAR,Blank Mage,空白法師
BT3_Blank Mage2_PLURAL,Blank Mages,空白法師
BT3_Blank Mage_SINGULAR,Blank Mage,空白法師
BT3_Blank Mage_PLURAL,Blank Mages,空白法師
BT3_Blank Mage3_SINGULAR,Blank Mage,空白法師
BT3_Blank Mage3_PLURAL,Blank Mages,空白法師
BT3_Blizzard Demon1_SINGULAR,Blizzard Demon,暴雪惡魔
BT3_Blizzard Demon1_PLURAL,Blizzard Demons,暴雪惡魔
BT3_Blizzard Demon_SINGULAR,Blizzard Demon,暴雪惡魔
BT3_Blizzard Demon_PLURAL,Blizzard Demons,暴雪惡魔
BT3_Blood Acolyte_SINGULAR,Blood Acolyte,血侍僧
BT3_Blood Acolyte_PLURAL,Blood Acolytes,鮮血侍從
BT3_Blood Feaster_SINGULAR,Blood Feaster,血盛宴
BT3_Blood Feaster_PLURAL,Blood Feasters,血盛宴
BT3_Blood Mage1_SINGULAR,Blood Mage,血法師
BT3_Blood Mage1_PLURAL,Blood Mages,血法師
BT3_Blood Mage_SINGULAR,Blood Mage,血法師
BT3_Blood Mage_PLURAL,Blood Mages,血法師
BT3_Blood Mage3_SINGULAR,Blood Mage,血法師
BT3_Blood Mage3_PLURAL,Blood Mages,血法師
BT3_Blood Mage2_SINGULAR,Blood Mage,血法師
BT3_Blood Mage2_PLURAL,Blood Mages,血法師
BT3_Blood Nefast_SINGULAR,Blood Nefast,血尼法力量
BT3_Blood Nefast_PLURAL,Blood Nefasts,血食
BT3_Bloodfiend_SINGULAR,Bloodfiend,血魔
BT3_Bloodfiend_PLURAL,Bloodfiends,血魔
BT3_Bloodwarrior_SINGULAR,Bloodwarrior,血戰士
BT3_Bloodwarrior_PLURAL,Bloodwarriors,血戰士
BT3_Bloody Masher_SINGULAR,Bloody Masher,血腥搗碎者
BT3_Bloody Masher_PLURAL,Bloody Mashers,血腥搗碎者
BT3_Blue Guard_SINGULAR,Blue Guard,藍色衛士
BT3_Blue Guard_PLURAL,Blue Guards,藍色衛兵
BT3_Blue Mage1_SINGULAR,Blue Mage,藍色魔法師
BT3_Blue Mage1_PLURAL,Blue Mages,藍色魔法師
BT3_Blue Mage2_SINGULAR,Blue Mage,藍色魔法師
BT3_Blue Mage2_PLURAL,Blue Mages,藍色魔法師
BT3_Blue Mage_SINGULAR,Blue Mage,藍色魔法師
BT3_Blue Mage_PLURAL,Blue Mages,藍色魔法師
BT3_Blue Mage3_SINGULAR,Blue Mage,藍色魔法師
BT3_Blue Mage3_PLURAL,Blue Mages,藍色魔法師
BT3_Bone Acolyte_SINGULAR,Bone Acolyte,骨侍僧
BT3_Bone Acolyte_PLURAL,Bone Acolytes,白骨侍僧
BT3_Bone Gnawer_SINGULAR,Bone Gnawer,噬骨者
BT3_Bone Gnawer_PLURAL,Bone Gnawers,噬骨者
BT3_Brass Basher_SINGULAR,Brass Basher,黃銅打擊者
BT3_Brass Basher_PLURAL,Brass Bashers,黃銅打擊者
BT3_Brass Clanker_SINGULAR,Brass Clanker,黃銅叮噹聲
BT3_Brass Clanker_PLURAL,Brass Clankers,黃銅叮噹響
BT3_Brass Jaw_SINGULAR,Brass Jaw,黃銅下巴
BT3_Brass Jaw_PLURAL,Brass Jaws,黃銅顎
BT3_Brass Render_SINGULAR,Brass Render,黃銅渲染
BT3_Brass Render_PLURAL,Brass Renders,黃銅渲染
BT3_Brilhasti_SINGULAR,Brilhasti,布里哈斯蒂
BT3_Brilhasti_PLURAL,Brilhasti,布里哈斯蒂
BT3_Bronze Boa_SINGULAR,Bronze Boa,青銅蟒蛇
BT3_Bronze Boa_PLURAL,Bronze Boas,青銅蟒蛇
BT3_Brute1_SINGULAR,Brute,野蠻
BT3_Brute1_PLURAL,Brutes,畜生
BT3_Brute_SINGULAR,Brute,野蠻
BT3_Brute_PLURAL,Brutes,畜生
BT3_Buddhist Monk_SINGULAR,Buddhist Monk,武僧
BT3_Buddhist Monk_PLURAL,Buddhist Monks,佛教僧侶
BT3_Carbon Ripper_SINGULAR,Carbon Ripper,碳裂土器
BT3_Carbon Ripper_PLURAL,Carbon Rippers,碳裂土器
BT3_Centurion_SINGULAR,Centurion,百夫長
BT3_Centurion_PLURAL,Centurions,百夫長
BT3_Chain Viper_SINGULAR,Chain Viper,鏈毒蛇
BT3_Chain Viper_PLURAL,Chain Vipers,鏈毒蛇
BT3_Chaos Fiend2_SINGULAR,Chaos Fiend,混沌惡魔
BT3_Chaos Fiend2_PLURAL,Chaos Fiends,混沌惡魔
BT3_Chaos Fiend_SINGULAR,Chaos Fiend,混沌惡魔
BT3_Chaos Fiend_PLURAL,Chaos Fiends,混沌惡魔
BT3_Chaos Fiend1_SINGULAR,Chaos Fiend,混沌惡魔
BT3_Chaos Fiend1_PLURAL,Chaos Fiends,混沌惡魔
BT3_Clanker_SINGULAR,Clanker,克蘭克
BT3_Clanker_PLURAL,Clankers,叮叮噹當
BT3_Clay Prince_SINGULAR,Clay Prince,黏土王子
BT3_Clay Prince_PLURAL,Clay Prince,黏土王子
BT3_Clay Prince1_SINGULAR,Clay Prince,黏土王子
BT3_Clay Prince1_PLURAL,Clay Princes,黏土王子
BT3_Collector_SINGULAR,Collector,收藏家
BT3_Collector_PLURAL,Collectors,收藏家
BT3_Commisar1_SINGULAR,Commissar,政委
BT3_Commisar1_PLURAL,Commissars,政委
BT3_Commisar_SINGULAR,Commissar,政委
BT3_Commisar_PLURAL,Commissars,政委
BT3_Converter1_SINGULAR,Converter,轉換器
BT3_Converter1_PLURAL,Converters,轉換器
BT3_Converter_SINGULAR,Converter,轉換器
BT3_Converter_PLURAL,Converters,轉換器
BT3_Copper Kraken_SINGULAR,Copper Kraken,銅海妖
BT3_Copper Kraken_PLURAL,Copper Kraken,銅海妖
BT3_Corrupter_SINGULAR,Corrupter,腐敗者
BT3_Corrupter_PLURAL,Corrupters,腐敗者
BT3_Crazy Eddie_SINGULAR,Crazy Eddie,瘋狂艾迪
BT3_Crazy Eddie_PLURAL,Crazy Eddies,瘋狂漩渦
BT3_Cursed Nuisance_SINGULAR,Cursed Nuisance,被詛咒的滋擾
BT3_Cursed Nuisance_PLURAL,Cursed Nuisances,被詛咒的滋擾
BT3_Cyanis_SINGULAR,Cyanis,青色
BT3_Cyanis_PLURAL,Cyanis,青色
BT3_Cyborg Squid_SINGULAR,Cyborg Squid,機器人烏賊
BT3_Cyborg Squid_PLURAL,Cyborg Squids,機器人烏賊
BT3_Daemongar_SINGULAR,Daemongar,達蒙加
BT3_Daemongar_PLURAL,Daemongari,大門加里
BT3_Daemongari_SINGULAR,Daemongari,大門加里
BT3_Daemongari_PLURAL,Daemongaris,惡魔
BT3_Daemongari Lord_SINGULAR,Daemongari Lord,惡魔領主
BT3_Daemongari Lord_PLURAL,Daemongari Lord,惡魔領主
BT3_Daemonscion_SINGULAR,Daemonscion,惡魔西翁
BT3_Daemonscion_PLURAL,Daemonscions,惡魔之子
BT3_Dark Gnome_SINGULAR,Dark Gnome,黑暗侏儒
BT3_Dark Gnome_PLURAL,Dark Gnomes,黑暗侏儒
BT3_Dark Guard_SINGULAR,Dark Guard,黑暗守衛
BT3_Dark Guard_PLURAL,Dark Guards,黑暗守衛
BT3_Dark Lurker_SINGULAR,Dark Lurker,黑暗潛伏者
BT3_Dark Lurker_PLURAL,Dark Lurkers,黑暗潛伏者
BT3_Dark Priest_SINGULAR,Dark Priest,黑暗牧師
BT3_Dark Priest_PLURAL,Dark Priests,黑暗牧師
BT3_Dark Stalker_SINGULAR,Dark Stalker,黑暗追獵者
BT3_Dark Stalker_PLURAL,Dark Stalkers,黑暗追獵者
BT3_Dark Warrior_SINGULAR,Dark Warrior,黑暗武士
BT3_Dark Warrior_PLURAL,Dark Warriors,黑暗戰士
BT3_Dark Witch_SINGULAR,Dark Witch,黑暗女巫
BT3_Dark Witch_PLURAL,Dark Witches,黑暗女巫
BT3_Death Adder_SINGULAR,Death Adder,死亡毒蛇
BT3_Death Adder_PLURAL,Death Adders,死亡毒蛇
BT3_Death Imp_SINGULAR,Death Imp,死亡小鬼
BT3_Death Imp_PLURAL,Death Imps,死亡小鬼
BT3_Death Mage_SINGULAR,Death Mage,死亡法師
BT3_Death Mage_PLURAL,Death Mages,死亡法師
BT3_Death Warden_SINGULAR,Death Warden,死亡典獄長
BT3_Death Warden_PLURAL,Death Wardens,死亡守衛
BT3_Death Warden1_SINGULAR,Death Warden,死亡典獄長
BT3_Death Warden1_PLURAL,Death Wardens,死亡守衛
BT3_Deathclaw_SINGULAR,Deathclaw,死亡爪
BT3_Deathclaw_PLURAL,Deathclaws,死亡爪
BT3_Deathhound_SINGULAR,Deathhound,死亡獵犬
BT3_Deathhound_PLURAL,Deathhounds,死亡獵犬
BT3_Deathlion_SINGULAR,Deathlion,死亡獅
BT3_Deathlion_PLURAL,Deathlions,死亡獅
BT3_Dejuvenator_SINGULAR,Dejuvenator,去青春劑
BT3_Dejuvenator_PLURAL,Dejuvenators,煥發活力
BT3_Desert Raider_SINGULAR,Desert Raider,沙漠襲擊者
BT3_Desert Raider_PLURAL,Desert Raiders,沙漠掠奪者
BT3_Dirt Bag_SINGULAR,Dirt Bag,污物袋
BT3_Dirt Bag_PLURAL,Dirt Bags,污物袋
BT3_Dirtgrubber_SINGULAR,Dirtgrubber,土格魯伯
BT3_Dirtgrubber_PLURAL,Dirtgrubbers,污垢清除者
BT3_Discorian_SINGULAR,Discordian,不和諧的
BT3_Discorian_PLURAL,Discordians,不和諧者
BT3_Dolorian2_SINGULAR,Dolorian,多洛里安
BT3_Dolorian2_PLURAL,Dolorians,多洛里安人
BT3_Dolorian3_SINGULAR,Dolorian,多洛里安
BT3_Dolorian3_PLURAL,Dolorians,多洛里安人
BT3_Dolorian_SINGULAR,Dolorian,多洛里安
BT3_Dolorian_PLURAL,Dolorians,多洛里安人
BT3_Dolorian1_SINGULAR,Dolorian,多洛里安
BT3_Dolorian1_PLURAL,Dolorians,多洛里安人
BT3_Dragon King_SINGULAR,Dragon King,龍王
BT3_Dragon King_PLURAL,Dragon Kings,龍王
BT3_Druid_SINGULAR,Druid,德魯伊
BT3_Druid_PLURAL,Druids,德魯伊
BT3_Ebon Archmage_SINGULAR,Ebon Archmage,黑檀大法師
BT3_Ebon Archmage_PLURAL,Ebon Archmages,黑檀大法師
BT3_Ebon Champions_SINGULAR,Ebon Champion,黑檀冠軍
BT3_Ebon Champions_PLURAL,Ebon Champions,黑檀冠軍
BT3_Ebon Harpy_SINGULAR,Ebon Harpy,烏木鷹身女妖
BT3_Ebon Harpy_PLURAL,Ebon Harpies,黑檀鷹身女妖
BT3_Ebon Ranger2_SINGULAR,Ebon Ranger,黑鋒遊俠
BT3_Ebon Ranger2_PLURAL,Ebon Rangers,黑鋒遊騎兵
BT3_Ebon Ranger1_SINGULAR,Ebon Ranger,黑鋒遊俠
BT3_Ebon Ranger1_PLURAL,Ebon Rangers,黑鋒遊騎兵
BT3_Ebon Ranger_SINGULAR,Ebon Ranger,黑鋒遊俠
BT3_Ebon Ranger_PLURAL,Ebon Rangers,黑鋒遊騎兵
BT3_Ebon Shark_SINGULAR,Ebon Shark,黑鋒鯊
BT3_Ebon Shark_PLURAL,Ebon Sharks,黑鋒鯊
BT3_Ebon Zombie1_SINGULAR,Ebon Zombie,黑檀殭屍
BT3_Ebon Zombie1_PLURAL,Ebon Zombies,黑檀殭屍
BT3_Ebon Zombie3_SINGULAR,Ebon Zombie,黑檀殭屍
BT3_Ebon Zombie3_PLURAL,Ebon Zombies,黑檀殭屍
BT3_Ebon Zombie_SINGULAR,Ebon Zombie,黑檀殭屍
BT3_Ebon Zombie_PLURAL,Ebon Zombies,黑檀殭屍
BT3_Ebon Zombie2_SINGULAR,Ebon Zombie,黑檀殭屍
BT3_Ebon Zombie2_PLURAL,Ebon Zombies,黑檀殭屍
BT3_Electric Eel_SINGULAR,Electric Eel,電鰻
BT3_Electric Eel_PLURAL,Electric Eel,電鰻
BT3_Electrum Eel_SINGULAR,Electrum Eel,金金鰻
BT3_Electrum Eel_PLURAL,Electrum Eels,金金鰻
BT3_Eye Cryer_SINGULAR,Eye Cryer,淚眼者
BT3_Eye Cryer_PLURAL,Eye Cryers,哭泣者
BT3_Eye Gotcha_SINGULAR,Eye Gotcha,眼睛問題
BT3_Eye Gotcha_PLURAL,Eye Gotchas,眼睛問題
BT3_Eye Stalker_SINGULAR,Eye Stalker,眼神追蹤者
BT3_Eye Stalker_PLURAL,Eye Stalkers,眼睛追蹤者
BT3_Familiar1_SINGULAR,Familiar,熟悉的
BT3_Familiar1_PLURAL,Familiars,熟人
BT3_Familiar3_SINGULAR,Familiar,熟悉的
BT3_Familiar3_PLURAL,Familiars,熟人
BT3_Familiar_SINGULAR,Familiar,熟悉的
BT3_Familiar_PLURAL,Familiars,熟人
BT3_Familiar2_SINGULAR,Familiar,熟悉的
BT3_Familiar2_PLURAL,Familiars,熟人
BT3_Filcher_SINGULAR,Filcher,菲爾徹
BT3_Filcher_PLURAL,Filchers,菲爾徹斯
BT3_Flame Mage_SINGULAR,Flame Mage,火焰法師
BT3_Flame Mage_PLURAL,Flame Mages,火焰法師
BT3_Flying Fish_SINGULAR,Flying Fish,飛魚
BT3_Flying Fish_PLURAL,Flying Fish,飛魚
BT3_Fogger_SINGULAR,Fogger,福格
BT3_Fogger_PLURAL,Foggers,霧化器
BT3_Foul Stalker_SINGULAR,Foul Stalker,惡行追獵者
BT3_Foul Stalker_PLURAL,Foul Stalkers,惡行追獵者
BT3_Fox Kani_SINGULAR,Fox Kani,福斯卡尼
BT3_Fox Kani_PLURAL,Fox Kanis,福克斯卡尼斯
BT3_Fox Maiden_SINGULAR,Fox Maiden,狐女
BT3_Fox Maiden_PLURAL,Fox Maidens,狐狸少女
BT3_Free-techer1_SINGULAR,Free-techer,自由技術人員
BT3_Free-techer1_PLURAL,Free-techers,自由技術人員
BT3_Free-techer_SINGULAR,Free-techer,自由技術人員
BT3_Free-techer_PLURAL,Free-techers,自由技術人員
BT3_Freezer_SINGULAR,Freezer,冷凍櫃
BT3_Freezer_PLURAL,Freezer,冷凍櫃
BT3_Frost Cat_SINGULAR,Frost Cat,霜貓
BT3_Frost Cat_PLURAL,Frost Cats,霜貓
BT3_Frost Guard_SINGULAR,Frost Guard,冰霜守衛
BT3_Frost Guard_PLURAL,Frost Guards,冰霜守衛
BT3_Frost Mage_SINGULAR,Frost Mage,冰霜法師
BT3_Frost Mage_PLURAL,Frost Mages,冰霜法師
BT3_Frost Tiger_SINGULAR,Frost Tiger,冰霜虎
BT3_Frost Tiger_PLURAL,Frost Tigers,冰霜猛虎
BT3_Frostling_SINGULAR,Frostling,霜凍
BT3_Frostling_PLURAL,Frostlings,霜凍
BT3_Gargoyle_SINGULAR,Gargoyle,石像鬼
BT3_Gargoyle_PLURAL,Gargoyles,石像鬼
BT3_Gargoyle1_SINGULAR,Gargoyle,石像鬼
BT3_Gargoyle1_PLURAL,Gargoyles,石像鬼
BT3_Gargoyle2_SINGULAR,Gargoyle,石像鬼
BT3_Gargoyle2_PLURAL,Gargoyles,石像鬼
BT3_Geared Ranger_SINGULAR,Geared Ranger,齒輪遊俠
BT3_Geared Ranger_PLURAL,Geared Rangers,齒輪遊騎兵
BT3_Ghast_SINGULAR,Ghast,惡魂
BT3_Ghast_PLURAL,Ghasts,惡魂
BT3_Ghoul_SINGULAR,Ghoul,食屍鬼
BT3_Ghoul_PLURAL,Ghouls,食屍鬼
BT3_Giant Newt1_SINGULAR,Giant Newt,巨蠑螈
BT3_Giant Newt1_PLURAL,Giant Newts,巨蠑螈
BT3_Giant Newt_SINGULAR,Giant Newt,巨蠑螈
BT3_Giant Newt_PLURAL,Giant Newts,巨蠑螈
BT3_Giant Python3_SINGULAR,Giant Python,巨蟒
BT3_Giant Python3_PLURAL,Giant Pythons,巨型蟒蛇
BT3_Giant Python_SINGULAR,Giant Python,巨蟒
BT3_Giant Python_PLURAL,Giant Pythons,巨型蟒蛇
BT3_Giant Python1_SINGULAR,Giant Python,巨蟒
BT3_Giant Python1_PLURAL,Giant Pythons,巨型蟒蛇
BT3_Giant Python2_SINGULAR,Giant Python,巨蟒
BT3_Giant Python2_PLURAL,Giant Pythons,巨型蟒蛇
BT3_Giant Squid_SINGULAR,Giant Squid,巨型烏賊
BT3_Giant Squid_PLURAL,Giant Squids,巨型魷魚
BT3_Gila monster_SINGULAR,Gila monster,希拉毒蜥
BT3_Gila monster_PLURAL,Gila monsters,希拉毒蜥
BT3_Glacier Golem1_SINGULAR,Glacier Golem,冰川傀儡
BT3_Glacier Golem1_PLURAL,Glacier Golems,冰川傀儡
BT3_Glacier Golem_SINGULAR,Glacier Golem,冰川傀儡
BT3_Glacier Golem_PLURAL,Glacier Golems,冰川傀儡
BT3_Glacier Golem2_SINGULAR,Glacier Golem,冰川傀儡
BT3_Glacier Golem2_PLURAL,Glacier Golems,冰川傀儡
BT3_Gladiator_SINGULAR,Gladiator,角鬥士
BT3_Gladiator_PLURAL,Gladiators,角鬥士
BT3_Glaze Wolf_SINGULAR,Glaze Wolf,釉狼
BT3_Glaze Wolf_PLURAL,Glaze Wolves,釉狼
BT3_Glaze Wraith_SINGULAR,Glaze Wraith,釉色幽靈
BT3_Glaze Wraith_PLURAL,Glaze Wraiths,釉色幽靈
BT3_Glaze Wraith1_SINGULAR,Glaze Wraith,釉色幽靈
BT3_Glaze Wraith1_PLURAL,Glaze Wraiths,釉色幽靈
BT3_Gloom Bard_SINGULAR,Gloom Bard,憂鬱吟遊詩人
BT3_Gloom Bard_PLURAL,Gloom Bards,憂鬱吟遊詩人
BT3_Goblin Gulper_SINGULAR,Goblin Gulper,哥布林吞食者
BT3_Goblin Gulper_PLURAL,Goblin Gulpers,吞食地精
BT3_Gold Mangler_SINGULAR,Gold Mangler,黃金粉碎者
BT3_Gold Mangler_PLURAL,Gold Manglers,黃金粉碎者
BT3_Golden Dragon_SINGULAR,Golden Dragon,金龍
BT3_Golden Dragon_PLURAL,Golden Dragons,金龍隊
BT3_Goredrooler_SINGULAR,Goredrooler,戈德魯勒
BT3_Goredrooler_PLURAL,Goredroolers,血淋淋的人
BT3_Goresucker_SINGULAR,Goresucker,吸血者
BT3_Goresucker_PLURAL,Goresuckers,吸血者
BT3_Gorgon_SINGULAR,Gorgon,戈爾貢
BT3_Gorgon_PLURAL,Gorgons,蛇髮女妖
BT3_Goth Raider_SINGULAR,Goth Raider,歌德襲擊者
BT3_Goth Raider_PLURAL,Goth Raiders,哥德攻略
BT3_Grand Slath_SINGULAR,Grand Slath,大板條
BT3_Grand Slath_PLURAL,Grand Slaths,大板條
BT3_Grave Robber1_SINGULAR,Grave Robber,盜墓者
BT3_Grave Robber1_PLURAL,Grave Robbers,盜墓者
BT3_Grave Robber_SINGULAR,Grave Robber,盜墓者
BT3_Grave Robber_PLURAL,Grave Robbers,盜墓者
BT3_Green Viper_SINGULAR,Green Viper,綠毒蛇
BT3_Green Viper_PLURAL,Green Vipers,綠毒蛇
BT3_Greenclaw_SINGULAR,Greenclaw,綠爪
BT3_Greenclaw_PLURAL,Greenclaws,綠爪
BT3_Gremlin2_SINGULAR,Gremlin,格雷姆林
BT3_Gremlin2_PLURAL,Gremlins,小魔怪
BT3_Gremlin_SINGULAR,Gremlin,格雷姆林
BT3_Gremlin_PLURAL,Gremlins,小魔怪
BT3_Gremlin1_SINGULAR,Gremlin,格雷姆林
BT3_Gremlin1_PLURAL,Gremlins,小魔怪
BT3_Grey Wizard_SINGULAR,Grey Wizard,灰巫師
BT3_Grey Wizard_PLURAL,Grey Wizards,灰巫師
BT3_Gyroguard_SINGULAR,Gyroguard,陀螺衛士
BT3_Gyroguard_PLURAL,Gyroguards,陀螺衛士
BT3_Gyrohunter_SINGULAR,Gyrohunter,陀螺獵人
BT3_Gyrohunter_PLURAL,Gyrohunters,陀螺獵人
BT3_Haste Mage_SINGULAR,Haste Mage,急速法師
BT3_Haste Mage_PLURAL,Haste Mages,急速法師
BT3_Haste Mage1_SINGULAR,Haste Mage,急速法師
BT3_Haste Mage1_PLURAL,Haste Mages,急速法師
BT3_Haste Mage4_SINGULAR,Haste Mage,急速法師
BT3_Haste Mage4_PLURAL,Haste Mages,急速法師
BT3_Haste Mage2_SINGULAR,Haste Mage,急速法師
BT3_Haste Mage2_PLURAL,Haste Mages,急速法師
BT3_Haste Mage3_SINGULAR,Haste Mage,急速法師
BT3_Haste Mage3_PLURAL,Haste Mages,急速法師
BT3_Hawkslayer_SINGULAR,Hawkslayer,鷹殺手
BT3_Hawkslayer_PLURAL,Hawkslayer,鷹殺手
BT3_Hawkslayer1_SINGULAR,Hawkslayer,鷹殺手
BT3_Hawkslayer1_PLURAL,Hawkslayer,鷹殺手
BT3_Head Banger_SINGULAR,Head Banger,頭撞
BT3_Head Banger_PLURAL,Head Bangers,頭撞
BT3_Head Dicer_SINGULAR,Head Dicer,切頭機
BT3_Head Dicer_PLURAL,Head Dicers,頭切塊機
BT3_Hedge Lizard_SINGULAR,Hedge Lizard,樹籬蜥蜴
BT3_Hedge Lizard_PLURAL,Hedge Lizards,樹籬蜥蜴
BT3_Hell Fiend_SINGULAR,Hell Fiend,地獄惡魔
BT3_Hell Fiend_PLURAL,Hell Fiends,地獄惡魔
BT3_Hellhound_SINGULAR,Hellhound,地獄犬
BT3_Hellhound_PLURAL,Hellhounds,地獄犬
BT3_Hellhound1_SINGULAR,Hellhound,地獄犬
BT3_Hellhound1_PLURAL,Hellhounds,地獄犬
BT3_Hera's Priest_SINGULAR,Hera's Priest,赫拉的祭司
BT3_Hera's Priest_PLURAL,Hera's Priests,赫拉的祭司
BT3_Hera's Priest1_SINGULAR,Hera's Priest,赫拉的祭司
BT3_Hera's Priest1_PLURAL,Hera's Priests,赫拉的祭司
BT3_Herb_SINGULAR,Herb,香草
BT3_Herb_PLURAL,Herbs,香草
BT3_High Priestess_SINGULAR,High Priestess,高階女祭司
BT3_High Priestess_PLURAL,High Priestesses,高階女祭司
BT3_High Wizard_SINGULAR,High Wizard,高階巫師
BT3_High Wizard_PLURAL,High Wizards,高階巫師
BT3_Hobgoblin_SINGULAR,Hobgoblin,妖怪
BT3_Hobgoblin_PLURAL,Hobgoblins,妖精
BT3_Hookfang_SINGULAR,Hookfang,鉤牙
BT3_Hookfang_PLURAL,Hookfangs,鉤牙
BT3_Howler_SINGULAR,Howler,嚎叫者
BT3_Howler_PLURAL,Howlers,嚎叫者
BT3_Huge Slath_SINGULAR,Huge Slath,巨大板條
BT3_Huge Slath_PLURAL,Huge Slaths,巨大的板條
BT3_Hun_SINGULAR,Hun,匈奴
BT3_Hun_PLURAL,Huns,匈奴人
BT3_Hun Warrior_SINGULAR,Hun Warrior,匈奴武士
BT3_Hun Warrior_PLURAL,Hun Warriors,匈奴武士
BT3_Hunter Nefast_SINGULAR,Hunter Nefast,亨特·內法力量
BT3_Hunter Nefast_PLURAL,Hunter Nefasts,獵人內法力量
BT3_Ice Bear_SINGULAR,Ice Bear,冰熊
BT3_Ice Bear_PLURAL,Ice Bears,冰熊
BT3_Ice Bear1_SINGULAR,Ice Bear,冰熊
BT3_Ice Bear1_PLURAL,Ice Bears,冰熊
BT3_Ice Bear2_SINGULAR,Ice Bear,冰熊
BT3_Ice Bear2_PLURAL,Ice Bears,冰熊
BT3_Ice Reaver2_SINGULAR,Ice Reaver,冰掠者
BT3_Ice Reaver2_PLURAL,Ice Reavers,冰掠者
BT3_Ice Reaver1_SINGULAR,Ice Reaver,冰掠者
BT3_Ice Reaver1_PLURAL,Ice Reavers,冰掠者
BT3_Ice Reaver3_SINGULAR,Ice Reaver,冰掠者
BT3_Ice Reaver3_PLURAL,Ice Reavers,冰掠者
BT3_Ice Reaver_SINGULAR,Ice Reaver,冰掠者
BT3_Ice Reaver_PLURAL,Ice Reavers,冰掠者
BT3_Ice Viper_SINGULAR,Ice Viper,冰毒蛇
BT3_Ice Viper_PLURAL,Ice Vipers,冰毒蛇
BT3_Ice Viper1_SINGULAR,Ice Viper,冰毒蛇
BT3_Ice Viper1_PLURAL,Ice Vipers,冰毒蛇
BT3_Ice Warrior_SINGULAR,Ice Warrior,冰戰士
BT3_Ice Warrior_PLURAL,Ice Warriors,冰戰士
BT3_Imp_SINGULAR,Imp,小鬼
BT3_Imp_PLURAL,Imps,進出口
BT3_Indigo Dragon_SINGULAR,Indigo Dragon,靛藍龍
BT3_Indigo Dragon_PLURAL,Indigo Dragons,靛藍龍
BT3_Infiltrator_SINGULAR,Infiltrator,滲透者
BT3_Infiltrator_PLURAL,Infiltrators,滲透者
BT3_Invultron_SINGULAR,Invultron,因沃特隆
BT3_Invultron_PLURAL,Invultron,因沃特隆
BT3_Iron Droid_SINGULAR,Iron Droid,鋼鐵機器人
BT3_Iron Droid_PLURAL,Iron Droids,鋼鐵機器人
BT3_Iron Sucker_SINGULAR,Iron Sucker,鐵吸盤
BT3_Iron Sucker_PLURAL,Iron Suckers,鐵吸盤
BT3_Ixtl Corsair4_SINGULAR,Ixtl Corsair,海盜船
BT3_Ixtl Corsair4_PLURAL,Ixtl Corsairs,Ixtl 海盜
BT3_Ixtl Corsair2_SINGULAR,Ixtl Corsair,海盜船
BT3_Ixtl Corsair2_PLURAL,Ixtl Corsairs,Ixtl 海盜
BT3_Ixtl Corsair3_SINGULAR,Ixtl Corsair,海盜船
BT3_Ixtl Corsair3_PLURAL,Ixtl Corsairs,Ixtl 海盜
BT3_Ixtl Corsair1_SINGULAR,Ixtl Corsair,海盜船
BT3_Ixtl Corsair1_PLURAL,Ixtl Corsairs,Ixtl 海盜
BT3_Ixtl Corsair_SINGULAR,Ixtl Corsair,海盜船
BT3_Ixtl Corsair_PLURAL,Ixtl Corsairs,Ixtl 海盜
BT3_Ixtl Drone_SINGULAR,Ixtl Drone,Ixtl 無人機
BT3_Ixtl Drone_PLURAL,Ixtl Drones,Ixtl 無人機
BT3_Ixtl Drone1_SINGULAR,Ixtl Drone,Ixtl 無人機
BT3_Ixtl Drone1_PLURAL,Ixtl Drones,Ixtl 無人機
BT3_Ixtl Mage_SINGULAR,Ixtl Mage,伊克斯法師
BT3_Ixtl Mage_PLURAL,Ixtl Mages,IXTL法師
BT3_Ixtl Nymph2_SINGULAR,Ixtl Nymph,伊克力量爾若蟲
BT3_Ixtl Nymph2_PLURAL,Ixtl Nymphs,伊克力量爾若蟲
BT3_Ixtl Nymph1_SINGULAR,Ixtl Nymph,伊克力量爾若蟲
BT3_Ixtl Nymph1_PLURAL,Ixtl Nymphs,伊克力量爾若蟲
BT3_Ixtl Nymph_SINGULAR,Ixtl Nymph,伊克力量爾若蟲
BT3_Ixtl Nymph_PLURAL,Ixtl Nymphs,伊克力量爾若蟲
BT3_Ixtl Nymph4_SINGULAR,Ixtl Nymph,伊克力量爾若蟲
BT3_Ixtl Nymph4_PLURAL,Ixtl Nymphs,伊克力量爾若蟲
BT3_Ixtl Nymph3_SINGULAR,Ixtl Nymph,伊克力量爾若蟲
BT3_Ixtl Nymph3_PLURAL,Ixtl Nymphs,伊克力量爾若蟲
BT3_Ixtl Queen_SINGULAR,Ixtl Queen,伊克力量爾女王
BT3_Ixtl Queen_PLURAL,Ixtl Queens,伊克力量爾皇后區
BT3_Ixtl Wizard3_SINGULAR,Ixtl Wizard,Ixtl術士
BT3_Ixtl Wizard3_PLURAL,Ixtl Wizards,IXTL奇才
BT3_Ixtl Wizard1_SINGULAR,Ixtl Wizard,Ixtl術士
BT3_Ixtl Wizard1_PLURAL,Ixtl Wizards,IXTL奇才
BT3_Ixtl Wizard4_SINGULAR,Ixtl Wizard,Ixtl術士
BT3_Ixtl Wizard4_PLURAL,Ixtl Wizards,IXTL奇才
BT3_Ixtl Wizard2_SINGULAR,Ixtl Wizard,Ixtl術士
BT3_Ixtl Wizard2_PLURAL,Ixtl Wizards,IXTL奇才
BT3_Ixtl Wizard_SINGULAR,Ixtl Wizard,Ixtl術士
BT3_Ixtl Wizard_PLURAL,Ixtl Wizards,IXTL奇才
BT3_Jack Frost1_SINGULAR,Jack Frost,傑克·弗羅力量
BT3_Jack Frost1_PLURAL,Jack Frost,傑克·弗羅力量
BT3_Jack Frost_SINGULAR,Jack Frost,傑克·弗羅力量
BT3_Jack Frost_PLURAL,Jack Frost,傑克·弗羅力量
BT3_Jaws_SINGULAR,Jaws,大白鯊
BT3_Jaws_PLURAL,Jaws,大白鯊
BT3_Juno's Priest_SINGULAR,Juno's Priest,朱諾的牧師
BT3_Juno's Priest_PLURAL,Juno's Priests,朱諾的祭司
BT3_Kalt Mage2_SINGULAR,Kalt Mage,卡爾特法師
BT3_Kalt Mage2_PLURAL,Kalt Mages,卡爾特法師
BT3_Kalt Mage3_SINGULAR,Kalt Mage,卡爾特法師
BT3_Kalt Mage3_PLURAL,Kalt Mages,卡爾特法師
BT3_Kalt Mage_SINGULAR,Kalt Mage,卡爾特法師
BT3_Kalt Mage_PLURAL,Kalt Mages,卡爾特法師
BT3_Kalt Mage1_SINGULAR,Kalt Mage,卡爾特法師
BT3_Kalt Mage1_PLURAL,Kalt Mages,卡爾特法師
BT3_Killer Nefast_SINGULAR,Killer Nefast,殺手內法力量
BT3_Killer Nefast_PLURAL,Killer Nefasts,殺手內法力量
BT3_Kinetic Kid_SINGULAR,Kinetic Kid,動能小子
BT3_Kinetic Kid_PLURAL,Kinetic Kids,動感兒童
BT3_Kraken_SINGULAR,Kraken,克拉肯
BT3_Kraken_PLURAL,Krakens,克拉肯斯
BT3_Kringle Cuz_SINGULAR,Kringle Cuz,克林格爾·庫茲
BT3_Kringle Cuz_PLURAL,Kringle Cuz's,克林格庫茲
BT3_Kura-okami_SINGULAR,Kura-okami,藏大神
BT3_Kura-okami_PLURAL,Kura-okamis,藏大神
BT3_Kura-yama-tsumi_SINGULAR,Kura-yama-tsumi,藏山海
BT3_Kura-yama-tsumi_PLURAL,Kura-yama-tsumi,藏山海
BT3_La Machine_SINGULAR,La Machine,機器
BT3_La Machine_PLURAL,La Machines,拉機器公司
BT3_Lamprey_SINGULAR,Lamprey,七鰓鰻
BT3_Lamprey_PLURAL,Lampreys,七鰓鰻
BT3_Land Reaver_SINGULAR,Land Reaver,土地掠奪者
BT3_Land Reaver_PLURAL,Land Reavers,土地掠奪者
BT3_Legionnaire_SINGULAR,Legionnaire,軍團士兵
BT3_Legionnaire_PLURAL,Legionnaires,軍團士兵
BT3_Lestat_SINGULAR,Lestat,萊力量
BT3_Lestat_PLURAL,Lestat,萊力量
BT3_Lochlich_SINGULAR,Lochlich,洛赫利希
BT3_Lochlich_PLURAL,Lochliches,洛赫利奇斯
BT3_Lorini_SINGULAR,Lorini,洛里尼
BT3_Lorini_PLURAL,Lorini,洛里尼
BT3_Low-life_SINGULAR,Low-life,低壽命
BT3_Low-life_PLURAL,Low-lifes,低壽命
BT3_Mad Eye1_SINGULAR,Mad Eye,瘋眼漢
BT3_Mad Eye1_PLURAL,Mad Eyes,瘋狂的眼睛
BT3_Mad Eye_SINGULAR,Mad Eye,瘋眼漢
BT3_Mad Eye_PLURAL,Mad Eyes,瘋狂的眼睛
BT3_Mad Howler_SINGULAR,Mad Howler,瘋狂的嚎叫者
BT3_Mad Howler_PLURAL,Mad Howlers,瘋狂的嚎叫者
BT3_Mad Mage_SINGULAR,Mad Mage,瘋狂法師
BT3_Mad Mage_PLURAL,Mad Mages,瘋狂法師
BT3_Mad Mage1_SINGULAR,Mad Mage,瘋狂法師
BT3_Mad Mage1_PLURAL,Mad Mages,瘋狂法師
BT3_Mage Waster_SINGULAR,Mage Waster,廢法師
BT3_Mage Waster_PLURAL,Mage Wasters,廢法師
BT3_Mage Waster1_SINGULAR,Mage Waster,廢法師
BT3_Mage Waster1_PLURAL,Mage Wasters,廢法師
BT3_Magic Syphon_SINGULAR,Magic Syphon,魔術虹吸管
BT3_Magic Syphon_PLURAL,Magic Syphons,魔術虹吸管
BT3_Magic Syphon2_SINGULAR,Magic Syphon,魔術虹吸管
BT3_Magic Syphon2_PLURAL,Magic Syphons,魔術虹吸管
BT3_Magic Syphon1_SINGULAR,Magic Syphon,魔術虹吸管
BT3_Magic Syphon1_PLURAL,Magic Syphons,魔術虹吸管
BT3_Magic Syphon3_SINGULAR,Magic Syphon,魔術虹吸管
BT3_Magic Syphon3_PLURAL,Magic Syphons,魔術虹吸管
BT3_Magic-eater_SINGULAR,Magic-eater,食魔者
BT3_Magic-eater_PLURAL,Magic-eaters,食魔者
BT3_Magic-eater2_SINGULAR,Magic-eater,食魔者
BT3_Magic-eater2_PLURAL,Magic-eaters,食魔者
BT3_Magic-eater1_SINGULAR,Magic-eater,食魔者
BT3_Magic-eater1_PLURAL,Magic-eaters,食魔者
BT3_Magic-eater3_SINGULAR,Magic-eater,食魔者
BT3_Magic-eater3_PLURAL,Magic-eaters,食魔者
BT3_Mako Mech_SINGULAR,Mako Mech,馬科機甲
BT3_Mako Mech_PLURAL,Mako Mechs,鯖魚機甲
BT3_Malefia Mage_SINGULAR,Malefia Mage,瑪萊菲亞法師
BT3_Malefia Mage_PLURAL,Malefia Mages,瑪萊菲亞法師
BT3_Malefic Champ_SINGULAR,Malefic Champ,凶星冠軍
BT3_Malefic Champ_PLURAL,Malefic Champs,凶星冠軍
BT3_Man Masher_SINGULAR,Man Masher,曼馬舍爾
BT3_Man Masher_PLURAL,Man Mashers,男人搗碎者
BT3_Marrow Sucker_SINGULAR,Marrow Sucker,骨髓吸盤
BT3_Marrow Sucker_PLURAL,Marrow Suckers,骨髓吸盤
BT3_Mask of Death1_SINGULAR,Mask of Death,死亡面具
BT3_Mask of Death1_PLURAL,Mask of Death,死亡面具
BT3_Mask of Death_SINGULAR,Mask of Death,死亡面具
BT3_Mask of Death_PLURAL,Mask of Death,死亡面具
BT3_Master Daemon_SINGULAR,Master Daemon,主守護程式
BT3_Master Daemon_PLURAL,Master Daemons,主守護程式
BT3_Master Summoner_SINGULAR,Master Summoner,召喚大師
BT3_Master Summoner_PLURAL,Master Summoner,召喚大師
BT3_Maze Fury_SINGULAR,Maze Fury,迷宮之怒
BT3_Maze Fury_PLURAL,Maze Furies,迷宮復仇女神
BT3_Mean Green_SINGULAR,Mean Green,平均綠色
BT3_Mean Green_PLURAL,Mean Greens,平均果嶺
BT3_Mechmasher1_SINGULAR,Mechmasher,機械粉碎者
BT3_Mechmasher1_PLURAL,Mechmashers,機械粉碎機
BT3_Mechmasher_SINGULAR,Mechmasher,機械粉碎者
BT3_Mechmasher_PLURAL,Mechmashers,機械粉碎機
BT3_Mechmasher2_SINGULAR,Mechmasher,機械粉碎者
BT3_Mechmasher2_PLURAL,Mechmashers,機械粉碎機
BT3_Mermech_SINGULAR,Mermech,梅爾梅赫
BT3_Mermech_PLURAL,Mermechs,梅爾麥克斯
BT3_Merry Man_SINGULAR,Merry Man,風流人
BT3_Merry Man_PLURAL,Merry Men,快樂的男人
BT3_Metal Eel_SINGULAR,Metal Eel,金屬鰻魚
BT3_Metal Eel_PLURAL,Metal Eels,金屬鰻魚
BT3_Metal Man_SINGULAR,Metal Man,金屬人
BT3_Metal Man_PLURAL,Metal Men,金屬男裝
BT3_Metal Maniac_SINGULAR,Metal Maniac,金屬狂人
BT3_Metal Maniac_PLURAL,Metal Maniacs,金屬狂人
BT3_Miasmal Cur_SINGULAR,Miasmal Cur,瘴氣庫
BT3_Miasmal Cur_PLURAL,Miasmal Curs,瘴氣詛咒
BT3_Mind Mage4_SINGULAR,Mind Mage,心靈法師
BT3_Mind Mage4_PLURAL,Mind Mages,心靈法師
BT3_Mind Mage3_SINGULAR,Mind Mage,心靈法師
BT3_Mind Mage3_PLURAL,Mind Mages,心靈法師
BT3_Mind Mage1_SINGULAR,Mind Mage,心靈法師
BT3_Mind Mage1_PLURAL,Mind Mages,心靈法師
BT3_Mind Mage_SINGULAR,Mind Mage,心靈法師
BT3_Mind Mage_PLURAL,Mind Mages,心靈法師
BT3_Mind Mage2_SINGULAR,Mind Mage,心靈法師
BT3_Mind Mage2_PLURAL,Mind Mages,心靈法師
BT3_Mk3 Neptune_SINGULAR,Mk3 Neptune,Mk3 海王星
BT3_Mk3 Neptune_PLURAL,Mk3 Neptunes,Mk3 海王星
BT3_Mommoth_SINGULAR,Mommoth,媽媽
BT3_Mommoth_PLURAL,Mommoths,媽媽蛾
BT3_Mongol_SINGULAR,Mongol,蒙古人
BT3_Mongol_PLURAL,Mongols,蒙古人
BT3_Mongol Prince_SINGULAR,Mongol Prince,蒙古王子
BT3_Mongol Prince_PLURAL,Mongol Princes,蒙古王子
BT3_Mongol Raider_SINGULAR,Mongol Raider,蒙古掠奪者
BT3_Mongol Raider_PLURAL,Mongol Raiders,蒙古掠奪者
BT3_Monkey Spirit_SINGULAR,Monkey Spirit,猴靈
BT3_Monkey Spirit_PLURAL,Monkey Spirits,猴子精神
BT3_Mud Dragon1_SINGULAR,Mud Dragon,土龍
BT3_Mud Dragon1_PLURAL,Mud Dragons,土龍
BT3_Mud Dragon_SINGULAR,Mud Dragon,土龍
BT3_Mud Dragon_PLURAL,Mud Dragons,土龍
BT3_Mud Dragon2_SINGULAR,Mud Dragon,土龍
BT3_Mud Dragon2_PLURAL,Mud Dragons,土龍
BT3_Murk Mage_SINGULAR,Murk Mage,黑暗法師
BT3_Murk Mage_PLURAL,Murk Mages,黑暗法師
BT3_Mutant Biker_SINGULAR,Mutant Biker,突變騎車人
BT3_Mutant Biker_PLURAL,Mutant Bikers,突變騎車人
BT3_Myrmidon_SINGULAR,Myrmidon,米爾米東
BT3_Myrmidon_PLURAL,Myrmidons,米米東斯
BT3_Nazi Soldier_SINGULAR,Soldier,士兵
BT3_Nazi Soldier_PLURAL,Soldiers,士兵
BT3_Nazi Soldier1_SINGULAR,Soldier,士兵
BT3_Nazi Soldier1_PLURAL,Soldiers,士兵
BT3_Nefast_SINGULAR,Nefast,內法力量
BT3_Nefast_PLURAL,Nefasts,內法力量斯
BT3_Nefastmaster3_SINGULAR,Nefastmaster,內法力量馬力量
BT3_Nefastmaster3_PLURAL,Nefastmasters,內法力量大師
BT3_Nefastmaster2_SINGULAR,Nefastmaster,內法力量馬力量
BT3_Nefastmaster2_PLURAL,Nefastmasters,內法力量大師
BT3_Nefastmaster1_SINGULAR,Nefastmaster,內法力量馬力量
BT3_Nefastmaster1_PLURAL,Nefastmasters,內法力量大師
BT3_Nefastmaster_SINGULAR,Nefastmaster,內法力量馬力量
BT3_Nefastmaster_PLURAL,Nefastmasters,內法力量大師
BT3_New Ager1_SINGULAR,New Ager,新紀元
BT3_New Ager1_PLURAL,New Agers,新紀元
BT3_New Ager_SINGULAR,New Ager,新紀元
BT3_New Ager_PLURAL,New Agers,新紀元
BT3_Night Creeper_SINGULAR,Night Creeper,夜行者
BT3_Night Creeper_PLURAL,Night Creepers,夜行者
BT3_Ninja_SINGULAR,Ninja,忍者
BT3_Ninja_PLURAL,Ninjas,忍者
BT3_Ninja1_SINGULAR,Ninja,忍者
BT3_Ninja1_PLURAL,Ninjas,忍者
BT3_Norman1_SINGULAR,Norman,諾曼
BT3_Norman1_PLURAL,Normans,諾曼人
BT3_Norman_SINGULAR,Norman,諾曼
BT3_Norman_PLURAL,Normans,諾曼人
BT3_Norman Knight_SINGULAR,Norman Knight,諾曼奈特
BT3_Norman Knight_PLURAL,Norman Knights,諾曼騎士
BT3_Norman Squire_SINGULAR,Norman Squire,諾曼鄉紳
BT3_Norman Squire_PLURAL,Norman Squires,諾曼鄉紳
BT3_Nosferatu_SINGULAR,Nosferatu,諾斯費拉圖
BT3_Nosferatu_PLURAL,Nosferatu,諾斯費拉圖
BT3_Noxious Eye_SINGULAR,Noxious Eye,毒眼
BT3_Noxious Eye_PLURAL,Noxious Eyes,有毒的眼睛
BT3_Oberlieutenant_SINGULAR,Oberlieutenant,中尉
BT3_Oberlieutenant_PLURAL,Oberlieutenant,中尉
BT3_Octomech_SINGULAR,Octomech,奧克托梅克
BT3_Octomech_PLURAL,Octomechs,奧克托梅克斯
BT3_Octupus_SINGULAR,Octopus,章魚
BT3_Octupus_PLURAL,Octopi,章魚
BT3_Old Yeller_SINGULAR,Old Yeller,老黃狗
BT3_Old Yeller_PLURAL,Old Yellers,老叫喊者
BT3_Orange Dragon_SINGULAR,Orange Dragon,橙龍
BT3_Orange Dragon_PLURAL,Orange Dragon,橙龍
BT3_Orange Ogre_SINGULAR,Orange Ogre,橘色食人魔
BT3_Orange Ogre_PLURAL,Orange Ogres,橘色食人魔
BT3_Orange Wizard_SINGULAR,Orange Wizard,橘色精靈
BT3_Orange Wizard_PLURAL,Orange Wizards,橘色奇才
BT3_Peasant_SINGULAR,Peasant,農民
BT3_Peasant_PLURAL,Peasants,農民
BT3_Peasant1_SINGULAR,Peasant,農民
BT3_Peasant1_PLURAL,Peasants,農民
BT3_Petrifier_SINGULAR,Petrifier,石化劑
BT3_Petrifier_PLURAL,Petrifiers,石化劑
BT3_Phantom2_SINGULAR,Phantom,幻影
BT3_Phantom2_PLURAL,Phantoms,幻影
BT3_Phantom_SINGULAR,Phantom,幻影
BT3_Phantom_PLURAL,Phantoms,幻影
BT3_Phantom1_SINGULAR,Phantom,幻影
BT3_Phantom1_PLURAL,Phantoms,幻影
BT3_Phantom Champ_SINGULAR,Phantom Champ,幻影冠軍
BT3_Phantom Champ_PLURAL,Phantom Champ,幻影冠軍
BT3_Pit Beast1_SINGULAR,Pit Beast,坑獸
BT3_Pit Beast1_PLURAL,Pit Beasts,坑獸
BT3_Pit Beast_SINGULAR,Pit Beast,坑獸
BT3_Pit Beast_PLURAL,Pit Beasts,坑獸
BT3_Pit Demon_SINGULAR,Pit Demon,深淵惡魔
BT3_Pit Demon_PLURAL,Pit Demons,深淵惡魔
BT3_Polar Bear_SINGULAR,Polar Bear,北極熊
BT3_Polar Bear_PLURAL,Polar Bears,北極熊
BT3_Polar Bear1_SINGULAR,Polar Bear,北極熊
BT3_Polar Bear1_PLURAL,Polar Bears,北極熊
BT3_Politician_SINGULAR,Politician,政治家
BT3_Politician_PLURAL,Politicians,政治家
BT3_Pooka1_SINGULAR,Pooka,普卡
BT3_Pooka1_PLURAL,Pookas,普卡什
BT3_Pooka_SINGULAR,Pooka,普卡
BT3_Pooka_PLURAL,Pookas,普卡什
BT3_Priest_SINGULAR,Priest,牧師
BT3_Priest_PLURAL,Priests,牧師
BT3_Priestess_SINGULAR,Priestess,女祭司
BT3_Priestess_PLURAL,Priestesses,女祭司
BT3_Prime Daemon_SINGULAR,Prime Daemon,主守護程式
BT3_Prime Daemon_PLURAL,Prime Daemons,主守護程式
BT3_Puma_SINGULAR,Puma,美洲獅
BT3_Puma_PLURAL,Pumas,美洲獅
BT3_Putrid Zombie_SINGULAR,Putrid Zombie,腐爛殭屍
BT3_Putrid Zombie_PLURAL,Putrid Zombies,腐爛的殭屍
BT3_Putrifier_SINGULAR,Putrifier,腐化劑
BT3_Putrifier_PLURAL,Putrifiers,腐敗者
BT3_Pyro_SINGULAR,Pyro,火焰兵
BT3_Pyro_PLURAL,Pyros,火神
BT3_Rachet Reaver_SINGULAR,Rachet Reaver,瑞奇掠奪者
BT3_Rachet Reaver_PLURAL,Rachet Reavers,瑞奇掠奪者
BT3_Rage Wraith_SINGULAR,Rage Wraith,憤怒幽靈
BT3_Rage Wraith_PLURAL,Rage Wraiths,憤怒幽靈
BT3_Rainbow Dragon_SINGULAR,Rainbow Dragon,彩虹龍
BT3_Rainbow Dragon_PLURAL,Rainbow Dragon,彩虹龍
BT3_Red Army Hero_SINGULAR,Red Army Hero,紅軍英雄
BT3_Red Army Hero_PLURAL,Red Army Hero,紅軍英雄
BT3_Red Captain_SINGULAR,Red Captain,紅隊長
BT3_Red Captain_PLURAL,Red Captains,紅隊長
BT3_Red Dragon_SINGULAR,Red Dragon,紅龍
BT3_Red Dragon_PLURAL,Red Dragons,紅龍
BT3_Red Eye_SINGULAR,Red Eye,紅眼
BT3_Red Eye_PLURAL,Red Eyes,紅眼睛
BT3_Red General_SINGULAR,Red General,紅將軍
BT3_Red General_PLURAL,Red Generals,紅將軍
BT3_Red Guard_SINGULAR,Red Guard,紅衛兵
BT3_Red Guard_PLURAL,Red Guards,紅衛兵
BT3_Red Mage_SINGULAR,Red Mage,紅法師
BT3_Red Mage_PLURAL,Red Mages,紅法師
BT3_Red Officer_SINGULAR,Red Officer,紅軍官
BT3_Red Officer_PLURAL,Red Officers,紅軍官
BT3_Redbeard_SINGULAR,Redbeard,紅鬍子
BT3_Redbeard_PLURAL,Redbeard,紅鬍子
BT3_Renegade_SINGULAR,Renegade,叛徒
BT3_Renegade_PLURAL,Renegades,叛徒
BT3_Rime Lord2_SINGULAR,Rime Lord,霧凇領主
BT3_Rime Lord2_PLURAL,Rime Lords,霧凇領主
BT3_Rime Lord1_SINGULAR,Rime Lord,霧凇領主
BT3_Rime Lord1_PLURAL,Rime Lords,霧凇領主
BT3_Rime Lord_SINGULAR,Rime Lord,霧凇領主
BT3_Rime Lord_PLURAL,Rime Lords,霧凇領主
BT3_Rock Demon_SINGULAR,Rock Demon,搖滾惡魔
BT3_Rock Demon_PLURAL,Rock Demons,搖滾惡魔
BT3_Rock Man_SINGULAR,Rock Man,搖滾人
BT3_Rock Man_PLURAL,Rock Men,搖滾人
BT3_Roman Guard_SINGULAR,Roman Guard,羅馬衛兵
BT3_Roman Guard_PLURAL,Roman Guards,羅馬衛兵
BT3_Roman Guard1_SINGULAR,Roman Guard,羅馬衛兵
BT3_Roman Guard1_PLURAL,Roman Guards,羅馬衛兵
BT3_Roman Guard2_SINGULAR,Roman Guard,羅馬衛兵
BT3_Roman Guard2_PLURAL,Roman Guards,羅馬衛兵
BT3_Romero_SINGULAR,Romero,羅梅羅
BT3_Romero_PLURAL,Romeros,羅梅羅斯
BT3_Ronin1_SINGULAR,Ronin,浪人
BT3_Ronin1_PLURAL,Ronins,浪人
BT3_Ronin_SINGULAR,Ronin,浪人
BT3_Ronin_PLURAL,Ronins,浪人
BT3_Rubble Glider_SINGULAR,Rubble Glider,碎石滑翔機
BT3_Rubble Glider_PLURAL,Rubble Gliders,碎石滑翔機
BT3_Ruski Soldier_SINGULAR,Russian Soldier,俄羅斯士兵
BT3_Ruski Soldier_PLURAL,Russian Soldiers,俄羅斯士兵
BT3_Sable Lich2_SINGULAR,Sable Lich,黑貂巫妖
BT3_Sable Lich2_PLURAL,Sable Liches,黑貂巫妖
BT3_Sable Lich_SINGULAR,Sable Lich,黑貂巫妖
BT3_Sable Lich_PLURAL,Sable Liches,黑貂巫妖
BT3_Sable Lich1_SINGULAR,Sable Lich,黑貂巫妖
BT3_Sable Lich1_PLURAL,Sable Liches,黑貂巫妖
BT3_Sable Lich3_SINGULAR,Sable Lich,黑貂巫妖
BT3_Sable Lich3_PLURAL,Sable Liches,黑貂巫妖
BT3_Sable Lich4_SINGULAR,Sable Lich,黑貂巫妖
BT3_Sable Lich4_PLURAL,Sable Liches,黑貂巫妖
BT3_Sable Ranger_SINGULAR,Sable Ranger,紫貂遊俠
BT3_Sable Ranger_PLURAL,Sable Rangers,黑貂遊騎兵
BT3_Sable Wraith_SINGULAR,Sable Wraith,黑貂幽靈
BT3_Sable Wraith_PLURAL,Sable Wraiths,黑貂幽靈
BT3_Salii_SINGULAR,Salii,薩利
BT3_Salii_PLURAL,Salii,薩利
BT3_Samurai_SINGULAR,Samurai,武士
BT3_Samurai_PLURAL,Samurai,武士
BT3_Samurai Lord_SINGULAR,Samurai Lord,武士領主
BT3_Samurai Lord_PLURAL,Samurai Lords,武士領主
BT3_Saxon Peasant_SINGULAR,Saxon Peasant,撒克遜農民
BT3_Saxon Peasant_PLURAL,Saxon Peasants,撒克遜農民
BT3_Saxon Witch_SINGULAR,Saxon Witch,撒克遜女巫
BT3_Saxon Witch_PLURAL,Saxon Witches,撒克遜女巫
BT3_Scavenger_SINGULAR,Scavenger,清道夫
BT3_Scavenger_PLURAL,Scavengers,拾荒者
BT3_Sceadu_SINGULAR,Sceadu,斯卡杜
BT3_Sceadu_PLURAL,Sceadu,斯卡杜
BT3_Serpent_SINGULAR,Serpent,蛇
BT3_Serpent_PLURAL,Serpents,蛇類
BT3_Shade Cougar3_SINGULAR,Shade Cougar,陰影美洲獅
BT3_Shade Cougar3_PLURAL,Shade Cougars,陰涼美洲獅
BT3_Shade Cougar2_SINGULAR,Shade Cougar,陰影美洲獅
BT3_Shade Cougar2_PLURAL,Shade Cougars,陰涼美洲獅
BT3_Shade Cougar1_SINGULAR,Shade Cougar,陰影美洲獅
BT3_Shade Cougar1_PLURAL,Shade Cougars,陰涼美洲獅
BT3_Shade Cougar_SINGULAR,Shade Cougar,陰影美洲獅
BT3_Shade Cougar_PLURAL,Shade Cougars,陰涼美洲獅
BT3_Shade Dog_SINGULAR,Shade Dog,蔭狗
BT3_Shade Dog_PLURAL,Shade Dogs,蔭蔽狗
BT3_Shade Dog3_SINGULAR,Shade Dog,蔭狗
BT3_Shade Dog3_PLURAL,Shade Dogs,蔭蔽狗
BT3_Shade Dog2_SINGULAR,Shade Dog,蔭狗
BT3_Shade Dog2_PLURAL,Shade Dogs,蔭蔽狗
BT3_Shade Dog1_SINGULAR,Shade Dog,蔭狗
BT3_Shade Dog1_PLURAL,Shade Dogs,蔭蔽狗
BT3_Shade Dragon_SINGULAR,Shade Dragon,影龍
BT3_Shade Dragon_PLURAL,Shade Dragons,影龍
BT3_Shade Ghoul_SINGULAR,Shade Ghoul,暗影食屍鬼
BT3_Shade Ghoul_PLURAL,Shade Ghouls,暗影食屍鬼
BT3_Shade Giant_SINGULAR,Shade Giant,陰影巨人
BT3_Shade Giant_PLURAL,Shade Giants,陰影巨人
BT3_Shade Leopard_SINGULAR,Shade Leopard,影豹
BT3_Shade Leopard_PLURAL,Shade Leopards,影豹
BT3_Shade Leopard1_SINGULAR,Shade Leopard,影豹
BT3_Shade Leopard1_PLURAL,Shade Leopards,影豹
BT3_Shade Pirahna_SINGULAR,Shade Piranha,蔭食人魚
BT3_Shade Pirahna_PLURAL,Shade Piranhas,蔭食人魚
BT3_Shade Warrior4_SINGULAR,Shade Warrior,暗影戰士
BT3_Shade Warrior4_PLURAL,Shade Warriors,陰影戰士
BT3_Shade Warrior3_SINGULAR,Shade Warrior,暗影戰士
BT3_Shade Warrior3_PLURAL,Shade Warriors,陰影戰士
BT3_Shade Warrior1_SINGULAR,Shade Warrior,暗影戰士
BT3_Shade Warrior1_PLURAL,Shade Warriors,陰影戰士
BT3_Shade Warrior2_SINGULAR,Shade Warrior,暗影戰士
BT3_Shade Warrior2_PLURAL,Shade Warriors,陰影戰士
BT3_Shade Warrior_SINGULAR,Shade Warrior,暗影戰士
BT3_Shade Warrior_PLURAL,Shade Warriors,陰影戰士
BT3_Shade Witch_SINGULAR,Shade Witch,陰影女巫
BT3_Shade Witch_PLURAL,Shade Witches,陰影女巫
BT3_Shade Wolf_SINGULAR,Shade Wolf,影狼
BT3_Shade Wolf_PLURAL,Shade Wolves,影狼
BT3_Shadow Dragon_SINGULAR,Shadow Dragon,影龍
BT3_Shadow Dragon_PLURAL,Shadow Dragons,暗影龍
BT3_Shadow Mage_SINGULAR,Shadow Mage,暗影法師
BT3_Shadow Mage_PLURAL,Shadow Mages,暗影法師
BT3_Shadowdrifter_SINGULAR,Shadowdrifter,暗影漂流者
BT3_Shadowdrifter_PLURAL,Shadowdrifters,暗影漂流者
BT3_Shaolin1_SINGULAR,Shaolin,少林寺
BT3_Shaolin1_PLURAL,Shaolins,少林寺
BT3_Shaolin_SINGULAR,Shaolin,少林寺
BT3_Shaolin_PLURAL,Shaolin,少林寺
BT3_Shinto Priest_SINGULAR,Shinto Priest,神道牧師
BT3_Shinto Priest_PLURAL,Shinto Priests,神道祭司
BT3_Shock Mage_SINGULAR,Shock Mage,衝擊法師
BT3_Shock Mage_PLURAL,Shock Mages,衝擊法師
BT3_Silver Droid_SINGULAR,Silver Droid,銀色機器人
BT3_Silver Droid_PLURAL,Silver Droids,銀色機器人
BT3_Silver Sam_SINGULAR,Silver Sam,銀色山姆
BT3_Silver Sam_PLURAL,Silver Sam,銀色山姆
BT3_Silver Shark_SINGULAR,Silver Shark,銀鯊
BT3_Silver Shark_PLURAL,Silver Sharks,銀鯊
BT3_Silver Siren_SINGULAR,Silver Siren,銀海妖
BT3_Silver Siren_PLURAL,Silver Sirens,銀色警報器
BT3_Skeptic4_SINGULAR,Skeptic,懷疑論者
BT3_Skeptic4_PLURAL,Skeptics,懷疑論者
BT3_Skeptic1_SINGULAR,Skeptic,懷疑論者
BT3_Skeptic1_PLURAL,Skeptics,懷疑論者
BT3_Skeptic3_SINGULAR,Skeptic,懷疑論者
BT3_Skeptic3_PLURAL,Skeptics,懷疑論者
BT3_Skeptic2_SINGULAR,Skeptic,懷疑論者
BT3_Skeptic2_PLURAL,Skeptics,懷疑論者
BT3_Skeptic_SINGULAR,Skeptic,懷疑論者
BT3_Skeptic_PLURAL,Skeptics,懷疑論者
BT3_Slathbeast_SINGULAR,Slathbeast,斯拉斯獸
BT3_Slathbeast_PLURAL,Slathbeasts,斯拉斯獸
BT3_Slatus_SINGULAR,Slatus,斯拉圖斯
BT3_Slatus_PLURAL,Slatuses,斯拉圖斯
BT3_Slave_SINGULAR,Slave,奴隸
BT3_Slave_PLURAL,Slaves,奴隸
BT3_Slave2_SINGULAR,Slave,奴隸
BT3_Slave2_PLURAL,Slaves,奴隸
BT3_Slave1_SINGULAR,Slave,奴隸
BT3_Slave1_PLURAL,Slaves,奴隸
BT3_Sleet Mage3_SINGULAR,Sleet Mage,雨雪法師
BT3_Sleet Mage3_PLURAL,Sleet Mages,冰雹法師
BT3_Sleet Mage_SINGULAR,Sleet Mage,雨雪法師
BT3_Sleet Mage_PLURAL,Sleet Mages,冰雹法師
BT3_Sleet Mage2_SINGULAR,Sleet Mage,雨雪法師
BT3_Sleet Mage2_PLURAL,Sleet Mages,冰雹法師
BT3_Sleet Mage1_SINGULAR,Sleet Mage,雨雪法師
BT3_Sleet Mage1_PLURAL,Sleet Mages,冰雹法師
BT3_Sleet Mage4_SINGULAR,Sleet Mage,雨雪法師
BT3_Sleet Mage4_PLURAL,Sleet Mages,冰雹法師
BT3_Sorceress_SINGULAR,Sorceress,女巫
BT3_Sorceress_PLURAL,Sorceresses,女術士
BT3_Soulcrusher_SINGULAR,Soulcrusher,碎魂者
BT3_Soulcrusher_PLURAL,Soulcrushers,碎魂者
BT3_Spartan_SINGULAR,Spartan,斯巴達人
BT3_Spartan_PLURAL,Spartans,斯巴達人
BT3_Spartan Elite_SINGULAR,Spartan Elite,斯巴達精英
BT3_Spartan Elite_PLURAL,Spartan Elites,斯巴達精英
BT3_Spartan Hero_SINGULAR,Spartan Hero,斯巴達英雄
BT3_Spartan Hero_PLURAL,Spartan Heroes,斯巴達英雄
BT3_Speed Demon_SINGULAR,Speed Demon,速度惡魔
BT3_Speed Demon_PLURAL,Speed Demons,速度惡魔
BT3_Spirit Mage_SINGULAR,Spirit Mage,靈法師
BT3_Spirit Mage_PLURAL,Spirit Mages,靈魂法師
BT3_Spirit Serpent_SINGULAR,Spirit Serpent,靈蛇
BT3_Spirit Serpent_PLURAL,Spirit Serpent,靈蛇
BT3_SS Colonel_SINGULAR,Colonel,上校
BT3_SS Colonel_PLURAL,Colonels,上校
BT3_SS General_SINGULAR,General,一般
BT3_SS General_PLURAL,Generals,將軍
BT3_SS Major1_SINGULAR,Major,專業
BT3_SS Major1_PLURAL,Majors,專業
BT3_SS Major_SINGULAR,Major,專業
BT3_SS Major_PLURAL,Majors,專業
BT3_SS Officer_SINGULAR,Officer,軍官
BT3_SS Officer_PLURAL,Officers,官員
BT3_Steel Cyborg_SINGULAR,Steel Cyborg,鋼鐵機器人
BT3_Steel Cyborg_PLURAL,Steel Cyborgs,鋼鐵機器人
BT3_Steel Goblin_SINGULAR,Steel Goblin,鋼鐵妖精
BT3_Steel Goblin_PLURAL,Steel Goblins,鋼鐵哥布林
BT3_Steel Gyro_SINGULAR,Steel Gyro,鋼陀螺
BT3_Steel Gyro_PLURAL,Steel Gyros,鋼陀螺儀
BT3_Steel Serpent_SINGULAR,Steel Serpent,鋼蛇
BT3_Steel Serpent_PLURAL,Steel Serpents,鋼蛇
BT3_Stone Ogre_SINGULAR,Stone Ogre,石食人魔
BT3_Stone Ogre_PLURAL,Stone Ogres,石食人魔
BT3_Stone Ogre1_SINGULAR,Stone Ogre,石食人魔
BT3_Stone Ogre1_PLURAL,Stone Ogres,石食人魔
BT3_Storm Demon_SINGULAR,Storm Demon,風暴惡魔
BT3_Storm Demon_PLURAL,Storm Demons,風暴惡魔
BT3_Storm Trooper_SINGULAR,Storm Trooper,衝鋒隊
BT3_Storm Trooper_PLURAL,Storm Troopers,衝鋒隊
BT3_Stout Runner_SINGULAR,Stout Runner,粗壯的跑者
BT3_Stout Runner_PLURAL,Stout Runners,粗壯的跑者
BT3_Stout Runner1_SINGULAR,Stout Runner,粗壯的跑者
BT3_Stout Runner1_PLURAL,Stout Runners,粗壯的跑者
BT3_Strikefast_SINGULAR,Strikefast,快速打擊
BT3_Strikefast_PLURAL,Strikefasts,快攻
BT3_Swamp Golem_SINGULAR,Swamp Golem,沼澤傀儡
BT3_Swamp Golem_PLURAL,Swamp Golems,沼澤傀儡
BT3_Taoist Monk_SINGULAR,Taoist Monk,道士
BT3_Taoist Monk_PLURAL,Taoist Monks,道士
BT3_Tarjan_SINGULAR,Tarjan,塔爾詹
BT3_Tarjan_PLURAL,Tarjan,塔爾詹
BT3_Tarjan Warrior_SINGULAR,Tarjan Warrior,塔里安戰士
BT3_Tarjan Warrior_PLURAL,Tarjan Warrior,塔里安戰士
BT3_Tarjan Warrior1_SINGULAR,Tarjan Warrior,塔里安戰士
BT3_Tarjan Warrior1_PLURAL,Tarjan Warrior,塔里安戰士
BT3_Tarjan's Bull_SINGULAR,Tarjan's Bull,塔里安的公牛
BT3_Tarjan's Bull_PLURAL,Tarjan's Bulls,塔里安公牛隊
BT3_Tarjan's Bull1_SINGULAR,Tarjan's Bull,塔里安的公牛
BT3_Tarjan's Bull1_PLURAL,Tarjan's Bulls,塔里安公牛隊
BT3_Tengu_SINGULAR,Tengu,天狗
BT3_Tengu_PLURAL,Tengus,天狗
BT3_Tin Man_SINGULAR,Tin Man,鐵皮人
BT3_Tin Man_PLURAL,Tin Men,鐵皮人
BT3_Titan_SINGULAR,Titan,泰坦
BT3_Titan_PLURAL,Titans,泰坦
BT3_Toaster_SINGULAR,Toaster,烤麵包機
BT3_Toaster_PLURAL,Toasters,烤麵包機
BT3_Tree Frog_SINGULAR,Tree Frog,樹蛙
BT3_Tree Frog_PLURAL,Tree Frogs,樹蛙
BT3_Trojan1_SINGULAR,Trojan,木馬
BT3_Trojan1_PLURAL,Trojans,木馬
BT3_Trojan_SINGULAR,Trojan,木馬
BT3_Trojan_PLURAL,Trojans,木馬
BT3_Trojan Elite_SINGULAR,Trojan Elite,特洛伊精英
BT3_Trojan Elite_PLURAL,Trojan Elites,特洛伊精英
BT3_Trojan Hero_SINGULAR,Trojan Hero,特洛伊英雄
BT3_Trojan Hero_PLURAL,Trojan Heroes,特洛伊英雄
BT3_Trojan Immortal_SINGULAR,Trojan Immortal,特洛伊不朽
BT3_Trojan Immortal_PLURAL,Trojan Immortal,特洛伊不朽
BT3_Trojan Priest_SINGULAR,Trojan Priest,特洛伊牧師
BT3_Trojan Priest_PLURAL,Trojan Priests,特洛伊祭司
BT3_Tslotha Garnath_SINGULAR,Tslotha Garnath,特斯洛薩·加納斯
BT3_Tslotha Garnath_PLURAL,Tslotha Garnath,特斯洛薩·加納斯
BT3_Unbeliever_SINGULAR,Unbeliever,不信者
BT3_Unbeliever_PLURAL,Unbelievers,不信者
BT3_Unbeliever1_SINGULAR,Unbeliever,不信者
BT3_Unbeliever1_PLURAL,Unbelievers,不信者
BT3_Undead Avian_SINGULAR,Undead Avian,不死鳥
BT3_Undead Avian_PLURAL,Undead Avians,亡靈鳥類
BT3_Unholy Mage_SINGULAR,Unholy Mage,邪惡法師
BT3_Unholy Mage_PLURAL,Unholy Mages,邪惡法師
BT3_Unholy Terror_SINGULAR,Unholy Terror,邪惡恐怖
BT3_Unholy Terror_PLURAL,Unholy Terrors,邪惡恐怖
BT3_Urmech_SINGULAR,Urmech,烏爾梅奇
BT3_Urmech_PLURAL,Urmech,烏爾梅奇
BT3_Vampire Lord1_SINGULAR,Vampire Lord,吸血鬼領主
BT3_Vampire Lord1_PLURAL,Vampire Lords,吸血鬼領主
BT3_Vampire Lord_SINGULAR,Vampire Lord,吸血鬼領主
BT3_Vampire Lord_PLURAL,Vampire Lords,吸血鬼領主
BT3_Vampire Snake_SINGULAR,Vampire Snake,吸血蛇
BT3_Vampire Snake_PLURAL,Vampire Snakes,吸血蛇
BT3_Vandal Raider_SINGULAR,Vandal Raider,破壞者襲擊者
BT3_Vandal Raider_PLURAL,Vandal Raiders,破壞者襲擊者
BT3_Vanth_SINGULAR,Vanth,范斯
BT3_Vanth_PLURAL,Vanth,范斯
BT3_Vapor Mage_SINGULAR,Vapor Mage,蒸氣法師
BT3_Vapor Mage_PLURAL,Vapor Mages,蒸氣法師
BT3_Venomclaw_SINGULAR,Venomclaw,毒爪
BT3_Venomclaw_PLURAL,Venomclaws,毒爪
BT3_Vestal Virgin_SINGULAR,Vestal Virgin,維斯塔貞女
BT3_Vestal Virgin_PLURAL,Vestal Virgins,維斯塔貞女
BT3_Vile Creeper_SINGULAR,Vile Creeper,邪惡爬行者
BT3_Vile Creeper_PLURAL,Vile Creepers,邪惡爬行者
BT3_Violet Dragon_SINGULAR,Violet Dragon,紫龍
BT3_Violet Dragon_PLURAL,Violet Dragons,紫龍
BT3_Violet Guard_SINGULAR,Violet Guard,紫羅蘭守衛
BT3_Violet Guard_PLURAL,Violet Guards,紫羅蘭守衛
BT3_Viper_SINGULAR,Viper,毒蛇
BT3_Viper_PLURAL,Vipers,毒蛇
BT3_Visigoth_SINGULAR,Visigoth,西歌德人
BT3_Visigoth_PLURAL,Visigoths,西歌德人
BT3_Vlad_SINGULAR,Vlad,弗拉德
BT3_Vlad_PLURAL,Vlad,弗拉德
BT3_Vortex1_SINGULAR,Vortex,渦流
BT3_Vortex1_PLURAL,Vortexes,漩渦
BT3_Vortex_SINGULAR,Vortex,渦流
BT3_Vortex_PLURAL,Vortexes,漩渦
BT3_Vortex2_SINGULAR,Vortex,渦流
BT3_Vortex2_PLURAL,Vortexes,漩渦
BT3_Warbot_SINGULAR,Warbot,戰爭機器人
BT3_Warbot_PLURAL,Warbots,戰爭機器人
BT3_Warlord_SINGULAR,Warlord,軍閥
BT3_Warlord_PLURAL,Warlords,軍閥
BT3_Water Demon_SINGULAR,Water Demon,水魔
BT3_Water Demon_PLURAL,Water Demons,水魔
BT3_Water Spirit_SINGULAR,Water Spirit,水靈
BT3_Water Spirit_PLURAL,Water Spirits,水靈
BT3_Were Cougar_SINGULAR,Were Cougar,是美洲獅
BT3_Were Cougar_PLURAL,Were Cougars,是美洲獅嗎
BT3_Were-eel_SINGULAR,Were-eel,鰻魚
BT3_Were-eel_PLURAL,Were-eels,鰻魚
BT3_Werra_SINGULAR,Werra,維拉
BT3_Werra_PLURAL,Werra,維拉
BT3_White Wizard_SINGULAR,White Wizard,白巫師
BT3_White Wizard_PLURAL,White Wizards,白巫師
BT3_Wicked Lurker_SINGULAR,Wicked Lurker,邪惡潛伏者
BT3_Wicked Lurker_PLURAL,Wicked Lurkers,邪惡潛伏者
BT3_Wildcat_SINGULAR,Wildcat,野貓
BT3_Wildcat_PLURAL,Wildcats,野貓隊
BT3_Wind Daemon_SINGULAR,Wind Daemon,風之惡魔
BT3_Wind Daemon_PLURAL,Wind Daemons,風之惡魔
BT3_Wind Diver_SINGULAR,Wind Diver,風潛水員
BT3_Wind Diver_PLURAL,Wind Divers,風潛水員
BT3_Wind Warrior_SINGULAR,Wind Warrior,風武士
BT3_Wind Warrior_PLURAL,Wind Warriors,風戰士
BT3_Wing Demon_SINGULAR,Wing Demon,翼魔
BT3_Wing Demon_PLURAL,Wing Demons,翼魔
BT3_Wing Envenom_SINGULAR,Wing Envenom,翼毒
BT3_Wing Envenom_PLURAL,Wing Envenoms,翅膀毒液
BT3_Wing Slasher_SINGULAR,Wing Slasher,斬翼者
BT3_Wing Slasher_PLURAL,Wing Slashers,斬翼者
BT3_Witch_SINGULAR,Witch,女巫
BT3_Witch_PLURAL,Witches,女巫
BT3_Witch1_SINGULAR,Witch,女巫
BT3_Witch1_PLURAL,Witches,女巫
BT3_Wither Snake_SINGULAR,Wither Snake,凋靈蛇
BT3_Wither Snake_PLURAL,Wither Snakes,凋靈蛇
BT3_Yellow Dragon_SINGULAR,Yellow Dragon,黃龍
BT3_Yellow Dragon_PLURAL,Yellow Dragon,黃龍
BT3_Yeoman_SINGULAR,Yeoman,自耕農
BT3_Yeoman_PLURAL,Yeomen,自耕農
BT3_Yeti4_SINGULAR,Yeti,雪人
BT3_Yeti4_PLURAL,Yetis,雪人
BT3_Yeti5_SINGULAR,Yeti,雪人
BT3_Yeti5_PLURAL,Yetis,雪人
BT3_Yeti_SINGULAR,Yeti,雪人
BT3_Yeti_PLURAL,Yetis,雪人
BT3_Yeti1_SINGULAR,Yeti,雪人
BT3_Yeti1_PLURAL,Yetis,雪人
BT3_Yeti3_SINGULAR,Yeti,雪人
BT3_Yeti3_PLURAL,Yetis,雪人
BT3_Yeti2_SINGULAR,Yeti,雪人
BT3_Yeti2_PLURAL,Yetis,雪人
BT3_York_SINGULAR,York,約克
BT3_York_PLURAL,York,約克
BT3_Zephymage_SINGULAR,Zephymage,風法師
BT3_Zephymage_PLURAL,Zephymages,風法師
BT3_Zephyrlord_SINGULAR,Zephyrlord,和風領主
BT3_Zephyrlord_PLURAL,Zephyrlords,和風領主
BT3_Zombie Lord_SINGULAR,Zombie Lord,殭屍領主
BT3_Zombie Lord_PLURAL,Zombie Lords,殭屍領主
BT3_Zombie Mage_SINGULAR,Zombie Mage,殭屍法師
BT3_Zombie Mage_PLURAL,Zombie Mages,殭屍法師
Summoned_Joe the Sword_SINGULAR,Joe The Sword,喬劍
Summoned_Joe the Sword_PLURAL,Joe The Sword,喬劍
Summoned_Earth Elemental_SINGULAR,Earth Elemental,土元素
Summoned_Earth Elemental_PLURAL,Earth Elementals,土元素
Summoned_Ogre_SINGULAR,Ogre,食人魔
Summoned_Ogre_PLURAL,Ogres,食人魔
Summoned_Slayer_SINGULAR,Slayer,殺手
Summoned_Slayer_PLURAL,Slayer,殺手
Summoned_Wolf_SINGULAR,Wolf,狼
Summoned_Wolf_PLURAL,Wolves,狼隊
Summoned_Bulldozer_SINGULAR,Bulldozer,推土機
Summoned_Bulldozer_PLURAL,Bulldozers,推土機
Summoned_Blast Dragon_SINGULAR,Blast Dragon,疾風龍
Summoned_Blast Dragon_PLURAL,Blast Dragons,疾風龍
Summoned_Storm Giant_SINGULAR,Storm Giant,風暴巨人
Summoned_Storm Giant_PLURAL,Storm Giants,風暴巨人
Summoned_Golem_SINGULAR,Golem,魔像
Summoned_Golem_PLURAL,Golems,傀儡
Summoned_Herb_SINGULAR,Herb,香草
Summoned_Herb_PLURAL,Herbs,香草
Summoned_Lich_SINGULAR,Lich,巫妖
Summoned_Lich_PLURAL,Liches,巫妖
Summoned_Master Wizard_SINGULAR,Master Wizard,法師大師
Summoned_Master Wizard_PLURAL,Master Wizards,巫師大師
Summoned_Master Mage_SINGULAR,Master Mage,法師大師
Summoned_Master Mage_PLURAL,Master Mages,法師大師
Summoned_Molten Man_SINGULAR,Molten Man,熔火人
Summoned_Molten Man_PLURAL,Molten Men,熔火人
Summoned_Mongo_SINGULAR,Mongo,蒙戈
Summoned_Mongo_PLURAL,Mongos,蒙戈斯
Summoned_Old man_SINGULAR,Old Man,老人
Summoned_Old man_PLURAL,Old Men,老男人
Summoned_Samurai_SINGULAR,Samurai,武士
Summoned_Samurai_PLURAL,Samurai,武士
Summoned_Thor_SINGULAR,Thor,托爾
Summoned_Thor_PLURAL,Thor,托爾
Summoned_Titan_SINGULAR,Titan,泰坦
Summoned_Titan_PLURAL,Titans,泰坦
Summoned_Vanquisher_SINGULAR,Vanquisher,征服者
Summoned_Vanquisher_PLURAL,Vanquishers,征服者
Summoned_Familiar_SINGULAR,Familiar,熟悉的
Summoned_Familiar_PLURAL,Familiars,熟人
Summoned_Black Death_SINGULAR,Black Death,蒙特內哥羅病
Summoned_Black Death_PLURAL,Black Deaths,蒙特內哥羅病
Summoned_One-eyed Angra_SINGULAR,One-eyed Angra,獨眼安格拉
Summoned_One-eyed Angra_PLURAL,One-eyed Angras,獨眼安格拉斯
Summoned_Black Slayer_SINGULAR,Black Slayer,黑色殺手
Summoned_Black Slayer_PLURAL,Black Slayers,黑色殺手
Summoned_Wraith_SINGULAR,Wraith,幽靈
Summoned_Wraith_PLURAL,Wraiths,幽靈
Summoned_Greater Demon_SINGULAR,Greater Demon,高等惡魔
Summoned_Greater Demon_PLURAL,Greater Demons,高等惡魔
Summoned_Demon Lord_SINGULAR,Demon Lord,魔王
Summoned_Demon Lord_PLURAL,Demon Lords,惡魔領主
Summoned_Lesser Demon_SINGULAR,Lesser Demon,小惡魔
Summoned_Lesser Demon_PLURAL,Lesser Demons,小惡魔
Summoned_Demon_SINGULAR,Demon,惡魔
Summoned_Demon_PLURAL,Demons,惡魔
Summoned_Spectre_SINGULAR,Spectre,幽靈
Summoned_Spectre_PLURAL,Spectres,幽靈
Summoned_Zombie_SINGULAR,Zombie,殭屍
Summoned_Zombie_PLURAL,Zombies,殭屍
Summoned_Skeleton_SINGULAR,Skeleton,骷髏
Summoned_Skeleton_PLURAL,Skeletons,骷髏
Summoned_Fire Elemental_SINGULAR,Fire Elemental,火元素
Summoned_Fire Elemental_PLURAL,Fire Elementals,火元素
Summoned_Target dummy_SINGULAR,Target Dummy,目標假人
Summoned_Target dummy_PLURAL,Target Dummy,目標假人
Summoned_Kringle Brother_SINGULAR,Kringle Brother,克林格爾兄弟
Summoned_Kringle Brother_PLURAL,Kringle Brothers,克林格爾兄弟
Summoned_Red Dragon_SINGULAR,Red Dragon,紅龍
Summoned_Red Dragon_PLURAL,Red Dragons,紅龍
Summoned_Hero_SINGULAR,Hero,英雄
Summoned_Hero_PLURAL,Heroes,英雄
Summoned_Mercenary_SINGULAR,Ninja,忍者
Summoned_Mercenary_PLURAL,Ninjas,忍者
Summoned_Wizard Wall_SINGULAR,Wizard Wall,巫師牆
Summoned_Wizard Wall_PLURAL,Wizard Wall,巫師牆
BT3_Scarlet_Bard_SINGULAR,Scarlet Bard,猩紅吟遊詩人
BT3_Scarlet_Bard_PLURAL,Scarlet Bard,猩紅吟遊詩人
BESTIARY_PLACEHOLDER,Enter filter...,輸入過濾器...
BESTIARY_ENCOUNTERSTITLE,Encounters:,遭遇：
BESTIARY_KILLSTITLE,Kills:,殺戮：
BESTIARY_XPTITLE,XP:,經驗值：
BESTIARY_GROUPSIZETITLE,Group Size:,團體人數：
BESTIARY_ACTITLE,AC:,交流電：
BESTIARY_HPTITLE,Max HP:,最大生命值：
BESTIARY_SAVETITLE,Spell Save:,法術保存：
BESTIARY_HITACTITLE,Can Hit AC:,可以打AC：
BESTIARY_WEAKNESSTITLE,Weakness:,弱點：
BESTIARY_IMMUNITYTITLE,Immunity:,免疫力：
BESTIARY_LOCATIONSTITLE,Locations:,地點：
BESTIARY_NOMONSTERS,- No Monsters Encountered -,- 沒有遇到怪物 -
BESTIARY_TITLE,Bestiary,動物寓言
ATTACKTYPE_UNKNOWN_HINT,This attack will unlock when a creature uses it against your party.,當一個生物使用它來對抗你的隊伍時，這種攻擊就會解鎖。
ATTACKTYPE_MELEE_HINT,"Melee attacks deal damage to a single character in the first 4 rows of your party, if their AC is not low enough to resist the attack.",近戰攻擊會對你隊伍前 4 排中的單一角色造成傷害，前提是他們的 AC 不足以抵抗攻擊。
ATTACKTYPE_RANGED_HINT,Ranged attacks can attack any party member from any distance.,遠程攻擊可以從任何距離攻擊任何隊伍成員。
ATTACKTYPE_BREATH_HINT,Breath attacks do damage to all your party members that fail to magically resist.,吐息攻擊會對所有未能進行魔法抵抗的隊員造成傷害。
ATTACKTYPE_SPELL_HINT,The creature can cast this spell.,該生物可以施展此法術。
ATTACKTYPE_UNKNOWNSPELL_HINT,"The creature can cast this spell, but you have no sufficiently skilled mages that can identify the spell.",該生物可以施展此法術，但你沒有足夠熟練的法師來識別該法術。
ATTACKTYPE_SUMMONHELP_HINT,The creature will attempt to summon more like creatures to join its group.,該生物會嘗試召喚更多相似的生物加入其群體。
ATTACKTYPE_SUMMONHELP_DEFEND,"The creature will defend for a round of combat, making them slightly harder to hit.",該生物將防禦一輪戰鬥，使它們更難被擊中。
MONSTERATTACK_UNKNOWN,Attack {0}:,攻擊{0}：
BESTIARY_XP_HINT,Total XP to split among all characters when this creature is killed.,當生物被殺死時，總 XP 會被分配給所有角色。
BESTIARY_GROUPSIZE_HINT,Maximum group size this creature will generally be encountered in.,通常會遇到該生物的最大群體規模。
BESTIARY_AC_HINT,Armor Class for this creature determines how hard it is to hit in melee. Lower values are harder to hit.,該生物的護甲等級決定了它在近戰中的攻擊難度。較低的值更難達到。
BESTIARY_HP_HINT,Maximum hit points this creature can have.,該生物可以擁有的最大生命值。
BESTIARY_SPELLSAVE_HINT,Maximum spell saving roll this creature can make.,該生物可以進行的最大法術豁免檢定。
BESTIARY_TOHIT_HINT,The lowest Armor Class this creature can successfully hit in melee.,該生物在近戰中可以成功擊中的最低護甲等級。
BESTIARY_WEAKNESS_HINT,The creature takes double damage from these types of spells.,該生物會受到這些類型法術的雙倍傷害。
BESTIARY_IMMUNITY_HINT,The creature takes half damage from these types of spells.,該生物受到這些類型法術的一半傷害。
BESTIARY_LOCATION_HINT,Where has this creature been encountered.,在哪裡遇過這種生物。
CASINO_WELCOME,Welcome wealthy ones! Your gold (no credit given) is always good here.,歡迎有錢人！你的黃金（不給予信用）在這裡總是好的。
CASINO_PLAY_BLACKJACK,Play BlackJack,玩二十一點
CASINO_WHO_WILL_SIT,Who will sit at the table...,誰來坐桌...
CASINO_SORRY_NO_CASH,"I am sorry, none of your characters are cashed up! Come back when you have some coin to play with.",抱歉，您的角色都沒有兌現！當你有一些硬幣可以玩時再回來。
BLACKJACK,BLACKJACK,二十一點
BUST,BUST,胸圍
Player Wins,Player Wins,玩家獲勝
Player Loses,Player Loses,玩家失敗
Push,Push,推
BLACKJACK_DEAL,Deal,交易
BLACKJACK_HIT,Hit,命中
BLACKJACK_DOUBLE,Double Down,雙倍下注
BLACKJACK_LEAVE,Leave Table,離開餐桌
BLACKJACK_STAND,Stand,展位
Gold,Gold,黃金
Bet,Bet,下注
BUTTON_PauseMenu,<color=#ffff22>F10</color> - Pause Menu,<color=#ffff22>F10</color>- 暫停選單
BUTTON_MoreActions,More Actions,更多行動
BUTTON_WhereAmI,<color=#ffff22>?</color> - Where Am I,<color=#ffff22>？</color>-我在哪裡
BUTTON_CastSpell,<color=#ffff22>C</color> - Cast a Spell,<color=#ffff22>C</color>- 施展咒語
BUTTON_PlaySong,<color=#ffff22>B</color> - Play a Bard Song,<color=#ffff22>B</color>- 演奏一首吟遊詩人歌曲
BUTTON_UseItem,<color=#ffff22>U</color> - Use an Item,<color=#ffff22>U</color>- 使用物品
BUTTON_PortalUp,<color=#ffff22>Q</color> - Take Portal Up,<color=#ffff22>Q</color>- 採取傳送門
BUTTON_PortalDown,<color=#ffff22>Z</color> - Take Portal Down,<color=#ffff22>Z</color>- 拿下傳送門
BUTTON_PartyAttack,<color=#ffff22>P</color> - Party Attack,<color=#ffff22>P</color>- 隊伍攻擊
BUTTON_PartyOrder,<color=#ffff22>N</color> - New Party Order,<color=#ffff22>N</color>- 新隊伍訂單
BUTTON_ToggleMinimap,<color=#ffff22>M</color> - Toggle Minimap,<color=#ffff22>M</color>- 切換小地圖
BUTTON_ToggleJournal,<color=#ffff22>J</color> - Toggle Journal,<color=#ffff22>J</color>- 切換日誌
BUTTON_Manual,<color=#ffff22>F1</color> - Bard's Tale Trilogy Manual,<color=#ffff22>F1</color>- 冰城傳奇三部曲手冊
BUTTON_ClothMap,<color=#ffff22>F2</color> - Original Cloth Map,<color=#ffff22>F2</color>- 原始布圖
BUTTON_Bestiary,<color=#ffff22>F3</color> - Bestiary,<color=#ffff22>F3</color>- 動物寓言
BUTTON_Status,<color=#ffff22>F4</color> - Stats,<color=#ffff22>F4</color>- 統計
AutoSave,AutoSave,自動儲存
QuickSave,QuickSave,快速保存
Load,Load,載入進度
Save,Save,儲存進度
Delete,Delete,刪除進度
NAME,NAME,姓名
L,L,L
V,V,V
MAP,MAP,MAP
Map,Map,地圖
PLAY TIME,PLAY TIME,遊玩時間
TIMESTAMP,TIMESTAMP,時間戳記
LOADING,Loading...,載入中...
Game Paused,Game Paused,遊戲暫停
CHAPTERTITLE_0,Volume I,首部曲
CHAPTERSTORY_0,"THE LEGEND OF SKARA BRAE



Long ago in the land of Caith, when magic still prevailed, the evil wizard Mangar the Dark threatened a small but harmonious town called Skara Brae. Overnight, all the town's militiamen disappeared, and Mangar froze the surrounding countryside with a spell of Eternal Winter, totally isolating it from any possible help. 



As evil creatures oozed into the sewers to join Mangar’s shadow crusade, the future of Skara Brae hung in the balance. And who was left to resist? Only a handful of unproven young Warriors, some junior magic users, a couple of Bards barely old enough to drink, and a few out of work Rogues.



You are the leader of this ragtag group of freedom fighters. Luckily you have a Bard with you to sing your glories - if you survive - for this is the stuff of legends. 



And thus the story begins...","斯卡拉布雷的傳說



很久以前，在凱斯大陸，魔法盛行的年代，邪惡的黑暗巫師曼加爾威脅著一座名為斯卡拉布雷的小鎮，那裡原本寧靜祥和。一夜之間，鎮上的所有民兵都消失了，曼加爾施展了永冬魔法，將周圍的鄉村冰封，使其與外界徹底隔絕。



邪惡的生物湧入下水道，加入曼加爾的暗影遠征，斯卡拉布雷的未來岌岌可危。而誰還能挺身而出抵抗呢？只有幾個未經考驗的年輕戰士，一些初級魔法師，幾個剛到法定飲酒年齡的吟遊詩人，以及幾個失業的盜賊。



你就是這群烏合之眾的領袖。幸運的是，你身邊還有一位吟遊詩人，他會為你歌頌榮耀——如果你能活下來的話——因為這將會成為一段傳奇。



故事由此展開…"
INTROTEXT_BT1_0,"""The song I sing\nwill tell the tale\nof a cold and wintery day""",“我唱的歌\n將講述一個寒冷冬日的故事”
INTROTEXT_BT1_1,"""When evil fled\nand brave men bled\nthe Dark One came to stay.""",“當邪惡逃走，勇敢的人們流血時，黑暗勢力就會留下來。”
INTROTEXT_BT1_2,"""Of castle walls\nand torchlit halls\nand a price men had to pay.""",“城堡的城牆\n火把照亮的大廳\n以及人們必須付出的代價。”
INTROTEXT_BT1_3,"""Till men of old\nfor blood and gold\nhad rescued Skara Brae.""",“直到古人\n為了血和黃金\n拯救了斯卡拉·布雷。”
CHAPTERTITLE_1,Volume II,二部曲
CHAPTERSTORY_1,"A LETTER RECEIVED



Greetings, heroes! My name is Saradon, a wizard of some fame and little fortune. Every bard in Caith sings of your victory over Mangar and his vile horde in Skara Brae. Thus, even though we have never met, I am seeking you out.



Our land now faces a danger even greater than Mangar - an evil that could leave it open to invasion and bloody conquest. The Destiny Wand, which has kept us safe for seven hundred years, has been shattered into seven fragments by the Archmage Lagoth Zanta, and those fragments hidden all across the realm. Until you recover them, reforge the wand, and defeat Lagoth Zanta, Caith is in peril. Save her, I beg you.



Now I must hurry, for while I was attempting to glean knowledge of Zanta, he sensed my prying magic, and even now his Lestradae mercenaries approach. I care not for my own safety, but I pray my magic will keep this letter safe until it reaches your hands. May fate smile upon you... and me.","收到一封信 
 
 
 
 英雄們，你好！我的名字叫薩拉頓，是一位頗有名氣但財富微薄的巫師。凱斯的每一位吟遊詩人都在歌頌你對斯卡拉布雷的曼加爾和他的邪惡部落的勝利。因此，尽管我们从未见过面，但我正在寻找你。 
 
 
 
 我們的土地現在面臨著比曼加爾更大的危險 - 一種可能使其容易遭受入侵和血腥征服的邪惡。七百年来保障我们安全的命运魔杖已被大法师拉戈斯·赞塔打碎成七块碎片，这些碎片隐藏在整个王国的各个角落。在你找回它們、重鑄魔杖並擊敗拉戈斯·贊塔之前，凱斯將處於危險之中。救救她，我求你了。 
 
 
 
 现在我必须快点，因为当我试图收集赞塔的知识时，他感觉到了我的窥探魔法，甚至现在他的雷力量拉德雇佣兵也接近了。我不關心自己的安全，但我祈禱我的魔法能確保這封信的安全，直到它到達你的手中。願命運對你和我微笑。"
CHAPTERTITLE_2,Volume III,三部曲
CHAPTERSTORY_2,"As I lay dying...



I leave this record so those who come after will know what horrors that the Mad God Tarjan has perpetrated, and so that they will not be lulled into believing that Skara Brae was his sole target.



We held a great festival to celebrate the victory over Mangar. Then Mangar's Master, The Mad God Tarjan, arrived... His shadow ravaged the city and foul creatures burst forth to assault fair Skara Brae. People ran, but Tarjan's minions left none untouched.

 Tarjan gloated that Skara Brae was merely one in a series of conquests that would complete his revenge. He laughed when I promised that the legendary Hawkslayer, and those who defeated Mangar, would return again to triumph. As payment for my threat, he gave a swift twist of his jewelled sword into my belly. 



Tarjan must be stopped, for upon this rests the fate of more than Skara Brae, more than Caith. Failure will mean the extinction of all life - save for the wretched Tarjan and his servile parasites. Pray for success... and life renewed.","当我弥留之际…… 
 
 
 
 我留下这张记录，是为了让后来的人知道疯神塔尔詹犯下了多么恐怖的罪行，这样他们就不会误以为斯卡拉·布雷是他唯一的目标。 
 
 
 
 我们举行了盛大的节日来庆祝对曼加尔的胜利。然后曼加尔的主人，疯狂之神塔尔詹到来了……他的影子蹂躏了这座城市，邪恶的生物突然袭击了美丽的斯卡拉布雷。人們四散奔逃，但塔里安的爪牙無一倖免。 
 
 Tarjan 幸灾乐祸地认为 Skara Brae 只是完成他复仇的一系列征服中的一个。當我承諾傳奇的鷹手和那些擊敗曼加爾的人將再次凱旋時，他笑了。作為對我威脅的回應，他將寶石劍迅速地扭入我的腹部。  
 
 
 
 塔里安必須被阻止，因為這不僅僅關係到斯卡拉·布雷和凱斯的命運。失敗將意味著所有生命的滅絕——除了可憐的塔爾詹和他的奴隸寄生蟲。祈禱成功……並讓生活煥然一新。"
INTROTEXT_BT3_0,"Come hear the tale of Skara Brae -

A god returned to have his way.

Creatures of darkness, spawn of night,

The Mad One's kin destroyed the site.","來聽聽 Skara Brae 的故事 - 
 
 神回來了，他的方式。 
 
 黑暗生物，夜晚的產物，
 
 瘋子的親屬摧毀了這個地點。"
INTROTEXT_BT3_1,"Defenders fell, their bane come true,

Garth, Roscoe, Kylearan too!

As doom approached, the helpless fled.

It did no good, the streets ran red.","防守者倒下了，他們的禍根成真了，
 
 Garth、Roscoe、Kylearan 也是！ 
 
 当厄运临近时，无助的人纷纷逃离。 
 
 沒有什麼好處，街道變成紅色。"
INTROTEXT_BT3_2,"Survivors few, they sit and mope,

with but one final ray of hope:

Cross time and space, the legends say,

Heroes, at last! To steal the day!","倖存者寥寥無幾，他們坐著悶悶不樂，
 
 只剩下最後一線希望：
 
 跨越時空，傳說說，
 
 英雄，終於！偷走這一天！"
OUTROTEXT_BT3_0,"""Welcome, brave heroes. You have succeeded in destroying

the threat to all reality. As you know, to do this, you slipped

the bonds of time, and traveled forbidden routes through that

which has forever been. You pressed your struggle forward

despite danger and death, and you accomplished that which

the gods themselves were unable to do.""","「歡迎，勇敢的英雄們。你們已經成功地摧毀了
 
對所有現實的威脅。正如你們所知，為了做到這一點，你們擺脫了
 
時間的束縛，穿越了永遠存在的
 
的禁路。你們不顧危險和死亡，繼續奮鬥
 
，你們完成了
 
神自己無法做到的事情。」"
OUTROTEXT_BT3_1,"His praise washes over you like a warm ocean wave, and

you feel strength infuse your body. ""In doing what you have

done, you have proven yourself worthy of nothing less than

the ultimate reward."" He closes his eyes and raises his hands.

""The death of the gods tore reality asunder, but you bound

it up again. The gods of old are dead, therefore I accept you

as my new children. You shall be gods yourselves!""","他的讚美像溫暖的海浪一樣沖刷著你，
 
你感覺力量注入你的身體。 「在做你 
 
 所做的事情時，你已經證明自己值得 
 
 最終的獎勵。」他閉上眼睛，舉起雙手。 
 
 “眾神的死亡撕碎了現實，但你卻將它重新束縛起來。舊神已死，因此我接受你 
 
 作為我的新孩子。你們將成為神！”"
OUTROTEXT_BT3_2,"His eyes open again and you look upon infinity. At once you see

Skara Brae restored to its former beauty. You see beyond it

and the Six cities of the Plains. You see the whole world and 

each of its cultures, and you realize all of it is now your domain.","他的眼睛再次睜開，你看到了無限。您立刻就會看到 
 
 Skara Brae 恢復了往日的美麗。你可以看到它之外的
 
和平原的六座城市。你看到整個世界和它的每一種文化，你意識到這一切現在都是你的領域。"
OUTROTEXT_BT3_3,"""And so it came to pass that eight new stars burned in the

night sky. The least of these, the Companion star, was

named Hawkslayer after a hero of legend. The other seven,

together known as the Company of Heroes, are each

named for one of the New Gods. Each night they can be seen

is betokened a good night, and adventurers know these gods

smile especially upon them...""","「就這樣，八顆新星在 
 
 的夜空中燃燒。其中最小的一顆，伴星，
 
 以一位傳奇英雄的名字命名為 Hawkslayer。另外七顆，
 
 一起被稱為英雄連，每顆 
 
 都以一位新神的名字命名。每天晚上都能看到它們 
 
 預示著他們一個美好的名字。"
OUTROTEXT_BT3_4,"-- excerpt from The Gospel of the New Gods (Chap I, Verses 5-9)",——摘自《新神的福音》（第一章，第 5-9 節）
QUIT_NO_AUTOSAVE_SAVE_AT_GUILD,Quitting now will lose any unsaved progress because you cannot autosave outside of the Guild while Legacy Mode Save-At-Guild is active in Tales of the Unknown or The Destiny Knight. Do you wish to quit anyway?,現在退出將失去所有未保存的進度，因為當傳統模式公會保存在《未知故事》或《命運騎士》中處於活動狀態時，您無法在公會之外自動保存。你還是想退出嗎？
QUIT_NO_AUTOSAVE_SNARE,Quitting now will lose any unsaved progress because you cannot autosave during an active death snare event. Do you wish to quit anyway?,現在退出將丟失所有未保存的進度，因為您無法在活躍的死亡陷阱事件期間自動保存。你還是想退出嗎？
QUIT_NO_AUTOSAVE_COMBAT,Quitting now will lose any unsaved progress because you cannot autosave during combat. Do you wish to quit anyway?,現在退出將丟失所有未儲存的進度，因為您無法在戰鬥中自動儲存。你還是想退出嗎？
QUIT_NO_AUTOSAVE_EVENT,"Quitting now will lose any unsaved progress because you cannot autosave during special events, or shops. Do you wish to quit anyway?",現在退出將丟失所有未儲存的進度，因為您無法在特殊活動或商店期間自動儲存。你還是想退出嗎？
WARNING_NO_SAVE_DURING_DEATH_SNARE,You cannot save during a death snare! They are the ultimate challenge...,在死亡陷阱中你無法拯救！他們是終極挑戰…
WARNING_NO_SAVE_DURING_COMBAT,You cannot save during combat,戰鬥中你無法保存
WARNING_NO_SAVE_DURING_EVENT,"You cannot save during special events, or shops",您無法在特殊活動或商店期間節省費用
INDIVIDUAL_INVENTORY_HINT,"Each character has their own inventory and gold to manage. Gold and items will need to be pooled and traded between characters. Each character can hold up to 16 items at a time, less if Misc Game Differences is enabled.",每個角色都有自己的庫存和黃金需要管理。黃金和物品需要在角色之間匯集和交易。每個角色一次最多可以持有 16 個物品，如果啟用“雜項遊戲差異”，則數量會更少。
SAVE_AT_GUILD_HINT,"With Save At Guild Only enabled, saving the game will only be possible when the party are in an adventurers guild or camp. Autosave will only fire when entering a guild. With Misc Game Differences also enabled, BT3 will still allow saving anywhere, since the original game introduced a save game option.",啟用「僅在公會保存」後，只有當隊伍位於冒險家公會或營地時才能保存遊戲。自動儲存只會在進入公會時觸發。在啟用其他遊戲差異的情況下，BT3 仍然允許在任何地方保存，因為原始遊戲引入了保存遊戲選項。
CHAPTER_DIFFERENCES_HINT,"Enables differences between each game. These include:

- SPECIAL SLOT for monsters only in BT1.

- No archery in BT1.

- No item charges in BT1, instead items have a small chance to disappear on each use.

- 8 slot inventory in BT1 and 10 slots in BT2.

- Wine Skins only available in BT3.

- Rogue identifying items only available in BT3.

- Items and Spells adjusted to match each game.","啟用每個遊戲之間的差異。其中包括： 
 
 - 僅適用於 BT1 中怪物的特殊欄位。 
 
 - BT1 中沒有射箭。 
 
 - BT1 中沒有物品費用，相反，物品在每次使用時都有很小的機會消失。 
 
 - BT1 中有 8 個欄位庫存，BT2 中有 10 個欄位。 
 
 - 酒皮僅在 BT3 中提供。 
 
 - 盜賊識別物品僅在 BT3 中可用。 
 
 - 調整物品和法術以匹配每個遊戲。"
XP_GRIND_HINT,"Enable the full XP requirements from the originals, and also some exploits that helped with levelling.

- Up to twice the XP needed for each level.

- Allows party attack to be initiated anywhere.

- Enabled shop buy and sell any charged item.

- All game events and battles are now redoable.","啟用原版的完整 XP 要求，以及一些有助於升級的漏洞。 
 
 - 每個等級所需經驗值最多兩倍。 
 
 - 允許在任何地方發動團體攻擊。 
 
 - 允許商店購買和出售任何收費物品。 
 
 - 所有遊戲事件和戰鬥現在都可以重做。"
DISABLE_AUTOMAP_HINT,"Grab some grid paper and map the levels yourself. This was a big part of the 1980s experience and why all the spinners and teleports in dungeons exist. For those that have the time and temperament, this can be a rewarding experience. If Misc Game Differences is also enabled, then the <b>Thief of Fate (BT3)</b> will still allow for a simplified journal, just showing map walls and doors, as the original game introduced an automap feature.",拿一些網格紙並自己繪製水平圖。這是 20 世紀 80 年代體驗的重要組成部分，也是地下城中所有旋轉器和傳送裝置存在的原因。對於那些有時間和性情的人來說，這可能是一次有益的經驗。如果也啟用了其他遊戲差異，那麼<b>Thief of Fate (BT3)</b>仍將允許簡化日誌，僅顯示地圖牆和門，因為原始遊戲引入了自動地圖功能。
SONGS_HINT,Enabling this setting restores the way song magic used to work in the originals.\n\nSongs in <b>Tales of the Unknown (BT1)</b> and <b>The Destiny Knight (BT2)</b> revert to having their strength vary with dungeon difficulty. Songs in the <b>Thief of Fate (BT3)</b> have their strength vary with level of the bard that is singing.,啟用此設定將恢復歌曲魔法在原作中的工作方式。 \n\n<b>未知故事 (BT1)</b>和<b>命運騎士 (BT2)</b>中的歌曲恢復為根據地下城難度而改變其強度。<b>Thief of Fate (BT3)</b>中的歌曲的強度會根據演唱者的等級而變化。
USEUNEQUIPPED_HINT,"On some platforms, such as the Commodore 64 (C64), it was possible to use items, that were not equipped, in combat. This has an especially large impact on bards, choosing to blow horns, or magic users in the <b>Thief of Fate (BT3)</b> using harmonic gems. Enabling this option also removes the ability to equip or unequip items during combat.",在某些平台上，例如 Commodore 64 (C64)，可以在戰鬥中使用未裝備的物品。這對選擇吹號角的吟遊詩人或使用和諧寶石的<b>命運之賊 (BT3)</b>中的魔法使用者有特別大的影響。啟用此選項還會消除在戰鬥中裝備或取消裝備物品的能力。
NOEMPTYROOM_HINT,"The remaster adds some hints and random gear rewards to be found by searching the empty houses in cities. Ticking this option will remove those and empty houses will just be for finding random groups of enemies to fight, or the occasional dungeon entrance. This makes gaining the first few character levels just a little harder.",重製版添加了一些提示和隨機裝備獎勵，可以透過搜尋城市中的空房子找到。勾選此選項將刪除這些空房子，而空房子將僅用於尋找隨機的敵人群體進行戰鬥，或偶爾的地下城入口。這使得獲得前幾個角色等級變得有點困難。
DELETE_SAVE_CONFIRM,Permanently delete saved game:\n\n{0}\n\nAre you sure?,永久刪除已儲存的遊戲：\n\n{0}\n\n您確定嗎？
ENTER_FILENAME,Enter Filename...,輸入檔名...
LOADINGHINT_0,"Your first three dungeons should be the sewers, the catacombs and the castle (in that order). Each is progressively tougher.",你的前三個地下城應該是下水道、地下墓穴和城堡（按順序）。每一個都逐漸變得更加艱難。
LOADINGHINT_1,You can adjust the speed that messages scroll in combat in gameplay settings.,您可以在遊戲設定中調整戰鬥中訊息滾動的速度。
LOADINGHINT_2,"Avoid traps. Higher level rogues are excellent at opening chests, but when in doubt use the 'Trapzap' spell.",避免陷阱。高級盜賊非常擅長打開寶箱，但如果有疑問，請使用“Trapzap”法術。
LOADINGHINT_3,Be sure that your party is fully healed before entering a new dungeon.,在進入新的地下城之前，請確保您的隊伍已完全康復。
LOADINGHINT_4,Remember that each succeeding level goes UP in a tower or castle and DOWN in a dungeon.,請記住，每個後續關卡在塔樓或城堡中都會上升，而在地下城中則會下降。
LOADINGHINT_5,Good maps will show you the logical spots for secret doors and secret rooms.,好的地圖會告訴你秘密門和秘密房間的邏輯位置。
LOADINGHINT_6,Use your spells and Bard songs to lower the armor class of your entire party. The lower the better.,使用你的咒語和吟遊詩人歌曲來降低整個隊伍的護甲等級。越低越好。
LOADINGHINT_7,You can minimize damage by killing off all but one monster in either of the first two attacking groups.,您可以透過殺死前兩個攻擊組中除一隻以外的所有怪物來最大程度地減少傷害。
LOADINGHINT_8,"Treat the undead with respect. In other words, kill them quickly.",尊重不死生物。換句話說，就是盡快殺掉他們。
LOADINGHINT_9,Be prepared to die a lot with level 1 and 2 characters. Especially at night. Especially when you don't have any weapons and are just walking to Garth's Shoppe.,準備好與 1 級和 2 級角色一起死去很多次。尤其是在晚上。尤其是當你沒有任何武器並且只是步行前往加斯裝備店時。
LOADINGHINT_10,"Monsters are smart. They usually attack your most vulnerable characters first, unless one of your members represents a significant threat.",怪物很聰明。他們通常會先攻擊你最脆弱的角色，除非你的成員之一構成了重大威脅。
LOADINGHINT_11,Beware the Doppelganger monster. It enters your party and looks just like one of your members.,小心雙重怪物。它進入你的隊伍並且看起來像你的一個成員。
LOADINGHINT_12,Develop a Sorcerer fast. They are very useful in dungeons.,快速培養魔法師。它們在地下城中非常有用。
LOADINGHINT_13,Don't venture too far into any dungeon without your maximum spell points. A good rule is to leave a dungeon when you are down to one quarter of your maximum spell points.,在沒有達到最大法術點的情況下，不要冒險進入任何地下城太遠。一個好的規則是當你的最大法術點減少到四分之一時離開地下城。
LOADINGHINT_14,Manage your spell points carefully. Don't waste a spell if you can accomplish the same thing without magic.,仔細管理你的法術點。如果你不用魔法也能完成同樣的事情，就不要浪費法術。
LOADINGHINT_15,"Locate traps, second sight and sorcerer sight spells all identify traps within 30 feet.",定位陷阱、第二視力和魔法師視力法術都可以識別 30 英尺內的陷阱。
LOADINGHINT_16,Cast a long lasting Bard spell right before entering a tavern. It's like getting a free spell.,在進入酒館之前施展永久吟遊詩人咒語。這就像獲得免費咒語一樣。
LOADINGHINT_17,"Generally, the more expensive the item is, the better it works. Almost like real life.",一般來說，物品越貴，效果越好。幾乎就像現實生活一樣。
LOADINGHINT_18,"There are no cursed or bad items, unlike real life.",與現實生活不同，這裡沒有被詛咒或壞的物品。
LOADINGHINT_19,"Don't be stingy. Equip your fighters with the best armor, weapon, shield, helmet and gauntlets money can buy. After all, they can't take it with them.",別小氣。為你的戰士配備金錢能買到的最好的盔甲、武器、盾牌、頭盔和手套。畢竟，他們不能帶走。
LOADINGHINT_20,Experiment with all items you find to determine their capabilities. Magical items are key to success.,試驗你找到的所有物品以確定它們的功能。魔法物品是成功的關鍵。
LOADINGHINT_21,"The tavern on Rakhir Street is the only tavern that serves wine. And that wine ""goes down"" easily. Good luck!",Rakhir Street 上的小酒館是唯一提供葡萄酒的小酒館。而且這種酒很容易「變質」。祝你好運！
LOADINGHINT_22,"If your spell points aren't recharging fast enough, go see Roscoe. But be prepared for electrifyingly high fees.",如果你的法術點數恢復得不夠快，就去見Roscoe。但要做好高得驚人的費用的準備。
LOADINGHINT_23,"Temples are divine places of resurrection and complete healing. In fact, this is the only place to cure characters who have been withered or drained of experience.",聖殿是復活和完全治癒的神聖之地。事實上，這是治癒那些枯萎或經驗耗盡的角色的唯一地方。
LOADINGHINT_24,"Gold you receive in battles is pooled for the party and can be used to buy weapons, heal your wounds or regenerate your spell points.",你在戰鬥中收到的金幣會匯集到隊伍中，可以用來購買武器、治癒你的傷口或恢復你的法術點。
LOADINGHINT_25,After battles you may find items which go into a pool for anyone to use. Sell or drop items if your inventory gets too full.,戰鬥結束後，您可能會發現物品進入池中供任何人使用。如果您的庫存太滿，請出售或丟棄物品。
LOADINGHINT_26,Every mage should know where Roscoe's Energy Emporium is. He will regenerate your magic if the price is right.,每個法師都應該知道Roscoe的能量商場在哪裡。如果價格合適，他會恢復你的魔力。
LOADINGHINT_27,"If you cannot kill off all the magic-using monsters, you may want to cast anti-magic spells to protect against illusions, possessions and other spells.",如果你無法殺死所有使用魔法的怪物，你可能需要施展反魔法法術來防禦幻象、附體和其他法術。
LOADINGHINT_28,"It might be a good idea to stay close to a Temple at night, so you can quickly heal any wounds.",晚上待在寺廟附近可能是個好主意，這樣你就可以快速治癒傷口。
LOADINGHINT_29,"Wizards are extremely important in advanced levels; they can summon demons, extremely powerful specials.",巫師在高級關卡中極為重要；他們可以召喚惡魔，極其強大的特殊能力。
LOADINGHINT_30,Items that appear in the inventory in red cannot be used by that character class.,該角色類別無法使用庫存中顯示為紅色的物品。
LOADINGHINT_31,"Don't be shy about using magic in combat. When in doubt, blast 'em with magic.",不要羞於在戰鬥中使用魔法。當有疑問時，用魔法轟炸他們。
LOADINGHINT_32,Trapzap spell disarms all traps within 30 feet.,Trapzap 法術可以解除 30 英尺內的所有陷阱。
LOADINGHINT_33,You may wish to drop by a tavern to wet the whistle of your Bard.,您可能想順便去一家小酒館喝點吟遊詩人的口哨。
LOADINGHINT_34,Deeper dungeons require a higher Hide-In-Shadows and Critical Strike skill,更深的地下城需要更高的隱藏陰影和暴擊技能
ROOMHINT_0,"There's dungeons deep underneath Skara Brae... sewers, catacombs, the castle and more, each more dangerous than the one before.",斯卡拉布雷地下深處有地下城……下水道、地下墓穴、城堡等等，每一個都比以前更危險。
ROOMHINT_1,"Explore and map every square in every maze. There are 'Magic Mouths' that give hints. There are 1-of-a-kind magic items and spell regeneration zones. Good maps will show you the logical spots for secret doors and secret rooms, too.",探索並繪製每個迷宮中的每個方塊。有給予提示的「魔嘴」。有獨一無二的魔法物品和法術再生區。好的地圖也會向您顯示秘密門和秘密房間的邏輯位置。
ROOMHINT_2,"Avoid traps. Higher level rogues are excellent at opening chests, but when in doubt use the 'Trapzap' spell.",避免陷阱。高級盜賊非常擅長打開寶箱，但如果有疑問，請使用“Trapzap”法術。
ROOMHINT_3,You can use 'Trapzap' to disarm any traps you encounter.,您可以使用“Trapzap”來解除您遇到的任何陷阱。
ROOMHINT_4,Be sure that your party is fully healed before entering a new dungeon.,在進入新的地下城之前，請確保您的隊伍已完全康復。
ROOMHINT_5,"When you are finding your bearings in a maze, remember that each succeeding level goes UP in a tower or castle and DOWN in a dungeon.",當您在迷宮中找到方向時，請記住，每個後續關卡在塔樓或城堡中都會上升，而在地下城中則會下降。
ROOMHINT_6,Your highest dexterity character will attack earliest in combat. Target particularly nasty monsters with spells and attacks from high dexterity characters first. Your less dexterous characters may not survive long enough to get in a first strike.,你的敏捷度最高的角色將在戰鬥中最早發動攻擊。首先使用高敏捷角色的法術和攻擊來瞄準特別令人討厭的怪物。你的不太靈巧的角色可能無法生存足夠長的時間來發動第一次攻擊。
ROOMHINT_7,Use your spells and Bard songs to lower the armor class of your entire party. The lower the better.,使用你的咒語和吟遊詩人歌曲來降低整個隊伍的護甲等級。越低越好。
ROOMHINT_8,"If you are attacked by more than 2 groups of monsters, concentrate on magic users first. If you cannot kill off all the magic-using monsters, you may want to cast anti-magic spells to protect against illusions, possessions and other spells.",如果你受到超過2組怪物的攻擊，首先集中攻擊魔法使用者。如果你無法殺死所有使用魔法的怪物，你可能需要施展反魔法法術來防禦幻象、附體和其他法術。
ROOMHINT_9,"You can minimize damage by killing off monsters in melee range first. Non-magic users, further than 10' away, will need to advance before they can attack.",您可以透過先殺死近戰範圍內的怪物來最大程度地減少傷害。距離超過 10 英尺的非魔法用戶需要前進才能攻擊。
ROOMHINT_10,"Many of the undead monsters are capable of draining experience levels, turning characters old and gray or even turning characters to stone. Treat the undead with respect. In other words, kill them quickly.",許多不死怪物能夠耗盡經驗值，使角色變老變灰，甚至將角色變成石頭。尊重不死生物。換句話說，就是盡快殺掉他們。
ROOMHINT_11,"Be prepared to die a lot with level 1 and 2 characters. Especially at night. Especially when you don't have any weapons and are just walking to Garth's Shoppe. It might even be a good idea to stay close to a Temple at night, so you can quickly heal any wounds.",準備好與 1 級和 2 級角色一起死去很多次。尤其是在晚上。尤其是當你沒有任何武器並且只是步行前往加斯裝備店時。晚上待在寺廟附近甚至可能是個好主意，這樣你就可以快速治癒傷口。
ROOMHINT_12,"Monsters are smart. They usually attack your most vulnerable characters first, unless one of your members represents a significant threat.",怪物很聰明。他們通常會先攻擊你最脆弱的角色，除非你的成員之一構成了重大威脅。
ROOMHINT_13,Beware the Doppelganger monster. It enters your party and looks just like one of your members.,小心雙重怪物。它進入你的隊伍並且看起來像你的一個成員。
ROOMHINT_14,"Develop a Sorcerer fast. They are very useful in dungeons. Wizards are extremely important in advanced levels; they can summon demons, extremely powerful specials. Develop an Archmage, too. You'll need one; you'll want more.",快速培養魔法師。它們在地下城中非常有用。巫師在高級關卡中極為重要；他們可以召喚惡魔，極其強大的特殊能力。也培養一名大法師。你需要一個；你會想要更多。
ROOMHINT_15,Don't venture too far into any dungeon without your maximum spell points. A good rule is to leave a dungeon when you are down to one quarter of your maximum spell points.,在沒有達到最大法術點的情況下，不要冒險進入任何地下城太遠。一個好的規則是當你的最大法術點減少到四分之一時離開地下城。
ROOMHINT_16,"Manage your spell points carefully. Don't waste a spell if you can accomplish the same thing without magic. Torches, for example, often work as well as magic light spells. On the other hand, don't be shy about using magic in combat. When in doubt, blast 'em with magic.",仔細管理你的法術點。如果你不用魔法也能完成同樣的事情，就不要浪費法術。例如，火把通常和魔法光咒一樣有效。另一方面，不要羞於在戰鬥中使用魔法。當有疑問時，用魔法轟炸他們。
ROOMHINT_17,"Locate traps, second sight and sorcerer sight spells all identify traps within 30 feet. Trapzap spell disarms all traps within 30 feet.",定位陷阱、第二視力和魔法師視力法術都可以識別 30 英尺內的陷阱。 Trapzap 法術可以解除 30 英尺內的所有陷阱。
ROOMHINT_18,Cast a long lasting Bard spell right before entering a tavern. It's like getting a free spell.,在進入酒館之前施展永久吟遊詩人咒語。這就像獲得免費咒語一樣。
ROOMHINT_19,"Generally, the more expensive the item is, the better it works.",一般來說，物品越貴，效果越好。
ROOMHINT_20,There are no cursed or bad items.,沒有被詛咒或壞的物品。
ROOMHINT_21,"Don't be stingy. Equip your fighters with the best armor, weapon, shield, helmet and gauntlets money can buy. After all, they can't take it with them.",別小氣。為你的戰士配備金錢能買到的最好的盔甲、武器、盾牌、頭盔和手套。畢竟，他們不能帶走。
ROOMHINT_22,"Experiment with all items you find to determine their capabilities. Magical items are key to success. Remember that an item may only be usable for certain characters and classes, so trade items around if you have to.",試驗你找到的所有物品以確定它們的功能。魔法物品是成功的關鍵。請記住，某個物品可能僅適用於某些角色和類別，因此如果有必要，請交換物品。
ROOMHINT_23,Seek out the Review Board. You need to visit there to be awarded new levels and spells.,尋求評審委員會。您需要訪問那裡才能獲得新的等級和法術。
ROOMHINT_24,"By the way, the tavern on Rakhir Street is the only tavern that serves wine. And that wine ""goes down"" easily. You may wish to drop by to wet the whistle of your Bard. Good luck!",順便說一句，拉基爾街上的小酒館是唯一一家提供葡萄酒的小酒館。而且這種酒很容易「變質」。您可能會希望順便來潤濕您的吟遊詩人的口哨。祝你好運！
ROOMHINT_25,"If your spell points aren't recharging fast enough, go see Roscoe. But be prepared for electrifyingly high fees.",如果你的法術點數恢復得不夠快，就去見Roscoe。但要做好高得驚人的費用的準備。
ROOMHINT_26,"Temples are divine places of resurrection and complete healing. In fact, this is the only place to cure characters who have been withered or turned to stone.",聖殿是復活和完全治癒的神聖場所。事實上，這是治愈枯萎或變成石頭的角色的唯一地方。
ROOMHINT_27,"Gold you receive in battles is pooled for the party and can be used to buy weapons, heal your wounds or regenerate your spell points.",你在戰鬥中收到的金幣會匯集到隊伍中，可以用來購買武器、治癒你的傷口或恢復你的法術點。
ROOMHINT_28,After battles you may find items which go into a pool for anyone to use. Sell or drop items if your party inventory gets too full.,戰鬥結束後，您可能會發現物品進入池中供任何人使用。如果您的隊伍背包太滿，請出售或丟棄物品。
ROOMHINT_29,Every mage should know where Roscoe's Energy Emporium is. He will regenerate your magic if the price is right.,每個法師都應該知道Roscoe的能量商場在哪裡。如果價格合適，他會恢復你的魔力。
ROOMHINT_30,"The temples can heal your wounds, cure your illnesses and even bring back the dead for the right donation.",寺廟可以治癒你的傷口，治癒你的疾病，甚至可以透過正確的捐贈讓死者復活。
ROOMHINT_31,Deeper dungeons require a higher hide-in-shadows skill. Keep upgrading your skill to 100 and beyond or you will be discovered more often.,更深的地下城需要更高的潛伏陰影技能。不斷將你的技能升級到 100 或更高，否則你會更頻繁地被發現。
ROOMHINT_32,"Search all the buildings in all the towns. There is a dungeon to be found in every town, starting with Tangramayne.",搜索所有城鎮的所有建築物。從坦格拉瑪恩開始，每個城鎮都有地下城。
ROOMHINT_33,"The forests of the Realm hide a variety of interesting buildings, huts and strongholds (as well as a host of evildoers). Crypts can also be found in the wilderness and are worth investigating if you can gain access.",王國的森林裡隱藏著各種有趣的建築、小屋和堡壘（以及許多邪惡之徒）。荒野中也可以找到地穴，如果您能進入，就值得調查。
ROOMHINT_34,Be sure to tip the bartender. He has valuable information to give you. Try giving him more money when you can afford it.,一定要給調酒師小費。他有寶貴的資訊可以提供給你。當你有能力的時候，試著給他更多的錢。
ROOM_SEARCH,"Searching the room, you discover some parchment from the Adventurer's Guild Handbook. It reads:\n\n",搜查房間後，你發現了冒險家公會手冊中的一些羊皮紙。內容如下：\n\n
FOUND_HANDBOOK,There is a scrap of parchment from the Adventurer's Guild Handbook here. It reads:\n\n,這裡有一張來自冒險家公會手冊的羊皮紙。內容如下：\n\n
NOTE_READS,A note here reads:\n,這裡的註解如下：\n
EXIT_BUILDING,Exit building,退出大樓
IN_EMPTY_BUILDING,You are in an empty building.,你在一座空蕩蕩的大樓裡。
SEARCH_THE_ROOM,You search the room for anything useful...\n\n,你在房間裡搜尋任何有用的東西...\n\n
GUILD_TITLE,Thou art in the Guild of Adventurers.,你在冒險家公會。
ENTER_THE_CITY,Enter the city,進入城市
GUILD_LEADER,Guild Leader,公會領袖
CAMP_TITLE,Thou art in the camp of Skara Brae.,你在斯卡拉布雷的營地。
CAMP_ENTER_WILDERNESS,Enter the wilderness,進入荒野
GUILD_BEGIN_VOLUME2,Begin Volume II - The Destiny Knight,開始二部曲 - 命運騎士
GUILD_BEGIN_VOLUME3,Begin Volume III - Thief of Fate,開始三部曲 命運的竊賊
GUILD_ADD_MEMBER,Add member to party,將成員加入隊伍
GUILD_REMOVE_MEMBER,Remove member from party,將成員移出隊伍
GUILD_CREATE_MEMBER,Create a new member,建立新成員
GUILD_DELETE_MEMBER,Delete member from roster,從名冊中刪除成員
GUILD_MORE_OPTIONS,More options...,更多選擇...
GUILD_CHOOSE_PORTRAIT,Choose new portrait,選擇新肖像
GUILD_RENAME_MEMBER,Rename a party member,更改隊員姓名
GUILD_TALK_TO_LEADER,Talk to the guild leader,與公會領袖交談
GUILD_SAVE_PARTY,Save party to roster,將隊伍儲存到名冊
GUILD_QUIT_AND_EXIT,Quit and exit game,退出並退出遊戲
GUILD_EXIT_TO_PREVIOUS,Exit to previous menu,退出到上一個選單
GUILD_CHANGE_PORTRAIT,Change portrait for which character?,為哪個角色更改肖像？
GUILD_CHOOSE_CHAR_TO_RENAME,Choose a character to rename:,選擇要重新命名的字元：
GUILD_SELECT_NEW_NAME,Select a new name for {0}:,為{0}選擇一個新名稱：
GUILD_NAME_IS_TAKEN,That name is already taken.,這個名字已經被佔用了。
GUILD_LEADER_KILLMANGAR,"All hail to the heroes of Skara Brae.\n\nNow that Mangar is dead, this blizzard will surely lift soon.\n\nYour work here is done. I wish you much luck in your future adventures in the land of Caith!",向斯卡拉布雷的英雄們致敬。 \n\n現在曼加爾已經死了，這場暴風雪肯定很快就會消散。 \n\n你在這裡的工作已經完成。祝福您未來在凱斯之地的冒險之旅一切順利！
GUILD_LEADER_SEVENTHWORD,"Mangar protects himself using a riddle with 7 answers, and you found them all! Your skills are without limit. You will surely be able to rid us of this evil soon!",Mangar 用一個有 7 個答案的謎語來保護自己，而你卻全部找到了！你的技能是無限的。你一定能很快除掉我們這個邪惡的！
GUILD_LEADER_MADGOD,You found the Mad God and defeated him?! That's amazing. Our faith in you was not wasted!,你找到了狂神並擊敗了他？ ！太棒了。我們對你的信心沒有白費！
GUILD_LEADER_TARJANANSWERED,I see you've found an entrance into the catacombs. Your progress is impressive!,我看到你找到了地下墓穴的入口。你的進步令人印象深刻！
GUILD_LEADER_SAMURAI,What is this? The statue turned into a Samurai and attacked you? This must be Mangar's evil magic. There are guardian statues throughout the town and some are undoubtedly even tougher to defeat!,這是什麼？雕像變成武士攻擊你？這一定是曼加爾的邪惡魔法。鎮上到處都有守護者雕像，有些雕像無疑更難擊敗！
GUILD_LEADER_MANGAR,"An evil wizard Mangar is threatening the town. He's brought down a blizzard upon us and all manner of evil creatures are wandering about.\n\nTake a party out into town, explore everywhere for clues. You MUST find a way to stop him!",邪惡巫師曼加爾正在威脅小鎮。祂為我們帶來了一場暴風雪，各種各樣的邪惡生物四處遊蕩。 \n\n組隊進城，到處探索尋找線索。你必須想辦法阻止他！
GUILD_PARTY_FULL,Your party is full. Try removing some members before you add a new member.,你的隊伍已滿。在新增成員之前嘗試刪除一些成員。
GUILD_ROSTER_EMPTY,The roster of heroes is empty. So sad...\n\nYou should go and create some new characters right away!,英雄名單是空的。太悲傷了...\n\n你應該立即去創造一些新角色！
GUILD_NOBODY_IN_PARTY,"There is nobody in your party, and so you cannot remove a member. Have a good day!",您的隊伍中沒有人，因此您無法刪除成員。祝你有美好的一天！
GUILD_DELETE_CONFIRM,Did you mean to delete everyone in the heroes roster? Because they are all gone... forever!,你的意思是刪除英雄名單中的所有人嗎？因為他們都消失了……永遠！
GUILD_PARTY_NOT_WORTH_SAVING,That's not a party worth saving!,這不是一個值得被儲存的隊伍！
GUILD_NEED_PARTY_FOR_WILDERNESS,You need some active party members before you can enter the wilderness!,在進入荒野之前，你需要一些活躍的隊員！
GUILD_NEED_PARTY_FOR_CITY,You need some active party members before you can enter the city!,你的隊伍需要一些成員才能進入城市！
GUILD_ADD_MEMBER_TO_PARTY,Add member to your party\n,將成員加入您的隊伍\n
GUILD_REMOVE_MEMBER_FROM_PARTY,Remove Member from your party\n,從您的隊伍中刪除成員\n
GUILD_ALL_MEMBERS,All members,所有成員
GUILD_PARTY_ROSTER,Party Roster,隊伍名冊
GUILD_DELETE_MEMBER_PERMANENT,Delete member permanently,永久刪除會員
GUILD_CANNOT_DELETE_MEMBER_IN_PARTY,You cannot delete a character that is in your Party. {0} is not amused.,您無法刪除隊伍中的角色。{0}並不好笑。
GUILD_CANNOT_DELETE_MEMBER_WITH_QUEST_ITEMS,You cannot delete a character holding quest items... you will need to empty their inventory first.,您無法刪除持有任務物品的角色...您需要先清空他們的庫存。
GUILD_CONFIRM_DELETE_PARTY,Are you sure you wish to delete the party: {0}?,您確定要刪除隊伍：{0}嗎？
GUILD_CONFIRM_DELETE_CHAR,Are you sure you wish to delete {0}?,您確定要刪除{0}嗎？
GUILD_CONFIRM_ACTION,This action cannot be undone.,此操作無法撤銷。
GUILD_CREATE_NEW_MEMBER,Create a new guild member...,建立新的公會成員...
GUILD_SELECT_GENDER,Select a gender:,選擇性別：
GUILD_SELECT_RACE,Select a race:,選擇種族：
GUILD_SELECT_PROFESSION,Select a profession:,選擇職業：
GUILD_ROLL_ATTRIBUTES,Roll your attributes...\n,擲個骰子吧...\n
GUILD_CLASS_DEFAULT,-- CLASS DEFAULT --,-- 類別預設值 --
GUILD_ENTER_NAME,Enter the new member's name:,輸入新會員的姓名：
GUILD_CHARACTER_ALREADY_EXISTS,A character by the name of {0} already exists in the roster. Please choose a unique name!,名冊中已存在名為{0}的角色。請選擇一個獨特的名字！
GUILD_ENTER_PARTY_NAME,Enter a name for your party:,輸入您的聚會的名稱：
GUILD_NAME_TAKEN,That name is already taken.,這個名字已經被佔用了。
RB_1_0,Seek out Brilhasti ap Tarj beneath the Mad God's Temple!,尋找狂神神廟下方的布里哈斯蒂阿普塔吉！
RB_1_1,"The old man in the Review Board scratches his head. ""Yes, you are the prophesied ones, but you have come too early. No matter.""",評審委員會的老者搔著頭。 “是的，你們就是預言者，不過你們來得太早了，無所謂了。”
RB_1_2,"""Beneath Skara Brae you will find one of Tarjan's devotees. Brilhasti ap Tarj is a foul Necromancer, and his life impedes my efforts to stave off disaster.""",“在斯卡拉布雷的下面，你會發現塔吉安的一位信徒。塔吉的布里哈斯蒂是一位邪惡的死靈法師，他的生命阻礙了我避免災難的努力。”
RB_1_3,"""You may enter the Catacombs under the Mad God's Temple by uttering his master's name... 'Tarjan'""",“只要說出他主人的名字……‘塔爾詹’，就可以進入瘋神殿下的地下墓穴。”
RB_1_4,"""Destroy Brilhasti ap Tarj, then return to me for your true quest.""",“摧毀塔吉地區的布里哈斯蒂，然後回到我這裡來完成你真正的任務。”
RB_2_0,"""Go to Arboria and retrieve for me Valarian's Bow and The Arrows of Life. The Chronomancer spell, Apport Arboria, cast at the Twilight Copse will get you there. The spell, Reditus Arboria, cast at the point where you arrived, will return you to Caith.""",「去阿爾伯利亞，為我取回瓦拉里安之弓和生命之箭。在暮光小樹林施展時空術士咒語“阿伯利亞”，將帶你到達那裡。在你到達的地方施放咒語“雷迪圖斯·阿爾伯利亞”，將使你回到凱斯身邊。”
RB_2_1,"""Welcome ye children of the prophecy. Upon your shoulders falls a great weight, for you must embark on what will be your greatest adventure ever.""",“歡迎你們這些預言之子。你們的肩上擔負著沉重的擔子，因為你們必須踏上你們有史以來最偉大的冒險。”
RB_2_2,"""That which has laid waste to Skara Brae is an ancient evil recently released. It threatens to destroy all reality and time as it has wrought havoc on Skara Brae.""",“摧毀斯卡拉布雷的是一種最近被釋放的古老邪惡。它威脅要摧毀所有現實和時間，因為它對斯卡拉布雷造成了嚴重破壞。”
RB_2_3,"""If you cannot stop it, it will consume the universe. If you do stop it, you will be rewarded beyond all your dreams.""",“如果你無法阻止它，它將吞噬整個宇宙。如果你阻止它，你將獲得超乎你夢想的回報。”
RB_2_4,"""Prepare thyselves, and hasten to the place of trees, for it is most like the first dimension you must sojourn in to blunt the evil.""",“做好準備，趕緊前往樹木所在的地方，因為這很像是你必須逗留以削弱邪惡的第一個維度。”
RB_2_5,"""Arboria, the home of Valarian the bold, is reached through using powerful magic that only a Chronomancer can control.""",“阿爾伯利亞是勇敢者瓦拉倫的故鄉，通過使用只有時空法師才能控制的強大魔法才能到達。”
RB_2_6,"""Bring to me Valarian's Bow and The Arrows of Life if Valarian will not return here with you.""",「如果瓦拉里安不和你一起回到這裡，就把瓦拉里安的弓和生命之箭帶給我。”
RB_2_7,"""Yes, and be on the lookout for an ally, for you are not the first I have sent on this quest. Though your paths are different, they may cross, and you will do well together.""",「是的，並且要尋找盟友，因為你不是我第一個派去執行此任務的人。雖然你們的道路不同，但它們可能會交叉，而且你們在一起會做得很好。”
RB_3_0,"""Use Apport Gelidia at Cold Peak to travel to Gelidia and retrieve for me the Wand of Power and the Sphere of Lanatir.""",“使用冷峰的阿普特·吉利迪亞前往吉利迪亞並為我取迴力量魔杖和拉納提爾球體。”
RB_3_1,"The old man takes the news of Valarian's death hard, but he summons a smile to his lips and breathes deeply.",老人對瓦拉里安過世的消息感到很難過，但他嘴角揚起微笑，深深噴吐了一口氣。
RB_3_2,"""You have done well, children, and I take well the news that Hawkslayer has survived this long. Now you are bound for a place far distant.""",“你們做得很好，孩子們，鷹殺手活了這麼久的消息我很高興。現在你們要前往一個遙遠的地方。”
RB_3_3,"""It is the dimension of magic. It is known as Gelidia and if your Chronomancer is able, I will share the spells to get you there and back again.""",「這是魔法的維度。它被稱為 Gelidia，如果你的時空法師有能力，我將分享咒語，讓你再次到達那裡並返回。”
RB_3_4,"""I shall teach there Apport Gelidia and Reditus Gelidia. Seek out Cold Peak to the north west, as they will only work there.""",“我會在那裡教阿普特·吉利迪亞和雷德圖斯·吉利迪亞。尋找西北方向的冷峰，因為他們只能在那裡工作。”
RB_3_5,"""Bring Lanatir with you, or, if you cannot convince him to come, coax from him the Wand of Power and the Sphere of Lanatir.""",“帶上拉納提爾，或者，如果你不能說服他來，就從他那裡得到力量魔杖和拉納提爾球體。”
RB_4_0,"Seek out Alliria in Lucencia. The Crystal Spring in the east offers passage to Lucencia using Apport Lucencia. Recover the Crown of Truth and the Belt of Alliria!""",尋找盧森西亞的艾莉亞。東部的水晶泉 (Crystal Spring) 提供前往盧森西亞 (Lucencia) 的通道。奪回真理之冠和艾莉莉亞腰帶！ 」
RB_4_1,"The old man appears visibly shaken by the news of Lanatir's death. After a long silence he stares off into space and mumbles, ""Is it to be that way then?""",得知拉納提爾的死訊，老人顯然感到震驚。沉默良久後，他凝視著太空，咕噥道：“就這樣嗎？”
RB_4_2,"His eyes focus upon you again, and a grim look washes over his features. ""Now you are bound for Lucencia.""",他的目光再次集中在你身上，臉上浮現出嚴峻的表情。 “現在你要去盧森西亞了。”
RB_4_3,"""To this end, I will teach thee Apport Lucencia and Reditus Lucencia which you must use at the Crystal Spring to the north east.""",“為此，我將教你阿普特·盧森西亞和雷迪圖斯·盧森西亞，你必須在東北方的水晶泉中使用它們。”
RB_4_4,"""I dare not hope Alliria lives, so I want you to recover the Crown of Truth and the Belt of Alliria. Beware, for she had a jealous consort, and he will protect her as best he can.""",“我不敢希望艾莉莉亞活著，所以我希望你奪回真理之冠和艾莉莉亞腰帶。小心，因為她有一個嫉妒的配偶，他會盡力保護她。”
RB_5_0,"""Get thee to Kinestia and recover The Hammer of Wrath and Ferofist's Helm. Your path begins in the Dwarven Mines to the south west!""",“帶你前往基內斯蒂亞並找回憤怒之鎚和費洛菲力量的頭盔。你的道路從西南邊的矮人礦井開始！”
RB_5_1,"The old man's look of grim determination withstands news of Alliria's death, but the information saps some of his strength.",老人一臉冷酷的決心，承受艾莉莉亞死亡的消息，但這個消息削弱了他的一些力量。
RB_5_2,"""Quickly then, my children, to distant Kinestia!""",“那麼，我的孩子們，快去遙遠的動力學吧！”
RB_5_3,"""Learn now, Apport Kinestia and Reditus Kinestia, which will take you to Ferofist in Kinestia if cast from the Dwarven Mines in the south west.""",“現在學習，Appport Kinestia 和 Reditus Kinestia，如果從西南部的矮人礦山施放，它將帶你到 Kinestia 的 Ferofist。”
RB_5_4,"""You must return here with The Hammer of Wrath and Ferofist's Helm. I know Ferofist yet lives, but I cannot be sure of how long he will survive.""",「你必須帶著憤怒之鎚和費羅菲力量的頭盔返回這裡。我知道費羅菲力量還活著，但我不能確定他還能活多久。”
RB_5_5,"""Hurry, the pace quickens, and the outlook is horrible if you fail!""",「快點，速度加快，失敗的話語後果不堪設想！」
RB_6_0,"""Get to Tenebrosia! Bring me the Helm of Justice and Sceadu's Cloak. Seek the Shadow Rock!""",“前往特內布羅西亞！給我帶來正義頭盔和斯卡杜斗篷。尋找暗影岩石！”
RB_6_1,"The old man's eyes narrow as you tell of Ferofist's end. ""An alliance with the dark one, did he say? It is well he realized his folly in the end.""",當你講述費羅菲力量的結局時，老人的眼睛瞇了起來。 “他是說與黑暗勢力結盟嗎？還好他最終意識到了自己的愚蠢。”
RB_6_2,"He pauses a second, and you see utter weariness send a tremor through him. ""Now to Tenebrosia for all of you.""",他停頓了一下，你看到他全身顫抖，極度疲倦。 “現在為你們所有人前往特內布羅西亞。”
RB_6_3,"I endow thee with the spells to travel there and return: Apport Tenebrosia and Reditus Tenebrosia. The spell must be cast at Shadow Rock, which can be seen towering in the east.""",我賦予你前往那裡並返回的咒語：阿普特特內布羅西亞和雷迪圖力量內布羅西亞。這個咒語必須在暗影岩施展，暗影岩在東方高聳入雲。 」
RB_6_4,"""Remember, in the land where night is day and day is night, nothing is as you know it to be. Paradox lives there - trust no one but yourselves.""",「記住，在黑夜就是白天、白天就是黑夜的土地上，一切都不是你所知道的那樣。悖論就在那裡——除了你自己，不要相信任何人。 」
RB_6_5,"""From there I require the Helm of Justice and Sceadu's Cloak.""",「從那裡我需要正義頭盔和斯卡杜斗篷。 」
RB_7_0,"""Off with you to Tarmitia, land of unceasing warfare. From the Vale to the South, thou must cast Apport Tarmitia. Recover Werra's Shield and the Strifespear.""",「帶你前往塔爾米提亞，那片戰火不斷的土地。從山谷到南方，你必須施放塔米提亞。找回維拉的盾牌和衝突之矛。 」
RB_7_1,"""No!"" the old man cries out, ""not Sceadu as well. The dark one is utterly mad. Still,"" the old man smiles, ""he burns the chaff while I sow the seed.""",「不！ 」老人喊道：「斯卡杜也不是。黑暗之人徹底瘋狂了。儘管如此，」老人微笑著說，「他燒掉了糠秕，而我則播種了。 」
RB_7_2,"""Off with you to Tarmitia, the land of unceasing warfare. A myriad of ages meld together there, and your success depends upon your ability to adapt.""",「帶你前往塔爾米提亞，那片戰火不斷的土地。無數的時代在那裡融合在一起，你的成功取決於你的適應能力。 」
RB_7_3,"""Bring me Werra's Shield and the Strifespear.""",「把維拉之盾和衝突之矛給我拿來。 」
RB_7_4,"His eyes lose their focus. ""It is almost done, the circle is almost joined.""",他的眼睛失去焦點。 「快完成了，圓圈快連起來了。 」
RB_8_0,The old man lies dead. His last request still plagues your memories. You must endure stench to get to Malefia and help Hawkslayer to defeat the Mad God Tarjan before he destroys all of reality.,老人已經死了。他最後的請求仍然困擾著你的記憶。你必須忍受惡臭才能到達馬勒菲亞，並幫助屠鷹者在狂神塔爾詹摧毀所有現實之前擊敗他。
RB_8_1,"""I know,"" the old man gurgles, ""Werra lies dead.""\n\nBlood bubbles up on his lips and joins the dark stains on the rest of his clothing. ""I, too, have been slain by the Mad One.""",「我知道，」老人咯咯笑道，「維拉已經死了。」\n\n血從他的嘴唇上冒出來，與他衣服上其他黑色的污跡融為一體。 “我也被瘋子殺了。”
RB_8_2,"""Gather up the prizes you have won, the special ones, those I requested. Hawkslayer has already ventured into Malefia, the land of EVIL.""",“收集你贏得的獎品，特別的獎品，那些我要求的獎品。鷹殺手已經冒險進入了邪惡之地馬勒菲亞。”
RB_8_3,"""I have placed the prizes in the storage building near the entrance of Skara Brae.""",“我已經把獎品放在斯卡拉布雷入口附近的倉庫裡了。”
RB_8_4,"""An acrid stench you must endure to reach the land of EVIL.""",“你必須忍受刺鼻的惡臭才能到達邪惡之地。”
RB_8_5,"""Get yourselves hence and help him. Destroy the Mad God Tarjan before he destroys all reality!!""",“你們趕緊出去幫助他。在狂神塔爾詹毀滅所有現實之前消滅他！！”
RB_8_6,"With those final words, the old man slumps over, and his body dissolves into a mist that a slight breeze stirs and blows away.",說完這句話，老者便倒了下去，身體化為一團霧氣，被微風吹散。
RB_DEFEATED_BRILLHASTI,"""Yes! You defeated Brillhasti... There is now no doubt. The prophecy begins. Take this experience and let it serve you in the coming battles.""\n\nThe old man spreads his arms and your warriors are instantly advanced to level 35, while your mages are given the wisdom of a 5th level Archmage. You are now truly ready for the adventures ahead.",「是的！你擊敗了布里哈斯蒂……現在毫無疑問。預言開始了。接受這份經驗，讓它在接下來的戰鬥中為你服務。」\n\n老人張開雙臂，你的戰士立即晉升到35級，而你的法師則獲得了5級大法師的智慧。現在你已經真正準備好迎接未來的冒險了。
RB_OLD_MAN_REWARD_XP,The old man rewards each member 600000 experience points.,老者獎勵每位成員六十萬經驗值。
RB_OLD_MAN_REENERGIZE,"With a wave of his hand, the old man re-energizes all magic users.",老者一揮手，就讓所有魔法使者重新充滿了能量。
RB_REVIEW_BOARD_EMPTY,The review board lies empty... The last elder is gone and you are alone.\n\nAll that is left is the elder's last words echoing in your mind... to endure the acrid stench that leads to the land of EVIL and to find and destroy the Mad God Tarjan before he destroys all reality!,審查板空了……最後一位長老走了，你孤單一人。 \n\n只剩下長老的遺言在你腦海中迴盪……忍受通往邪惡之地的辛辣惡臭，在狂神塔爾揚毀滅一切現實之前找到並摧毀他！
RB_HALL_OF_WIZARDS,Thou art in the hall of wizards.\n\nWould thou like...,你在巫師的大廳裡。 \n\n你想...
RB_LAST_GUILD_ELDER,The last of the guild elders is here.\n\nWould thou like...,最後一位公會長老在這裡。 \n\n你想...
RB_REVIEWED_FOR_WHAT,Wouldst thou like to be reviewed for:,您願意接受以下方面的審查嗎：
RB_ADVANCEMENT,Advancement,進步
RB_SPELL_AQUIRING,Spell Acquiring,法術獲取
RB_CLASS_CHANGE,Class Change,階級變化
RB_BUY_A_NEW_SPELL,Buy a new spell,購買新咒語
RB_TALK_TO_THE_ELDER,Talk to the elder,與長輩交談
RB_WHO_SEEKS_KNOWLEDGE,Who seeks the special knowledge of the mystic arts?,誰尋求神秘藝術的特殊知識？
RB_NOT_A_SPELLCASTER,Thou art not a spell caster!,你不是施法者！
RB_ALREADY_KNOW_SPELL,Thou already knows that spell!,你已經知道那個咒語了！
RB_CANNOT_AFFORD_SPELL,You cannot afford to learn this spell. Come back when you have at least {0} gold.,你負擔不起學習這個咒語的費用。當你至少擁有{0}金幣時再回來。
RB_LEARN_SPELL_FOR_X_GOLD,Thou may learn {0} for {1} gold.,您可以學習{0}以獲得{1}黃金。
RB_NOBODY_MAYBE_LATER,"Nobody, maybe later",沒人，也許以後
RB_YES_I_WANT_TO_LEARN,"Yes, I want to learn!",是的，我想學習！
RB_TITLE,Empty Review Board,空評審委員會
RB_CHAR_CANNOT_AFFORD_TO_LEARN,{0} cannot afford the {1} gold needed to learn this spell.,{0}買不起學習該法術所需的{1}金幣。
RB_ELDERS_TEACH_LORE,The Elders teach you the lore.,長老教你知識。
RB_GUILD_ELDER_PREPARES_TO_REVIEW,The guild elder prepares to weigh thy merits.\n\nWho shall be reviewed?,公會長老準備衡量你的功績。 \n\n誰將受到審查？
RB_ELDERS_PREPARE_TO_REVIEW,The elders prepare to weigh thy merits.\n\nWho shall be reviewed?,長老們準備衡量你的功績。 \n\n誰將受到審查？
RB_GUILD_LEADERS_PREPARE_TO_REVIEW,The guild leaders prepare to weigh thy merits.\n\nWho shall be reviewed?,會長們準備衡量你的功績。 \n\n誰將受到審查？
RB_GUILD_ELDER_DEEMS_ADVANCE,The guild elder deems that {0} hath earned a level of advancement...\n\n,公會長老認為{0}已經晉級了…\n\n
RB_GUILD_ELDER_DEEMS_NO_ADVANCE,The guild elder deems that {0} still needeth {1} experience prior to advancement...,公會長老認為{0}還需要{1}的經驗才能晉級…
RB_ELDERS_DEEM_ADVANCE,The elders deem that {0} hath earned a level of advancement...\n\n,長老們認為{0}已經獲得了晉升…\n\n
RB_ELDERS_DEEM_NO_ADVANCE,The elders deem that {0} still needeth {1} experience prior to advancement...,長老們認為{0}在晉級前仍然需要{1}的經驗...
RB_GUILD_LEADERS_ADVANCE,The guild leaders deem that {0} hath earned a level of advancement...\n\n,公會領導認為{0}已經獲得了晉升…\n\n
RB_GUILD_LEADERS_NO_ADVANCE,The guild leaders deem that {0} still needeth {1} experience prior to advancement...,公會領導人認為{0}在晉級前仍然需要{1}的經驗...
RB_NO_MEMBERS_NEED_SPELL_LEVELS,You have no members that can be taught new spell levels.,您沒有可以教導新法術等級的成員。
RB_ALREADY_MAXIMUM_SPELL_LEVEL,Thou art already at maximum spell level!,你已經達到最高法術等級了！
RB_CANNOT_LEARN_NEW_SPELLS,Thou cannot learn new spells yet!,你還不能學習新咒語！
RB_SPELL_LEVEL_COST_THEE_GOLD,{0} spell level {1} will cost thee {2} in gold.,{0}法術等級{1}將花費你{2}黃金。
RB_YOU_WILL_LEARN_SPELLS,You will learn these spells:,你將學習這些咒語：
RB_YES_PAY,"Yes, I will pay now! Teach me...",是的，我現在就付款！教我...
RB_NO_DONT_PAY,"No, I will come back later.",不，我稍後會回來。
RB_NEED_GOLD_FOR_NEW_SPELLS,You need {0} gold before you can be taught the new spells!,您需要{0}金幣才能學習新法術！
RB_OLD_MAN_TAUGHT_LORE,The old man has taught you the lore.,老人已經教你知識了。
RB_SAGES_TAUGHT_LORE,The Spell Sages have taught you the lore.,法術賢者已經教你知識了。
RB_MAGE_SEEKS_CLASS,Which mage seeks to change their class?,哪個法師想要改變他們的職業？
RB_YOU_HAVE_NO_MAGES_SEEK_CLASS,You have no mages in your party that can change class!,你的隊伍中沒有可以改變職業的法師！
RB_MUST_KNOW_3_SPELL_LEVELS,You must know at least 3 spell levels in your present art first.,您必須先了解當前藝術中至少 3 個法術等級。
RB_NO_CLASS_TO_CHANGE_TO,There is no class you can change to!,沒有可以轉的班級！
RB_CHAR_WHAT_TO_BECOME,"{0}, what wouldst thou become?",{0}，你會變成什麼？
RB_CHAR_NEW_CLASS_LEARNT_SPELLS,{0} is now a {1} and has learnt the following spells:,{0}現在是{1}並學會了以下咒語：
RB_UNDERSTAND_SACRIFICE,"Thee understands the sacrifice, dost thou not?\nThee will be stripped of all thy spells and knowledge thereof. Thee will be more powerful than ever before, but more vulnerable as well.\nDost thou accept this sacrifice?",你了解犧牲，不是嗎？ \n你將被剝奪所有的咒語和知識。你將比以往任何時候都更強大，但也更加脆弱。 \n你接受這個犧牲嗎？
RB_ARBORIA_SPELL,"Know this, the spell to enter Arboria is invoked by uttering 'Apport Arboria' and the spell to return is 'Reditus Arboria'. Be wary, for the spells only work in one place in the land.\n\nThere is a large grove of trees just southwest of Skara Brae. The spell will work there.",要知道，進入 Arboria 的咒語是透過說出「Apport Arboria」來呼叫的，返回的咒語是「Reditus Arboria」。要小心，因為這些法術只在這片土地上的一個地方運作。 \n\n斯卡拉布雷西南部有一大片樹林。該咒語將在那裡發揮作用。
BH_DRAGONSONG,Dragon Song,龍歌
BH_DRAGONSONG_1,"Dragon, dragon,\nWhy do you lair?\nUnfurl your wings, Take to the air!\nSoar high above, Far away fly,\nOr is that where, You wish to die?",龍，龍，\n你為什麼要巢穴？ \n展開你的翅膀，飛向空中！ \n翱翔高空，飛向遠方，\n還是那裡，你想死？
BH_DRAGONSONG_2,"Hawkslayer, Hawkslayer,\nWhy do you ask?\nKilling me is a difficult task.\nMy claws are sharp, my fangs sharper yet,\nAnd my breath flames, let us not forget.",鷹殺手，鷹殺手，\n你為什麼問這個？ \n殺死我是一項艱鉅的任務。 \n我的爪子很鋒利，我的獠牙更鋒利，\n還有我的噴吐火焰，讓我們不要忘記。
BH_DRAGONSONG_3,"Dragon, dragon,\nThou art quite strong.\nYour scales are bright and talons are long,\nBut a duty I have and it is clear:\nWhatever it takes, I will drive you from here.",龍，龍，\n你很強大。 \n你的鱗片明亮，爪子很長，\n但我有一個責任，而且很明確：\n無論付出什麼代價，我都會把你從這裡趕走。
BH_DRAGONSONG_4,"Hawkslayer, Hawkslayer,\nSuch a brief life.\nHave you no wish to again see your wife?\nImagine her tears and grief and despair,\nWalk away from this fight, you have not a prayer.",鷹手，鷹手，\n生命如此短暫。 \n你不想再見到你的妻子嗎？ \n想像一下她的眼淚、悲傷和絕望，\n離開這場戰鬥，你沒有祈禱。
BH_DRAGONSONG_5,"Dragon, dragon,\nHow wise thou art.\nA massive beast with such a kind heart.\nI do wish to kiss my wife and my heir,\nPray, fly to the mountains and await me there.",龍，龍，\n你多聰明。 \n一隻巨大的野獸，有著如此善良的心。 \n我真想親吻我的妻子和我的繼承人，\n祈禱，飛到山上在那裡等我。
BH_DRAGONSONG_6,"Hawkslayer, Hawkslayer,\nI thought you were brave.\nHere I await you, deep in this cave.\nCome, little man, and I'll eat your brain,\nThen ravage Lucencia again and again.",鷹殺手，鷹殺手，\n我以為你很勇敢。 \n我在這裡等你，在這個洞穴深處。 \n來吧，小傢伙，我要吃掉你的大腦，\n然後一次又一次地蹂躪盧森西亞。
BH_DRAGONSONG_7,"Dragon, dragon,\nGreat is your heart.\nMassive your body, but you are not smart.\nThe rumble you hear and the dust in the air?\nI've closed the cave off and trapped you in there.",龍，龍，\n你的心很偉大。 \n你的身體很大，但你並不聰明。 \n你聽到的隆隆聲和空氣中的灰塵？ \n我已經關閉了洞穴，把你困在裡面。
BH_DRAGONSONG_8,"Hawkslayer, Hawkslayer,\nOthers will come.\nI will wait but I will not succumb.\nHero you are, and incredibly sly,\nBut the future I know and a hero you'll die...",鷹手，鷹手，\n其他人會來。 \n我會等待，但我不會屈服。 \n你是英雄，而且非常狡猾，\n但我知道未來，你是個會死的英雄...
BH_FLOWERSONG,Flower Ballad,花謠
BH_FLOWERSONG_1,"He was born with the red, red rose,\nSign of his blood, was the link to the past.",他生來就帶著紅紅的玫瑰，\n他血脈的標誌，是與過去的連結。
BH_FLOWERSONG_2,"In battle, he won the blue, blue rose,\nBlossom of his valor, his weapons were cast.",在戰鬥中，他贏得了藍色，藍色的玫瑰，\n他的勇氣綻放，他的武器被鑄造。
BH_FLOWERSONG_3,"She was for him the yellow, yellow rose,\nHer spirit divine, his love would always last.",她對他來說是黃玫瑰，\n她的精神神聖，他的愛將永遠持續。
BH_FLOWERSONG_4,"His pledge he made o'er the white, white rose,\nAnd she accepted it as sooth, and remained his steadfast.",他向那朵白玫瑰許下諾言，\n她欣慰地接受了它，並保持了他的堅定。
BH_FLOWERSONG_5,"So he made for her the rainbow rose,\nLike Alliria's beauty, a blossom unsurpassed.",於是他為她製作了彩虹玫瑰，\n就像艾莉莉亞的美麗，無與倫比的花朵。
BH_TARJANSONG,Gale of Gods,諸神之風
BH_TARJANSONG_1,"Mad god, bad god,\nThrust from the sky,\nFoolish god, ghoulish god.\nWe can't hear you cry.",瘋狂的神，邪惡的神，\n從天而降的力量，\n愚蠢的神，殘忍的神。 \n我們聽不到你的哭泣。
BH_TARJANSONG_2,"Rude god, crude god,\nWhy must you terrify?\nError god, terror god,\nDo not your future scry.",粗魯的神，粗魯的神，\n你為什麼要恐懼？ \n錯誤的神，恐怖的神，\n不要占卜你的未來。
BH_TARJANSONG_3,"Clever god, never god,\nYour time is nigh.\nDire god, liar god,\nWhy won't you just die?",聰明的神，絕不是神，\n你的時代即將來臨。 \n可怕的神，騙子神，\n你為什麼不去死呢？
BH_EVILSONG,Evil's Bane,邪惡之禍
BH_EVILSONG_1,"In the land of no time,\nThe Clock within burns like a flame,",在沒有時間的土地上，\n裡面的時鐘像火焰一樣燃燒，
BH_EVILSONG_2,Locking each in his own crime:\nOne can only leave when he came.,將每個人鎖定在自己的罪行中：\n只有來了才能離開。
BH_GREETING,Welcome and be happy o'weary travellers! Step to the stage and listen to my tales.\n\nYou can:,歡迎各位旅客，祝您旅途愉快！走上舞台，聽我講故事。 \n\n你可以：
BH_LISTEN_TO_BARD,Listen to the bard,聽吟遊詩人的話
BH_THESE_SONGS_I_KNOW,These are the songs I know:,這些是我知道的歌曲：
BH_NO_BARDS_THAT_DONT_KNOW_SONG,There are no bards in your party that don't already know this song.,你們隊伍中沒有一個吟遊詩人不知道這首歌。
BH_COST_X_GOLD_FOR_SONG,"The bard smiles and says, ""That one will cost thee {0} gold, since your bards will learn the magic of my song.""\n\n",吟遊詩人微笑著說：「那一首將花費你{0}金幣，因為你的吟遊詩人將會學習我歌曲的魔力。」\n\n
BH_COME_BACK_WITH_GOLD,Come back when you have enough gold!,等金幣夠了就回來吧！
BH_BARD_PLAYS_SONG,The bard plays the song and you memorize the lines.,吟遊詩人演奏這首歌，你記得歌詞。
GET_OUT_CLOSED_FOR_NIGHT,"Sorry, you have to leave. We are closed for the night!",抱歉，你必須離開了。我們晚上不營業！
GARTHS_WELCOME,"Welcome to Garth's Equipment Shoppe, oh wealthy travellers! Which of you is interested in my fine wares?",歡迎來到 Garth 的裝備商店，哦，富有的旅行者！你們誰對我的精美商品感興趣？
GARTHS_GREETING_CHAR,Greetings {0}.\n,問候{0}。 \n
GARTHS_CHAR_HAS_NO_FREE_INVENTORY,{0} has no free inventory slots.,{0}沒有可用的庫存槽位。
GARTHS_CHAR_HAS_NO_SPACE,Your party has no space for new items. You need to drop or equip something.,您的隊伍沒有空間容納新物品。你需要放下或裝備一些東西。
CHAR_HAS_X_GOLD,{0} has {1} gold,{0}有{1}金幣
GARTHS_CHAR_CHOOSE_ITEM,"{0}, choose an item:",{0}，選擇一個項目：
GARTHS_NO_SPACE,You don't not have space in your inventory!,您的庫存中沒有空間！
GARTHS_NO_ITEMS_TO_SELL,You have no items to sell.,您沒有可出售的物品。
GARTHS_HAS_GOLD_SELL_ITEM,"{0} has gold {1}, sell item:",{0}有金幣{1}，出售物品：
GARTHS_SELECT_ITEM_TO_SELL,Select item to sell:,選擇要出售的商品：
GARTHS_CANNOT_SELL_EQUIPPED,Cannot sell an item while it is equipped!,裝備後無法出售物品！
GARTHS_CHAR_HAS_X_GOLD_IDENTIFY,"{0} has {1} gold, identify:",{0}有{1}金幣，識別：
GARTHS_SELECT_ITEM_IDENTIFY,Select item to identify:,選擇要識別的項目：
GARTHS_IDENTIFIED_ITEM,An unidentified {0},未鑑定的{0}
GARTHS_NO_ITEMS_NEED_IDENT,You have no items that need identifying.,您沒有需要識別的物品。
GARTHS_TRY_ROSCOES,Try Roscoe's Energy Emporium if you have some magical items with unidentified special uses.,如果您有一些具有不明特殊用途的魔法物品，請嘗試Roscoe的能量商場。
GARTHS_ITEM_ALREADY_IDENTIFIED_TRY_MAGIC,The item is already identified! Only through magic can you learn more about it...,該項目已被識別！只有透過魔法，你才能了解更多…
GARTHS_ITEM_ALREADY_IDENTIFIED_TRY_ROSCOE,The item is already identified! Perhaps Roscoe can tell you more...,該項目已被識別！也許Roscoe可以告訴你更多...
GARTHS_PURCHASED,PURCHASED,已購買
GARTHS_PURCHASED_EQUIPPED,PURCHASED AND EQUIPPED,購買並裝備
PARTY_EXPIRED,"Alas, your party has expired, and has gone to adventurer heaven.",唉，你的隊伍已經過期了，已經去了冒險家天堂了。
SORRY_BUD,"Sorry, bud",對不起，芽
ROSCOES_WELCOME,"Welcome, my friends, to Roscoe's Energy Emporium.",我的朋友們，歡迎來到Roscoe能源商場。
ROSCOES_WHO_NEEDETH_POINTS,Who needeth spell points restored?,誰需要恢復法術點數？
ROSCOES_RESTORE_ALL,Restore spell points for all mages,恢復所有法師的法術點數
ROSCOES_COME_AGAIN,Come visit me when you have mages that require spell points restored.,當你有需要恢復法術點數的法師時就來找我吧。
ROSCOES_I_PROVIDE_INSIGHTS,I can also provide insights about your magical items.,我還可以提供有關您的魔法物品的見解。
ROSCOES_IDENTIFY_ITEM,Identify magic item,識別魔法物品
ROSCOES_PARTY_HAS_NO_ITEMS,Your party has no items that need identifying.,您的隊伍沒有需要辨識的物品。
ROSCOES_CHOOSE_ITEM,Choose an item to identify:,選擇一個項目來識別：
ROSCOES_WILL_YOU_PAY,I can identify this item for {0} gold. Who will pay?,我可以識別出該物品為{0}金幣。誰來付錢？
ROSCOES_COME_BACK_WHEN_YOU_CAN_AFFORD,My services would cost {0} gold. Be sure to come back when you can afford it.,我的服務需要花費{0}金幣。當你能負擔的時候，一定要回來。
ROSCOES_ITEM_WAS_IDENTIFIED,Item was identified as:\n{0}\n{1},項目被識別為：\n{0}\n{1}
ROSCOES_CHAR_DOES_NOT_NEED_REST,{0} does not require restoration.,{0}不需要恢復。
ROSCOES_CHAR_NEEDS_REST,{0} has some definite spell point problems. It will cost {1} in gold.,{0}有一些明確的法術點問題。它將花費{1}的金幣。
ROSCOES_YES_RECHARGE,"""Yes, I want the recharge.""",“是的，我想要充值。”
ROSCOES_NO_RECHARGE,"""No, maybe later.""",“不，也許以後吧。”
ROSCOES_NO_CHAR_HAS_MONEY,"""I am sorry, but no character has enough gold to pay!""",“抱歉，沒有角色有足夠的金幣來支付！”
ROSCOES_ENERGIZES_CHAR,Roscoes re-energizes {0}.,Roscoes 為{0}注入活力。
ROSCOES_MAGES_NEED_RECHARGE,Your mages do indeed have need of my spell point recharge service. My price is {0} gold.,你們的法師確實需要我的法術點數儲值服務。我的價格是{0}金幣。
ROSCOES_COME_AGAIN_WITH_GOLD,Come back when you can afford my services.,當你能負擔得起我的服務時再來。
ROSCOES_YES_RECHARGE_ALL,"""Yes, recharge all my mages.""",“是的，給我所有的法師充能。”
ROSCOES_CHAR_REENERGIZED,{0} is re-energized!,{0}再次充滿活力！
Identify Magic Item,Identify Magic Item,識別魔法物品
Treasure,Treasure,寶藏
TREASURE_EACH_CHAR_RECEIVES_XP,Each character receives {0} experience points for valor and battle knowledge.,每個角色都會獲得{0}勇氣和戰鬥知識經驗值。
TREASURE_EACH_CHAR_RECEIVES_GOLD,Each character receives {0} pieces of gold.\n,每個角色都會收到{0}塊金幣。 \n
TREASURE_PARTY_RECEIVES_GOLD,The party receives {0} pieces of gold.\n,該方收到{0}塊金幣。 \n
BANK_SELECT_CHAR_GREETINGS,Greetings honored ones. Welcome to Bedder's Bank for the Bold.\nWho would like to do some banking?,尊敬的各位，您好。歡迎來到貝德大膽者銀行。 \n誰願意辦理銀行業務？
BANK_GREETINGS_CHAR,Greetings {0}. What can I do for you today?\n,問候{0}。今天我能為您做些什麼嗎？ \n
BANK_GREETINGS,Greetings honored ones. Welcome to Bedder's Bank for the Bold.\n,尊敬的各位，您好。歡迎來到貝德大膽者銀行。 \n
BANK_CURRENT_DEPOSIT,Current Deposit: {0:n0} Gold,目前存款：{0:n0} 金幣
BANK_CURRENT_ITEMS,Current Items Held: {0} / {1},目前持有的物品：{0}/{1}
BANK_DEPOSIT_GOLD,Deposit some gold,存入一些黃金
BANK_WITHDRAW_GOLD,Withdraw some gold,提取一些黃金
BANK_BUY_SAFE_DEPOSIT,Buy 10 safe deposit slots ({0:n0} gold),購買 10 個安全存款位（{0:n0} 金幣）
BANK_STORE_ITEMS,Store items,儲存物品
BANK_RETRIEVE_ITEMS,Retrieve items,檢索物品
BANK_END_DEALINGS,End dealings,結束交易
BANK_NOT_ENOUGH_GOLD_TO_BUY_SLOT,You do not have enough gold to buy another safety deposit slot!,您沒有足夠的黃金來購買另一個安全存款槽！
BANK_HOW_MUCH_TO_DEPOSIT,How much would you like to deposit?\n,您想存入多少錢？ \n
BANK_CARRYING_GOLD,You are carrying: {0:n0} Gold,您攜帶：{0:n0} 金幣
BANK_YOUR_GOLD_WAS_DEPOSITED,"""Your gold has been deposited. Thank you, it will be safe with us.""",“您的金幣已存入。謝謝您，在我們這裡會很安全。”
BANK_YOU_DONT_HAVE_MONEY,You don't have that much money! What are you trying to pull here buddy?,你沒有那麼多錢！你想在這裡拉什麼夥計？
BANK_SORRY_DONT_UNDERSTAND,"""Sorry, I don't understand you!""",“對不起，我不明白你的意思！”
BANK_SORRY_NO_DEPOSITS,"""I'm sorry, but you don't currently have any deposits with us.""",“抱歉，您目前在我們這裡沒有任何存款。”
BANK_HOW_MUCH_TO_WITHDRAW,How much would you like to withdraw?\n,您想提取多少錢？ \n
BANK_GOLD_HAS_BEEN_WITHDRAWN,"""Your gold has been withdrawn. Thank you, we hope you'll bank with us again in the future.""",“您的金幣已提取，謝謝您，希望您以後再到我們這裡存錢。”
BANK_DO_NOT_OWN_SAFTEY_SLOTS,You do not own any safety deposit slots. You will need to buy some first!,您不擁有任何存款槽位。你需要先買一些！
BANK_ALL_SLOTS_ARE_FULL,I'm sorry but all your safety deposit slots are full!,抱歉，您所有的存款槽位均已滿！
BANK_NO_ITEMS_TO_STORE,You have no items to store.,您沒有可存放的物品。
BANK_SELECT_ITEM_TO_STORE,Select item to store:,選擇要儲存的項目：
BANK_STORE_ITEM,Store item,儲存物品
BANK_STORED,STORED,已儲存
BANK_NO_CURRENT_ITEMS,We are not currently holding any of your items!,我們目前沒有保留您的任何物品！
BANK_NO_INVENTORY_SPACE,You have no inventory space to retrieve any items from the Bank!\n\nYou should drop or sell some items first.,您沒有庫存空間來從銀行取回任何物品！ \n\n您應該先丟棄或出售一些物品。
BANK_SELECT_ITEM_TO_RETRIEVE,Select item to retrieve:,選擇要檢索的項目：
BANK_RETRIEVE_ITEM,Retrieve item,檢索物品
no charge,no charge,不收費
gold,gold,黃金
TEMPLE_WELCOME_THIEVES,Welcome to the temple of the Thieves.\n\nNo charge to guild members for our services.\n,歡迎來到盜賊神殿。 \n\n我們的服務不向公會會員收取任何費用。 \n
TEMPLE_WELCOME,"Welcome, oh weary ones, to our humble temple.\n",歡迎，疲憊的人們來到我們簡陋的寺廟。 \n
TEMPLE_WHO_NEED_HEAL,Who needeth healing?,誰需要醫治？
TEMPLE_HEAL_ENTIRE_PARTY,Heal entire party?,治癒整個隊伍？
REQUIRES_X_GOLD,Requires {0} gold,需要{0}金幣
TEMPLE_RETURN_WHEN_NEED_HEALING,Visit us when a party member has need of healing.,當隊員需要療癒時就來找我們吧。
TEMPLE_EXIT,Exit the temple,退出寺廟
TEMPLE_CHAR_NO_REQUIRE_HEAL,{0} does not require any healing.,{0}不需要任何治療。
TEMPLE_CHAR_IN_BAD_SHAPE,"{0} is in bad shape, indeed. Thou must offer {1} in gold to the gods.",{0}的狀態確實不好。你必須向眾神獻上{1}的黃金。
TEMPLE_YES_HEAL,"Yes, perform the healing.",是的，進行治療。
TEMPLE_YES_HEAL_PARTY,"Yes, heal the entire party.",是的，治癒整個隊伍。
NO_IT_COSTS_TOO_MUCH,"No, it costs too much.",不行，成本太高了。
TEMPLE_CHAR_NEEDS_HEALING,{0} has wounds which need tending. Thou must make an offering of {1} gold.,{0}有傷口需要照顧。您必須奉獻{1}金。
TEMPLE_PARTY_NEEDS_MINOR_HEALING,"Your party requires some minor medical attention. If thou wilt offer {0} gold to the gods, we can attend to all your wounds at once.",您的聚會需要一些輕微的醫療照護。如果您願意向眾神獻上{0}金幣，我們可以立即處理您所有的傷口。
TEMPLE_PARTY_NEEDS_MEDIUM_HEALING,"You party has taken much damage from battle. If thou wilt offer {0} gold to the gods, we can aid thee.",你的隊伍在戰鬥中受到了極大的傷害。如果您願意向眾神提供{0}黃金，我們可以幫助您。
TEMPLE_PARTY_NEEDS_MAJOR_HEALING,"Your party is in bad shape, indeed. If thou wilt offer {0} gold to the gods, we shall restore all your members to full health.",你們黨的狀況確實很糟。如果您願意向眾神獻上{0}金幣，我們將使您所有的成員恢復完全健康。
TEMPLE_LAY_HANDS_ON,The priests lay hands on {0}...,牧師們把手放在{0}身上...
TEMPLE_AND_IS_HEALED,... and {0} is healed!,……{0}痊癒了！
TEMPLE_CHAR_IS_DESTONED,{0} is destoned...,{0}已經註定了…
TEMPLE_CHAR_IS_RESURRECTED,{0} is resurrected...,{0}復活了…
TEMPLE_CHAR_IS_CURED_POISON,{0} is cured of poison...,{0}的毒被治癒了…
TEMPLE_CHAR_IS_CURED_PARALYSIS,{0} is cured of paralysis...,{0}的癱瘓被治癒了…
TEMPLE_CHAR_IS_CURED_OLD,{0} is cured of withering...,{0}的枯萎被治癒了…
TEMPLE_CHAR_IS_CURED_POSSESSION,{0} is cured of possession...,{0}被治癒了…
TEMPLE_CHAR_IS_CURED_INSANTY,{0} is cured of insanity...,{0}的瘋狂被治癒了…
TEMPLE_CHAR_IS_CURED_DRAIN,{0} is cured of level drain effects...,{0}已治癒水平流失效應...
TEMPLE_CHAR_IS_HEALED,{0} is healed...,{0}已經痊癒了…
TAVERN_GREETING,"Hail, Travellers! Step to the bar and I'll draw you a tankard.\n\nWho will step up to the bar?",哈嘍，旅人！到吧台來，我給你倒一杯酒。 \n\n誰來到吧台？
TAVERN_EXIT,Exit the tavern,退出酒館
TAVERN_SCARLET_BARD,The Scarlet Bard,猩紅吟遊詩人
TAVERN_SCARLET_BARD_APPROACH,You are in what seems to be the wreckage of the old Dragonbreath Inn. A bard playing solemn tunes on his lute sits in the corner. Who will approach him?,你身處的地方似乎是舊龍息旅店的廢墟。角落裡坐著一位吟遊詩人，用魯特琴演奏著莊嚴的曲調。誰會接近他？
TAVERN_SCARLET_BARD_GREET,"""Greetings, my friend. It is good to see the living amongst so much death. I am here trying to sing the ghosts of this place to rest.",「你好，我的朋友。很高興在如此多的死亡中看到生者。我在這裡試圖為這個安息之地的鬼魂歌唱。
TAVERN_SCARLET_BARD_GREET_NOT_BARD,"If you were a Bard, I could possibly teach you some songs, but since you are not, I'm afraid I cannot help you.""",如果你是吟遊詩人，我或許可以教你一些歌曲，但既然你不是，恐怕我幫不了你。 」
TAVERN_SCARLET_BARD_GREET_BARD,"For {0} gold I could teach you some magical songs. I apologize for asking so much, but the money will go toward the refugees and (I hope) to one day help rebuild Skara Brae.""",為了{0}金幣，我可以教你一些神奇的歌曲。我很抱歉要求這麼多，但這筆錢將捐給難民，並（我希望）有一天幫助重建斯卡拉布雷。 」
TAVERN_LEAVE_THE_BARD,Leave the bard for now,暫時離開吟遊詩人
TAVERN_TEACH_ME_A_SONG,Teach me a song,教我一首歌
TAVERN_SCARLET_BARD_NO_ENOUGH_GOLD,"I'm sorry, but I must insist on {0} gold payment in advance. Come back when you have the gold.",對不起，但我必須堅持提前支付{0}金幣。等你有金子了就回來吧。
TAVERN_SCARLET_BARD_CHOOSE_SONG,"Choose a song, you have {0} gold to spend...",選擇一首歌曲，你有{0}金幣可以花...
TAVERN_SCARLET_BARD_KNOW_ALL_SONGS,"""I'm sorry my friend but you already know all my songs.""",「我很抱歉我的朋友，但你已經知道我所有的歌曲了。 」
TAVERN_SCARLET_BARD_TAUGHT_CHAR,The Scarlet Bard has taught {0} how to play {1}.,猩紅吟遊詩人教了{0}如何玩{1}。
TAVERN_NO_CONDITION_TO_ORDER,Thou are in no condition to order anything. Come back when you sober up a bit.,你沒有條件訂購任何東西。等你清醒一點再回來。
TAVERN_GOOD_DAY,Good day to you {0}. What can I do for you today?\n,祝你有美好的一天{0}。今天我能為您做些什麼嗎？ \n
TAVERN_SCARLET_BARD_IS_HERE,There is a red-headed bard in the corner. The locals call him 'The Scarlet Bard' and he is a master of song magic.\n,角落裡有一個紅髮吟遊詩人。當地人稱他為“猩紅吟遊詩人”，他是一位歌曲魔法大師。 \n
TAVERN_APPROACH_BARD,Approach the Scarlet Bard,接近猩紅吟遊詩人
TAVERN_ORDER_DRINK,Order a drink,點一杯飲料
TAVERN_BUY_WINESKIN,Buy a wineskin,買個酒袋
TAVERN_TALK_TO_BARKEEP,Talk to the barkeep,與酒保交談
TAVERN_LEAVE_BAR,Leave the bar,離開酒吧
TAVERN_SCARLET_BARD_WELCOME_BT2,"Well met. Your stories precede you, my friends. We all fight in the best way we can. Would you like to hear the song I am composing of your deeds? Your example gives the people hope.\n\nI also know some magical tunes that I could sell thee.",好遇見。我的朋友們，你們的故事先於你們。我們都以最好的方式戰鬥。你想聽聽我為你的事蹟創作的歌曲嗎？你的例子給了人們希望。 \n\n我還知道一些神奇的曲子，我可以賣給你。
TAVERN_SCARLET_BARD_LISTEN,Listen to his composition,聽聽他的作曲
TAVERN_SCARLET_BARD_WELCOME_BT3,Welcome my good fellows. I have travelled these lands and come to learn many great songs of legend. For the right price I could teach you some songs that might save your life one day!,歡迎我的好夥伴們。我走遍了這些土地，學習了許多偉大的傳奇歌曲。只要價格合適，我可以教你一些歌曲，有一天可能會拯救你的生命！
TAVERN_SCARLET_BARD_BUY_TUNES,Buy magical tunes,購買神奇的曲子
TAVERN_SCARLET_BARD_RETURN,Return to the bar,返回酒吧
TAVERN_SBSONG_1,"Beyond the Bard's Tale, as was told,

An epic great will now unfold

And in the quest, before thy sight,

A mortal man becomes the Knight.



Of wounds this many can never die;

His lips will never, voice the cry

Which doomed another, ages gone

Who now is trapped as evil's pawn.","正如所講述的，超越冰城傳奇，
 
 一個史詩般的偉人現在將展開 
 
 在任務中，在你的眼前，
 
 一個凡人成為騎士。 
 
 
 
 這麼多的傷口永遠不會死； 
 
 他的嘴唇永遠不會發出哭泣的聲音 
 
 這注定了另一個，歲月一去不復返 
 
 現在被困為邪惡的棋子。"
TAVERN_SBSONG_2,"Of puissant might and matchless brawn

The knight's fierce fate is plainly drawn

Upon the tome of life, in fact

And in this power lies the pact.



So seek the wand, and face the snare

Yet in no way can you prepare

For Zanta's wrath and endless guile -

Now try the quest, friend... for a while.","強大的力量和無與倫比的肌肉 
 
 騎士的殘酷命運被清楚地描繪在生命的書卷上，事實上 
 
 而在這種力量中蘊藏著契約。 
 
 
 
 所以，尋找魔杖，面對陷阱 
 
 然而，你無法為贊塔的憤怒和無盡的詭計做好準備 
 
 - 
 
 現在嘗試這個任務，朋友……一段時間。"
TAVERN_SB_SONG_NOT_BARD,"Well met, good friend. If only you were a Bard I'm sure I could teach you a thing or two.",很高興認識，好朋友。如果你是吟遊詩人的話，我相信我可以教你一兩件事。
TAVERN_SB_SONG_NEED_GOLD,"Well met, fine Bard. I teach song magic but I fear my prices may be too steep for you. Come back when you have {0:n0} gold",很高興見到，優秀的吟遊詩人。我教歌曲魔法，但我擔心我的價格對你來說可能太貴了。當你有 {0:n0} 金幣時回來
TAVERN_SB_WANT_TO_BUY_SONG,"Well met fine Bard. I know a lot of powerful song magic. For {0:n0} gold, I'll teach you one. What song would you like to know?",很高興認識了優秀的吟遊詩人。我知道很多強大的歌曲魔法。對於 {0:n0} 黃金，我會教你一個。你想知道哪首歌？
TAVERN_SB_NOTHING_MORE_TO_TEACH,I'm sorry my friend but there is nothing more I can teach you.,我很抱歉我的朋友，但我無法再教你了。
TAVERN_SB_TAUGHT,The Scarlet Bard has taught {0} how to play {1}.,猩紅吟遊詩人教了{0}如何玩{1}。
TAVERN_DO_YOU_WANT_WINESKIN,"I can give you a wineskin full of our best spirits.\n\nIt's 5 gold per serve, and the wineskin can hold up to 10 serves.\n\nHow many do you want?""",我可以給你一個裝滿我們最好的靈魂的酒袋。 \n\n每份5金幣，一個酒袋最多可以容納10份。 \n\n你想要多少？ 」
TAVERN_WINESKIN_BAD_SERVES,"Listen bud, the wineskin can only hold between 1 and 10 serves. Let's try that again...",聽著，夥計，酒袋只能容納 1 到 10 份。讓我們再試一次...
TAVERN_WINESKIN_NO_GOLD,That'd cost {0} gold and looks like that's a bit steep for your sort. Why don't you come back when you have more coin!,這需要花費{0}金幣，對你這種人來說似乎有點貴了。當你有更多的硬幣時，為什麼不回來呢！
TAVERN_DONT_UNDERSTAND,"I got no idea what you said? Maybe you've had enough drink already, eh?",我不知道你說什麼？也許你已經喝夠了，嗯？
DRUNK_MSG_0,You feel a little light-headed.,你覺得有點頭暈。
DRUNK_MSG_1,You start hiccupping.,你開始打嗝。
DRUNK_MSG_2,You begin to sing 99 bottles of beer on the wall.,你開始在牆上唱99瓶啤酒。
DRUNK_MSG_3,You seem to have a hard time staying on the bar stool.,你似乎很難在吧台凳上待下去。
DRUNK_MSG_4,You collapse on the floor.,你倒在地板上。
GIRLS_NOT_IMP_0,The girls in the tavern laugh at you.,酒館裡的女孩們嘲笑你。
GIRLS_NOT_IMP_1,The girls in the tavern are not impressed!,酒館裡的女孩們不以為然！
GIRLS_NOT_IMP_2,No-one is impressed.,沒有人留下深刻的印象。
TAVERN_SEAT_THYSELF,"Seat thyself, {0}.\nWhat'll it be?",坐下吧，{0}。 \n會是什麼？
Ale,Ale,麥芽酒
Beer,Beer,啤酒
Mead,Mead,米德
Foul spirits,Foul spirits,惡酒
Ginger Ale,Ginger Ale,薑汁汽水
Wine,Wine,酒
TAVERN_NOT_BAD,Not Bad!,不錯！
TAVERN_NOT_WELL,You don't feel too well!,你覺得不太舒服！
TAVERN_KICK_OUT,"In fact, thy party is a disgrace...\n\nBouncers!!!",事實上，你的隊伍是一種恥辱...\n\n保鑣！ ！ ！
TAVERN_ENTER_TIP,"""Talk aint cheap"" the barkeep says.\nHow much will you tip him?",酒保說：「說話可不便宜」。 \n你會給他多少小費？
TAVERN_NEG_TIP,I don't understand... you want ME to pay YOU? That aint gonna happen bud!,我不懂...你想讓我付錢給你嗎？那不會發生的，夥計！
TAVERN_ZERO_TIP,"Yeah, I got a free tip for ya... Nothings for free!",是的，我給你提供了免費小費……沒有什麼是免費的！
TAVERN_UNKNOWN_TIP,"What kind of tip is that? I just accept gold, bud!",那是什麼樣的提示？我只接受金子，老兄！
TAVERN_TO_WINE_CELLAR,"The barkeep says, ""Go down to the cellar and pick out a bottle.""",酒保說：「到地窖裡挑一瓶。 」
TAVERNTIP_BT1_0,"""The guardians can be deadly"", the barkeep smirks.",“守衛者可能是致命的”，酒保傻笑道。
TAVERNTIP_BT1_1,"""A taste of wine might turn to ready adventure"", the barkeep chuckles.",“品嚐葡萄酒可能會變成準備好的冒險”，酒吧老闆笑著說。
TAVERNTIP_BT1_2,"""Look for the Review Board on Trumpet Street"", the barkeep whispers,",“尋找喇叭街的評審委員會”，酒保低聲說道，
TAVERNTIP_BT1_3,"""The gates cannot be scaled, but an entrance always exists"", the barkeep stutters.",“大門無法攀登，但入口永遠存在”，酒保結結巴巴地說。
TAVERNTIP_BT1_4,"""The Stone Golem has been spoken of twofold"", the barkeep smiles.",“人們對石傀儡有雙重的說法”，酒保微笑道。
TAVERNTIP_BT1_5,"""The Spectre Snare can draw in even the mightiest"", the barkeep grumbles.",“幽靈圈套甚至可以吸引最強大的人”，酒保抱怨道。
TAVERNTIP_BT2_0,"""Seek knowledge from the sage,"" the barkeep smirks.",「向聖人求學。 」酒保傻笑道。
TAVERNTIP_BT2_1,"""The Scarlet Bard likes his ale... Some more coin might help me remember his favorite tavern..."" the barkeep chuckles.",「猩紅吟遊詩人喜歡他的啤酒……再多一些硬幣也許能幫助我記住他最喜歡的酒館……」酒保輕笑道。
TAVERNTIP_BT2_2,"""The Sage charges 500 in gold for information on magical items,"" the barkeep whispers.",「聖人收取有關魔法物品的資訊 500 金幣，」酒保低聲說道。
TAVERNTIP_BT2_3,"""Seek the Masterkey to pass the gates,"" the barkeep stutters. ""The crypt lies in the wilderness,"" the barkeep whispers.",「尋找通過大門的萬能鑰匙，」酒保結結巴巴地說。 「墓穴位於荒野中，」酒保低聲說。
TAVERNTIP_BT2_4,"""The Scarlet Bard's is often hanging around the Greysword Inn in the south end of Ephesus."" the barkeep informs you.",「血色吟遊詩人常出沒在以弗所南端的灰劍旅館附近。 」酒保會通知你。
TAVERNTIP_BT2_5,"""The Dreamspell can be learned from the rock,"" the barkeep grumbles.",「夢咒可以從岩石中習得，」酒保抱怨道。
TAVERNTIP_BT2_6,"""Every city has one dungeon within it,"" the barkeep grumbles.",「每個城市裡都有一個地下城，」酒保抱怨道。
TAVERNTIP_BT2_7,"""Traecham solved his task by chilling; he said 'F.....',"" the barkeep mutters.",「特雷徹姆透過冷靜解決了他的任務；他說『F......’，」酒保嘀咕道。
TAVERNTIP_BT2_8,"""Oscon was sorcerer to Count Waldec... until he turned coat and slew him. Rumour is he’s working with Lagoth Zanta,"" the barkeep grumbles.",「奧斯康是瓦爾德克伯爵的巫師……直到他翻身殺死了他。有傳言說他正在與拉戈斯·贊塔合作。 」酒保抱怨道。
TAVERNTIP_BT2_9,"""There’s a tower in Philippi... it just appeared one day, out of nothing... Some say it comes from another realm, whatever the heck that means,"" the barkeep whispers.",「腓立比有一座塔……有一天，它憑空出現……有人說它來自另一個王國，不管這是什麼意思，」酒保低聲說道。
TAVERNTIP_BT3_0,"""There's a building in Skara Brae where some of the survivors stashed their goods. It may be helpful,"" smiles the bartender.",「斯卡拉布雷有一棟建築，一些倖存者藏匿了他們的物品。這可能會有幫助，」調酒師微笑著說。
TAVERNTIP_BT3_1,"""Be on the lookout for the magic gems, your spellcasters will need them""",“留意魔法寶石，你的施法者會需要它們”
TAVERNTIP_BT3_2,"""There lies another bar in Celaria Bree, seek it. It exists only in the dimension called Lucencia.""",“塞拉莉亞布莉還有一個酒吧，去找吧。它只存在於叫路森西亞的維度。”
TAVERNTIP_BT3_3,"""Seek out the old man in the Review Board. He keeps watch over everything.""",“去找評審委員會的那位老人。他監視著一切。”
TAVERNTIP_BT3_4,"""Go to the bard's hall and listen to the songs they sing. They contain useful information.""",「去吟遊詩人的大廳，聽聽他們唱的歌曲。裡面有有用的信息。」
TAVERNTIP_BT3_5,"""There is said to be a key existing in the Violet Mountains, this will gain access to Cyanis's Tower""",“據說紫羅蘭山脈裡有一把鑰匙，用它可以進入西雅尼斯之塔”
TAVERNTIP_BT3_6,"""Ack! It's not just a word, but a state of mind.""",「咳！這不僅僅是一個詞，而是一種心態。」
TAVERNTIP_BT3_7,"""The key to finding Sceadu is finding the lock.""",“找到斯卡杜的關鍵是找到鎖。”
TAVERNTIP_BT3_8,"""Sceadu can be found in the middle of Nowhere.""",“斯卡杜可以在荒無人煙的地方找到。”
TAVERNTIP_BT3_9,"""Seek Werra in Tarmitia.""",“去塔爾米提亞尋找維拉。”
Chest,Chest,胸部
CHEST_INTRO,There is a chest here.,這裡有一個箱子。
CHEST_ZANDUVAR_CARACK,"The magic sounds of the Zanduvar Carack protects you from any trap, so you open it.",贊杜瓦卡拉克的魔法聲音可以保護你免受任何陷阱的傷害，所以你可以打開它。
CHEST_ROGUE_AUTO_DISARM,{0} uses {1} 100% chance of disarming traps to identify the trap on this chest and disarm it.,{0}使用{1}100% 幾率解除陷阱來識別該箱子上的陷阱並解除它。
CHEST_CHAR_DISCOVERS_TRAP,{0} discovers a trap - {1}.\n,{0}發現陷阱 -{1}。 \n
CHEST_NO_TRAP_DETECTED,No-one is able to detect any traps on the chest.\n,沒有人能夠發現箱子上有任何陷阱。 \n
CHEST_WHAT_WILL_YOU_DO,What will you do?,你會做什麼？
Disarm,Disarm,解除
chance,chance,機會
Trap Zap,Trap Zap,陷阱電擊
spellpoints,spell points,法術點
CHEST_OPEN_UNCHECKED,Open it unchecked,未選取的情況下打開它
CHEST_LEAVE_IT,Leave it,留下它
CHEST_NO_CHARACTERS,There are no characters that can do that!,沒有任何角色可以做到這一點！
CHEST_WHO_WILL_OPEN,Who will open it?,誰來打開它？
CHEST_YOU_SET_OFF_TRAP,You set off the trap - {0}\n\n,你引爆了陷阱 -{0}\n\n
CHEST_SUCCESS,Success!!,成功！ ！
CHEST_CHAR_NOT_ENOUGH_SPELLPOINTS,{0} does not have enough spell points to cast Trap Zap!,{0}沒有足夠的法術點數來施放陷阱電擊！
CHEST_ANTIMAGIC_AURA,An anti-magic aura in this place prevents the use of Trap Zap!,這個地方的反魔法光環阻止了陷阱電擊的使用！
CHEST_CHAR_DISARMS,{0} successfully disarms the trap!,{0}成功解除陷阱！
Credits,Credits,製作人員
Settings,Settings,設定
Graphics,Graphics,圖形
Graphics settings,Graphics settings,圖形設定
Audio,Audio,音訊
Gameplay,Gameplay,遊戲控制
Gameplay Settings,Gameplay Settings,遊戲設定
Legacy,Legacy,經典模式
Resolution,Resolution,解析度
Resolution_DESC,Change the resolution of the game.,更改遊戲解析度。
Fullscreen,Fullscreen,全螢幕
SSAO,SSAO,SSAO
Shadows,Shadows,陰影
Bloom,Bloom,餘暉
Grass,Grass,草
3D View Gamma,3D View Gamma,3D 視圖伽瑪
Text Scroll Speed,Text Scroll Speed,文字滾動速度
Minimap Alpha,Minimap Alpha,小地圖透明度
Large 3D (small text),Large 3D,大3D
Inverse Mouse Look Y,Inverse Mouse Look Y,反向滑鼠外觀 Y
Background Pause,Background Pause,背景暫停
Party Inventory Divider,Party Inventory Divider,隊伍背包分配器
Mouse Friendly Combat,Mouse Friendly Combat,滑鼠友善戰鬥
ESDF Movement Keys,ESDF Movement Keys,ESDF 移動鍵
Show Combat Effects,Show Combat Effects,顯示戰鬥效果
SETTINGS_BACKGROUND_PAUSE_TOOLTIP,The game will pause and bring up the Pause Menu whenever the game window loses focus.,每當遊戲視窗失去焦點時，遊戲就會暫停並顯示暫停選單。
SETTINGS_INVERSE_MOUSE_TOOLTIP,Mouse look in the 3d view is reversed on the Y axis.,3D 視圖中的滑鼠外觀在 Y 軸上是相反的。
SETTINGS_LARGE_VIEW,"This will use an alternative layout where the 3d view is much larger, but the player info and message scroll are smaller and use smaller text.\nNote: This is NOT supported on 4:3 aspect.",這將使用另一種佈局，其中 3D 視圖更大，但播放器資訊和訊息滾動更小，並且使用更小的文字。 \n注意：4:3 寬高比不支援此功能。
SETTINGS_MOUSE_FRIENDLY,"Combat actions that are not available will be transparent, rather than being removed. This way the options do not move on screen between characters and are easier to click on.",不可用的戰鬥動作將是透明的，而不是被刪除。這樣，選項就不會在螢幕上的字元之間移動，並且更容易單擊。
SETTINGS_ESDF_MOVEMENT,"For AZERTY keyboard users, you can now navigate the game using ESDF keys, instead of the usual WASD keys.",對於 AZERTY 鍵盤用戶，您現在可以使用 ESDF 鍵來導航遊戲，而不是通常的 WASD 鍵。
SETTINGS_COMBAT_EFFECTS,Do a visual effect whenever a monster or ally is attacked in combat. You may prefer to turn this off if you want a more passive experience.,每當怪物或盟友在戰鬥中受到攻擊時就會產生視覺效果。如果您想要更被動的體驗，您可能更願意關閉此功能。
SETTINGS_INVENTORY_DIVIDER,"Place a separator between character inventory and party inventory. This is more intuitive, though it means the UI must rebuild when items are equipped and unequipped.",在角色庫存和隊伍庫存之間放置分隔符號。這更直觀，儘管這意味著在裝備和未裝備物品時必須重建 UI。
SETTINGS_FULLSCREEN_TOOLTIP,Toggles Fullscreen. Fullscreen maximises the game window to fit the screen.,切換全螢幕。全螢幕最大化遊戲視窗以適合螢幕。
SETTINGS_SSAO_TOOLTIP,Toggles SSAO. SSAO (Screen Space Ambient Occlusion) creates advanced lighting effects for each point and how exposed it is to ambient lighting. Turning SSAO off may improve performance.,切換 SSAO。 SSAO（螢幕空間環境光遮蔽）為每個點及其暴露於環境照明的程度創造高級照明效果。關閉 SSAO 可能會提高效能。
SETTINGS_SHADOWS_TOOLTIP,Toggles Shadows. Cast shadows from sunlight or moonlight.,切換陰影。從陽光或月光投射陰影。
SETTINGS_BLOOM_TOOLTIP,"Toggles Bloom. Bloom produces edges of light extending from the borders of bright areas, making lights brighter than what they actually appear.",切換餘暉效果。「餘暉設定」會產生從明亮區域的邊界延伸出來的光線邊緣，讓光線比實際看起來更亮。
SETTINGS_GRASS_TOOLTIP,Toggles Grass. Grass is nature's carpet.,切換草地效果。草是大自然的地毯。
SETTINGS_GAMMA_TOOLTIP,Adjusts in game brightness levels.,調整遊戲亮度等級。
SETTINGS_TEXTSCROLLSPEED_TOOLTIP,"Text scroll speed changes the speed that scroll text in combat gets presented and shifted up. Scroll speed can also be adjusted by its <l=""MAN_COMBAT_COMMANDS"",""shortcut keys""/>.","文字滾動速度會改變戰鬥中滾動文字呈現和向上移動的速度。滾動速度也可以透過其<l=""MAN_COMBAT_COMMANDS"",""shortcut keys""/>來調整。"
SETTINGS_MINIMAPALPHA_TOOLTIP,"Minimap alpha controls the visibility of the minimap in the <l=""MAN_3D_GAME_VIEW"",""3D game view""/>.","小地圖 alpha 控制小地圖在<l=""MAN_3D_GAME_VIEW"",""3D game view""/>中的可見度。"
CREDITS_COPYRIGHT,"© 2019 inXile entertainment. All rights reserved.



The Bard’s Tale is a trademark or registered trademark of

inXile entertainment in certain countries, and is a trademark

or registered trademark of Electronic Arts Inc. in certain other

countries where it is used under license.



inXile entertainment and the inXile logo are trademarks of

inXile entertainment.","© 2019 inXile 娛樂。版權所有。 
 
 
 
 The Bard’s Tale 是 
 
 inXile Entertainment 在某些國家的商標或註冊商標，並且是 Electronic Arts Inc. 在某些其他 
 
 國家（經許可使用）的商標 
 
 或註冊商標。 
 
 
 
 inXile 娛樂和 inXile 標誌是 
 
 inXile 娛樂的商標。"
CREDITS_TITLE,Bard's Tale,冰城傳奇
CREDITS_THE,The,The
CREDITS_TRILOGY,TRILOGY,三部曲
LEGACY_OPTIONS,Choose Legacy Options\nPlay the game like it played in the 80s,選擇舊版選項\n像 80 年代那樣玩遊戲
LEGACY_OPTIONS_INGAME,Your game is using these legacy options:,您的遊戲正在使用這些舊選項：
Individual Inventory,Individual Inventory,個別庫存
Misc Game Differences,Misc Game Differences,其他遊戲差異
Game Specific Songs,Game Specific Songs,遊戲特定歌曲
Use Unequipped Items,Use Unequipped Items,使用未裝備的物品
Automap Disabled,Automap Disabled,自動映射已停用
Full XP Requirements,Full XP Requirements,完整 XP 需求
Save at Guild Only,Save at Guild Only,僅在公會節省
No Items in Empty Houses,No Items in Empty Houses,空房子裡沒有物品
Game Stats,Game Stats,遊戲統計
Time:,Time:,時間：
Battles Fought:,Battles Fought:,進行過的戰鬥：
Monsters Summoned:,Monsters Summoned:,召喚的怪物：
Damage Dealt:,Damage Dealt:,造成的傷害：
Items Sold:,Items Sold:,售出物品：
Disarmed Chests:,Disarmed Chests:,解除的箱子：
Ranged Attacks:,Ranged Attacks:,遠程攻擊：
Blackjack Wins:,BlackJack Wins:,二十一點獲勝：
Steps:,Steps:,步驟：
Battles Run:,Battles Run:,戰鬥運行：
Spells Cast:,Spells Cast:,施展法術：
Damage Taken:,Damage Taken:,受的傷害：
Items Identified:,Items Identified:,已確定的項目：
Disarmed Traps:,Disarmed Traps:,解除陷阱：
Levels Attained:,Levels Attained:,達到的等級：
Black Jack Loses:,BlackJack Losses:,二十一點損失：
Turns:,Turns:,回合：
Monsters Killed:,Monsters Killed:,殺死的怪物：
Points Used:,Points Used:,使用積分：
Items Bought:,Items Bought:,購買的物品：
Items Used:,Items Used:,使用的物品：
Songs Sung:,Songs Sung:,演唱歌曲：
XP Attained:,XP Attained:,獲得 XP：
BlackJack Pushes:,BlackJack Pushes:,黑傑克全押：
Entire Trilogy,Entire Trilogy,整個三部曲
hrs_short,h,小時
min_short,m,米
hrs,hrs,小時
min,min,分分鐘
mins,mins,分分鐘
secs,secs,秒
Enter filter...,Enter filter...,輸入過濾器...
MAN_CONJURER_SPELLS,Conjurer Spells,咒語
MAN_MAGICIAN_SPELLS,Magician Spells,魔術師咒語
MAN_SORCERER_SPELLS,Sorcerer Spells,巫師法術
MAN_WIZARD_SPELLS,Wizard Spells,巫師法術
MAN_ARCHMAGE_SPELLS,Archmage Spells,大法師法術
MAN_CHRONOMANCER_SPELLS,Chronomancer Spells,時空術士法術
MAN_GEOMANCER_SPELLS,Geomancer Spells,大地術士法術
MANUAL_TITLE,Bard's Tale Trilogy Remaster Manual,冰城傳奇三部曲重製手冊
MAN_ABOUT,About,關於
MAN_ABOUT_TEXT,"The Bard’s Tale was originally written as trilogy of games. The release of the 3 titles was between 1985-1988.

<color=@#Heading#>

<b>Tales of the Unknown (BT1)</b>

<b>The Destiny Knight (BT2)</b>

<b>Thief of Fate (BT3)</b>

</color>

This remaster combines the three games into a single narrative. Some features from The Destiny Knight and Thief of Fate have been taken through all three games to provide a consistent gameplay experience across the 3 volumes.",《冰城傳奇》最初是作為遊戲三部曲編寫的。這 3 部作品的發行時間為 1985 年至 1988 年。<color=@#Heading#><b>未知故事 (BT1)</b><b>命運騎士 (BT2)</b><b>命運小偷 (BT3)</b></color>此重製版將三款遊戲合併為一個敘述。 《命運騎士》和《命運之賊》的一些功能已在所有三款遊戲中採用，以在三卷中提供一致的遊戲體驗。
MAN_GAME_SCREEN_ELEMENTS,Game Screen Elements,遊戲畫面元素
MAN_GAME_SCREEN_ELEMENTS_TEXT,"<pos=0%><sprite=55/></pos><pos=47.5f%><sprite=56/></pos><line-height=1150%>

</line-height><size=50%><pos=11.5f%><sprite=35/></pos></pos><pos=15%><sprite=37/></pos><pos=20%><sprite=38/></pos><pos=25.5f%><sprite=39/></pos><pos=30f%><sprite=40/></pos><pos=34f%><sprite=42/></pos></size><line-height=105%>

</line-height><size=80%><pos=40f%>@#AC#</pos><pos=55.5f%><color=#141414>@#HP#</color></pos><pos=78f%>@#SP#</pos><pos=95.5f%>@#CL#</pos>

<pos=0.25f%>1</pos><pos=2.5f%>@#Brian the Fist#</pos><pos=40f%>-10</pos><pos=53f%><color=#141414>108/</color><color=#F0F0F0FF>258</color></pos><pos=75f%></pos><pos=95f%>@#WA#</pos>

<pos=0f%>2</pos><pos=2.5f%>@#El Cid#</pos><pos=40f%>-8</pos><pos=53f%><color=#141414>215/</color><color=#F0F0F0FF>226</color></pos><pos=75f%></pos><pos=95f%>@#PA#</pos>

<pos=0f%>3</pos><pos=2.5f%>@#Markus#</pos><pos=40f%>-4</pos><pos=53f%><color=#141414>176/</color><color=#F0F0F0FF>198</color></pos><pos=75f%></pos><pos=95f%>@#BA#</pos>

<pos=0f%>4</pos><pos=2.5f%>@#Sir Grady#</pos><pos=40f%>-5</pos><pos=53f%><color=#141414>178/</color><color=#F0F0F0FF>215</color></pos><pos=75f%></pos><pos=95f%>@#RO#</pos>

<pos=0f%>5</pos><pos=2.5f%>@#Merlin#</pos><pos=40f%>-1</pos><pos=53f%><color=#141414>145/</color><color=#F0F0F0FF>145</color></pos><pos=75f%></pos><color=#141414>409/</color><color=#F0F0F0FF>512</color><pos=95f%>@#CO#</pos>

<pos=0f%>6</pos><pos=2.5f%>@#Omar#</pos><pos=40.5f%>2</pos><pos=53f%><color=#141414>163/</color><color=#F0F0F0FF>163</color></pos><pos=75f%></pos><color=#141414>367/</color><color=#F0F0F0FF>571</color><pos=95f%>@#MA#</pos>

<pos=0f%>7</pos></size>

The main game screen consists of 3 main sections. Each serving different but specific purposes.

<l=""MAN_3D_GAME_VIEW""/>

<l=""MAN_SCROLL""/>

<l=""MAN_PARTY_STATUS""/>","<pos=0%><sprite=55/></pos><pos=47.5f%><sprite=56/></pos><line-height=1150%></line-height><size=50%><pos=11.5f%><sprite=35/></pos></pos><pos=15%><sprite=37/></pos><pos=20%><sprite=38/></pos><pos=25.5f%><sprite=39/></pos><pos=30f%><sprite=40/>YNN</line-height><size=80%><pos=40f%>@#AC#</pos><pos=55.5f%><color=#141414>@#HP#</color></pos><pos=78f%>@#SP#</pos><pos=95.5f%>@#CL#</pos><pos=0.25f%>1</pos><pos=2.5f%>@#CL#</pos><pos=0.25f%>1</pos><pos=2.5f%>@#CL#</pos><pos=0.25f%>1</pos><pos=2.5f%>@#CL#</pos><pos=0.25f%>1</pos><pos=2.5f%>@#CL#</pos><pos=0.25f%>1</pos><pos=2.5f%>@#CL#YY</color><color=#F0F0F0FF>258</color></pos><pos=75f%></pos><pos=95f%>@#WA#</pos><pos=0f%>2</pos><pos=2.5f%>@#El Cid#</pos><pos=40f%>-8</pos><pos=53f%><color=#141414>215/</pos><pos=40f%>-8</pos><pos=53f%><color=#141414>215/Y26<line-height=1150%></pos><pos=95f%>@#PA#</pos><pos=0f%>3</pos><pos=2.5f%>@#Markus#</pos><pos=40f%>-4</pos><pos=53f%><color=#141414>176/</color><color=#F0F0F0FF>198</color></pos><pos=75f%>NN87</pos><pos=2.5f%>@#格雷迪爵士#</pos><pos=40f%>-5</pos><pos=53f%><color=#141414>178/</color><color=#F0F0F0FF>215</color></pos><pos=75f%></pos><pos=95f%>@#RO#</pos>17<pos=40f%>-1</pos><pos=53f%><color=#141414>145/</color><color=#F0F0F0FF>145</color></pos><pos=75f%></pos><color=#141414>409/</color><color=#F0F0F0FF>512</color>YNNY</pos><pos=2.5f%>@#奧馬爾#</pos><pos=40.5f%>2</pos><pos=53f%><color=#141414>163/</color><color=#F0F0F0FF>163</color></pos><pos=75f%></pos><color=#141414>367/Y @#MA#</pos><pos=0f%>7</pos></size>主遊戲畫面由 3 個主要部分組成。每個服務都有不同但特定的目的。<l=""MAN_3D_GAME_VIEW""/><l=""MAN_SCROLL""/><l=""MAN_PARTY_STATUS""/>"
MAN_3D_GAME_VIEW,3D Game View,3D遊戲視圖
MAN_3D_GAME_VIEW_TEXT,"<pos=15%><sprite=51/></pos><line-height=1500%>

</line-height>

<color=@#SubHeading#><b>3D View</b></color>

Located in the center, framed by big stone blocks, this is the window which shows the 3D world that the party is exploring. All character, non-player-character cameos and visual effects will appear in this window. The cursor can be used inside of this window to <l=""MAN_MOVEMENT"",""move""/> the party.



<color=@#SubHeading#><b>Magic Detection Skull</b></color>

Located in the middle of the top of the stone frame is the <l=""MAN_MAGIC_DETECTION_SKULL"",""skull""/>. It changes its appearance to reflect the magic it is sensing. It helps track important information which is blessing or cursing the party.



<color=@#SubHeading#><b>Gold & Inventory</b></color>

Gold and Inventory space are displayed along the bottom of the 3D window frame.



<color=@#SubHeading#><b>Text Plate</b></color>

At the bottom of the 3D view is a black banner that details a number of things. Such as what location the party is currently in, what person or object is the focus and names of enemies and group size the party is facing. This text is changing quite frequently.



<color=@#SubHeading#><b>Minimap</b></color>

The minimap is located in the bottom right corner of the 3D view (<l=""MAN_ACTIONS"",""when active""/>). The minimap is a small map that assists navigation, like the one found in the journal. The orientation of the minimap and the player is subject to change based on the active spells and effects.



<color=@#SubHeading#><b>Left Ribbon Action Buttons</b></color>

This ribbon in the top left holds the buttons for the alternative panels -<line-height=130%>

</line-height><sprite=10/> <b><color=@#InteractionCommand#>F10</color></b> - Opens the Menu.



<sprite=11/> <b><color=@#InteractionCommand#>F1</color></b> - Opens this Manual.



<sprite=12/> <b><color=@#InteractionCommand#>F2</color></b> - Opens the Cloth Map.



<sprite=13/> <b><color=@#InteractionCommand#>F3</color></b> - Opens the Bestiary.



<sprite=14/> <b><color=@#InteractionCommand#>F4</color></b> - Opens Game Stats.



<color=@#SubHeading#><b>Right Ribbon Action Buttons</b></color>

This ribbon in the top right holds the buttons for actions -<line-height=130%>

</line-height><sprite=9/> - More Options.



<sprite=15/> @#BUTTON_WhereAmI#.



<sprite=16/> @#BUTTON_CastSpell#.



<sprite=17/> @#BUTTON_PlaySong#.



<sprite=18/> @#BUTTON_UseItem#. 



<sprite=19/> @#BUTTON_PortalUp#.



<sprite=20/> @#BUTTON_PortalDown#.



<sprite=21/> @#BUTTON_PartyAttack#.



<sprite=22/> @#BUTTON_PartyOrder#.



<sprite=23/> @#BUTTON_ToggleMinimap#.



<sprite=24/> @#BUTTON_ToggleJournal#.","<pos=15%><sprite=51/></pos><line-height=1500%></line-height><color=@#SubHeading#><b>3D視圖</b></color>位於中心，由大石塊包圍，這是展示小隊正在探索的3D世界的窗口。所有角色、非玩家角色客串和視覺效果都會出現在該視窗中。可以在該視窗內使用遊標來<l=""MAN_MOVEMENT"",""move""/>方。<color=@#SubHeading#><b>魔法探測頭骨</b></color>位於石框頂部中間的是<l=""MAN_MAGIC_DETECTION_SKULL"",""skull""/>。它改變自己的外觀以反映它所感知的魔法。它有助於追蹤祝福或詛咒隊伍的重要訊息。<color=@#SubHeading#><b>金幣和庫存</b></color>金幣和庫存空間沿著 3D 視窗框架的底部顯示。<color=@#SubHeading#><b>文字板</b></color>3D 視圖的底部是一個黑色橫幅，詳細說明了許多內容。例如隊伍目前位於什麼位置、焦點是什麼人或物體、敵人的名字、隊伍規模。此文字變更非常頻繁。<color=@#SubHeading#><b>小圖</b></color>小地圖位於 3D 視圖 (<l=""MAN_ACTIONS"",""when active""/>) 的右下角。小地圖是一種輔助導航的小地圖，就像日記中的地圖一樣。小地圖和玩家的方向可能會根據啟動的法術和效果而改變。<color=@#SubHeading#><b>左側功能區操作按鈕</b></color>左上角的此功能區包含備用面板的按鈕 -<line-height=130%></line-height><sprite=10/><b><color=@#InteractionCommand#>F10</color></b>- 開啟選單。<sprite=11/><b><color=@#InteractionCommand#>F1</color></b>- 開啟本手冊。<sprite=12/><b><color=@#InteractionCommand#>F2</color></b>- 打開布料貼圖。<sprite=13/><b><color=@#InteractionCommand#>F3</color></b>- 打開動物寓言。<sprite=14/><b><color=@#InteractionCommand#>F4</color></b>- 開啟遊戲統計資料。<color=@#SubHeading#><b>右側功能區操作按鈕</b></color>右上角的此功能區包含操作按鈕 -<line-height=130%></line-height><sprite=9/>- 更多選項。<sprite=15/>@#BUTTON_WhereAmI#。<sprite=16/>@#BUTTON_CastSpell#。<sprite=17/>@#BUTTON_PlaySong#。<sprite=18/>@#BUTTON_UseItem#。<sprite=19/>@#BUTTON_PortalUp#。<sprite=20/>@#BUTTON_PortalDown#。<sprite=21/>@#BUTTON_PartyAttack#。<sprite=22/>@#BUTTON_PartyOrder#。<sprite=23/>@#BUTTON_ToggleMinimap#。<sprite=24/>@#BUTTON_ToggleJournal#。"
MAN_SCROLL,Scroll,捲動
MAN_SCROLL_TEXT,"<pos=50%><sprite=34/></pos><line-height=1250%>

</line-height>This scroll contains essentially all of the changing text within the game, where majority of the in game information is read and most in game actions are decided. Information such as - Character information, Inventory and Items management, Combat text, Choices and Commands, Spell casting and even a text field for typing.



All of the options presented in the scroll can be clicked with mouse or the appropriate <color=@#InteractionCommand#>key</color> pressed on a keyboard.



@#MOUSE_SCROLL_REVIEW#","<pos=50%><sprite=34/></pos><line-height=1250%></line-height>該捲軸基本上包含遊戲中所有變化的文本，其中讀取大部分遊戲資訊並決定大部分遊戲動作。諸如角色資訊、庫存和物品管理、戰鬥文字、選擇和命令、拼字甚至用於輸入的文字欄位等資訊。 
 
 
 
 捲動中顯示的所有選項都可以用滑鼠或鍵盤上對應的<color=@#InteractionCommand#>鍵</color>點選。 
 
 
 
 @#MOUSE_SCROLL_REVIEW#"
MAN_PARTY_STATUS,Party Status,聚會狀態
MAN_PARTY_STATUS_TEXT,"The party status contains all of the information about the party, this includes -

Party slots and party slot numbers, all party members and their names, party member <l=""MAN_ARMOR_CLASS"",@#AC#/>, <l=""MAN_HIT_POINTS"",@#HP#/>, <l=""MAN_SPELL_POINTS"",@#SP#/>, <l=""MAN_CLASS"",@#class#/>, <l=""MAN_CHARACTER_CONDITIONS"",""conditions""/> and any active magical effect.

<pos=15%><sprite=35/></pos></pos><pos=23%><sprite=37/></pos><pos=33%><sprite=38/></pos><pos=44%><sprite=39/></pos><pos=53%><sprite=40/></pos><pos=62%><sprite=42/></pos>

<line-height=200%>

</line-height><pos=40f%>@#AC#</pos><pos=55.5f%><color=#141414>@#HP#</color></pos><pos=78f%>@#SP#</pos><pos=95.5f%>@#CL#</pos>

<pos=0.25f%>1</pos><pos=2.5f%>@#Brian the Fist#</pos><pos=40f%>-10</pos><pos=53f%><color=#141414>108/</color><color=#F0F0F0FF>258</color></pos><pos=75f%></pos><pos=95f%>@#WA#</pos>

<pos=0f%>2</pos><pos=2.5f%>@#El Cid#</pos><pos=40f%>-8</pos><pos=53f%><color=#141414>215/</color><color=#F0F0F0FF>226</color></pos><pos=75f%></pos><pos=95f%>@#PA#</pos>

<pos=0f%>3</pos><pos=2.5f%>@#Markus#</pos><pos=40f%>-4</pos><pos=53f%><color=#141414>176/</color><color=#F0F0F0FF>198</color></pos><pos=75f%></pos><pos=95f%>@#BA#</pos>

<pos=0f%>4</pos><pos=2.5f%>@#Sir Grady#</pos><pos=40f%>-5</pos><pos=53f%><color=#141414>178/</color><color=#F0F0F0FF>215</color></pos><pos=75f%></pos><pos=95f%>@#RO#</pos>

<pos=0f%>5</pos><pos=2.5f%>@#Merlin#</pos><pos=40f%>-1</pos><pos=53f%><color=#141414>145/</color><color=#F0F0F0FF>145</color></pos><pos=75f%></pos><color=#141414>409/</color><color=#F0F0F0FF>512</color><pos=95f%>@#CO#</pos>

<pos=0f%>6</pos><pos=2.5f%>@#Omar#</pos><pos=40.5f%>2</pos><pos=53f%><color=#141414>163/</color><color=#F0F0F0FF>163</color></pos><pos=75f%></pos><color=#141414>367/</color><color=#F0F0F0FF>571</color><pos=95f%>@#MA#</pos>

<pos=0f%>7</pos>



<color=@#SubHeading#><b>Light</b></color><pos=0%><sprite=43/></pos><pos=5.5f%><sprite=44/></size><line-height=125%>

</line-height><margin-left=10fem>The light icons represent if the party has a light source to guide their way. Light icons can be two different shades. Lighter for light that <u>can not</u> detect secret doors, darker for light that <u>can</u> detect secret doors.</margin>



<color=@#SubHeading#><b>Levitation</b></color><pos=0%><sprite=45/></pos><line-height=125%>

</line-height><margin-left=10fem>The levitation icon represents if the party has any form levitation in effect.</margin>



<color=@#SubHeading#><b>Sight</b></color><pos=0%><sprite=46/></pos><line-height=125%>

</line-height><margin-left=10fem>The sight icon represents if an effect is active, assisting the parties navigation.</margin>



<color=@#SubHeading#><b>Shield</b></color><pos=0%><sprite=47/></pos><line-height=125%>

</line-height><margin-left=10fem>The shield icon represents if the party has an effect that is improving their defensive capabilities.</margin>



<color=@#SubHeading#><b>Compass</b></color><pos=0%><sprite=48/></pos><pos=4f%><sprite=49/></pos><line-height=125%>

</line-height><margin-left=10fem>The compass icons represent if the party has a bearing on direction. A compass with a highlighted arrow shows which world space direction the party is facing. A rotating compass with a question mark means the party has lost their bearings.</margin>



<color=@#SubHeading#><b>Bard Song</b></color><pos=1%><sprite=50/></pos><line-height=125%>

</line-height><margin-left=10fem>The song icon represents if a bard song is being sung, providing a beneficial effect for the party.</margin>



<color=@#SubHeading#><b>Tooltip</b></color>

Hovering the mouse cursor over any magical effect icon display a tooltip that details the source and the time remaining on the effect.","隊伍狀態包含有關隊伍的所有信息，包括 - 
 
 隊伍位置和隊伍位置編號、所有隊伍成員及其姓名、隊伍成員<l=""MAN_ARMOR_CLASS"",@#AC#/>、<l=""MAN_HIT_POINTS"",@#HP#/>、<l=""MAN_SPELL_POINTS"",@#SP#/>、<l=""MAN_CLASS"",@#class#/>、<l=""MAN_CHARACTER_CONDITIONS"",""conditions""/>以及任何有效的魔法效果。<pos=15%><sprite=35/></pos></pos><pos=23%><sprite=37/></pos><pos=33%><sprite=38/></pos><pos=44%><sprite=39/></pos><pos=53%><sprite=40/></pos><pos=62%><sprite=42/></pos><line-height=200%></line-height>YY</color></pos><pos=78f%>@#SP#</pos><pos=95.5f%>@#CL#</pos><pos=0.25f%>1</pos><pos=2.5f%>@#布萊恩拳頭#</pos><pos=40f%>-10</pos><pos=53f%><color=#141414>108/</color>455YY @#WA#</pos><pos=0f%>2</pos><pos=2.5f%>@#El Cid#</pos><pos=40f%>-8</pos><pos=53f%><color=#141414>215/</color><color=#F0F0F0FF>226</color></pos><pos=75f%></pos><sprite=35/>FNN @#馬庫斯#</pos><pos=40f%>-4</pos><pos=53f%><color=#141414>176/</color><color=#F0F0F0FF>198</color></pos><pos=75f%></pos><pos=95f%>@#BA#</pos><pos=0f%>4</pos><pos=2.5f%>@#BA#</pos><pos=0f%>4</pos><pos=2.5f%>Y<color=#141414>178/</color><color=#F0F0F0FF>215</color></pos><pos=75f%></pos><pos=95f%>@#RO#</pos><pos=0f%>5</pos><pos=2.5f%>@#Mlin#</pos><pos=40f%>-1</pos><pos=2.5f%>@#Mlin#</pos><pos=40f%>-1</pos>145</color></pos><pos=75f%></pos><color=#141414>409/</color><color=#F0F0F0FF>512</color><pos=95f%>@#CO#</pos><pos=0f%>6</pos><pos=2.5f%>YOY<color=#141414>163/</color><color=#F0F0F0FF>163</color></pos><pos=75f%></pos><color=#141414>367/</color><color=#F0F0F0FF>571</color><pos=95f%>@#MA#</pos>NN<b>燈</b></color><pos=0%><sprite=43/></pos><pos=5.5f%><sprite=44/></size><line-height=125%></line-height><margin-left=10fem>燈光圖示表示該隊伍是否有光源引導他們的路線。淺色圖示可以是兩種不同的色調。燈光較亮表示<u>不能</u>偵測到暗門，燈光較暗表示<u>可以</u>偵測到暗門。</margin><color=@#SubHeading#><b>懸浮</b></color><pos=0%><sprite=45/></pos><line-height=125%></line-height><margin-left=10fem>懸浮圖示表示該方是否具有任何有效的形態懸浮。</margin><color=@#SubHeading#><b>瞄準器</b></color><pos=0%><sprite=46/></pos><line-height=125%></line-height><margin-left=10fem>瞄準器圖示表示效果是否處於活動狀態，有助於各方導航。</margin><color=@#SubHeading#><b>盾牌</b></color><pos=0%><sprite=47/></pos><line-height=125%></line-height><margin-left=10fem>盾牌圖示表示該方是否具有提高防禦能力的效果。</margin><color=@#SubHeading#><b>指南針</b></color><pos=0%><sprite=48/></pos><pos=4f%><sprite=49/></pos><line-height=125%></line-height><margin-left=10fem>指南針性表示該方針是否有方向性圖示。帶有突出顯示箭頭的羅盤顯示隊伍所面對的世界空間方向。帶有問號的旋轉羅盤意味著隊伍迷失了方向。</margin><color=@#SubHeading#><b>吟遊詩人歌曲</b></color><pos=1%><sprite=50/></pos><line-height=125%></line-height><margin-left=10fem>歌曲圖示表示是否正在演唱吟遊詩人歌曲，為聚會提供有益的效果。</margin><color=@#SubHeading#><b>工具提示</b></color>將滑鼠遊標停留在任何魔法效果圖示上會顯示一個工具提示，詳細說明效果的來源和剩餘時間。"
MAN_SETTINGS,Settings,設定
MAN_SETTINGS_TEXT,"Multiple adjustments can be made via the settings panel in the pause menu.<line-height=130%>

</line-height><sprite=10/> <b><color=@#InteractionCommand#>F10</color></b><line-height=140%>

</line-height><l=""MAN_GRAPHICS""/>

<l=""MAN_AUDIO""/>

<l=""MAN_GAMEPLAY""/>","可以透過暫停選單中的設定面板進行多項調整。<line-height=130%></line-height><sprite=10/><b><color=@#InteractionCommand#>F10</color></b><line-height=140%></line-height><l=""MAN_GRAPHICS""/><l=""MAN_AUDIO""/><l=""MAN_GAMEPLAY""/>"
MAN_AUDIO,Audio,音訊
MAN_AUDIO_TEXT,"Audio Settings.



<sprite=57/> Adjust the volume of all music in the game.





<sprite=58/> Adjust the volume of all sound effects (SFX) in the game.",音頻設定。<sprite=57/>會調整遊戲中所有音樂的音量。<sprite=58/>調節遊戲中所有音效（SFX）的音量。
MAN_CONTROLS,Controls,控制
MAN_CONTROLS_TEXT,"The Bard's Tale Trilogy presents choices throughout the game. Choices are <b><color=@#InteractionCommand#>highlighted</color></b> in yellow and defines what key to press to select that choice.

<pos=1%><sprite=25/></pos>

<margin=6.25fem>The cursor can also be used to click any of the same options and buttons throughout The Bard's Tale Trilogy.</margin>",冰城傳奇三部曲在整個遊戲中提供了選擇。選項是<b><color=@#InteractionCommand#>以黃色突出顯示</color></b>，並定義按哪個鍵來選擇該選項。<pos=1%><sprite=25/></pos><margin=6.25fem>遊標也可用於點擊《冰城傳奇三部曲》中的任何相同選項和按鈕。</margin>
MAN_MOVEMENT,Movement,運動
MAN_MOVEMENT_TEXT,"<color=@#SubHeading#><b>Keyboard</b></color>

<b><color=@#InteractionCommand#>W</color></b> - move forward.

<b><color=@#InteractionCommand#>S</color></b> - turn to face the opposite direction.

<b><color=@#InteractionCommand#>A</color></b> - turn left.

<b><color=@#InteractionCommand#>D</color></b> - turn right.



<color=@#SubHeading#><b>Mouse</b></color>

When the pointer is placed within the <l=""MAN_3D_GAME_VIEW"",""3D game view""/>, it turns into a directional arrow. As the cursor is moved, the arrow points out the various directions of can travel. Ahead, around corners, into buildings, through doors. Click to go in the direction currently indicated by the arrow.



<pos=40%><sprite=59/></pos>

<pos=31%><sprite=60/></pos><pos=48%><sprite=61/></pos>

<pos=40%><sprite=62/></pos><line-height=200%>

</line-height><b><color=@#InteractionCommand#>Up-Arrow</color></b> - move forward.

<b><color=@#InteractionCommand#>Down-Arrow</color></b> - turn around 180 degrees.

<b><color=@#InteractionCommand#>Left-Arrow</color></b> - turn left 90 degrees.

<b><color=@#InteractionCommand#>Right-Arrow</color></b> - turn right 90 degrees.

The left mouse button can also be held down to continuously move.","<color=@#SubHeading#><b>鍵盤</b></color><b><color=@#InteractionCommand#>W</color></b>- 向前移動。<b><color=@#InteractionCommand#>S</color></b>- 轉向相反方向。<b><color=@#InteractionCommand#>A</color></b>- 左轉。<b><color=@#InteractionCommand#>D</color></b>- 右轉。<color=@#SubHeading#><b>老鼠</b></color>當指標置於<l=""MAN_3D_GAME_VIEW"",""3D game view""/>內時，它會變成方向箭頭。當遊標移動時，箭頭會指出可以行進的各個方向。向前，繞過角落，進入建築物，穿過門。按一下可沿目前箭頭指示的方向前進。<pos=40%><sprite=59/></pos><pos=31%><sprite=60/></pos><pos=48%><sprite=61/></pos><pos=40%><sprite=62/></pos><line-height=200%></line-height><b><color=@#InteractionCommand#><sprite=62/></pos><line-height=200%></line-height><b><color=@#InteractionCommand#><sprite=62/></color><line-height=200%></line-height><b><color=@#InteractionCommand#>向上箭頭</color>Y</b>1YYY</b>向前移動。<b><color=@#InteractionCommand#>下箭頭</color></b>- 旋轉 180 度。<b><color=@#InteractionCommand#>左箭頭</color></b>- 左轉 90 度。<b><color=@#InteractionCommand#>右箭頭</color></b>- 右轉 90 度。 
 
 按住滑鼠左鍵也可以連續移動。"
MAN_ACTIONS,Actions,行動
MAN_ACTIONS_TEXT,"Clicking a character name plate in <l=""MAN_PARTY_STATUS"",""party status""/> or pressing (<b><color=@#InteractionCommand#>1</color></b> - <b><color=@#InteractionCommand#>7</color></b>) opens character information in the <l=""MAN_SCROLL"",""scroll""/>.<line-height=130%>

</line-height><sprite=10/>  <b><color=@#InteractionCommand#>F10</color></b> - Opens the Menu.



<sprite=11/>  <b><color=@#InteractionCommand#>F1</color></b> - Opens this Manual.



<sprite=12/>  <b><color=@#InteractionCommand#>F2</color></b> - Opens the Cloth Map.



<sprite=13/>  <b><color=@#InteractionCommand#>F3</color></b> - Opens the Bestiary.



<sprite=14/>  <b><color=@#InteractionCommand#>F4</color></b> - Opens Game Stats.



<sprite=9/> - More Options.<line-height=130%>

</line-height><indent=1.2f%>When peacefully exploring streets, cities or navigating through dungeons the more options button can be pressed to use the following buttons -</indent>



<line-height=130%><sprite=15/> @#BUTTON_WhereAmI#.

</line-height><indent=1.2f%>Learn the name of the location the party is in, and the time of day. If within a city this will also tell the street name.</indent>



<line-height=130%><sprite=16/> @#BUTTON_CastSpell#.

</line-height><indent=1.2f%>Casts a spell from a selected mage. This can also be done by pressing a magic users party slot number (<b><color=@#InteractionCommand#>1</color></b> - <b><color=@#InteractionCommand#>7</color></b>) key, or click on a magic user's name in the party status and press (<b><color=@#InteractionCommand#>S</color></b>) - to open the spell list.</indent>



<line-height=130%><sprite=17/> @#BUTTON_PlaySong#.

</line-height><indent=1.2f%>Sing a Bard's tune.</indent>



<line-height=130%><sprite=18/> @#BUTTON_UseItem#. 

</line-height><indent=1.2f%>Use an equipped item.</indent>



<line-height=130%><sprite=19/> @#BUTTON_PortalUp#.

</line-height><indent=1.2f%>Ascend <u>up</u> through a portal.</indent>



<line-height=130%><sprite=20/> @#BUTTON_PortalDown#.

</line-height><indent=1.2f%>Descend <u>down</u> through a portal.</indent>



<line-height=130%><sprite=21/> @#BUTTON_PartyAttack#.

</line-height><indent=1.2f%>Assault another member of the party, including special members.</indent>



<line-height=130%><sprite=22/> @#BUTTON_PartyOrder#.

</line-height><indent=1.2f%>Set a new party order from (<b><color=@#InteractionCommand#>1</color></b> - <b><color=@#InteractionCommand#>7</color></b>). This can also be done by dragging and dropping character names in the party status.</size></indent>



<line-height=130%><sprite=23/> @#BUTTON_ToggleMinimap#.

</line-height><indent=1.2f%>Toggles the minimap in the 3d view.</indent>



<line-height=130%><sprite=24/> @#BUTTON_ToggleJournal#.

</line-height><indent=1.2f%>Opens the journal.</indent>","點選<l=""MAN_PARTY_STATUS"",""party status""/>中的角色名牌或按(<b><color=@#InteractionCommand#>1</color></b>-<b><color=@#InteractionCommand#>7</color></b>) 可開啟<l=""MAN_SCROLL"",""scroll""/>中的角色資訊。<line-height=130%></line-height><sprite=10/><b><color=@#InteractionCommand#>F10</color></b>- 開啟選單。<sprite=11/><b><color=@#InteractionCommand#>F1</color></b>- 開啟本手冊。<sprite=12/><b><color=@#InteractionCommand#>F2</color></b>- 打開布料貼圖。<sprite=13/><b><color=@#InteractionCommand#>F3</color></b>- 開啟寓言集。<sprite=14/><b><color=@#InteractionCommand#>F4</color></b>- 開啟遊戲統計資料。<sprite=9/>- 更多選項。<line-height=130%></line-height><indent=1.2f%>當平靜地探索街道、城市或穿越地下城時，可以按下更多選項按鈕以使用以下按鈕 -</indent><line-height=130%><sprite=15/>@#BUTTON_WhereAmI#。</line-height><indent=1.2f%>了解聚會所在位置的名稱以及一天中的時間。如果在城市內，這也會告訴街道名稱。</indent><line-height=130%><sprite=16/>@#BUTTON_CastSpell#。</line-height><indent=1.2f%>從選定的法師身上施放法術。這也可以透過按下魔法用戶隊伍槽號（<b><color=@#InteractionCommand#>1</color></b>-<b><color=@#InteractionCommand#>7</color></b>）鍵來完成，或在隊伍狀態中點選魔法使用者的名字並按下（<b><color=@#InteractionCommand#>S</color></b>）-開啟咒語清單。</indent><line-height=130%><sprite=17/>@#BUTTON_PlaySong#。</line-height><indent=1.2f%>唱吟遊詩人的曲調。</indent><line-height=130%><sprite=18/>@#BUTTON_UseItem#。</line-height><indent=1.2f%>使用已裝備的物品。</indent><line-height=130%><sprite=19/>@#BUTTON_PortalUp#。</line-height><indent=1.2f%>透過傳送門提升<u>至</u>。</indent><line-height=130%><sprite=20/>@#BUTTON_PortalDown#。</line-height><indent=1.2f%>透過傳送門從<u>下降到</u>。</indent><line-height=130%><sprite=21/>@#BUTTON_PartyAttack#。</line-height><indent=1.2f%>攻擊其他隊員，包括特殊隊員。</indent><line-height=130%><sprite=22/>@#BUTTON_PartyOrder#。</line-height><indent=1.2f%>從 (<b><color=@#InteractionCommand#>1</color></b>-<b><color=@#InteractionCommand#>7</color></b>) 設定新的聚會順序。這也可以透過在隊伍狀態中拖放角色名稱來完成。</size></indent><line-height=130%><sprite=23/>@#BUTTON_ToggleMinimap#。</line-height><indent=1.2f%>在 3d 視圖中切換小地圖。</indent><line-height=130%><sprite=24/>@#BUTTON_ToggleJournal#。</line-height><indent=1.2f%>開啟日誌。</indent>"
MAN_COMBAT_COMMANDS,Combat,戰鬥
MAN_COMBAT_COMMANDS_TEXT,"During battle, the actions and options characters can take appear in the <l=""MAN_SCROLL"",""scroll""/>.



<color=@#SubHeading#>@#Advance ahead#</color> - Moves the party closer to the nearest group of enemies.

<color=@#SubHeading#>@#Fight bravely#</color> - Engages in combat.

<color=@#SubHeading#>@#Run away#</color> - Attempts to try and safely escape combat without having to engage.



<color=@#SubHeading#>@#Attack#</color> - Physically assaults foes any of the first 4 groups of monsters within 10'.

<color=@#SubHeading#>@#Defend#</color> - Do not interact this round - reduces chance of being hit.

<color=@#SubHeading#>@#Bard song#</color> - Plays a bard song to affect the party or groups of foes.

<color=@#SubHeading#>@#Hide in the shadows#</color> - Try to avoid combat by hiding. If successful, will not be a target of attack in the upcoming combat round.

<color=@#SubHeading#>@#Cast a spell#</color> - Casts a spell at enemies or the party.

<color=@#SubHeading#>@#Use an equipped item#</color> - Use an item or currently equipped item.

<color=@#SubHeading#>@#Ranged attack#</color> - Shoot or throw a projectile from a distance.

<color=@#SubHeading#>@#Party attack#</color> - Assault another member of the party, including special members. 

<color=@#SubHeading#>@#EQUIP_OR_UNEQUIP#</color> - The party-member will equip or unequip a single item.

<color=@#SubHeading#>@#KICK_DEAD_MONSTERS#</color> - Free up character slots during combat by removing all existing dead monsters from the party.



<sprite=26/> - increase message scrolling rate.

<sprite=27/> - decrease message scrolling rate.","在戰鬥中，角色可以採取的行動和選項出現在<l=""MAN_SCROLL"",""scroll""/>中。<color=@#SubHeading#>@#前進#</color>- 讓隊伍更靠近最近的敵人群。<color=@#SubHeading#>@#勇敢戰鬥#</color>- 參與戰鬥。<color=@#SubHeading#>@#逃跑#</color>- 嘗試在不參與戰鬥的情況下安全地逃離戰鬥。<color=@#SubHeading#>@#Attack#</color>- 對 10 英尺內前 4 組怪物中的任何一個進行物理攻擊。<color=@#SubHeading#>@#Defend#</color>- 本輪不要互動 - 減少被擊中的機會。<color=@#SubHeading#>@#吟遊詩人歌曲#</color>- 播放吟遊詩人歌曲來影響隊伍或敵人群體。<color=@#SubHeading#>@#潛伏於陰影#</color>- 嘗試透過隱藏來避免戰鬥。如果成功，將不會成為下一輪戰鬥的攻擊目標。<color=@#SubHeading#>@#施法#</color>- 對敵人或隊伍施法。<color=@#SubHeading#>@#使用裝備的物品#</color>- 使用物品或當前裝備的物品。<color=@#SubHeading#>@#遠程攻擊#</color>- 從遠處射擊或投擲彈。<color=@#SubHeading#>@#隊伍攻擊#</color>- 攻擊隊伍的另一位成員，包括特殊成員。<color=@#SubHeading#>@#EQUIP_OR_UNEQUIP#</color>- 隊伍成員將裝備或取消裝備單一物品。<color=@#SubHeading#>@#KICK_DEAD_MONSTERS#</color>- 透過從隊伍中移除所有現有的死亡怪物，在戰鬥中釋放角色位置。<sprite=26/>- 增加訊息滾動率。<sprite=27/>- 降低訊息滾動速率。"
MAN_CHARACTER,Character,性格
MAN_CHARACTER_TEXT,"Characters can be created at the <b><l=""MAN_ADVENTURERS_GUILD"",""Adventurer's Guild""/></b> in the

<b>Tales of the Unknown (BT1)</b>, <b>The Destiny Knight (BT2)</b>, and in the <b><l=""MAN_REFUGEE_CAMP"",""refugee camp""/></b> in the <b>Thief of Fate (BT3)</b>.","可以在<b>未知故事 (BT1)</b>、<b>命運騎士 (BT2)</b>中的<b><l=""MAN_ADVENTURERS_GUILD"",""Adventurer's Guild""/></b>以及<b>命運之盜 (BT3)</b>中的<b><l=""MAN_REFUGEE_CAMP"",""refugee camp""/></b>中創建角色。"
MAN_RACE,Race,競賽
MAN_RACE_TEXT,"Humans are not the only race in the world of The Bard's Tale. There is no single best race, each has its own strengths. Some are more magically inclined, some are stronger and some are smarter. There are 7 races:

<b><l=""MAN_HUMAN""/></b>

<b><l=""MAN_ELF""/></b>

<b><l=""MAN_DWARF""/></b>

<b><l=""MAN_HOBBIT""/></b>

<b><l=""MAN_HALFELF""/></b>

<b><l=""MAN_HALFORC""/></b>

<b><l=""MAN_GNOME""/></b>","人類並不是《冰城傳奇》世界中唯一的種族。沒有單一的最佳比賽，每場比賽都有自己的優勢。有些人更傾向於魔法，有些人更強大，有些人更聰明。有 7 場：<b><l=""MAN_HUMAN""/></b><b><l=""MAN_ELF""/></b><b><l=""MAN_DWARF""/></b><b><l=""MAN_HOBBIT""/></b><b><l=""MAN_HALFELF""/></b><b><l=""MAN_HALFORC""/>NN"
MAN_HUMAN,Human,人類
MAN_HUMAN_TEXT,"While possibly being of hardier stock, this character is nonetheless like you or me. The people of this race are known for their inventiveness, hardiness, aggressiveness, and downright stubbornness in the face of adversity.



Human capable classes -

<l=""MAN_WARRIOR""/>

<l=""MAN_PALADIN""/>

<l=""MAN_ROGUE""/>

<l=""MAN_BARD""/>

<l=""MAN_HUNTER""/>

<l=""MAN_MONK""/>

<l=""MAN_CONJURER""/>

<l=""MAN_MAGICIAN""/>","雖然這個角色可能比較堅強，但它仍然像你或我。這個種族的人民以其創造力、堅韌、進取心和麵對逆境時的頑強而聞名。 
 
 
 
 人類能力類別 -<l=""MAN_WARRIOR""/><l=""MAN_PALADIN""/><l=""MAN_ROGUE""/><l=""MAN_BARD""/><l=""MAN_HUNTER""/><l=""MAN_MONK""/><l=""MAN_CONJURER""/><l=""MAN_MAGICIAN""/>"
MAN_ELF,Elf,精靈
MAN_ELF_TEXT,"These fair-haired, fair-skinned people closely resemble humans but are frequently taller, faster, and more agile due to their slim builds. The Elven people are highly skilled in the arts, especially magic and war.



Elf capable classes -

<l=""MAN_WARRIOR""/>

<l=""MAN_PALADIN""/>

<l=""MAN_ROGUE""/>

<l=""MAN_BARD""/>

<l=""MAN_MONK""/>

<l=""MAN_CONJURER""/>

<l=""MAN_MAGICIAN""/>



Not capable classes -

<l=""MAN_HUNTER""/>","這些金髮、皮膚白皙的人與人類非常相似，但由於身材苗條，通常更高、更快、更敏捷。精靈族精通藝術，尤其是魔法和戰爭。 
 
 
 
 精靈能力類別 -<l=""MAN_WARRIOR""/><l=""MAN_PALADIN""/><l=""MAN_ROGUE""/><l=""MAN_BARD""/><l=""MAN_MONK""/><l=""MAN_CONJURER""/><l=""MAN_MAGICIAN""/>不具備能力分類 -<l=""MAN_HUNTER""/>"
MAN_DWARF,Dwarf,矮人
MAN_DWARF_TEXT,"The Dwarven people are short and stout, extremely strong and healthy, but not amazingly intelligent. What they lack in intelligence, they more than make up for in their fighting abilities.



Dwarf capable classes -

<l=""MAN_WARRIOR""/>

<l=""MAN_PALADIN""/>

<l=""MAN_ROGUE""/>

<l=""MAN_BARD""/>

<l=""MAN_HUNTER""/>

<l=""MAN_MONK""/>



Not capable classes -

<l=""MAN_CONJURER""/>

<l=""MAN_MAGICIAN""/>","矮人人矮小而粗壯，極其強壯和健康，但智力並不驚人。他們智力上的不足，可以用戰鬥能力來彌補。 
 
 
 
 矮人能力類別 -<l=""MAN_WARRIOR""/><l=""MAN_PALADIN""/><l=""MAN_ROGUE""/><l=""MAN_BARD""/><l=""MAN_HUNTER""/><l=""MAN_MONK""/>不具備能力類別 -<l=""MAN_CONJURER""/><l=""MAN_MAGICIAN""/>"
MAN_HOBBIT,Hobbit,哈比人
MAN_HOBBIT_TEXT,"Hobbits are slightly smaller than Dwarves but are wise, nimble, dexterous and usually very patient. It is said, if need be, a hobbit can steal the gold-purse from a shadow. Just the right makeup for a rogue.



Hobbit capable classes -

<l=""MAN_WARRIOR""/>

<l=""MAN_ROGUE""/>

<l=""MAN_BARD""/>

<l=""MAN_MONK""/>

<l=""MAN_CONJURER""/>

<l=""MAN_MAGICIAN""/>



Not capable classes -

<l=""MAN_PALADIN""/>

<l=""MAN_HUNTER""/>","哈比人比矮人稍小，但聰明、敏捷、靈巧，通常非常有耐心。據說，如果需要的話，哈比人可以從陰影中偷走金錢包。剛好適合盜賊的角色。 
 
 
 
 哈比人能力類別 -<l=""MAN_WARRIOR""/><l=""MAN_ROGUE""/><l=""MAN_BARD""/><l=""MAN_MONK""/><l=""MAN_CONJURER""/><l=""MAN_MAGICIAN""/>不具備能力類別 -<l=""MAN_PALADIN""/><l=""MAN_HUNTER""/>"
MAN_HALFELF,Half-Elf,半精靈
MAN_HALFELF_TEXT,"These people are living proof of the compatibility between humans and elves. They are fair-haired and light-skinned like elves, but gain some bulk and strength through their human ancestry.



Half-Elf capable classes -

<l=""MAN_WARRIOR""/>

<l=""MAN_ROGUE""/>

<l=""MAN_BARD""/>

<l=""MAN_MONK""/>

<l=""MAN_CONJURER""/>

<l=""MAN_MAGICIAN""/>



Not capable classes -

<l=""MAN_PALADIN""/>

<l=""MAN_HUNTER""/>","這些人就是人類和精靈之間和諧相處的活生生的證明。他們像精靈一樣有著金髮和淺色皮膚，但由於他們的人類血統而獲得了一些體積和力量。 
 
 
 
 半精靈能力分類 -<l=""MAN_WARRIOR""/><l=""MAN_ROGUE""/><l=""MAN_BARD""/><l=""MAN_MONK""/><l=""MAN_CONJURER""/><l=""MAN_MAGICIAN""/>不具備能力類別 -<l=""MAN_PALADIN""/><l=""MAN_HUNTER""/>"
MAN_HALFORC,Half-Orc,半獸人
MAN_HALFORC_TEXT,"Orcs are large, semi-intelligent, pig-like creatures that can usually be found working for evil wizards. Half-orcs, being half human, aren't quite as despicable as full orcs but you wouldn't want to date one.



Half-Orc capable classes -

<l=""MAN_WARRIOR""/>

<l=""MAN_ROGUE""/>

<l=""MAN_HUNTER""/>

<l=""MAN_CONJURER""/>

<l=""MAN_MAGICIAN""/>



Not capable classes -

<l=""MAN_PALADIN""/>

<l=""MAN_BARD""/>

<l=""MAN_MONK""/>","獸人是體型巨大、半智能、像豬的生物，通常為邪惡巫師工作。半獸人是半人類，不像全獸人那麼卑鄙，但你不會想和他們約會。 
 
 
 
 半獸人有能力的職業 -<l=""MAN_WARRIOR""/><l=""MAN_ROGUE""/><l=""MAN_HUNTER""/><l=""MAN_CONJURER""/><l=""MAN_MAGICIAN""/>無能的職業 -<l=""MAN_PALADIN""/><l=""MAN_BARD""/><l=""MAN_MONK""/>"
MAN_GNOME,Gnome,侏儒
MAN_GNOME_TEXT,"These people resemble dwarves, but usually have less hair, shorter tempers, and are always better at using magic.



Gnome capable classes -

<l=""MAN_WARRIOR""/>

<l=""MAN_ROGUE""/>

<l=""MAN_HUNTER""/>

<l=""MAN_MONK""/>

<l=""MAN_CONJURER""/>

<l=""MAN_MAGICIAN""/>



Not capable classes -

<l=""MAN_PALADIN""/>

<l=""MAN_BARD""/>","這些人與矮人相似，但通常頭髮較少，脾氣也較矮，並且總是更擅長使用魔法。 
 
 
 
 Gnome 可用類別 -<l=""MAN_WARRIOR""/><l=""MAN_ROGUE""/><l=""MAN_HUNTER""/><l=""MAN_MONK""/><l=""MAN_CONJURER""/><l=""MAN_MAGICIAN""/>不可用類別 -<l=""MAN_PALADIN""/><l=""MAN_BARD""/>"
MAN_CLASS,Class,班級
MAN_CLASS_TEXT,"Classes represent a characters profession. They determine what gear they can were and use and what, if any, magic they can wield.",職業代表角色的職業。他們決定他們可以使用什麼裝備，以及他們可以使用什麼魔法（如果有的話）。
MAN_FIGHTERS,Fighters,戰士
MAN_FIGHTERS_TEXT,Fighters are classes best suited to physical combat.,戰士是最適合肉搏的職業。
MAN_WARRIOR,Warrior,戰士
MAN_WARRIOR_TEXT,"<color=@#Fighter#>Fighter</color>

Warriors are fighters. They can use nearly every weapon there is. For every 4 levels of experience after the first, warriors get an <l=""MAN_MELEE_COMBAT"",""extra attack""/> capability in combat.



Capable of becoming a <l=""MAN_GEOMANCER""/>.","<color=@#Fighter#>戰士</color>戰士是戰士。他們幾乎可以使用所有武器。在第一級經驗之後，每公升 4 級經驗，戰士就會獲得<l=""MAN_MELEE_COMBAT"",""extra attack""/>的戰鬥能力。 
 
 
 
 有能力成為<l=""MAN_GEOMANCER""/>。"
MAN_PALADIN,Paladin,聖騎士
MAN_PALADIN_TEXT,"<color=@#Fighter#>Fighter</color>

Paladins are fighters who have sworn to fight all evil and uphold honor and purity in all places and situations. Paladins can use most weapons including many that other fighters can't. Paladins get <l=""MAN_MELEE_COMBAT"",""multiple attacks""/> at higher levels and also have greater resistance to evil magic.



Capable of becoming a <l=""MAN_GEOMANCER""/>.","<color=@#Fighter#>戰士</color>聖騎士是發誓在任何地方和情況下與一切邪惡作鬥爭並維護榮譽和純潔的戰士。聖騎士可以使用大多數武器，包括許多其他戰士無法使用的武器。聖騎士在更高等級時獲得<l=""MAN_MELEE_COMBAT"",""multiple attacks""/>，並且對邪惡魔法也有更強的抵抗力。 
 
 
 
 有能力成為<l=""MAN_GEOMANCER""/>。"
MAN_ROGUE,Rogue,盜賊
MAN_ROGUE_TEXT,"<color=@#Fighter#>Fighter</color>

Rogues are professional thieves with mediocre combat skills. However, rogues are experts at skulking in the shadows, as well as searching for <l=""MAN_CHEST_TRAPS"",""chest traps""/> and disarming them. Without a rogue in the ranks of the party, booty will come at an unusually high price.



When rogues successfully slip into the shadows to avoid combat, they advance 10 feet. If they are already cloaked in the shadows, they can continue to advance further and further. An attack from the shadows have a good chance of getting a <l=""MAN_MELEE_COMBAT"",""critical hit""/> because they are striking the monster from behind.","<color=@#Fighter#>戰士</color>盜賊是戰鬥技能平庸的職業盜賊。然而，盜賊是潛伏在陰影中、尋找<l=""MAN_CHEST_TRAPS"",""chest traps""/>並解除其武裝的專家。如果隊伍中沒有流氓，戰利品的價格就會異常高。 
 
 
 
 當盜賊成功潛入陰影以避免戰鬥時，他們會前進 10 英尺。如果他們已經隱藏在陰影之中，他們還可以繼續前進，越走越遠。來自陰影的攻擊很有可能獲得<l=""MAN_MELEE_COMBAT"",""critical hit""/>，因為它們是從後面攻擊怪物。"
MAN_BARD,Bard,吟遊詩人
MAN_BARD_TEXT,"<color=@#Fighter#>Fighter</color><sprite=4/>

<width=65%>The bard is a wandering minstrel. He is always seen with a tankard of ale in front of him in even the less reputable of taverns. The rowdier the better.



Most bards are warriors who have given up the art of war for the art of <l=""MAN_BARD_SONGS"",""magical music""/>. This doesn't mean that they have forgotten how to handle warrior weapons.</width>

But because they're not true warriors, bards don't get the advantage of extra attacks during combat. Their magic is so unique, it is almost impossible to survive without one.



Any true bard has a variety of tunes on their lips, though to play them, they must have an instrument equipped and a healthy voice. When the going gets tough, the bard goes drinking.



Capable of becoming a <l=""MAN_GEOMANCER""/>.","<color=@#Fighter#>戰士</color><sprite=4/><width=65%>吟遊詩人是一位流浪的吟遊詩人。即使在信譽較差的小酒館裡，人們總是看到他面前放著一大杯麥芽酒。越吵越好。 
 
 
 
 大多數吟遊詩人都是放棄兵法而轉向<l=""MAN_BARD_SONGS"",""magical music""/>藝術的戰士。這並不意味著他們忘記瞭如何使用戰士武器。</width>但因為他們不是真正的戰士，吟遊詩人在戰鬥中無法獲得額外攻擊的優勢。他們的魔法是如此獨特，沒有魔法幾乎不可能生存。 
 
 
 
 任何真正的吟遊詩人都會有各種各樣的曲調，但要演奏它們，他們必須擁有樂器和健康的聲音。當事情變得艱難時，吟遊詩人就會去喝酒。 
 
 
 
 能夠成為<l=""MAN_GEOMANCER""/>。"
MAN_HUNTER,Hunter,獵人
MAN_HUNTER_TEXT,"<color=@#Fighter#>Fighter</color>

The Hunter is an assassin, a mercenary, but also a ninja. The hunter can use most weapons, and has the ability to do <l=""MAN_MELEE_COMBAT"",""critical hits""/> in combat. As the hunter levels up so does the skill that increases critical hit chance.



Capable of becoming a <l=""MAN_GEOMANCER""/>.","<color=@#Fighter#>戰士</color>獵人是刺客、傭兵，同時也是忍者。獵人可以使用大部分武器，並且有能力在戰鬥中做到<l=""MAN_MELEE_COMBAT"",""critical hits""/>。隨著獵人等級的提高，增加暴擊幾率的技能也會跟著提高。 
 
 
 
 有能力成為<l=""MAN_GEOMANCER""/>。"
MAN_MONK,Monk,武僧
MAN_MONK_TEXT,"<color=@#Fighter#>Fighter</color>

The monk is a martial artist. An almost inhuman fighting machine trained to fight without weapons or armor. The monk can use them, but, at higher levels particularly, often does better without. Monks do well in combat because of their ability to attack <l=""MAN_MELEE_COMBAT"",""multiple times""/>.



Capable of becoming a <l=""MAN_GEOMANCER""/>.","<color=@#Fighter#>戰士</color>武僧是武術家。近乎非人的戰鬥機器，經過訓練可以在沒有武器或裝甲的情況下進行戰鬥。武僧可以使用它們，但是，特別是在更高的級別，通常不使用它們會更好。武僧在戰鬥中表現出色，因為他們能夠攻擊<l=""MAN_MELEE_COMBAT"",""multiple times""/>。 
 
 
 
 有能力成為<l=""MAN_GEOMANCER""/>。"
MAN_MAGES,Mages,法師
MAN_MAGES_TEXT,"Mages are the types of classes that are best suited for magic based combat by casting <l=""MAN_SPELLS"",""spells""/>.



Casting spells uses <l=""MAN_SPELL_POINTS"",""spell points""/> and spells require different amounts spell points. Magic users qualify to learn spells in the next <l=""MAN_SPELL_LEVEL"",""spell level""/> when they are at an eligible <l=""MAN_LEVEL"",""level""/>. It takes <l=""MAN_GOLD"",""gold""/> to actually learn the new spells. Once a Magic User leaves a mage class, they can never return to it. Make sure to master each class before changing, to get full effectiveness out of a mage.



<b>Tales of the Unknown (BT1)</b> starts with the classes - <l=""MAN_CONJURER""/>, <l=""MAN_MAGICIAN""/>, <l=""MAN_SORCERER""/>, <l=""MAN_WIZARD""/>.



<b>The Destiny Knight (BT2)</b> introduces the - <l=""MAN_ARCHMAGE""/> class.



<b>Thief of Fate (BT3)</b> adds the - <l=""MAN_CHRONOMANCER""/> and <l=""MAN_GEOMANCER""/> classes.","法師是最適合透過施放<l=""MAN_SPELLS"",""spells""/>進行基於魔法的戰鬥的職業類型。 
 
 
 
 施展法術使用<l=""MAN_SPELL_POINTS"",""spell points""/>且法術需要不同數量的法術點數。當魔法使用者達到合格的<l=""MAN_LEVEL"",""level""/>時，他們就有資格在下一個<l=""MAN_SPELL_LEVEL"",""spell level""/>學習法術。需要<l=""MAN_GOLD"",""gold""/>才能真正學習新咒語。魔法師一旦離開法師職業，就永遠無法再回到該職業。確保在改變之前掌握每個職業，以充分發揮法師的作用。<b>未知故事 (BT1)</b>從類別開始 -<l=""MAN_CONJURER""/>、<l=""MAN_MAGICIAN""/>、<l=""MAN_SORCERER""/>、<l=""MAN_WIZARD""/>。<b>命運騎士 (BT2)</b>引入了 -<l=""MAN_ARCHMAGE""/>類別。<b>命運之盜 (BT3)</b>新增了 -<l=""MAN_CHRONOMANCER""/>和<l=""MAN_GEOMANCER""/>類別。"
MAN_CONJURER,Conjurer,魔術師
MAN_CONJURER_TEXT,"<color=@#MagicUser#>Magic User</color> (<l=""MAN_CONJURER_SPELLS"",""@#MAN_SPELLS#""/>)

Conjuring deals with healing the wounded, instantaneous creation of physical phenomena and effects, through the channeling of a mage's power. Conjurer spells are potent, but not unlimited in effect, since the exercise of creation takes a large amount of energy to produce even a moderate effect. A conjurer can also produce effects that distort non-solid things to produce new effects, like the distortion of space and time required to teleport human bodies to a new location.



<sprite=0/>","<color=@#MagicUser#>魔法使用者</color>(<l=""MAN_CONJURER_SPELLS"",""@#MAN_SPELLS#""/>) 
 
 召喚術透過引導法師的力量來治療受傷、瞬間創造物理現象和效果。咒術師的法術很有效，但效果並不是無限的，因為創造的練習需要大量的能量才能產生即使是中等的效果。魔術師還可以產生扭曲非固體物體以產生新效果的效果，例如將人體傳送到新位置所需的空間和時間扭曲。<sprite=0/>"
MAN_MAGICIAN,Magician,魔術師
MAN_MAGICIAN_TEXT,"<color=@#MagicUser#>Magic User</color> (<l=""MAN_MAGICIAN_SPELLS"",""@#MAN_SPELLS#""/>)

Magic, the art practiced by a Magician, deals with bestowing magical effects on common objects. The items do not become magical, but radiate fields of power for the duration of a spell. The gist of Magic is that it can increase an item's capability, give it a totally new capability, or change its form to something totally different.



<pos=2.5f%><sprite=1/></pos>","<color=@#MagicUser#>魔法使用者</color>(<l=""MAN_MAGICIAN_SPELLS"",""@#MAN_SPELLS#""/>) 
 
 魔法是魔術師所實踐的藝術，涉及對普通物體賦予魔法效果。這些物品不會變得具有魔法，但會在法術持續時間內散發出能量場。魔法的重點是它可以增加物品的能力，賦予它全新的能力，或將其形式改變為完全不同的東西。<pos=2.5f%><sprite=1/></pos>"
MAN_SORCERER,Sorcerer,魔法師
MAN_SORCERER_TEXT,"<color=@#MagicUser#>Magic User</color> (<l=""MAN_SORCERER_SPELLS"",""@#MAN_SPELLS#""/>)

Sorcery does not deal with a physical, manifestation, but rather the creation and manipulation of illusion and tapping into a heightened sense of awareness.

<pos=70%><sprite=2/></pos>

<width=67.5f%>An illusion is an image envisioned by the spell caster, which they then lay over the retinas of all who watch, augmenting this with appropriate stimulation of nerve endings to fool the other four senses. The human mind, believing an illusionary creation to be real, can be hurt or even killed by it, unless it is somehow disbelieved.<width=65%> A sorcerer, with the aid of their art, can also perceive certain special things hidden from view.</width>



Due to the power of Sorcerer spells, this class is not available to newly created characters. To become a Sorcerer, the mage must first have achieved spell level 3 in one of the other magical arts.","<color=@#MagicUser#>魔法使用者</color>(<l=""MAN_SORCERER_SPELLS"",""@#MAN_SPELLS#""/>) 
 
 巫術不涉及物理、表現，而是創造和操縱幻象並提高意識。<pos=70%><sprite=2/></pos><width=67.5f%>幻像是施法者想像的圖像，然後他們將其放置在所有觀看者的視網膜上，透過適當刺激神經末梢來增強這種圖像，以愚弄其他四種感官。人類的思想相信幻覺的創造物是真實的，可能會受到傷害，甚至被殺死，除非有人不相信它。<width=65%>巫師借助他們的藝術，也可以感知某些隱藏在視線之外的特殊事物。</width>由於巫師法術的威力，該職業不適用於新創建的角色。要成為魔法師，法師必須先在其他魔法藝術之一中達到法術等級 3。"
MAN_WIZARD,Wizard,術士
MAN_WIZARD_TEXT,"<color=@#MagicUser#>Magic User</color> (<l=""MAN_WIZARD_SPELLS"",""@#MAN_SPELLS#""/>)

Wizardry deals with the summoning and binding of various supernatural creatures. These creatures are not friendly to humankind and trying to control them is extremely hazardous.

<pos=1%><sprite=3/></pos>

<margin-left=25fem>The wizard has fewer spells than the other three classes, but theirs are by far the most potent. The creatures they can summon come from another plane of existence, called the negative plane. The summoned monsters will join party, and will fight until defeated. The wizard has some ability to trap and control normal monsters as well.</margin>



Due to the power of Wizard spells, this class is not available to newly created characters. To become a Wizard, the mage must first have achieved spell level 3 in two other magical arts.","<color=@#MagicUser#>魔法使用者</color>(<l=""MAN_WIZARD_SPELLS"",""@#MAN_SPELLS#""/>) 
 
 魔法涉及各種超自然生物的召喚和束縛。這些生物對人類並不友好，試圖控制它們是極其危險的。<pos=1%><sprite=3/></pos><margin-left=25fem>巫師的法術比其他三個職業少，但他們的法術是迄今為止最有效的。他們可以召喚的生物來自另一個存在位面，稱為負位面。召喚出來的怪物會加入隊伍，並戰鬥直到被擊敗。巫師也有一定的能力來捕捉和控制普通怪物。</margin>由於巫師法術的威力，此類不適用於新創建的角色。要成為巫師，法師必須先在另外兩種魔法藝術中達到法術等級 3。"
MAN_ARCHMAGE,Archmage,大法師
MAN_ARCHMAGE_TEXT,"<color=@#MagicUser#>Magic User</color> (<l=""MAN_ARCHMAGE_SPELLS"",""@#MAN_SPELLS#""/>)

Archmage's are masters of magic. They are the most powerful form of mage because an archmage can do almost anything. These masters of magic have risen through at least three <l=""MAN_SPELL_LEVEL"",""spell levels""/> for each of the previous four magic using classes - <b><l=""MAN_CONJURER""/></b>, <b><l=""MAN_MAGICIAN""/></b>, <b><l=""MAN_SORCERER""/></b> and a <b><l=""MAN_WIZARD""/></b>.



Archmages possess the knowledge to cast all of the spells learnt from their previous classes.","<color=@#MagicUser#>魔法使用者</color>(<l=""MAN_ARCHMAGE_SPELLS"",""@#MAN_SPELLS#""/>) 
 
 大法師是魔法大師。他們是法師中最強大的形式，因為大法師幾乎可以做任何事。這些魔法大師對於之前的四個魔法使用等級中的每一個都至少通過了三個<l=""MAN_SPELL_LEVEL"",""spell levels""/>的提升 -<b><l=""MAN_CONJURER""/></b>，<b><l=""MAN_MAGICIAN""/></b>，<b><l=""MAN_SORCERER""/></b>和<b><l=""MAN_WIZARD""/></b>。 
 
 
 
 大法師擁有施展從先前職業中學到的所有法術的知識。"
MAN_CHRONOMANCER,Chronomancer,時空術士
MAN_CHRONOMANCER_TEXT,"<color=@#MagicUser#>Magic User</color> (<l=""MAN_CHRONOMANCER_SPELLS"",""@#MAN_SPELLS#""/>)

Chronomancers are the key to distant lands. Chronomancers are the travel experts of magic users. They help the party move from dimension to dimension with their special teleport spells. They also have a number of vicious offensive spells. Before becoming a chronomancer, a magic user must be an archmage and have a spell level of 3 or higher.



When a mage becomes a chronomancer, they lose the power to use all the spells they had previously learnt. It may sound unfair, but the chronomancer needs to focus all of their attention on the important dimension teleport spells.



In <b>The Thief of Fate</b> a Chronomancer is <uppercase>necessary</uppercase> to get around.","<color=@#MagicUser#>魔法使用者</color>(<l=""MAN_CHRONOMANCER_SPELLS"",""@#MAN_SPELLS#""/>) 
 
 時空術士是通往遙遠國度的鑰匙。時空術士是魔法使用者的旅遊專家。他們用特殊的傳送咒語幫助隊伍從一個維度移動到另一個維度。他們也擁有許多惡毒的攻擊咒語。在成為時空法師之前，魔法使用者必須是大法師且法術等級為 3 或更高。 
 
 
 
 當法師成為時空法師時，他們將失去使用之前學到的所有法術的能力。這聽起來可能不公平，但時空法師需要將所有註意力集中在重要的維度傳送法術上。 
 
 
 
 在<b>命運之盜</b>中，時空術士是<uppercase>必需的</uppercase>才能四處走動。"
MAN_GEOMANCER,Geomancer,大地術士
MAN_GEOMANCER_TEXT,"<color=@#MagicUser#>Magic User</color> (<l=""MAN_GEOMANCER_SPELLS"",""@#MAN_SPELLS#""/>)

The most physically adept of all the spell casters, Geomancers can handle most weapons that fighters can. Their combative nature shows in their repertoire of predominantly offensive spells. Geomancers are fighters who want to convert to a life of magic. Once they choose to change, they can still use the armor, weapons, and magic items that the fighter classes use. Unfortunately, when a fighter becomes a geomancer, they lose some class specific traits.



<l=""MAN_WARRIOR"",""Warriors""/> lose their <l=""MAN_MELEE_COMBAT"",""multiple attacks""/>.

<l=""MAN_PALADIN"",""Paladins""/> lose their <l=""MAN_MELEE_COMBAT"",""multiple attacks""/>.

<l=""MAN_MONK"",""Monks""/> lose their <l=""MAN_MELEE_COMBAT"",""multiple attacks""/> and <l=""MAN_ARMOR_CLASS"",""armor class""/> bonus.

<l=""MAN_BARD"",""Bards""/> lose their <l=""MAN_BARD_SONGS"",""songs""/>.

<l=""MAN_HUNTER"",""Hunters""/> lose their <l=""MAN_MELEE_COMBAT"",""critical hit""/> ability.



It is a part of the trade off. To become a geomancer, a special location must be found. It is the only place the rite of passage to become a Geomancer can be performed.","<color=@#MagicUser#>魔法使用者</color>(<l=""MAN_GEOMANCER_SPELLS"",""@#MAN_SPELLS#""/>) 
 
 大地術士是所有施法者中身體最熟練的，可以使用戰士可以使用的大多數武器。他們的好鬥本質體現在他們主要使用進攻性法術的技能上。大地術士是想要轉變為魔法生活的戰士。一旦他們選擇改變，他們仍然可以使用戰士職業使用的盔甲、武器和魔法物品。不幸的是，當戰士成為大地術士時，他們會失去一些職業特定的特徵。<l=""MAN_WARRIOR"",""Warriors""/>失去了他們的<l=""MAN_MELEE_COMBAT"",""multiple attacks""/>。<l=""MAN_PALADIN"",""Paladins""/>失去了他們的<l=""MAN_MELEE_COMBAT"",""multiple attacks""/>。<l=""MAN_MONK"",""Monks""/>失去<l=""MAN_MELEE_COMBAT"",""multiple attacks""/>和<l=""MAN_ARMOR_CLASS"",""armor class""/>獎金。<l=""MAN_BARD"",""Bards""/>失去了他們的<l=""MAN_BARD_SONGS"",""songs""/>。<l=""MAN_HUNTER"",""Hunters""/>失去他們的<l=""MAN_MELEE_COMBAT"",""critical hit""/>能力。 
 
 
 
 這是權衡的一部分。要成為大地術士，必須找到一個特別的地點。這是唯一可以舉行大地術士成年儀式的地方。"
MAN_ATTRIBUTES,Attributes,屬性
MAN_ATTRIBUTES_TEXT,"Each character has five basic attributes which define their physical and mental prowess.

<b><l=""MAN_STRENGTH""/></b>

<b><l=""MAN_INTELLIGENCE""/></b>

<b><l=""MAN_DEXTERITY""/></b>

<b><l=""MAN_CONSTITUTION""/></b>

<b><l=""MAN_LUCK""/></b>



Every character also has other <b><l=""MAN_STATISTICS"",""statistics""/></b>.



When a character is created, each attribute is randomly assigned a value from a <l=""MAN_RACE"",""races'""/> base <l=""MAN_BASE_RACIAL_ATTRIBUTES"",""racial attribute""/> value, to a maximum of 18. Higher numbers reflect higher capability. These stats can be re-rolled before confirming and applying these to the character.","每個角色都有五個基本屬性，定義了他們的身體和精神力量。<b><l=""MAN_STRENGTH""/></b><b><l=""MAN_INTELLIGENCE""/></b><b><l=""MAN_DEXTERITY""/></b><b><l=""MAN_CONSTITUTION""/></b><b><l=""MAN_LUCK""/></b>每個角色還有其他<b>16Y</b>6Y。 
 
 
 
 建立角色時，每個屬性都會從<l=""MAN_RACE"",""races'""/>基礎<l=""MAN_BASE_RACIAL_ATTRIBUTES"",""racial attribute""/>值隨機分配一個值，最大為 18。數字越大，能力越高。在確認這些統計數據並將其應用到角色之前，可以重新捲動這些統計數據。"
MAN_BASE_RACIAL_ATTRIBUTES,Base Racial Attributes,基本種族屬性
MAN_BASE_RACIAL_ATTRIBUTES_TEXT,"Each <l=""MAN_RACE"",""race""/> has base value <l=""MAN_ATTRIBUTES"",""attributes""/>. These values act as a minimum value for an attribute roll and will never be less than the base value. Consider making characters races which have high base attributes that best benefit their <l=""MAN_CLASS"",""class""/>.



<size=125%><color=@#Heading#><align=""center""><b>Base Values</b></align></color></size>

<pos=14.5f%>Strength</pos><pos=30%>Intelligence</pos><pos=52%>Dexterity</pos><pos=67%>Constitution</pos><pos=85%>Luck</pos>

<b>Human</b><pos=18%>10</pos><pos=35%>6</pos><pos=56f%>8</pos><pos=72.5f%>8</pos><pos=87.5f%>5</pos>

<b>Elf</b><pos=18%>8</pos><pos=35%>9</pos><pos=56f%>9</pos><pos=72.5f%>6</pos><pos=87.5f%>6</pos>

<b>Dwarf</b><pos=18%>12</pos><pos=35f%>6</pos><pos=56f%>7</pos><pos=72.5f%>10</pos><pos=87.5f%>3</pos>

<b>Hobbit</b><pos=18%>4</pos><pos=35f%>6</pos><pos=56f%>12</pos><pos=72.5f%>5</pos><pos=87.5f%>10</pos>

<b>Half-Elf</b><pos=18%>9</pos><pos=35%>8</pos><pos=56f%>9</pos><pos=72.5f%>7</pos><pos=87.5f%>6</pos>

<b>Half-Orc</b><pos=18%>11</pos><pos=35%>3</pos><pos=56f%>8</pos><pos=72.5f%>11</pos><pos=87.5f%>4</pos>

<b>Gnome</b><pos=18%>9</pos><pos=35%>10</pos><pos=56f%>7</pos><pos=72.5f%>3</pos><pos=87.5f%>4</pos>","每個<l=""MAN_RACE"",""race""/>都有基值<l=""MAN_ATTRIBUTES"",""attributes""/>。這些值充當屬性擲骰的最小值，並且永遠不會小於基礎值。考慮製作具有高基礎屬性的角色種族，最有利於他們的<l=""MAN_CLASS"",""class""/>。<size=125%><color=@#Heading#><align=""center""><b>基礎值</b></align></color></size><pos=14.5f%>力量</pos><pos=30%>智力</pos><pos=52%>敏捷</pos><pos=67%>體質</pos><pos=85%>YNN</pos></pos>Y2<pos=35%>6</pos><pos=56f%>8</pos><pos=72.5f%>8</pos><pos=87.5f%>5</pos><b>精靈</b><pos=18%>8</pos><pos=35%>9</pos><pos=56f%>9</pos><pos=72.5f%>6<pos=35%>9</pos><pos=56f%>9</pos><pos=72.5f%>6<pos=35%>9</pos><pos=56f%>9</pos><pos=72.5f%>640Y2<pos=18%>12</pos><pos=35f%>6</pos><pos=56f%>7</pos><pos=72.5f%>10</pos><pos=87.5f%>3</pos><b>哈比人</b><pos=18%>4</pos><pos=35f%>6</pos>63Y 16Y 6</pos><b>半精靈</b><pos=18%>9</pos><pos=35%>8</pos><pos=56f%>9</pos><pos=72.5f%>7</pos><pos=87.5f%>6</pos><b>半獸人</b><pos=18%>6</pos><b>半獸人</b><pos=18%>1</pos><b>半獸人</b><pos=18%>111 Y8485<pos=72.5f%>11</pos><pos=87.5f%>4</pos><b>侏儒</b><pos=18%>9</pos><pos=35%>10</pos><pos=56f%>7</pos><pos=72.5f%>3</pos><pos=87.5f%>4</pos>"
MAN_STRENGTH,Strength,力量
MAN_STRENGTH_TEXT,"Strength is physical power and chiefly affects the amount of damage a character can do to an opponent in <l=""MAN_MELEE_COMBAT"",""melee combat""/>. Make sure <color=@#Fighter#>fighters</color> are strong.","力量是物理力量，主要影響角色在<l=""MAN_MELEE_COMBAT"",""melee combat""/>中可以對對手造成的傷害量。確保<color=@#Fighter#>戰士</color>強大。"
MAN_INTELLIGENCE,Intelligence,智力
MAN_INTELLIGENCE_TEXT,"Intelligence is mental power. A high intelligence rating will enable <color=@#MagicUser#>magic users</color> to get bonus <l=""MAN_SPELL_POINTS"",""spell points""/>.","智力是精神力量。高智力等級將使<color=@#MagicUser#>魔法使用者</color>獲得獎勵<l=""MAN_SPELL_POINTS"",""spell points""/>。"
MAN_DEXTERITY,Dexterity,敏捷
MAN_DEXTERITY_TEXT,"Dexterity measures agility and nimbleness. A high Dexterity makes characters harder to hit and helps them strike the first blow in <l=""MAN_COMBAT"",""combat""/>.","敏捷性衡量敏捷性和敏捷性。高敏捷度使角色更難被擊中，並幫助他們在<l=""MAN_COMBAT"",""combat""/>中發動第一擊。"
MAN_CONSTITUTION,Constitution,體質
MAN_CONSTITUTION_TEXT,"Constitution measures healthiness and survivability. It takes more damage to kill a character with a high constitution. Constitution is reflected with bonus <b><l=""MAN_HIT_POINTS"",""hit points""/></b>.","體質衡量健康和生存能力。殺死體質高的角色需要更多的傷害。體質透過獎金<b><l=""MAN_HIT_POINTS"",""hit points""/></b>體現。"
MAN_LUCK,Luck,運氣
MAN_LUCK_TEXT,"Luck is ambiguous, unpredictable, and has a number of unforeseen effects on characters' lives. Lucky characters are more likely to resist evil magic and avoid <l=""MAN_TRAPS"",""traps""/> and <l=""MAN_CHEST_TRAPS"",""chest traps""/>.","運氣是模糊的、不可預測的，並且會對角色的生活產生許多不可預見的影響。幸運的角色更有可能抵抗邪惡魔法並避免<l=""MAN_TRAPS"",""traps""/>和<l=""MAN_CHEST_TRAPS"",""chest traps""/>。"
MAN_STATISTICS,Statistics,統計數據
MAN_STATISTICS_TEXT,"Each character also has statistics dependant on <b><l=""MAN_CLASS"",""class""/></b>.

<b><l=""MAN_LEVEL""/></b>

<b><l=""MAN_HIT_POINTS""/></b>

<b><l=""MAN_SPELL_POINTS""/></b>

<b><l=""MAN_EXPERIENCE""/></b>

<b><l=""MAN_ARMOR_CLASS""/></b>","每個字元還具有依賴<b><l=""MAN_CLASS"",""class""/></b>的統計資料。<b><l=""MAN_LEVEL""/></b><b><l=""MAN_HIT_POINTS""/></b><b><l=""MAN_SPELL_POINTS""/></b><b><l=""MAN_EXPERIENCE""/></b><b><l=""MAN_ARMOR_CLASS""/></b>"
MAN_LEVEL,Level,等級
MAN_LEVEL_TEXT,"Level is a general measure of achievement within a character's class.



The <b><l=""MAN_REVIEW_BOARD"",""Review board""/></b> will promote a character to higher levels based on their <b><l=""MAN_EXPERIENCE"",""experience""/></b>, but only upon the character's in-person request. Advancement in levels is very important because it generally means an increase in <b><l=""MAN_ATTRIBUTES"",""attributes""/></b>.","等級是角色職業中成就的一般衡量標準。<b><l=""MAN_REVIEW_BOARD"",""Review board""/></b>將根據角色的<b><l=""MAN_EXPERIENCE"",""experience""/></b>將角色提升到更高級別，但僅根據角色的親自請求。等級的提升非常重要，因為它通常意味著<b><l=""MAN_ATTRIBUTES"",""attributes""/></b>的增加。"
MAN_EXPERIENCE,Experience (XP),經驗（XP）
MAN_EXPERIENCE_TEXT,"Experience (XP) measures abilities gained by experience, the higher the number, the better the character. Characters are <l=""MAN_CHESTS"",""awarded""/> XP for successful combat.



XP is used to <b><l=""MAN_LEVEL"",""level""/></b> characters up. When a character has enough XP to reach the next level, an arrow will appear on the left of a character's name in the <l=""MAN_PARTY_STATUS"",""party status""/>.



<pos=40f%>@#AC#</pos><pos=55.5f%><color=#141414>@#HP#</color></pos><pos=78f%>@#SP#</pos><pos=95.5f%>@#CL#</pos>

<pos=0.25f%>1</pos><pos=2%><sprite=63/></pos><pos=5.5f%>@#Brian the Fist#</pos><pos=40f%>-10</pos><pos=53f%><color=#141414>108/</color><color=#F0F0F0FF>258</color></pos><pos=75f%></pos><pos=95f%>@#WA#</pos>

<pos=0f%>2</pos><pos=2%><sprite=63/></pos><pos=5.5f%>@#El Cid#</pos><pos=40f%>-8</pos><pos=53f%><color=#141414>215/</color><color=#F0F0F0FF>226</color></pos><pos=75f%></pos><pos=95f%>@#PA#</pos>

<pos=0f%>3</pos><pos=2%><sprite=63/></pos><pos=5.5f%>@#Markus#</pos><pos=40f%>-4</pos><pos=53f%><color=#141414>176/</color><color=#F0F0F0FF>198</color></pos><pos=75f%></pos><pos=95f%>@#BA#</pos>

<pos=0f%>4</pos><pos=2%><sprite=63/></pos><pos=5.5f%>@#Sir Grady#</pos><pos=40f%>-5</pos><pos=53f%><color=#141414>178/</color><color=#F0F0F0FF>215</color></pos><pos=75f%></pos><pos=95f%>@#RO#</pos>

<pos=0f%>5</pos><pos=2%><sprite=63/></pos><pos=5.5f%>@#Merlin#</pos><pos=40f%>-1</pos><pos=53f%><color=#141414>145/</color><color=#F0F0F0FF>145</color></pos><pos=75f%></pos><color=#141414>409/</color><color=#F0F0F0FF>512</color><pos=95f%>@#CO#</pos>

<pos=0f%>6</pos><pos=2%><sprite=63/></pos><pos=5.5f%>@#Omar#</pos><pos=40.5f%>2</pos><pos=53f%><color=#141414>163/</color><color=#F0F0F0FF>163</color></pos><pos=75f%></pos><color=#141414>367/</color><color=#F0F0F0FF>571</color><pos=95f%>@#MA#</pos>

<pos=0f%>7</pos>","經驗（XP）衡量透過經驗獲得的能力，數字越高，角色越好。成功戰鬥的角色有<l=""MAN_CHESTS"",""awarded""/>XP。 
 
 
 
 XP 用於<b><l=""MAN_LEVEL"",""level""/></b>字元向上。當角色有足夠的 XP 達到下一個等級時，<l=""MAN_PARTY_STATUS"",""party status""/>中角色名字的左邊會出現一個箭頭。<pos=40f%>@#AC#</pos><pos=55.5f%><color=#141414>@#HP#</color></pos><pos=78f%>@#SP#</pos><pos=95.5f%>@#CL#</pos><pos=0.25f%>1</pos><pos=2%><sprite=63/></pos><pos=5.5f%><pos=0.25f%>1</pos><pos=2%><sprite=63/></pos><pos=5.5f%><pos=0.25f%>1</pos><pos=2%><sprite=63/></pos><pos=5.5f%>Y2<color=#141414>108/</color><color=#F0F0F0FF>258</color></pos><pos=75f%></pos><pos=95f%>@#WA#</pos><pos=0f%>2</pos><pos=2%><sprite=63/></pos><pos=5.5f%>@#El Cid#</pos>436Y<sprite=63/></pos><pos=5.5f%>@#El Cid#</pos>451Y<color=#F0F0F0FF>226</color></pos><pos=75f%></pos><pos=95f%>@#PA#</pos><pos=0f%>3</pos><pos=2%><sprite=63/></pos><pos=5.5f%>@#Markus#</pos><pos=40f%>-4</pos><pos=53f%>638</pos>6Y63<pos=75f%></pos><pos=95f%>@#BA#</pos><pos=0f%>4</pos><pos=2%><sprite=63/></pos><pos=5.5f%>@#格雷迪爵士#</pos><pos=40f%>-5</pos><pos=53f%><color=#141414>178/</color><color=#F0F0F0FF>-5</pos><pos=53f%><color=#141414>178/</color><color=#F0F0F0FF>2 @#RO#</pos><pos=0f%>5</pos><pos=2%><sprite=63/></pos><pos=5.5f%>@#Merlin#</pos><pos=40f%>-1</pos><pos=53f%><color=#141414>145/</color><color=#F0F0F0FF>1<pos=53f%><color=#141414>145/</color><color=#F0F0F0FF>145</color>Y</color><color=#F0F0F0FF>512</color><pos=95f%>@#CO#</pos><pos=0f%>6</pos><pos=2%><sprite=63/></pos><pos=5.5f%>@#奧馬爾#</pos><pos=40.5f%>2</pos><pos=5.5f%>@#奧馬爾#</pos><pos=40.5f%>2</pos><pos=5.5f%>@#Ou#</pos><pos=40.5f%>2</pos>Y 163</color></pos><pos=75f%></pos><color=#141414>367/</color><color=#F0F0F0FF>571</color><pos=95f%>@#MA#</pos><pos=0f%>7</pos>"
MAN_ARMOR_CLASS,Armor Class (AC),裝甲等級（AC）
MAN_ARMOR_CLASS_TEXT,"Armor Class reflects the level of protection a character has from physical attacks. Armor class starts at 10, the lower the armor class the better.



As the character's protection improves through armor, spells, and other means, the armor class drops to a maximum of -50.","防禦等級反映了角色免受物理攻擊的保護程度。護甲等級從10開始，護甲等級越低越好。 
 
 
 
 隨著角色的防護能力透過護甲、法術和其他方式提高，護甲等級會下降到最大值 -50。"
MAN_HIT_POINTS,Hit Points (HP),生命值（HP）
MAN_HIT_POINTS_TEXT,"Hit Points (@#HP#) measure the damage a character can take before they are killed.



The @#HP# is represented by <color=#141414>(current health)/</color><color=#F0F0F0FF>(maximum health)</color>

<color=#141414>126/</color><color=#F0F0F0FF>258</color>



If a party members current @#HP# is 0 or less. They are <l=""MAN_CHARACTER_CONDITIONS"",""dead""/>.

<color=#141414>0/</color><color=#F0F0F0FF><uppercase>dead</uppercase></color>



@#HP# also shows any <l=""MAN_CHARACTER_CONDITIONS"",""condition""/> that the character has.



Character's details in the <l=""MAN_PARTY_STATUS"",""party status""/> will cause the party slot line of the party member, to flash a color when something is affecting them.



Being hit or taking damage - flashes red.

<pos=0.25f%>1</pos><pos=2.5f%><mark=#A100003C>@#Brian the Fist#</pos><pos=25f%>-10</pos><pos=35f%><color=#141414>108/</color><color=#F0F0F0FF>258</color></pos><pos=50f%></pos><pos=65f%>@#WA#</pos></mark>

<pos=0f%>2</pos><pos=2.5f%><mark=#A100003C>@#El Cid#</pos><pos=25f%>-8</pos><pos=35f%><color=#141414>215/</color><color=#F0F0F0FF>226</color></pos><pos=50f%></pos><pos=65f%>@#PA#</pos></mark>



Regenerating @#HP# or being healed - flashes yellow.

<pos=0.25f%>1</pos><pos=2.5f%><mark=#FFC91928>@#Brian the Fist#</pos><pos=25f%>-10</pos><pos=35f%><color=#141414>108/</color><color=#F0F0F0FF>258</color></pos><pos=50f%></pos><pos=65f%>@#WA#</pos></mark>

<pos=0f%>2</pos><pos=2.5f%><mark=#FFC91928>@#El Cid#</pos><pos=25f%>-8</pos><pos=35f%><color=#141414>215/</color><color=#F0F0F0FF>226</color></pos><pos=50f%></pos><pos=65f%>@#PA#</pos></mark>

<pos=0f%>5</pos><pos=2.5f%><mark=#FFC91928>@#Merlin#</pos><pos=25f%>-1</pos><pos=35f%><color=#141414>145/</color><color=#F0F0F0FF>145</color><pos=50f%></pos><color=#141414>409/</color><color=#F0F0F0FF>512</color><pos=50f%></pos><pos=65f%>@#CO#</pos></mark>

<pos=0f%>6</pos><pos=2.5f%><mark=#FFC91928>@#Omar#</pos><pos=25.5f%>2</pos><pos=35f%><color=#141414>163/</color><color=#F0F0F0FF>163</color></pos><pos=50f%></pos><color=#141414>367/</color><color=#F0F0F0FF>571</color><pos=65f%>@#MA#</pos></mark>



Taking damage from being <l=""MAN_CHARACTER_CONDITIONS"",""poisoned""/> - flashes green.

<pos=0f%>2</pos><pos=2.5f%><mark=#00800064>@#El Cid#</pos><pos=25f%>-8</pos><pos=35f%><color=#141414>215/</color><color=#F0F0F0FF>226</color></pos><pos=50f%></pos><pos=65f%>@#PA#</pos></mark>

<pos=0f%>6</pos><pos=2.5f%><mark=#00800064>@#Omar#</pos><pos=25.5f%>2</pos><pos=35f%><color=#141414>163/</color><color=#F0F0F0FF>163</color></pos><pos=50f%></pos><color=#141414>367/</color><color=#F0F0F0FF>571</color><pos=65f%>@#MA#</pos></mark>



Dead party members can be revived at a <l=""MAN_TEMPLE"",""temple""/>, or by <l=""MAN_SPELLS"",""spells""/>.","生命值（@#HP#）衡量角色在被殺死之前可以承受的傷害。 
 
 
 
 @#HP# 由<color=#141414>（當前生命值）/</color><color=#F0F0F0FF>（最大生命值）</color><color=#141414>126/</color><color=#F0F0F0FF>258</color>如果隊伍成員目前 @#HP# 為 0 或更少。他們是<l=""MAN_CHARACTER_CONDITIONS"",""dead""/>。<color=#141414>0/</color><color=#F0F0F0FF><uppercase>dead</uppercase></color>@#HP# 也顯示角色擁有的任何<l=""MAN_CHARACTER_CONDITIONS"",""condition""/>。<l=""MAN_PARTY_STATUS"",""party status""/>中的角色詳細資訊會導致隊伍成員的隊伍槽線在受到影響時閃爍顏色。 
 
 
 
 被擊中或受傷 - 閃爍紅色。<pos=0.25f%>1</pos><pos=2.5f%><mark=#A100003C>@#布萊恩拳頭#</pos><pos=25f%>-10</pos><pos=35f%><color=#141414>108/</color><color=#F0F0F0FF>258</color></pos><pos=50f%></pos><pos=65f%>#30 YNNY34 
Y N42451Y N42</pos><pos=2.5f%><mark=#A100003C>@#El Cid#</pos><pos=25f%>-8</pos><pos=35f%><color=#141414>215/</color><color=#F0F0F0FF>226</color></pos><pos=50f%></pos><pos=65f%>@#PA#</pos></mark>#HP 正在治癒。<pos=0.25f%>1</pos><pos=2.5f%><mark=#FFC91928>@#布萊恩拳頭#</pos><pos=25f%>-10</pos><pos=35f%><color=#141414>108/</color><color=#F0F0F0FF>258</color></pos><pos=50f%></pos><pos=65f%>YY.<pos=2.5f%><mark=#FFC91928>@#El Cid#</pos><pos=25f%>-8</pos><pos=35f%><color=#141414>215/</color><color=#F0F0F0FF>226</color></pos><pos=50f%></pos><pos=65f%>@#PA#</pos></mark>YY</pos><pos=65f%>@#PA#</pos></mark>YY<pos=25f%>-1</pos><pos=35f%><color=#141414>145/</color><color=#F0F0F0FF>145</color><pos=50f%></pos><color=#141414>409/</color><color=#F0F0F0FF>512</color><pos=50f%></pos>1NN100 YNN1Y 
1 6</pos><pos=2.5f%><mark=#FFC91928>@#奧馬爾#</pos><pos=25.5f%>2</pos><pos=35f%><color=#141414>163/</color><color=#F0F0F0FF>163</color></pos><pos=50f%></pos>11257 Y130<pos=65f%>@#MA#</pos></mark>因<l=""MAN_CHARACTER_CONDITIONS"",""poisoned""/>受到傷害 - 閃爍綠色。<pos=0f%>2</pos><pos=2.5f%><mark=#00800064>@#El Cid#</pos><pos=25f%>-8</pos><pos=35f%><color=#141414>215/</color><color=#F0F0F0FF>226</color></pos>Y1458<pos=0f%>6</pos><pos=2.5f%><mark=#00800064>@#奧馬爾#</pos><pos=25.5f%>2</pos><pos=35f%><color=#141414>163/</color><color=#F0F0F0FF>163</color></pos>Y1662Y<color=#F0F0F0FF>163</color></pos>Y166<color=#F0F0F0FF>76Y 571</color><pos=65f%>@#MA#</pos></mark>死亡的隊伍成員可以在<l=""MAN_TEMPLE"",""temple""/>或<l=""MAN_SPELLS"",""spells""/>復活。"
MAN_SPELL_POINTS,Spell Points (SP),法術點數 (SP)
MAN_SPELL_POINTS_TEXT,"Spell Points (@#SP#) are used to cast <l=""MAN_SPELLS"",""magic spells""/>. @#SP# are used up with each cast of a magic spell. Spells have a required amount of @#SP# to be cast. If a magic users @#SP# do no meet the requirements of the spell, the <color=#991A1AFF>spell name will be red</color>, it will fizzle - and not be cast.



Spell points are regenerated automatically when a magic user is in a city or out in a wilderness in the daytime. Spell points may also be regenerated in <l=""MAN_ROSCOES_ENERGY_EMPORIUM""/> or special <l=""MAN_DUNGEON_REGENERATION"",""spell point regeneration""/> tiles in some <l=""MAN_DUNGEONS"",""dungeons""/>.



The @#SP# is represented by <color=#141414>(current spell points)/</color><color=#F0F0F0FF>(maximum spell points)</color>

<color=#141414>64/</color><color=#F0F0F0FF>128</color>



A character’s party slot will flash blue when spell points are regenerated.

<pos=0f%>5</pos><pos=2.5f%><mark=#0069D22D>@#Merlin#</pos><pos=25f%>-1</pos><pos=35f%><color=#141414>145/</color><color=#F0F0F0FF>145</color><pos=50f%></pos><color=#141414>409/</color><color=#F0F0F0FF>512</color><pos=50f%></pos><pos=65f%>@#CO#</pos></mark>

<pos=0f%>6</pos><pos=2.5f%><mark=#0069D22D>@#Omar#</pos><pos=25.5f%>2</pos><pos=35f%><color=#141414>163/</color><color=#F0F0F0FF>163</color></pos><pos=50f%></pos><color=#141414>367/</color><color=#F0F0F0FF>571</color><pos=65f%>@#MA#</pos></mark>","法術點（@#SP#）用於施放<l=""MAN_SPELLS"",""magic spells""/>。 @#SP# 會在每次施放魔法咒語時耗盡。法術需要施放一定數量的@#SP#。如果魔法使用者@#SP#不符合咒語的要求，則<color=#991A1AFF>咒語名稱將為紅色</color>，它將失敗 - 並且不會被施放。 
 
 
 
 當魔法師白天在城市或野外時，法術點會自動重新生成。法術點也可以在<l=""MAN_ROSCOES_ENERGY_EMPORIUM""/>或某些<l=""MAN_DUNGEONS"",""dungeons""/>中的特殊<l=""MAN_DUNGEON_REGENERATION"",""spell point regeneration""/>方塊中重新產生。 
 
 
 
 @#SP# 由<color=#141414>（當前法術點）/</color><color=#F0F0F0FF>（最大法術點）</color><color=#141414>64/</color><color=#F0F0F0FF>128</color>重新生成法術點時，角色的隊伍閃爍角色會閃爍藍色。<pos=0f%>5</pos><pos=2.5f%><mark=#0069D22D>@#梅林#</pos><pos=25f%>-1</pos><pos=35f%><color=#141414>145/</color><color=#F0F0F0FF>145</color><pos=50f%></pos><color=#141414>409/</color>3<l=""MAN_ROSCOES_ENERGY_EMPORIUM""/>3Y3 @#CO#</pos></mark><pos=0f%>6</pos><pos=2.5f%><mark=#0069D22D>@#奧馬爾#</pos><pos=25.5f%>2</pos><pos=35f%><color=#141414>163/</color><color=#F0F0F0FF>163</color></pos><pos=50f%></color><pos=65f%>@#MA#</pos></mark>"
MAN_SPELL_LEVEL,Spell Level,法術等級
MAN_SPELL_LEVEL_TEXT,"Spell level is the highest tier of magic spells a character can use in any given school of magic. There are 7 spell levels of magic for each <l=""MAN_MAGES"",""mage class""/>. To be eligible to learn a new level of magic spells, a magic user must advance two <l=""MAN_LEVEL"",""levels""/>.<line-height=120%>

</line-height><margin=15fem>Level<pos=42%>Spell Level</pos></margin>

<margin=17em>1<pos=45.5%></pos>1

2<pos=45.5%></pos>1

3<pos=45.5%></pos>2<sprite=64/>

4<pos=45.5%></pos>2

5<pos=45.5%></pos>3<sprite=64/>

6<pos=45.5%></pos>3

7<pos=45.5%></pos>4<sprite=64/>

8<pos=45.5%></pos>4

9<pos=45.5%></pos>5<sprite=64/>

10<pos=45.5%></pos>5 

11<pos=45.5%></pos>6<sprite=64/>

12<pos=45.5%></pos>6

13+<pos=45.5%></pos>7<sprite=64/></margin><line-height=120%>

</line-height>When a character is at a level where they are eligible to advance their spell level, a star will appear on the left of a character's name in the <l=""MAN_PARTY_STATUS"",""party status""/>.



<pos=0f%>5</pos><pos=2%><sprite=64/></pos><pos=5.5f%>@#Merlin#</pos><pos=40f%>-1</pos><pos=53f%><color=#141414>145/</color><color=#F0F0F0FF>145</color></pos><pos=75f%></pos><color=#141414>409/</color><color=#F0F0F0FF>512</color><pos=95f%>@#CO#</pos>

<pos=0f%>6</pos><pos=2%><sprite=64/></pos><pos=5.5f%>@#Omar#</pos><pos=40.5f%>2</pos><pos=53f%><color=#141414>163/</color><color=#F0F0F0FF>163</color></pos><pos=75f%></pos><color=#141414>367/</color><color=#F0F0F0FF>571</color><pos=95f%>@#MA#</pos>



Mages who have learnt at least 3 spell levels (<l=""MAN_LEVEL"",""level""/> 5+) in an art may elect to change to another mage class at any time. A mage changing class will have very basic knowledge of the class they are new to learning. However they retain all current <l=""MAN_ATTRIBUTES"",""attributes""/>, <l=""MAN_STATISTICS"",""statistics""/> and all knowledge of spells they have practiced in all previous classes. 



Once a magic user leaves a mage class, they can never return to it. Make sure to master each class before changing, to get full effectiveness out of a mage.","法術等級是角色在任何給定魔法學校中可以使用的最高等級的魔法法術。每個<l=""MAN_MAGES"",""mage class""/>有 7 個魔法法術等級。為了有資格學習新等級的魔法咒語，魔法使用者必須前進兩個<l=""MAN_LEVEL"",""levels""/>。<line-height=120%></line-height><margin=15fem>等級<pos=42%>法術等級</pos></margin><margin=17em>1<pos=45.5%></pos>1 
 
 2<pos=45.5%></pos>1 
 
 3<pos=45.5%></pos>2<sprite=64/>4<pos=45.5%>YNN<sprite=64/>6<pos=45.5%></pos>3 
 
 7<pos=45.5%></pos>4<sprite=64/>8<pos=45.5%></pos>4 
 
 9<pos=45.5%></pos>5<sprite=64/>10<pos=45.5%></pos></pos>5<sprite=64/>10<pos=45.5%></pos>5 
 12<pos=45.5%></pos>6 
 
 13+<pos=45.5%></pos>7<sprite=64/></margin><line-height=120%></line-height>當角色達到有資格提升法術等級的等級時，<l=""MAN_PARTY_STATUS"",""party status""/>中角色名字的左側會出現一顆星。<pos=0f%>5</pos><pos=2%><sprite=64/></pos><pos=5.5f%>@#Merlin#</pos><pos=40f%>-1</pos><pos=53f%><color=#141414>145/</color><color=#F0F0F0FF>145</color></pos><pos=75f%></color><pos=95f%>@#CO#</pos><pos=0f%>6</pos><pos=2%><sprite=64/></pos><pos=5.5f%>@#Omar#</pos><pos=40.5f%>2</pos><pos=53f%><color=#141414>163/</color><pos=40.5f%>2</pos><pos=53f%><color=#141414>163/</color><color=#F0F0F0FF>163Y<pos=53f%><color=#141414>163/</color><color=#F0F0F0FF>163 Y81 Y83 YY3838 YY</color><color=#F0F0F0FF>571</color><pos=95f%>@#MA#</pos>在某門藝術中學習了至少 3 個法術等級（<l=""MAN_LEVEL"",""level""/>5+）的法師可以隨時選擇更換為另一個法師職業。法師轉換職業將對他們新學習的職業有非常基本的知識。然而，他們保留了所有當前的<l=""MAN_ATTRIBUTES"",""attributes""/>、<l=""MAN_STATISTICS"",""statistics""/>以及他們在之前所有職業中練習過的所有法術知識。  
 
 
 
 魔法使用者一旦離開法師職業，就永遠無法返回。確保在改變之前掌握每個職業，以充分發揮法師的作用。"
MAN_CHARACTER_CONDITIONS,Conditions,狀況
MAN_CHARACTER_CONDITIONS_TEXT,"Conditions affect characters and monsters. Conditions hinder abilities in and out of battle. Conditions are inflicted by special attacks, spells, or <l=""MAN_TRAPS"",""traps""/>. Each condition has its own effect and usually lingers until they are cured at a <l=""MAN_TEMPLE"",""temple""/> or by <l=""MAN_SPELLS"",""magic spells""/>. These conditions cover the maximum health text of a character on party roster, and are abbreviated to a code no longer than 5 letters. (<color=#141414>current health</color>)/(<color=#F0F0F0FF><uppercase>cond</uppercase></color>)



<pos=0.25f%>1</pos><pos=2.5f%>@#Brian the Fist#</pos><pos=25f%>-10</pos><pos=35f%><color=#141414>108/</color><color=#F0F0F0FF>258</color></pos><pos=50f%></pos><pos=65f%>@#WA#</pos>

<pos=0f%>5</pos><pos=2.5f%>@#Merlin#</pos><pos=25f%>-1</pos><pos=35f%><color=#141414>145/</color><color=#F0F0F0FF>145</color><pos=50f%></pos><color=#141414>409/</color><color=#F0F0F0FF>512</color><pos=50f%></pos><pos=65f%>@#CO#</pos>



<smallcaps>Death</smallcaps> - <color=#F0F0F0FF>DEAD</color>

Dead - not alive. This party member has had their health drop to 0. A dead party member can not act in any way. Resurrected by - <u>Temple & Spells</u>.



<smallcaps>Poison</smallcaps> - <color=#F0F0F0FF>POIS</color>

Hit points are slowly drained. This includes while moving and after each round of combat. Cured by - <u>Temple & Spells</u>.



<smallcaps>Petrification</smallcaps> - <color=#F0F0F0FF>STON</color>

Being turned to stone effectively kills the character twice - they will drop to the bottom of the roster, and after being un-petrified they will still need to be resurrected. Cured by - <u>Temple & Spells</u>.



<smallcaps>Insanity</smallcaps> - <color=#F0F0F0FF>NUTS</color>

Insanity causes the loss of control of actions. Insane party members will perform random actions in and out of combat. It is common for the insane to attack other party members at any time. Cured by - <u>Temple & Spells</u>.



<smallcaps>Paralysis</smallcaps> - <color=#F0F0F0FF>PARA</color>

Immobilized from performing actions, including combat. Cured by - <u>Temple & Spells</u>.



<smallcaps>Possession</smallcaps> - <color=#F0F0F0FF>POSS</color>

Being possessed turns the party member against the party. In combat possessed party members will attack members within the party. When not in combat, they will initiate a party attack. Cured by - <u>Temple & Spells</u>.



<smallcaps>Drained</smallcaps> - <color=#F0F0F0FF>DRAIN</color>

The character's level is drained, reducing their level by 1 and reducing their maximum @#HP#. Cured by - <u>Temple</u>.



<smallcaps>Withering</smallcaps> - <color=#F0F0F0FF>OLD</color>

All attributes are reduced to 1. Cured by - <u>Temple & Spells</u>.



<smallcaps>Stunned</smallcaps> - <color=#F0F0F0FF>STUN</color>

Stunned party members miss a round in combat and perform no actions. Cured by - <u>Time</u>.



<smallcaps>Hidden in Shadows</smallcaps> - <color=#F0F0F0FF>HIDE</color>

Party members hidden in shadows are cloaked and practically invisible, they can not be targeted for attack. Cancelled by - <u>Performing an attack</u>.","條件會影響角色和怪物。條件會阻礙戰鬥內外的能力。特殊攻擊、法術或<l=""MAN_TRAPS"",""traps""/>會造成狀況。每種情況都有其自身的影響，並且通常會持續到<l=""MAN_TEMPLE"",""temple""/>或<l=""MAN_SPELLS"",""magic spells""/>治癒為止。這些條件涵蓋了隊伍名冊上角色的最大健康狀況文本，並縮寫為不超過 5 個字母的代碼。 (<color=#141414>當前生命值</color>)/(<color=#F0F0F0FF><uppercase>狀況</uppercase></color>)<pos=0.25f%>1</pos><pos=2.5f%>@#布萊恩拳頭#</pos><pos=25f%>-10</pos><pos=35f%><color=#141414>108/</color>18 YY20<pos=65f%>@#WA#</pos><pos=0f%>5</pos><pos=2.5f%>@#梅林#</pos><pos=25f%>-1</pos><pos=35f%><color=#141414>145/</color><color=#F0F0F0FF>145</color><pos=50f%></pos><color=#141414>400<color=#141414>40Y2</pos><pos=65f%>@#CO#</pos><smallcaps>死亡</smallcaps>-<color=#F0F0F0FF>死亡</color>死亡 - 沒有活著。該隊員的生命值已降至 0。死亡的隊員無法進行任何行動。由 -<u>聖殿與法術</u>復活。<smallcaps>毒藥</smallcaps>-<color=#F0F0F0FF>POIS</color>生命值緩慢耗盡。這包括移動時和每輪戰鬥之後。由 -<u>聖殿與法術</u>治癒。<smallcaps>石化</smallcaps>-<color=#F0F0F0FF>石頭</color>變成石頭會有效地殺死角色兩次 - 他們會掉到名單的底部，在取消石化後，他們仍然需要復活。由 -<u>聖殿與法術</u>治癒。<smallcaps>精神錯亂</smallcaps>-<color=#F0F0F0FF>堅果</color>精神錯亂會導致行動失控。瘋狂的隊員會在戰鬥和戰鬥外執行隨機動作。瘋子隨時攻擊其他隊員是很常見的事情。由 -<u>聖殿與法術</u>治癒。<smallcaps>癱瘓</smallcaps>-<color=#F0F0F0FF>PARA</color>無法執行動作，包括戰鬥。由 -<u>聖殿與法術</u>治癒。<smallcaps>佔有</smallcaps>-<color=#F0F0F0FF>POSS</color>被佔有會使隊員反對黨。在戰鬥中，被附身的隊員會攻擊黨內的成員。當不在戰鬥中時，他們會發動隊伍攻擊。由 -<u>聖殿與法術</u>治癒。<smallcaps>耗盡</smallcaps>-<color=#F0F0F0FF>耗盡</color>角色的等級被耗盡，將其等級降低 1 並降低最大@#HP#。由 -<u>Temple</u>治癒。<smallcaps>枯萎</smallcaps>-<color=#F0F0F0FF>老</color>所有屬性減少至 1。治癒者 -<u>神殿與法術</u>。<smallcaps>昏迷</smallcaps>-<color=#F0F0F0FF>STUN</color>昏迷的隊員在戰鬥中錯過一輪且沒有執行任何操作。固化時間：<u>時間</u>。<smallcaps>潛伏於陰影</smallcaps>-<color=#F0F0F0FF>隱藏</color>潛伏於陰影的隊員處於隱形狀態，幾乎看不見，他們無法成為攻擊目標。取消者 -<u>執行攻擊</u>。"
MAN_SPELLS,Spells,法術
MAN_SPELLS_TEXT,"Spells are used for a multitude of reasons, including - to damage, heal, summon, bolster, navigate, defend, explore and disarm. Spells are the primary way that <l=""MAN_MAGES"",""mages""/> inflict damage in <l=""MAN_COMBAT"",""combat""/>. In order to advance in <l=""MAN_SPELL_LEVEL"",""spell level""/>, the mage must be an appropriate <l=""MAN_LEVEL"",""level""/>.



Spells can be searched for by a spell code, through filters, or navigating and selecting with the mouse.



Spells have the ability to fizzle. Fizzling is when a spell is cast, the spell points are deducted from the mage, but the effect of the spell does not work. There are multiple reasons why a spell could fizzle.



A spell consists of - a code, cost (<l=""MAN_SPELL_POINTS"",""spell points""/>), target group, range, duration and effect.



<color=@#SPELL_HEADER_COL#><pos=0%/>Code<pos=@#COL_COST#/>Cost<pos=@#COL_RANGE#/>Target Group/Range<pos=@#COL_DURATION#/>Duration</pos></color><line-height=130%>

<color=@#SPELL_HEADER_COL#><pos=0%/>@#CODE_ARFI#<pos=@#COL_COST#/>3 @#SP#<pos=@#COL_RANGE#/>1 @#FOE# (10')<pos=@#COL_DURATION#/>@#COMBAT#</pos></color>

<b>@#SPELL_ArcFire#:</b> @#SPELL_ArcFire_DESC,1,4#","法術有多種用途，包括傷害、治療、召喚、支援、導航、防禦、探索和解除。法術是<l=""MAN_MAGES"",""mages""/>對<l=""MAN_COMBAT"",""combat""/>造成傷害的主要方式。為了在<l=""MAN_SPELL_LEVEL"",""spell level""/>中前進，法師必須是合適的<l=""MAN_LEVEL"",""level""/>。 
 
 
 
 可以透過拼字程式碼、過濾器或使用滑鼠導航和選擇來搜尋拼字。 
 
 
 
 法術有失敗的能力。 Fizzling是施放法術時，法師的法術點數被扣除，但法術效果不起作用。咒語失敗的原因有很多。 
 
 
 
 法術由 - 代碼、成本 (<l=""MAN_SPELL_POINTS"",""spell points""/>)、目標組、範圍、持續時間和效果組成。<color=@#SPELL_HEADER_COL#><pos=0%/>代碼<pos=@#COL_COST#/>成本<pos=@#COL_RANGE#/>目標組/範圍<pos=@#COL_DURATION#/>持續時間</pos></color><line-height=130%><color=@#SPELL_HEADER_COL#><pos=0%/>@#CODE_ARFI#<pos=@#COL_COST#/>3 @#SP#<pos=@#COL_RANGE#/>1 @#FOE#10000 
YYNN<b>@#SPELL_ArcFire#:</b>@#SPELL_ArcFire_DESC,1,4#"
MAN_BARD_SONGS,Bard Songs,吟遊詩人歌曲
MAN_BARD_SONGS_TEXT,"The Bard makes magic by playing music. They need an equipped musical instrument, of course. They can play in combat or during exploration, with different <l=""MAN_BARD_SONG_EFFECTS"",""effect""/>. A Bard can play as many tunes as they have experience <l=""MAN_LEVEL"",""levels""/>, before their throat gets dry. Then they need to get a drink from any nearby <l=""MAN_TAVERN"",""tavern""/> to rejuvenate their voice. Tough duty, but someone has to do it.



A song played as the party is exploring is long-lasting and continues into <b><l=""MAN_COMBAT"",""combat""/></b> and remains after the party returns, even if other songs were played during. After combat has ended, any songs and effects gained by playing during the battle, vanish.



Songs played during combat have an abbreviated effect, creating different magical effects than the full non-combat versions. Some Bard songs can be played multiple times in combat - stacking the effect. Bard song strength varies with the bards level.



Only one Bard tune can be played at a time outside of combat. If a second one is played while the first is still playing (by the same or a different Bard), the first will end. 



@#BARD_STARTING_SONGS#","吟遊詩人透過演奏音樂來施展魔法。當然，他們需要配備齊全的樂器。他們可以在戰鬥或探索過程中以不同的<l=""MAN_BARD_SONG_EFFECTS"",""effect""/>進行遊戲。吟遊詩人可以在喉嚨變乾之前演奏盡可能多的曲子，因為他們有經驗<l=""MAN_LEVEL"",""levels""/>。然後他們需要從附近的<l=""MAN_TAVERN"",""tavern""/>那裡喝一杯來恢復他們的聲音。任務艱鉅，但必須有人去做。 
 
 
 
 隊伍探索時播放的歌曲是永久，會持續到<b><l=""MAN_COMBAT"",""combat""/></b>，並在隊伍返回後保留，即使期間播放了其他歌曲。戰鬥結束後，在戰鬥中播放的任何歌曲和效果都會消失。 
 
 
 
 戰鬥中播放的歌曲具有縮寫效果，與完整的非戰鬥版本相比，會產生不同的魔法效果。一些吟遊詩人歌曲可以在戰鬥中多次播放 - 疊加效果。吟遊詩人歌曲的強度會隨著吟遊詩人的等級而改變。 
 
 
 
 在戰鬥之外一次只能演奏一首吟遊詩人曲子。如果在第一個仍在播放時播放第二個（由相同或不同的吟遊詩人），則第一個將結束。  
 
 
 
 @#BARD_STARTING_SONGS#"
MAN_BARD_SONG_EFFECTS,Song Effects,歌曲效果
MAN_INVENTORY,Inventory,庫存
MAN_INVENTORY_TEXT,"The party has a shared inventory space of <u>40</u>. When the inventory is full, no more items will be placed in it, until spaces are available. Visit <l=""MAN_GARTHS_SHOPPE""/> to sell some wares, free up inventory space and make a little gold in the meanwhile.



An item which has been equipped is marked in white and is above the party inventory text. Items below the party inventory line are not equipped. Some items can only be used by specific characters. <l=""MAN_ITEMS"",""Unidentified items""/> and an item which can never be used by a character is marked in red.<pos=75%><sprite=30/></pos>

<color=""white"">Item</color> - Equipped Item.

<color=""black"">Item</color> - Unequipped Item.

<color=@#CantEquip#>Item</color> - Unidentified or class can not use.



<color=""white"">Weapon</color>

<color=""white"">Armor</color>

<color=""white"">Gloves</color>

<color=#664C33>@#PARTY_INVENTORY#</color>

<color=""black"">Lamp (1)</color>

<color=""black"">Lamp (1)</color>

<color=@#CantEquip#>Unidentified Item</color>

<color=@#CantEquip#>Unidentified Item</color>

<color=@#CantEquip#>Unidentified Weapon</color>","該方的共享庫存空間為<u>40</u>。當庫存已滿時，將不再放置任何物品，直到有可用空間。造訪<l=""MAN_GARTHS_SHOPPE""/>出售一些商品，釋放庫存空間，同時賺取一點金幣。 
 
 
 
 已裝備的物品以白色標記，位於隊伍物品欄文字上方。隊伍庫存線以下的物品未裝備。有些物品只能由特定角色使用。<l=""MAN_ITEMS"",""Unidentified items""/>和角色永遠無法使用的物品被標記為紅色。<pos=75%><sprite=30/></pos><color=""white"">物品</color>- 裝備物品。<color=""black"">物品</color>- 未裝備的物品。<color=@#CantEquip#>項目</color>- 未知或類別無法使用。<color=""white"">武器</color><color=""white"">盔甲</color><color=""white"">手套</color><color=#664C33>@#PARTY_INVENTORY#</color><color=""black"">燈 (1)</color>YNN YNN YNND YNNY23 
 YNN YNNY251 
 YNN YNNY230</color><color=@#CantEquip#>不明物品</color><color=@#CantEquip#>不明武器</color>"
MAN_ITEMS,Items,物品
MAN_ITEMS_TEXT,"There are 11 different item types. Characters have 11 item slots. Only one item of each type can be equipped for use at any one time. Item types fall under 3 categories -



<smallcaps>Offense<pos=20%>Defense</pos><pos=40%>Item</pos></smallcaps>

Weapons<pos=20%>Armor</pos><pos=40%>Instrument</pos>

Offhand<pos=20%>Helm</pos><pos=40%>General</pos>

Arrow<pos=20%>Gloves</pos><pos=40%>Figurine</pos>

<pos=20%>Ring</pos>

<pos=20%>Boots</pos>



<color=@#SubHeading#><b>Thief of Fate Specific</b></color>

There are two special item types which have special item slots in the the third of the trilogy -

Suit

Container



<color=@#SubHeading#><b>Unidentified Items & Specials</b></color>

<color=@#CantEquip#>Unidentified items</color> can be identified by a <l=""MAN_ROGUE""/> or <l=""MAN_GARTHS_SHOPPE""/>. Items that have a special power can have it identified at <l=""MAN_ROSCOES_ENERGY_EMPORIUM""/>.","有 11 種不同的物品類型。角色有 11 個物品槽。每種類型一次只能裝備一件物品以供使用。物品類型分為 3 個類別 -<smallcaps>進攻<pos=20%>防禦</pos><pos=40%>物品</pos></smallcaps>武器<pos=20%>盔甲</pos><pos=40%>儀器</pos>副手<pos=20%>頭盔</pos><pos=40%>將軍</pos>副官<pos=20%>頭盔</pos><pos=40%>將軍</pos>箭頭<pos=20%>頭盔</pos><pos=40%>將軍</pos>。<pos=20%>戒指</pos><pos=20%>靴子</pos><color=@#SubHeading#><b>命運之盜特定</b></color>在三部曲的第三部中，有兩種特殊物品類型具有特殊物品槽 - 
 
 套裝 
 
 容器 
 
 
Y26</pos>202<color=@#CantEquip#>未識別的項目</color>可以透過<l=""MAN_ROGUE""/>或<l=""MAN_GARTHS_SHOPPE""/>來識別。具有特殊能力的物品可以在<l=""MAN_ROSCOES_ENERGY_EMPORIUM""/>處進行識別。"
MAN_GOLD,Gold,黃金
MAN_GOLD_TEXT,"Gold is the currency used in all of the realms. It is primarily accumulated through <l=""MAN_CHESTS"",""rewards""/> of successful combat. It can also be accumulated through selling wares at <l=""MAN_GARTHS_SHOPPE""/> or gambling at the <l=""MAN_CASINO"",""casino""/>. It can be stored at the <l=""MAN_BANK"",""bank""/>, and spent at various <l=""MAN_LOCATIONS"",""locations""/> throughout the realms.



Keep a decent portion set aside for learning new <l=""MAN_SPELL_LEVEL"",""spell levels""/> at the <l=""MAN_REVIEW_BOARD"",""review board""/>, reviving and healing characters at the <l=""MAN_TEMPLE"",""temple""/> and rejuvenating <l=""MAN_SPELL_POINTS"",""spell points""/> at <l=""MAN_ROSCOES_ENERGY_EMPORIUM""/>.



The amount of gold that the party has can be seen at the bottom of the <l=""MAN_3D_GAME_VIEW"",""3D game view""/>.<line-height=250%>

</line-height><sprite=31/>","黃金是所有領域使用的貨幣。它主要是透過<l=""MAN_CHESTS"",""rewards""/>的成功戰鬥累積的。它還可以透過在<l=""MAN_GARTHS_SHOPPE""/>出售商品或在<l=""MAN_CASINO"",""casino""/>賭博來累積。它可以儲存在<l=""MAN_BANK"",""bank""/>中，並在整個領域的各個<l=""MAN_LOCATIONS"",""locations""/>中花費。 
 
 
 
 留出相當一部分用於在<l=""MAN_REVIEW_BOARD"",""review board""/>學習新的<l=""MAN_SPELL_LEVEL"",""spell levels""/>，在<l=""MAN_TEMPLE"",""temple""/>恢復和治療角色以及在<l=""MAN_ROSCOES_ENERGY_EMPORIUM""/>恢復<l=""MAN_SPELL_POINTS"",""spell points""/>。 
 
 
 
 隊伍擁有的金幣數量可以在<l=""MAN_3D_GAME_VIEW"",""3D game view""/>的底部看到。<line-height=250%></line-height><sprite=31/>"
MAN_TIME,Time,時間
MAN_TIME_TEXT,"Time waits for no one. Even without keystrokes, time passes, from day to night and back again. Night time is especially nasty. The really evil monsters hit the city streets and wilderness at night.



In addition, what's worse is that spell points get used up faster, because spell points only regenerate in daylight.



Time is extremely important to keep in mind for <l=""MAN_TIMED_TRAPS"",""timed traps""/>.","時間不等人。即使沒有敲擊鍵盤，時間也會從白天到晚上，然後再回來。夜間尤其令人討厭。真正邪惡的怪物在夜間襲擊城市街道和荒野。 
 
 
 
 另外，更糟的是法術點消耗得更快，因為法術點只能在白天重新生成。<l=""MAN_TIMED_TRAPS"",""timed traps""/>的時間非常重要。"
MAN_COMBAT,Combat,戰鬥
MAN_COMBAT_TEXT,"Like a boxing match, combat is divided into a series of rounds. At the beginning of each round, a decision must be made for what action each character will perform in the upcoming fight. At the beginning of the round a menu of battle options will appear in the <l=""MAN_SCROLL"",""scroll""/>, displaying the actions each character can perform the following round. There are several <b><l=""MAN_COMBAT_COMMANDS"",""combat commands""/></b>, some are <b><l=""MAN_CLASS"",""class""/></b> specific.



Enemies appear within a range of 10' to 90' feet from the party. Melee range is 10’ feet. Enemies 10' feet away are in melee range and can attack or be attacked with hand-held weapons. <l=""MAN_ROGUE"",""Rogues""/> can choose to hide in shadows and, if successful, can increase their range by 10’ feet each combat round until they perform an attack.



Only the first 4 characters and the first 4 rows of monsters can be attacked physically, as long as they are within <l=""MAN_MELEE_COMBAT"",""melee range""/>. The last 3 characters can only be struck by magical and ranged attacks, and can only attack back, with magic or ranged weapons. This simulates the first 4 party-members being up on the front line of attack, with the last 3 characters acting as backup in case one of the first 4 is killed. The first 4 groups of monsters are in a similar position, they are the only enemies who can attack or be attacked physically.



Once all the choices for characters have been entered, the round begins. The most <l=""MAN_DEXTERITY"",""dexterous""/> characters or monsters usually make the first strike, but <l=""MAN_LUCK"",""luck""/>, <l=""MAN_LEVEL"",""character level""/> and <l=""MAN_CLASS"",""character class""/> also affect this. In evenly matched fights, the outcome often depends on which side gets in the first blow.



At the end of a combat round, the monsters that are killed, are removed from the foe’s ranks so their bodies don’t pile up and interfere with battle. A fresh group of monsters may also advance into the first 4 ranks to assist their fellow monsters.



If party member dies in combat, they are shuffled to the bottom of the party list.



When all of the enemies or party members in combat are dead (whichever comes first) - combat is over. Successfully defeating enemies in combat, awards each party member (characters only) <l=""MAN_EXPERIENCE"",@#XP#/>. The amount of XP awarded varies based on difficulty of the fight, the number of enemies defeated and the number of characters who survive. Surviving combat also offers the potential for the party to find a <l=""MAN_CHESTS"",""chest""/>.



Combat with enemies occurs both randomly and at set locations. Intra-party combat (Party Attack) can be initiated at almost any time, in case one of the members has become hostile.



The rate of scrolling of the combat messages can be <l=""MAN_COMBAT_COMMANDS"",""sped up or slowed down""/>.","就像拳擊比賽一樣，戰鬥分為一系列回合。在每輪開始時，必須決定每個角色在即將到來的戰鬥中將執行什麼動作。在回合開始時，<l=""MAN_SCROLL"",""scroll""/>中將出現戰鬥選項選單，顯示每個角色在下一輪中可以執行的動作。有幾個<b><l=""MAN_COMBAT_COMMANDS"",""combat commands""/></b>，有些是<b><l=""MAN_CLASS"",""class""/></b>具體的。 
 
 
 
 敵人出現在距離隊伍 10 英尺到 90 英尺的範圍內。近戰範圍為 10 英尺。 10 英尺外的敵人處於近戰範圍內，可以使用手持武器攻擊或被攻擊。<l=""MAN_ROGUE"",""Rogues""/>可以選擇潛伏於陰影，如果成功，可以在每輪戰鬥中將射程增加 10 英尺，直到發動攻擊。 
 
 
 
 只有前 4 個角色和前 4 行怪物可以受到物理攻擊，只要它們在<l=""MAN_MELEE_COMBAT"",""melee range""/>之內。最後3個角色只能被魔法和遠程攻擊擊中，並且只能使用魔法或遠程武器進行反擊。這模擬了前 4 名隊員在攻擊前線，最後 3 名角色充當後備，以防前 4 名隊員被殺。前4組怪物的位置相似，它們是唯一可以攻擊或受到物理攻擊的敵人。 
 
 
 
 輸入所有角色選擇後，回合開始。大多數<l=""MAN_DEXTERITY"",""dexterous""/>角色或怪物通常會先發攻擊，但<l=""MAN_LUCK"",""luck""/>、<l=""MAN_LEVEL"",""character level""/>和<l=""MAN_CLASS"",""character class""/>也會影響這一點。在勢均力敵的戰鬥中，勝負往往取決於哪一方先發制人。 
 
 
 
 在戰鬥回合結束時，被殺死的怪物會從敵人的隊伍中移除，這樣它們的屍體就不會堆積起來並幹擾戰鬥。一群新的怪物也可能晉級到前 4 級，以協助他們的怪物同伴。 
 
 
 
 如果隊伍成員在戰鬥中死亡，他們會被洗到隊伍清單的底部。 
 
 
 
 當戰鬥中的所有敵人或隊伍成員都死亡（以先到者為準）時 - 戰鬥結束。在戰鬥中成功擊敗敵人，獎勵每位隊員（僅限角色）<l=""MAN_EXPERIENCE"",@#XP#/>。獎勵的 XP 數量根據戰鬥難度、擊敗的敵人數量以及倖存的角色數量而有所不同。倖存的戰鬥也為隊伍找到<l=""MAN_CHESTS"",""chest""/>提供了可能性。 
 
 
 
 與敵人的戰鬥是隨機發生的，並且發生在指定地點。如果其中一名成員變得敵對，幾乎可以隨時發動黨內戰鬥（黨派攻擊）。 
 
 
 
 戰鬥資訊的滾動速率可以是<l=""MAN_COMBAT_COMMANDS"",""sped up or slowed down""/>。"
MAN_MELEE_COMBAT,Melee Combat,近戰戰鬥
MAN_MELEE_COMBAT_TEXT,"Melee combat is the act of physically assaulting enemies. Melee combat always takes place within 10' feet. Only the first 4 characters and the first 4 groups of monsters can be attacked physically. Melee damage can only be inflicted on enemies if they are in within melee range. Anything further than that, and the party members out of range will have to advance, throw a weapon or use an item to inflict damage. Weapons that have a range and the ability to be thrown, although they might not return. Weapons that can be thrown can still be used in melee combat (without throwing them).



<color=@#SubHeading#><b>Critical Hit</b></color>

Critical hits are an attack that hits a nerve center or other vital area which kills an opponent instantly. <l=""MAN_HUNTER"",""Hunters""/> and <l=""MAN_ROGUE"",""Rogues""/> have the ability to perform critical hits. Rogues only have the ability to do so when hidden in shadows.



<color=@#SubHeading#><b>Multiple Attacks</b></color>

Multiple attacks is the ability to attack the enemy with multiple hits within a single round of combat. <l=""MAN_WARRIOR"",""Warriors""/>, <l=""MAN_PALADIN"",""Paladins""/> and <l=""MAN_MONK"",""Monks""/> have the ability to perform multiple attacks.","近戰是對敵人進行身體攻擊的行為。近戰戰鬥總是發生在 10 英尺以內。只能對前 4 個角色和前 4 組怪物進行物理攻擊。近戰傷害只能對近戰範圍內的敵人造成。如果超出這個範圍，超出範圍的隊員將不得不前進、投擲武器或使用物品來造成傷害。具有射程和投擲能力的武器，儘管它們可能不會返回。可以投擲的武器仍然可以在近戰中使用（無需投擲）。<color=@#SubHeading#><b>致命一擊</b></color>致命一擊是擊中神經中樞或其他要害部位並立即殺死對手的攻擊。<l=""MAN_HUNTER"",""Hunters""/>和<l=""MAN_ROGUE"",""Rogues""/>有能力進行致命一擊。盜賊只有潛伏於陰影時才有能力這樣做。<color=@#SubHeading#><b>多重攻擊</b></color>多重攻擊是指在單輪戰鬥中多次攻擊敵人的能力。<l=""MAN_WARRIOR"",""Warriors""/>、<l=""MAN_PALADIN"",""Paladins""/>和<l=""MAN_MONK"",""Monks""/>具有執行多重攻擊的能力。"
MAN_RANGED_COMBAT,Ranged Combat,遠程戰鬥
MAN_RANGED_COMBAT_TEXT,"Ranged combat is the act of attacking enemies from a distance.

Range is represented by 10' - 90' feet. 20'+ is always ranged.



Weapons that are thrown or shot are known as missile weapons and have a range in which they are effective. To use arrows, a bow must be equipped. Missile weapons are usually nonrecoverable - they can be used only once. There are, of course, exceptions to this rule. Some magical missile weapons such as Zen arrows can be reused, and at least one non magical missile weapon, the boomerang, can be reused because it returns to the one who threw it.



<l=""MAN_ITEMS"",""Weapons and items""/> will always display their maximum range.","遠程戰鬥是從遠處攻擊敵人的行為。 
 
 範圍以 10' - 90' 英尺表示。 20'+ 始終是遠端的。 
 
 
 
 投擲或射擊的武器稱為飛彈武器，具有有效射程。要使用箭，必須裝備弓。飛彈武器通常是不可回收的——它們只能使用一次。當然，這條規則也有例外。一些魔法飛彈武器（例如禪箭）可以重複使用，並且至少一種非魔法飛彈武器（迴旋鏢）可以重複使用，因為它會回到扔它的人身上。<l=""MAN_ITEMS"",""Weapons and items""/>將始終顯示其最大範圍。"
MAN_CHESTS,Chests,寶箱
MAN_CHESTS_TEXT,"<pos=77.5f%><sprite=29/></pos><width=75%><pos=0.0%>After defeating a group of enemies in <l=""MAN_COMBAT"",""combat""/> the party may find a chest. Chests can contain <l=""MAN_GOLD"",""gold""/> and <l=""MAN_ITEMS"",""items""/>. A chest can also be armed with a <l=""MAN_CHEST_TRAPS"",""trap""/> and may need to be disarmed, in order to retrieve its glorious plunder.</width>



Monitor how much free inventory space the party has. If the inventory is full, no items will be found in chests until there is space. Consider discarding unwanted items or selling them to <l=""MAN_GARTHS_SHOPPE""/>. It is wise to have a clean inventory before proceeding into a new dungeon.","<pos=77.5f%><sprite=29/></pos><width=75%><pos=0.0%>在<l=""MAN_COMBAT"",""combat""/>擊敗一群敵人後，隊伍可能會找到一個寶箱。箱子可以包含<l=""MAN_GOLD"",""gold""/>和<l=""MAN_ITEMS"",""items""/>。箱子也可以裝備<l=""MAN_CHEST_TRAPS"",""trap""/>，但可能需要解除，才能取回其光榮的戰利品。</width>監控該方有多少可用庫存空間。如果庫存已滿，則在有空間之前不會在箱子中找到任何物品。考慮丟棄不需要的物品或將其賣給<l=""MAN_GARTHS_SHOPPE""/>。在進入新的地下城之前，最好有一個乾淨的庫存。"
MAN_CHEST_TRAPS,Chest Traps,寶箱陷阱
MAN_CHEST_TRAPS_TEXT,"Traps in side chests as the same as regular <l=""MAN_TRAPS"",""traps""/>. Chest traps can be disarmed by a skilled <l=""MAN_ROGUE""/> as well as <l=""MAN_CONJURER_SPELLS"",""trap zapped""/> (<smallcaps><color=@#SPELL_HEADER_COL#>TRZP</color></smallcaps>) by a <l=""MAN_MAGES"",""mage""/>. The disarm chance of a rogue is dependant on their level and the difficulty of the traps within a dungeon. <color=@#SPELL_HEADER_COL#>TRZP</color> has a <u>100%</u> chance of disarming a trap.



In the event that a trap has not been disarmed and the party continues to try and retrieve the contents within, the trap will unleash its trap on the party. If the character opening it is <l=""MAN_LUCK"",""lucky""/> enough, they may avoid what the trap releases.



Beware<size=100%>.<size=90%>.<size=80%>. <size=100%>traps can be extremely dangerous and potentially deadly. The party can always walk away from a chest. The loot retrieved may be less than what it costs to revive or heal those unfortunate enough to be subject to the traps effect.","側箱中的陷阱與常規<l=""MAN_TRAPS"",""traps""/>相同。寶箱陷阱可以由熟練的<l=""MAN_ROGUE""/>解除，<l=""MAN_CONJURER_SPELLS"",""trap zapped""/>(<smallcaps><color=@#SPELL_HEADER_COL#>TRZP</color></smallcaps>) 可以由<l=""MAN_MAGES"",""mage""/>解除。盜賊的繳械幾率取決於他們的等級和地下城內陷阱的難度。<color=@#SPELL_HEADER_COL#>TRZP</color>有<u>100%</u>幾率解除陷阱。 
 
 
 
 如果陷阱尚未解除，而隊伍繼續嘗試取回其中的內容，則陷阱將向隊伍釋放陷阱。如果打開它的角色足夠<l=""MAN_LUCK"",""lucky""/>，他們可能會避免陷阱釋放的東西。 
 
 
 
 小心<size=100%>。<size=90%>。<size=80%>。<size=100%>陷阱極度危險，甚至可能致命。隊伍總是可以離開箱子。取回的戰利品可能低於復活或治癒那些不幸受到陷阱影響的人所花費的費用。"
MAN_LOCATIONS,Locations,地點
MAN_LOCATIONS_TEXT,There are many locations to explore within the world of 'The Bard's Tale' which all serve different purposes.,「冰城傳奇」的世界中有許多地點可供探索，它們都有不同的目的。
MAN_ADVENTURERS_GUILD,The Adventurer's Guild,冒險家公會
MAN_ADVENTURERS_GUILD_TEXT,"The Guild is like a union hall where adventurers hang out, hoping to join a party. This is where a party is formed and where all adventures begin.



A party can have a total roster of 7 characters. Characters can also be added, removed, renamed, change their portrait, or permanently delete them. Entire parties can also be saved or deleted. There is a pre-built party - <b>The A-TEAM</b>, ready to jump straight into gameplay. They might not have the best <l=""MAN_ATTRIBUTES"",""attributes""/> or <l=""MAN_STATISTICS"",""statistics""/> but they get the job done.



In <b>Tales of the Unknown (BT1)</b>, and <b> The Destiny Knight (BT2)</b>, the game starts in the <b>Adventurer's Guild</b>. In <b>Thief of Fate (BT3)</b>, the game starts in the <b><l=""MAN_REFUGEE_CAMP"",""refugee camp""/></b>.



The Adventurer's Guild and the refugee camp are the <u>only</u> spots a party can be formed, characters created, and parties saved.



If an entire party roster dies while out and about, they will be transported, <u>still dead</u>, to the guild. By creating and adding a live character, the new very much alive character can then ferry the dead characters to a <l=""MAN_TEMPLE"",""temple""/> to resurrect them, or just remove or delete them and create new characters.



Visiting an Adventurer's Guild makes time seem like it's flying by. When exiting, it always turns night to day.



The Adventurer's Guild is <u>always open</u>.","公會就像一個工會大廳，冒險者們在這裡閒逛，希望加入一個聚會。這是隊伍組成的地方，也是所有冒險開始的地方。 
 
 
 
 隊伍總共可以有 7 個角色。還可以新增、刪除、重新命名角色、更改其肖像或永久刪除角色。也可以儲存或刪除整個團體。有一個預先建立的隊伍 -<b>The A-TEAM</b>，準備好直接進入遊戲。他們可能沒有最好的<l=""MAN_ATTRIBUTES"",""attributes""/>或<l=""MAN_STATISTICS"",""statistics""/>，但他們完成了工作。 
 
 
 
 在<b>未知故事 (BT1)</b>和<b>命運騎士 (BT2)</b>中，遊戲從<b>冒險家公會</b>開始。在<b>命運之盜 (BT3)</b>中，遊戲從<b><l=""MAN_REFUGEE_CAMP"",""refugee camp""/></b>開始。 
 
 
 
 冒險家公會和難民營是<u>唯一的</u>地點，可以組建隊伍、創建角色和保存隊伍。 
 
 
 
 如果整個隊伍名單在外出時死亡，他們將被運送到公會，<u>仍然死了</u>。透過創建和添加一個活的角色，新的非常活的角色可以將死亡的角色運送到<l=""MAN_TEMPLE"",""temple""/>來復活它們，或者只是刪除或刪除它們並創建新的角色。 
 
 
 
 拜訪冒險者公會，感覺時間過得很快。退出時，總是把黑夜變成白天。 
 
 
 
 冒險家公會<u>一直開放</u>。"
MAN_REFUGEE_CAMP,Refugee Camp,難民營
MAN_REFUGEE_CAMP_TEXT,"Once, there was a home to travellers called the <b><l=""MAN_ADVENTURERS_GUILD"",""Adventurer's Guild""/></b>. Wayfarers stopped there when they wanted to slake a thirst, engage in merriment, or just rest their weary feet. Now that the plague has descended and Skara Brae has been shattered, the Refugee Camp serves as the gathering point for travellers.



The Refugee Camp is the same as the Adventurer's Guild, although lacking the niceties like tables, heating and vermin-free bedding, they do the same things.



If an entire party roster dies while out and about, they will be transported, <u>still dead</u>, to the camp. By creating and adding a live character, the new very much alive character can then ferry the dead characters to a <l=""MAN_TEMPLE"",""temple""/> to resurrect them, or just remove or delete them and create new characters.



Visiting the refugee camp, it will make time seem like it's flying by. When exiting, it always turns night to day.



The refugee camp is <u>always open</u>.","曾經，有一個旅行者的家，叫做<b><l=""MAN_ADVENTURERS_GUILD"",""Adventurer's Guild""/></b>。當健行者想要解渴、享受歡樂或只是休息一下疲憊的雙腳時，他們就會在這裡停下來。現在瘟疫降臨，斯卡拉布雷已支離破碎，難民營成為了旅行者的聚集點。 
 
 
 
 難民營和冒險家公會一樣，雖然缺少桌子、暖氣和防蟲床上用品等精緻設施，但做的事情都是一樣的。 
 
 
 
 如果整個隊伍名單在外出時死亡，他們將被運送到營地，<u>仍然死了</u>。透過創建和添加一個活的角色，新的非常活的角色可以將死去的角色運送到<l=""MAN_TEMPLE"",""temple""/>來復活它們，或者只是刪除或刪除它們並創建新的角色。 
 
 
 
 參觀難民營，感覺時間過得很快。退出時，總是把黑夜變成白天。 
 
 
 
 難民營<u>一直開放</u>。"
MAN_REVIEW_BOARD,Review Board,評審委員會
MAN_REVIEW_BOARD_TEXT,"The Review Board is a group of high level representatives from all 13 different <b><l=""MAN_CLASS"",""classes""/></b>.



Upon an in person request, the board will determine whether a character has accumulated enough experience points for advancement to higher <l=""MAN_LEVEL"",""levels""/>. The board teaches new <l=""MAN_SPELLS"",""spells""/> to magic users who qualify for higher <b><l=""MAN_SPELL_LEVEL"",""spell levels""/></b> too, but charges for this training.



Review Boards are <u>closed</u> at night.","評審委員會由所有 13 個不同<b><l=""MAN_CLASS"",""classes""/></b>的高級代表組成。 
 
 
 
 根據親自請求，委員會將確定角色是否累積了足夠的經驗值以晉升到更高的<l=""MAN_LEVEL"",""levels""/>。該委員會向有資格獲得更高<b><l=""MAN_SPELL_LEVEL"",""spell levels""/></b>資格的魔法用戶教授新的<l=""MAN_SPELLS"",""spells""/>，但此培訓收費。 
 
 
 
 評審委員會於<u>年晚上關閉。"
MAN_GARTHS_SHOPPE,Garth's Shoppe,加斯裝備店
MAN_GARTHS_SHOPPE_TEXT,"Garth is one of yesterday's almost forgotten heroes, now retired from active adventuring to supply tomorrow's would-be greats. At Garth's shoppe characters can buy armor and weapons, sell items, have items identified, or pool all the party's gold for buying expensive items.



Due to a deal with the city blacksmith, Garth has an infinite supply of basic armor and supplies. But unique Items found in labyrinths, even if sold to Garth, remain in his inventory only until they are sold. Occasionally an item won in combat will remain unidentified. This means that its general type might be apparent such as a shield or ring, but not which exact type, like a dragon shield or ring of power.



Garth can identify items... for a price.



Garth's shop is <u>closed</u> at night.","Garth是昨天幾乎被遺忘的英雄之一，現在從積極的冒險中退休，為明天的未來偉人提供幫助。在Garth的商店中，角色可以購買盔甲和武器、出售物品、識別物品，或匯集隊伍的所有黃金來購買昂貴的物品。 
 
 
 
 由於與城市鐵匠的交易，Garth擁有無限量的基礎護甲和補給品。但在迷宮中發現的獨特物品，即使賣給Garth，也只會保留在他的庫存中，直到被出售為止。有時，在戰鬥中贏得的物品仍然無法識別。這意味著它的一般類型可能是顯而易見的，例如盾牌或戒指，但不是確切的類型，例如龍盾或力量戒指。 
 
 
 
 Garth 可以辨識物品…有一定的價格。 
 
 
 
 Garth 的商店於<u>晚上關閉。"
MAN_ROSCOES_ENERGY_EMPORIUM,Roscoe's Energy Emporium,Roscoe能源商場
MAN_ROSCOES_ENERGY_EMPORIUM_TEXT,"If spell points aren't re-charging fast enough, visit Roscoe's energy emporium. Roscoe will replenish a single or all magic users spell points for a fee. But be prepared for electrifyingly high fees. 



Roscoe can identify specials traits of weapons, armor and items... for a price.



Roscoes is <u>open</u> at night.","如果法術點充電速度不夠快，請造訪Roscoe的能源商場。Roscoe將付費補充單一或所有魔法使用者的法術點。但要做好高得驚人的費用的準備。  
 
 
 
 Roscoe 可以識別武器、盔甲和物品的特殊特徵……但要付出一定的代價。 
 
 
 
 Roscoes 是<u>年晚上開放的。"
MAN_TAVERN,Tavern,酒館
MAN_TAVERN_TEXT,"Taverns are favorite places to obtain refreshment and gossip. Watch <b><l=""MAN_BARD"",""Bards""/></b> in taverns - they have a tendency to over tip the bartender and - tip over the barmaid.



Order a drink for a bard to refresh the amount <l=""MAN_BARD_SONGS"",""songs""/> they can sing.



Taverns are <u>open</u> at night.","小酒館是人們最喜歡享用茶點和閒聊的地方。觀看小酒館中的<b><l=""MAN_BARD"",""Bards""/></b>- 他們傾向於給調酒師小費，並且 - 給酒吧女招待小費。 
 
 
 
 為吟遊詩人點一杯飲料，以刷新他們可以唱歌的<l=""MAN_BARD_SONGS"",""songs""/>數量。 
 
 
 
 酒館於<u>於晚上營業。"
MAN_TEMPLE,Temple,寺廟
MAN_TEMPLE_TEXT,"Temples are divine places of resurrection and complete healing.



A resurrected character retains all the items, gold and experience points they had before dying, but comes back to life with only 1 hit point.



When they finds out how much it cost to be resurrected, they may turn over their grave.



Temples are <u>open</u> at night.","聖殿是復活和完全治癒的神聖之地。 
 
 
 
 復活的角色會保留死前擁有的所有物品、金幣和經驗值，但復活後只有 1 點生命值。 
 
 
 
 當他們知道復活要花多少錢時，他們可能會翻墳墓。 
 
 
 
 寺廟每年晚上開放。"
MAN_BANK,Bank,銀行
MAN_BANK_TEXT,"<width=71f%>Bedder - an old half-elf who reportedly sold his mother to a band of lonely orcs in order to finance his first branch - will deposit gold for safekeeping at any of his bank's branches throughout the realm. Although stingy old Bedder doesn't pay interest on gold deposits, his bank is never robbed and gold can be withdrawn at any time, at any branch.</width><pos=72.5f%><sprite=28/></pos>



Bedder's Bank for the Bold can also safely store some items the party has accumulated through adventuring in the banks safety deposit slots. Unfortunately, Bedder charges a hefty fee to purchase these safety deposit slots. For 10,000 gold he will safely store 10 items. With another 50,000 gold Bedder's bank will store an additional 10 items.



60,000 gold for 20 safety deposit boxes may not be the cheapest thing in the realm, but it is handy.



Banks are <u>closed</u> at night.","<width=71f%>Bedder - 一位年長的半精靈，據說為了資助他的第一家分行，他將自己的母親賣給了一群孤獨的獸人 - 將在他的銀行遍布整個王國的任何分行存入黃金以供保管。儘管吝嗇的老貝德不支付黃金存款利息，但他的銀行從未被搶劫，黃金可以在任何時間、任何分行提取。</width><pos=72.5f%><sprite=28/></pos>勇敢者貝德銀行還可以將隊伍在冒險中積累的一些物品安全地存放在銀行的安全存款槽中。不幸的是，Bedder 收取高額費用來購買這些保險箱。他可以用 10,000 金幣安全地儲存 10 件物品。另外還有 5 萬金幣，Bedder 的銀行將額外儲存 10 件物品。 
 
 
 
 20個保險箱6萬金幣可能不是這個領域最便宜的東西，但很方便。 
 
 
 
 銀行於<u>年晚上關閉。"
MAN_CASINO,Casino,賭場
MAN_CASINO_TEXT,"Casino gambling is a favorite way to relax after a hard day of battling orcs, and casinos are found in almost all of the Realm's cities. The casinos play a game whose closest equivalent is BlackJack.



Casinos are <u>closed</u> at night.","在與獸人戰鬥了一天之後，賭場賭博是人們最喜歡的放鬆方式，幾乎所有王國的城市都設有賭場。賭場玩的遊戲最接近的是二十一點。 
 
 
 
 賭場於<u>年晚上關閉。"
MAN_UNMARKED_BUILDINGS,Unmarked Buildings,無標記建築物
MAN_UNMARKED_BUILDINGS_TEXT,"Most buildings are unmarked, but some of them are inhabited by corrupt creatures who have skulked in. Don't be afraid to kick in a few doors and find them. Remember that fighting is good for the party, it's the only way to build up enough experience to challenge the more and more difficult enemies.



There are also handy tips in a few of these.","大多數建築物都沒有標記，但其中一些建築物內居住著潛入的腐敗生物。不要害怕踢開幾扇門並找到它們。請記住，戰鬥對隊伍有好處，這是累積足夠經驗來挑戰越來越難的敵人的唯一方法。 
 
 
 
 其中一些也有方便的提示。"
MAN_DUNGEONS,Dungeons & Towers,地下城與塔樓
MAN_DUNGEONS_TEXT,"Dungeons take a variety of forms such as catacombs, tombs, underwater palaces and pits. Towers also take a variety of forms such as keeps, castles and towers. Both dungeons and towers can have a varied number of levels.



Levels higher or lower than the parties current level, can be navigated to by using <b><l=""MAN_STAIRS"",""stairways""/></b>, <b><l=""MAN_PORTAL"",""portals""/></b>, or <l=""MAN_TELEPORTATION"",""teleportation""/> - whichever is more convenient or readily available. 



All noteworthy tiles are marked in the journal and have a respective icon.","地下城有多種形式，如地下墓穴、墳墓、水下宮殿和深坑。塔樓也有多種形式，如要塞、城堡和塔樓。地下城和塔樓都可以有不同數量的等級。 
 
 
 
 比各方目前級別更高或更低的級別，可以使用<b><l=""MAN_STAIRS"",""stairways""/></b>、<b><l=""MAN_PORTAL"",""portals""/></b>或<l=""MAN_TELEPORTATION"",""teleportation""/>導航到 - 以更方便或更容易獲得的為準。  
 
 
 
 所有值得注意的圖塊均在日誌中標記並具有相應的圖示。"
MAN_STAIRS,Stairs,樓梯
MAN_STAIRS_TEXT,"Stairways are not visible from a distance. But when the party moves onto one, a prompt will appear in the <l=""MAN_SCROLL"",""scroll""/> asking whether to ascend or descend.



Each <u>succeeding</u> level goes <u><b><smallcaps>up</smallcaps></b></u> in a tower, and <u><b><smallcaps>down</smallcaps></b></u> in a dungeon.","從遠處看不到樓梯。但當隊伍移動到其中一個時，<l=""MAN_SCROLL"",""scroll""/>中會出現一條提示，詢問是上升還是下降。</u>之後的每個<u>級別在塔中從<u><b><smallcaps>上升到</smallcaps></b></u>，在地下城中從<u><b><smallcaps>下降到</smallcaps></b></u>。"
MAN_PORTAL,Portals,入口網站
MAN_PORTAL_TEXT,"Portals are holes in the floors and ceilings, and are visible from a distance. The party will not go through a portal merely by standing on it. They must first be instructed to do so. If they jump down through a portal, they will be damaged from the fall unless a levitation spell is active, or an item that conjures the magical equivalent. The only way to go <smallcaps><b><u>up</u></b></smallcaps> through a portal is by levitation.



A basic levitation (<color=@#SPELL_HEADER_COL#>LEVI</color>) spell is learnt by a <b><l=""MAN_CONJURER""/></b> with a <b><l=""MAN_SPELL_LEVEL"",""spell level""/></b> of 3 or higher.



<line-height=130%><sprite=19/> <b><color=@#InteractionCommand#>Q</color></b> - Portal Up.

</line-height><indent=1.2f%>Ascend up through a portal.</indent>



<line-height=130%><sprite=20/> <b><color=@#InteractionCommand#>Z</color></b> - Portal Down.

</line-height><indent=1.2f%>Descend down through a portal.</indent>



Each <u>succeeding</u> level goes <u><b><smallcaps>up</smallcaps></b></u> in a tower, and <u><b><smallcaps>down</smallcaps></b></u> in a dungeon.","傳送門是地板和天花板上的洞，從遠處就可以看到。隊伍不會只站在入口處就可以通過入口。必須先指示他們這樣做。如果他們從傳送門跳下來，他們會因為墜落而受到傷害，除非激活了懸浮法術，或者召喚了魔法等價物的物品。通過傳送門<smallcaps><b><u>向上</u></b></smallcaps>的唯一方法是懸浮。 
 
 
 
 基本懸浮 (<color=@#SPELL_HEADER_COL#>LEVI</color>) 法術由<b><l=""MAN_CONJURER""/></b>學習，且<b><l=""MAN_SPELL_LEVEL"",""spell level""/></b>為 3 或更高。<line-height=130%><sprite=19/><b><color=@#InteractionCommand#>Q</color></b>- 傳送門向上。</line-height><indent=1.2f%>透過傳送門上升。</indent><line-height=130%><sprite=20/><b><color=@#InteractionCommand#>Z</color></b>- 傳送門關閉。</line-height><indent=1.2f%>經由傳送門下降。</indent></u>級別之後的每個<u>級別在塔中從<u><b><smallcaps>上升到</smallcaps></b></u>，在地下城中從<u><b><smallcaps>下降到</smallcaps></b></u>。"
MAN_PORTAL_JOYPAD,Portals,入口網站
MAN_PORTAL_JOYPAD_TEXT,"Portals are holes in the floors and ceilings, and are visible from a distance. The party will not go through a portal merely by standing on it. They must first be instructed to do so. If they jump down through a portal, they will be damaged from the fall unless a levitation spell is active, or an item that conjures the magical equivalent. The only way to go <smallcaps><b><u>up</u></b></smallcaps> through a portal is by levitation.



A basic levitation (<color=@#SPELL_HEADER_COL#>LEVI</color>) spell is learnt by a <b><l=""MAN_CONJURER""/></b> with a <b><l=""MAN_SPELL_LEVEL"",""spell level""/></b> of 3 or higher.



Each <u>succeeding</u> level goes <u><b><smallcaps>up</smallcaps></b></u> in a tower, and <u><b><smallcaps>down</smallcaps></b></u> in a dungeon.","傳送門是地板和天花板上的洞，從遠處就可以看到。隊伍不會只站在入口處就可以通過入口。必須先指示他們這樣做。如果他們從傳送門跳下來，他們會因為墜落而受到傷害，除非激活了懸浮法術，或者召喚了魔法等價物的物品。通過傳送門<smallcaps><b><u>向上</u></b></smallcaps>的唯一方法是懸浮。 
 
 
 
 基本懸浮 (<color=@#SPELL_HEADER_COL#>LEVI</color>) 法術由<b><l=""MAN_CONJURER""/></b>學習，且<b><l=""MAN_SPELL_LEVEL"",""spell level""/></b>為 3 或更高。</u>之後的每個<u>級別在塔中從<u><b><smallcaps>上升到</smallcaps></b></u>，在地下城中從<u><b><smallcaps>下降到</smallcaps></b></u>。"
MAN_MAGIC_DETECTION_SKULL,Magic Detection Skull,魔法探測頭骨
MAN_MAGIC_DETECTION_SKULL_TEXT,"The skull at the top of the <l=""MAN_3D_GAME_VIEW,"",""3D game view""/>, shows information related to the current effects on the party within dungeons.



When the skull's eyes are <u>not</u> glowing, the dungeon has no aura and the party is in a harm free space.



When the skull's eyes <b>are</b> glowing, it is in a state where it has information about something in the dungeon that is causing an effect on the party.



<color=#e50b0b>Red</color> - only a curse, active aura, event timer or general harm is affecting the party.

<color=#0b7cef>Blue</color> - only a blessing is affecting the party.

<color=#9d10e5>Purple</color> - a combination of blessings and curses.

<pos=20%><sprite=52/></pos><pos=45%><sprite=54/></pos><pos=70%><sprite=53/></pos><line-height=350%>

</line-height>

<color=@#SubHeading#><b>Curses</b></color>

A curse is a magical effect that is inflicted upon the party to hinder their ability to navigate. Curses can impair vision, stop bard songs and even stop the use of magic. Curses are commonly documented as <l=""MAN_DUNGEON_HAZARDS"",""hazardous""/> locations.



<color=@#SubHeading#><b>Blessings</b></color>

Blessings are a magical effect that benefit party members. Blessings are commonly documented as locations of <l=""MAN_DUNGEON_REGENERATION"",""regeneration""/>.



<color=@#SubHeading#><b>Active Aura</b></color>

An aura is an invisible magical essence that lurks within the dungeon. The aura can also be built directly into the dungeons structure. Auras can cause anti-magic, anti-apport or anti-phasedoor.



<color=@#SubHeading#><b>Event Timers</b></color>

<l=""MAN_TIMED_TRAPS"",""Timed traps""/> are time based events. The magic detection skull keeps track of the time left in these events.



<color=@#SubHeading#><b>General Harm</b></color>

Sometimes the party gets into a bit of trouble, the magic detection skull also shows if the party is drowning or freezing.","<l=""MAN_3D_GAME_VIEW,"",""3D game view""/>頂部的頭骨顯示了與目前對地下城內的隊伍的影響相關的資訊。 
 
 
 
 當頭骨的眼睛發光時，地下城沒有光環，隊伍處於無傷害空間。 
 
 
 
 當頭骨的眼睛<b></b>發光時，它處於一種狀態，即它掌握了地下城中對隊伍造成影響的某些事物的信息。<color=#e50b0b>紅色</color>- 只有詛咒、主動光環、事件計時器或一般傷害正在影響隊伍。<color=#0b7cef>藍色</color>- 只有祝福正在影響聚會。<color=#9d10e5>紫色</color>- 祝福和詛咒的結合。<pos=20%><sprite=52/></pos><pos=45%><sprite=54/></pos><pos=70%><sprite=53/></pos><line-height=350%></line-height><color=@#SubHeading#><b>詛咒</b></color>詛咒是一種魔法效果，施加在導航隊伍身上，阻礙他們的能力。詛咒會損害視力、停止吟遊詩人的歌唱，甚至停止魔法的使用。詛咒通常被記錄為<l=""MAN_DUNGEON_HAZARDS"",""hazardous""/>位置。<color=@#SubHeading#><b>祝福</b></color>祝福是讓隊員受益的神奇效果。祝福通常被記錄為<l=""MAN_DUNGEON_REGENERATION"",""regeneration""/>的位置。<color=@#SubHeading#><b>主動光環</b></color>光環是潛伏在地下城內的隱形魔法本質。光環也可以直接建構到地下城結構中。光環可以導致反魔法、反同意或反相位門。<color=@#SubHeading#><b>事件計時器</b></color><l=""MAN_TIMED_TRAPS"",""Timed traps""/>是基於時間的事件。魔法探測頭骨會記錄這些事件的剩餘時間。<color=@#SubHeading#><b>一般傷害</b></color>有時隊伍會遇到一些麻煩，魔法探測頭骨也會顯示隊伍是否溺水或被凍住。"
MAN_TELEPORTATION,Teleportation,傳送
MAN_TELEPORTATION_TEXT,"Teleportation requires the Apport Arcane (<color=@#SPELL_HEADER_COL#>APAR</color>) spell.



<color=@#SPELL_HEADER_COL#>APAR</color> can be cast from a magic user that has been, or is a <b><l=""MAN_CONJURER""/></b> with a <b><l=""MAN_SPELL_LEVEL"",""spell level""/></b> of 7 or higher.



<color=@#SPELL_HEADER_COL#>APAR</color> teleports from the parties <u><smallcaps>current</smallcaps></u> location. <color=@#SPELL_HEADER_COL#>APAR</color> always travels in the worlds North, East, South and West directions. Not the relative direction of the party.

Scry Sight (<color=@#SPELL_HEADER_COL#>SCSI</color>) is a helpful spell to identify which direction the party is facing. The direction is also pointed out in the journal, minimap and <l=""MAN_PARTY_STATUS"",""party status""/> compass if the appropriate spells are active.","傳送需要施展奧術（<color=@#SPELL_HEADER_COL#>APAR</color>）法術。<color=@#SPELL_HEADER_COL#>APAR</color>可以由曾經使用過的魔法使用者施放，或者是<b><l=""MAN_CONJURER""/></b>（且<b><l=""MAN_SPELL_LEVEL"",""spell level""/></b>為 7 或更高）。<color=@#SPELL_HEADER_COL#>APAR</color>從各方<u><smallcaps>目前</smallcaps></u>位置傳送。<color=@#SPELL_HEADER_COL#>APAR</color>總是在世界的北、東、南、西方向旅行。不是黨的相對方向。 
 
 Scry Sight（<color=@#SPELL_HEADER_COL#>SCSI</color>）是一個有用的咒語，可以辨識隊伍所面對的方向。如果適當的咒語處於活動狀態，也會在日誌、小地圖和<l=""MAN_PARTY_STATUS"",""party status""/>指南針中指出方向。"
MAN_DUNGEON_HAZARDS,Hazards,危害
MAN_DUNGEON_HAZARDS_TEXT,"Hazards come in many shapes and forms. They are scattered throughout <l=""MAN_DUNGEONS"",""dungeons & towers""/> in 'The Bard’s Tale'. All of these tiles have a corresponding icon within the journal.



<color=@#TrapHazard#><smallcaps>Darkness</smallcaps></color>

Cancels any light from the party. Including light or vision improving effect produced by <l=""MAN_SPELLS"",""spells""/>, <l=""MAN_ITEMS"",""items""/> and <l=""MAN_BARD_SONGS"",""Bard songs""/>.



<color=@#TrapHazard#><smallcaps>Trap</smallcaps></color>

Trap tiles can contain any random <l=""MAN_TRAPS"",""trap""/>.



<color=@#TrapHazard#><smallcaps>Encounter</smallcaps></color>

Forces the party into <l=""MAN_COMBAT"",""combat""/> with a random group of enemies.



<color=@#TrapHazard#><smallcaps>Spinner</smallcaps></color>

Spins the party to face a random direction when landing on the trap, and after executing an action. Some <l=""MAN_ITEMS"",""items""/>, <l=""MAN_SPELLS"",""spells""/> or <l=""MAN_BARD_SONGS"",""Bard songs""/> may help reduce the possibility of being spun.



<color=@#TrapHazard#><smallcaps>Anti-Magic</smallcaps></color>

A field which causes <b><u>all</u></b> magical <l=""MAN_SPELLS"",""spells""/> being cast, to fizzle. <l=""MAN_ITEMS""/> can still be used in this field.

<pos=80%><sprite=33/></pos>

<width=77.5f%><color=@#TrapHazard#><smallcaps>Health Drain</smallcaps></color>

Drains an amount of <l=""MAN_HIT_POINTS"",""hit points""/> (@#HP#) from every party member after a short period of time.</width>

<pos=80%><sprite=32/></pos>

<width=77.5f%><color=@#TrapHazard#><smallcaps>Magic Drain</smallcaps></color>

Drains an amount of <l=""MAN_SPELL_POINTS"",""spell points""/> (@#SP#) from every party member after a short period of time.</width>



<color=@#TrapHazard#><smallcaps>Silence</smallcaps></color>

Stops all <l=""MAN_BARD_SONGS"",""Bard songs""/> currently being played, and stops any bard songs from being sung.



<color=@#TrapHazard#><smallcaps>Turncoat</smallcaps></color>

Turns a random monster in the party against the team. Initiating intra-party <l=""MAN_COMBAT"",""combat""/>.



<color=@#TrapHazard#><smallcaps>Smoke</smallcaps></color>

Reduces visibility of the in game <l=""MAN_3D_GAME_VIEW"",""3D game view""/>.



<color=@#TrapHazard#><smallcaps>Explosive Gas</smallcaps></color>

Explodes when coming into contact with any open flame, dealing damage to each party member, just like a <l=""MAN_TRAPS"",""trap""/>.



<color=@#TrapHazard#><smallcaps>Anti-Apport Arcane</smallcaps></color>

Stops any attempt to <l=""MAN_TELEPORTATION"",""teleport""/> to or from this tile.



<color=@#TrapHazard#><smallcaps>Magic Chains</smallcaps></color>

Temporarily immobilizes the party from moving forward. Moving lots might break the effects of magic chains.","危險有多種形式。他們分散在「冰城傳奇」中的各個角落。所有這些圖塊在日誌中都有相應的圖示。<color=@#TrapHazard#><smallcaps>黑暗</smallcaps></color>取消隊伍中的任何光。包括<l=""MAN_SPELLS"",""spells""/>、<l=""MAN_ITEMS"",""items""/>和<l=""MAN_BARD_SONGS"",""Bard songs""/>產生的光或視力改善效果。<color=@#TrapHazard#><smallcaps>陷阱</smallcaps></color>陷阱圖塊可以包含任何隨機<l=""MAN_TRAPS"",""trap""/>。<color=@#TrapHazard#><smallcaps>遭遇</smallcaps></color>迫使隊伍與隨機的一群敵人進入<l=""MAN_COMBAT"",""combat""/>。<color=@#TrapHazard#><smallcaps>旋轉器</smallcaps></color>當降落在陷阱上時以及執行動作後，旋轉隊伍以面向隨機方向。一些<l=""MAN_ITEMS"",""items""/>、<l=""MAN_SPELLS"",""spells""/>或<l=""MAN_BARD_SONGS"",""Bard songs""/>可能有助於減少被旋轉的可能性。<color=@#TrapHazard#><smallcaps>反魔法</smallcaps></color>導致<b><u>所有</u></b>魔法<l=""MAN_SPELLS"",""spells""/>施放失敗的場。<l=""MAN_ITEMS""/>仍可用於該領域。<pos=80%><sprite=33/></pos><width=77.5f%><color=@#TrapHazard#><smallcaps>健康消耗</smallcaps></color>在短時間內從每個隊員身上消耗一定量的<l=""MAN_HIT_POINTS"",""hit points""/>(@#HP#)。</width><pos=80%><sprite=32/></pos><width=77.5f%><color=@#TrapHazard#><smallcaps>魔法汲取</smallcaps></color>在短時間內從每位隊員身上汲取一定量的<l=""MAN_SPELL_POINTS"",""spell points""/>(@#SP#)。</width><color=@#TrapHazard#><smallcaps>靜音</smallcaps></color>停止目前正在播放的所有<l=""MAN_BARD_SONGS"",""Bard songs""/>，並停止演唱任何吟遊詩人歌曲。<color=@#TrapHazard#><smallcaps>Turncoat</smallcaps></color>將隊伍中的隨機怪物轉向隊伍。發起黨內<l=""MAN_COMBAT"",""combat""/>。<color=@#TrapHazard#><smallcaps>煙霧</smallcaps></color>降低遊戲中<l=""MAN_3D_GAME_VIEW"",""3D game view""/>的可見度。<color=@#TrapHazard#><smallcaps>爆炸性氣體</smallcaps></color>接觸任何明火時會爆炸，對每個隊員造成傷害，就像<l=""MAN_TRAPS"",""trap""/>一樣。<color=@#TrapHazard#><smallcaps>反奧術傳送</smallcaps></color>停止任何<l=""MAN_TELEPORTATION"",""teleport""/>進出此圖塊的嘗試。<color=@#TrapHazard#><smallcaps>魔法鎖鏈</smallcaps></color>暫時讓隊伍無法前進。移動地塊可能會破壞魔法鎖鏈的效果。"
MAN_TRAPS,Traps,陷阱
MAN_TRAPS_TEXT,"Beware<size=100%>.<size=90%>.<size=80%>. <size=100%>traps can be extremely dangerous and potentially deadly. Traps can be disarmed by <l=""MAN_CONJURER_SPELLS"",""trap zapping""/> (<color=@#SPELL_HEADER_COL#>TRZP</color>) them. <color=@#SPELL_HEADER_COL#>TRZP</color> has a <u>100%</u> chance of disarming a trap. If leading party member has a high level of <l=""MAN_LUCK"",""luck""/>, they may cause the party to avoid what the trap releases.



Traps can affect a <smallcaps>single party member</smallcaps> or the <smallcaps>entire party</smallcaps>. Traps can inflict <smallcaps>damage</smallcaps>, <smallcaps>conditions</smallcaps>, or both. Characters get a saving roll to avoid the trap.","當心<size=100%>。<size=90%>。<size=80%>。<size=100%>陷阱極度危險，甚至可能致命。陷阱可以透過<l=""MAN_CONJURER_SPELLS"",""trap zapping""/>(<color=@#SPELL_HEADER_COL#>TRZP</color>) 解除。<color=@#SPELL_HEADER_COL#>TRZP</color>有<u>100%</u>幾率解除陷阱。如果領導隊伍成員的<l=""MAN_LUCK"",""luck""/>等級較高，他們可能會導致隊伍躲避陷阱釋放的。 
 
 
 
 陷阱可以影響<smallcaps>單一隊伍成員</smallcaps>或<smallcaps>整個隊伍</smallcaps>。陷阱可以造成<smallcaps>傷害</smallcaps>、<smallcaps>條件</smallcaps>或兩者。角色會獲得豁免檢定來避免陷入陷阱。"
MAN_DUNGEON_REGENERATION,Regeneration,再生
MAN_DUNGEON_REGENERATION_TEXT,"Scattered throughout <l=""MAN_DUNGEONS"",""dungeons & towers""/> are regeneration tiles. All of these tiles have a corresponding icon within the journal.

<sprite=33/>

<margin-left=16fem><color=@#TrapHazard#><smallcaps>Health Regeneration</smallcaps></color>

Regenerates an amount of Hit Points (@#HP#) to every party member after a short period of time. The amount of @#HP# regenerated will benefit from <l=""MAN_ITEMS"",""items""/> and <l=""MAN_BARD_SONGS"",""Bard songs""/>.</margin>

<sprite=32/>

<margin-left=16fem><color=@#TrapHazard#><smallcaps>Magic Regeneration</smallcaps></color>

Regenerates an amount of Spell Points (@#SP#) to every party member after a short period of time. The amount of @#SP# regenerated will benefit from <l=""MAN_ITEMS"",""items""/> and <l=""MAN_BARD_SONGS"",""Bard songs""/>.</margin>","<l=""MAN_DUNGEONS"",""dungeons & towers""/>各處散佈著再生磁磚。所有這些圖塊在日誌中都有相應的圖示。<sprite=33/><margin-left=16fem><color=@#TrapHazard#><smallcaps>健康再生</smallcaps></color>在短時間內為每個隊伍成員再生一定量的生命值 (@#HP#)。再生的@#HP#數量將受益於<l=""MAN_ITEMS"",""items""/>和<l=""MAN_BARD_SONGS"",""Bard songs""/>。</margin><sprite=32/><margin-left=16fem><color=@#TrapHazard#><smallcaps>魔法再生</smallcaps></color>在短時間內為每個隊伍成員再生一定量的法術點 (@#SP#)。再生的@#SP#數量將受益於<l=""MAN_ITEMS"",""items""/>和<l=""MAN_BARD_SONGS"",""Bard songs""/>。</margin>"
MAN_TIMED_TRAPS,Timed Traps,定時陷阱
MAN_TIMED_TRAPS_TEXT,"Dungeons can contain timed traps which operate in real world seconds. Pausing the game will not stop these timers and the game can not be saved whilst in one.



<color=@#SubHeading#><b>Death Snare</b></color>

Snares are special areas, that once entered - must have a puzzle solved within a time frame, in order to exit. Keep a close eye on the amount of time remaining to solve a Death Snare, dreadful things happen once it reaches zero. Death snares are specific to <b>The Destiny Knight (BT2)</b>.



<color=@#SubHeading#><b>Tripwire</b></color>

Tripwires are special traps, that once triggered - is a race to get as far away as possible, as fast as possible. Disarming a tripwire requires the party to move onto a specific, but hidden location. Once the trap goes off, those standing near enough don't fare too well.



Time remaining for death snares and tripwires can be monitored by the <l=""MAN_MAGIC_DETECTION_SKULL"",""magic detection skull""/>.","地下城可以包含在現實世界中以秒為單位運作的定時陷阱。暫停遊戲不會停止這些計時器，遊戲在其中時無法保存。<color=@#SubHeading#><b>死亡圈套</b></color>圈套是特殊區域，一旦進入 - 必須在一定時間內解決謎題才能退出。密切注意解決死亡陷阱的剩餘時間，一旦達到零就會發生可怕的事情。死亡陷阱是<b>命運騎士 (BT2)</b>特有的。<color=@#SubHeading#><b>絆線</b></color>絆線是特殊陷阱，一旦觸發 - 就是一場盡可能快、盡可能遠的競賽。解除絆索需要隊伍移動到一個特定但隱藏的位置。一旦陷阱觸發，站得夠近的人就不會好受了。 
 
 
 
 死亡圈套和絆線的剩餘時間可由<l=""MAN_MAGIC_DETECTION_SKULL"",""magic detection skull""/>監控。"
MAN_LEGACY_MODE,Legacy Mode,傳統模式
MAN_LEGACY_MODE_TEXT,"Legacy Mode will revert new features in the remaster and try to behave more like the original 1980's titles. This includes things such as changing how features have been merged across the three games.



Legacy settings can be toggled on and off to suit a variety of different play styles and desires. These settings are -

<l=""MAN_INDIVIDUAL_INVENTORY""/>

<l=""MAN_MISC_GAME_DIFFERENCES""/>

<l=""MAN_GAME_SPECIFIC_SONGS""/>

<l=""MAN_USE_UNEQUIPPED_ITEMS""/>

<l=""MAN_AUTOMAP_DISABLED""/>

<l=""MAN_FULL_XP_REQUIREMENTS""/>

<l=""MAN_SAVE_AT_GUILD_ONLY""/>

<l=""MAN_NO_ITEMS_IN_EMPTY_HOUSES""/>



Any save game with a legacy option on, will have an icon in the load and save file menus.

<sprite=65/>","傳統模式將恢復重製版中的新功能，並嘗試表現得更像 1980 年代的原始遊戲。這包括改變三款遊戲的功能合併方式等。 
 
 
 
 傳統設定可以開啟和關閉，以適應各種不同的遊戲風格和需求。這些設定是 -<l=""MAN_INDIVIDUAL_INVENTORY""/><l=""MAN_MISC_GAME_DIFFERENCES""/><l=""MAN_GAME_SPECIFIC_SONGS""/><l=""MAN_USE_UNEQUIPPED_ITEMS""/><l=""MAN_AUTOMAP_DISABLED""/><l=""MAN_FULL_XP_REQUIREMENTS""/><l=""MAN_SAVE_AT_GUILD_ONLY""/><l=""MAN_NO_ITEMS_IN_EMPTY_HOUSES""/>任何啟用舊版選項的保存遊戲，在加載和保存選單檔案中都會有一個圖示。<sprite=65/>"
MAN_INDIVIDUAL_INVENTORY,Individual Inventory,個別庫存
MAN_INDIVIDUAL_INVENTORY_TEXT,"@#INDIVIDUAL_INVENTORY_HINT#



<color=@#SubHeading#><b>Gold</b></color>

Gold is displayed on each party members character information sheet, along with their used inventory space and inventory capacity. (Used space / Capacity)

To pool gold or trade gold, open a party members character information sheet.

Pool gold - All of the gold that each party member has gets given to this character.

Trade gold - Give gold to a selected party member.



<color=@#SubHeading#><b>Items</b></color>

To trade items, open a characters inventory.

Trade item to another party member - Sends the selected item to the chosen party member.","@#INDIVIDUAL_INVENTORY_HINT#<color=@#SubHeading#><b>金幣</b></color>金幣顯示在每位隊員角色資訊表上，以及他們使用的庫存空間和庫存容量。 （已使用空間/容量） 
 
 若要匯集黃金或交易黃金，請開啟隊員角色資訊表。 
 
 池金幣 - 每個隊伍成員擁有的所有金幣都會分配給該角色。 
 
 交易黃金 - 將黃金給予選定的隊員。<color=@#SubHeading#><b>物品</b></color>要交易物品，請打開角色庫存。 
 
 將物品交易給其他隊伍成員 - 將選定的物品發送給選定的隊伍成員。"
MAN_MISC_GAME_DIFFERENCES,Misc Game Differences,其他遊戲差異
MAN_MISC_GAME_DIFFERENCES_TEXT,"Misc Game Differences contains a number of differences between each game but apply all of the listed changes.



<align=""center""><color=@#Heading#><b>Differences - Summarized</b></color></align>

<smallcaps><b>All Games</b></smallcaps><size=85%>

- Items & spells adjusted to match each game.</size>

<smallcaps><b>Tales of the Unknown (BT1)</b></smallcaps><size=85%>

- Special slot for monsters and summoned creatures.

- No archery.

- No item charges. Instead items have a small chance to disappear on each use.

- Individual inventory provides <u>8</u> inventory slots per character.</size>

<smallcaps><b>The Destiny Knight (BT2)</b></smallcaps><size=85%>

- Individual inventory provides <u>10</u> inventory slots per character.</size>

<smallcaps><b>Thief of Fate (BT3)</b></smallcaps><size=85%>

- Exclusive wine skins.

- Exclusive identifying items through Rogues.</size>



<align=""center""><color=@#Heading#><b>Differences - Detailed</b></align>

<color=@#SubHeading#><b>Adjusted Items & Spells</b></color>

Each game within the trilogy has their own set of items and spells. In the remaster all generic (not specialised) items and spells have been merged to be found across all three volumes of the trilogy. This option reverts all items and spells to be specific to the games they were originally found in.



<color=@#SubHeading#><b>Special Slot</b></color>

Special slot (S) is a slot in the party roster specifically for monsters and summoned creatures. No other party member or character can be in this slot. Having misc game differences toggled <b><u>on</u></b> will add a special slot to front the party roster leaving 6 spaces for characters - exclusively in Tales of the Unknown. Having this option turned off will maintain the party roster having 7 available spaces for characters, monsters and summoned creatures across all three games of the trilogy.



<pos=0f%>S</pos><pos=2.5f%>Summoned Wolf</pos><pos=25.5f%>2</pos><pos=37.25f%><color=#141414>11/</color><color=#F0F0F0FF>13</color></pos><pos=53f%></pos><color=#141414>?/</color><color=#F0F0F0FF>?</color><pos=65f%>IL</pos>

<pos=0.25f%>1</pos><pos=2.5f%>@#Brian the Fist#</pos><pos=25f%>-10</pos><pos=35f%><color=#141414>108/</color><color=#F0F0F0FF>258</color></pos><pos=50f%></pos><pos=65f%>@#WA#</pos>

<pos=0f%>2</pos><pos=2.5f%>@#El Cid#</pos><pos=25f%>-8</pos><pos=35f%><color=#141414>215/</color><color=#F0F0F0FF>226</color></pos><pos=50f%></pos><pos=65f%>@#PA#</pos>

<pos=0f%>3</pos><pos=2.5f%>@#Markus#</pos><pos=25f%>-4</pos><pos=35f%><color=#141414>176/</color><color=#F0F0F0FF>198</color></pos><pos=50f%></pos><pos=65f%>@#BA#</pos>

<pos=0f%>4</pos><pos=2.5f%>@#Sir Grady#</pos><pos=25f%>-5</pos><pos=35f%><color=#141414>178/</color><color=#F0F0F0FF>215</color></pos><pos=50f%></pos><pos=65f%>@#RO#</pos>

<pos=0f%>5</pos><pos=2.5f%>@#Merlin#</pos><pos=25f%>-1</pos><pos=35f%><color=#141414>145/</color><color=#F0F0F0FF>145</color><pos=50f%></pos><color=#141414>409/</color><color=#F0F0F0FF>512</color><pos=50f%></pos><pos=65f%>@#CO#</pos>

<pos=0f%>6</pos><pos=2.5f%>@#Omar#</pos><pos=25.5f%>2</pos><pos=35f%><color=#141414>163/</color><color=#F0F0F0FF>163</color></pos><pos=50f%></pos><color=#141414>367/</color><color=#F0F0F0FF>571</color><pos=65f%>@#MA#</pos>



Specials cannot be controlled in battle. They choose their own attack mode and generally go after the primary group of monsters the party is facing. Specials are removed from the S slot when killed. Illusionary specials (created by a <l=""MAN_MAGES"",""mage""/>) are removed if any foe disbelieve them. If a non-illusionary special is attacked by another member of the party for any reason, it will turn hostile immediately and fight until defeated.



<color=@#SubHeading#><b>No Archery</b></color>

Removes all forms of Archery and archery specific items that were not in the original Tales of the Unknown.



<color=@#SubHeading#><b>No Item Charges</b></color>

Items no longer have a specific amount of charges (uses) and are now reverted to being potentially infinite with a small chance to disappear on each use.



<color=@#SubHeading#><b>Different Game Sized Inventories</b></color>

Each character has their own inventory and holds their own gold, the same as <l=""MAN_INDIVIDUAL_INVENTORY"",""individual inventory""/>. But each game has different sized inventories instead of the consistent 16 across all 3 of the trilogy.



<color=@#Heading#><b>Tales of the Unknown (BT1)</b></color> - Each member has <u>8</u> inventory slots.

<color=@#Heading#><b>The Destiny Knight (BT2)</b></color> - Each member has <u>10</u> inventory slots.

<color=@#Heading#><b>Thief of Fate (BT3)</b></color> - Each member has <u>16</u> inventory slots.



<color=@#SubHeading#><b>Exclusive Wineskins</b></color>

Wine skins become exclusive again to the Thief of Fate within the trilogy, no longer being accessible from Tales of the Unknown or The Destiny Knight.



<color=@#SubHeading#><b>Exclusive Item Identification</b></color>

Item identification through a Rogues abilities becomes restricted to the Thief of Fate and no longer available in Tales of the Unknown or The Destiny Knight.","其他遊戲差異包含每個遊戲之間的許多差異，但會套用列出的所有變更。<align=""center""><color=@#Heading#><b>差異 - 總結</b></color></align><smallcaps><b>所有遊戲</b></smallcaps><size=85%>- 調整物品和咒語以匹配每個遊戲。</size><smallcaps><b>未知故事 (BT1)</b></smallcaps><size=85%>- 怪物和召喚生物的特殊欄位。 
 
 - 禁止射箭。 
 
 - 無物品費用。相反，物品在每次使用時都有很小的機會消失。 
 
 - 單一庫存為每個角色提供<u>8</u>庫存槽位。</size><smallcaps><b>命運騎士 (BT2)</b></smallcaps><size=85%>- 單獨庫存為每個角色提供<u>10 個</u>庫存槽位。</size><smallcaps><b>命運小偷 (BT3)</b></smallcaps><size=85%>- 獨家酒袋。 
 
 - 透過盜賊獨家識別物品。</size><align=""center""><color=@#Heading#><b>差異 - 詳細</b></align><color=@#SubHeading#><b>調整後的物品和法術</b></color>三部曲中的每個遊戲都有自己的一套物品和法術。在重製版中，所有通用（非專業）物品和法術都已合併，可以在三部曲的所有三卷中找到。此選項將所有物品和法術恢復為特定於它們最初所在的遊戲。<color=@#SubHeading#><b>特殊欄位</b></color>特殊欄位 (S) 是隊伍名冊中專門用於怪物和召喚生物的欄位。任何其他隊員或角色都不能在此位置。在</u></b>上切換<b><u>的其他遊戲差異將在隊伍名單前面添加一個特殊的欄位，為角色留下 6 個空格 - 僅限於《未知的故事》。關閉此選項將使隊伍名單在三部曲的所有三款遊戲中保持有 7 個可用空間供角色、怪物和召喚生物使用。<pos=0f%>S</pos><pos=2.5f%>召喚之狼</pos><pos=25.5f%>2</pos><pos=37.25f%><color=#141414>11/</color><color=#F0F0F0FF>13</color></pos><pos=53f%></pos><color=#141414>?/ Y66</color></pos><pos=53f%></pos><color=#141414>?/ Y66</color></pos><pos=53f%></pos><color=#141414>”</pos><pos=2.5f%>@#布萊恩拳頭#</pos><pos=25f%>-10</pos><pos=35f%><color=#141414>108/</color><color=#F0F0F0FF>258</color></pos><pos=50f%></pos><pos=65f%>@#WA#</pos><pos=0f%>8</pos><pos=35f%><color=#141414>215/</color><color=#F0F0F0FF>226</color></pos><pos=50f%></pos><pos=65f%>@#PA#</pos><pos=0f%>3</pos><pos=2.5f%>@#Mark1006<pos=0f%>3</pos><pos=2.5f%>@#Mark</color><color=#F0F0F0FF>198</color></pos><pos=50f%></pos><pos=65f%>@#BA#</pos><pos=0f%>4</pos><pos=2.5f%>@#格雷迪爵士#</pos><pos=25f%>-5 Y124121Y @#格雷迪爵士#</pos><pos=25f%>-5 Y124121Y @#GlaY 215</color></pos><pos=50f%></pos><pos=65f%>@#RO#</pos><pos=0f%>5</pos><pos=2.5f%>@#Merlin#</pos><pos=25f%>-1</pos><pos=2.5f%>@#Merlin#</pos><pos=25f%>-1</pos><pos=35f%><color=#141414>145413<pos=50f%></pos><color=#141414>409/</color><color=#F0F0F0FF>512</color><pos=50f%></pos><pos=65f%>@#CO#</pos><pos=0f%>6</pos><pos=2.5f%>@#OYliY 163/</color><color=#F0F0F0FF>163</color></pos><pos=50f%></pos><color=#141414>367/</color><color=#F0F0F0FF>571</color><pos=65f%>@#MA#</pos>戰鬥中無法控制特殊技能。他們選擇自己的攻擊模式，通常會追擊隊伍面臨的主要怪物群。特殊物品被殺後會從 S 槽中移除。如果任何敵人不相信幻象特殊物品（由<l=""MAN_MAGES"",""mage""/>創建），它們就會被刪除。如果非幻象特殊體因任何原因受到隊伍中其他成員的攻擊，它將立即轉為敵對並戰鬥直至被擊敗。<color=@#SubHeading#><b>無射箭</b></color>刪除原版《未知故事》中未包含的所有形式的射箭和射箭特定物品。<color=@#SubHeading#><b>無物品費用</b></color>物品不再有特定數量的費用（使用），現在恢復為潛在無限，每次使用時有很小的機會消失。<color=@#SubHeading#><b>不同遊戲大小的庫存</b></color>每個角色都有自己的庫存並擁有自己的黃金，與<l=""MAN_INDIVIDUAL_INVENTORY"",""individual inventory""/>相同。但每款遊戲都有不同大小的庫存，而不是三部曲中一致的 16 個。<color=@#Heading#><b>未知故事 (BT1)</b></color>- 每個成員都有<u>8</u>庫存槽位。<color=@#Heading#><b>命運騎士 (BT2)</b></color>- 每個成員都有<u>10 個</u>庫存槽位。<color=@#Heading#><b>命運之盜 (BT3)</b></color>- 每個成員都有<u>16 個</u>庫存槽位。<color=@#SubHeading#><b>專屬酒皮</b></color>酒皮再次成為三部曲中命運之盜的專屬，不再可以從《未知故事》或《命運騎士》中獲得。<color=@#SubHeading#><b>獨家物品識別</b></color>透過盜賊能力進行的物品識別僅限於命運之盜，並且在未知故事或命運騎士中不再可用。"
MAN_GAME_SPECIFIC_SONGS,Game Specific Songs,遊戲特定歌曲
MAN_GAME_SPECIFIC_SONGS_TEXT,"@#SONGS_HINT#



3 Songs from <l=""MAN_THE_DESTINY_KNIGHT"",""The Destiny Knight (BT2)""/> revert to having their original effect.

<color=@#SPELL_HEADER_COL#><smallcaps><b>@#SONG_SpellSong#</b></smallcaps></color>

<color=@#SPELL_HEADER_COL#><smallcaps><b>@#SONG_SanctuaryScore#</b></smallcaps></color>

<color=@#SPELL_HEADER_COL#><smallcaps><b>@#SONG_WatchwoodMelody#</b></smallcaps></color>","@#SONGS_HINT# 
 
 
 
 3<l=""MAN_THE_DESTINY_KNIGHT"",""The Destiny Knight (BT2)""/>中的歌曲恢復到原來的效果。<color=@#SPELL_HEADER_COL#><smallcaps><b>@#SONG_SpellSong#</b></smallcaps></color><color=@#SPELL_HEADER_COL#><smallcaps><b>@#SONG_SanctuaryScore#</b></smallcaps></color><color=@#SPELL_HEADER_COL#><smallcaps><b>@#F_W15Y"
MAN_TALES_OF_THE_UNKNOWN,Tales Of The Unknown,未知的故事
MAN_TALES_OF_THE_UNKNOWN_TEXT,"Songs available in <b>Tales of the Unknown (BT1)</b>.



<color=@#SPELL_HEADER_COL#><smallcaps><b>@#SONG_FalkentynesFury#</b></smallcaps></color>

@#SONG_FalkentynesFury_DESC#



<color=@#SPELL_HEADER_COL#><smallcaps><b>@#SONG_SeekersBallad#</b></smallcaps></color>

@#SONG_SeekersBallad_DESC#



<color=@#SPELL_HEADER_COL#><smallcaps><b>@#SONG_WaylandsWatch#</b></smallcaps></color>

@#SONG_WaylandsWatch_DESC#



<color=@#SPELL_HEADER_COL#><smallcaps><b>@#SONG_BadhrKilnfest#</b></smallcaps></color>

@#SONG_BadhrKilnfest_DESC#



<color=@#SPELL_HEADER_COL#><smallcaps><b>@#SONG_TravellersTune#</b></smallcaps></color>

@#SONG_TravellersTune_DESC#



<color=@#SPELL_HEADER_COL#><smallcaps><b>@#SONG_Lucklaran#</b></smallcaps></color>

@#SONG_Lucklaran_DESC#","歌曲可在<b>Tales of the Unknown (BT1)</b>中找到。<color=@#SPELL_HEADER_COL#><smallcaps><b>@#SONG_FalkentynesFury#</b></smallcaps></color>@#SONG_FalkentynesFury_DESC#<color=@#SPELL_HEADER_COL#><smallcaps><b>@#SONG_SNNyBall# Y113Y 
 YNN13Y 
 @#SONG_SeekersBallad_DESC#<color=@#SPELL_HEADER_COL#><smallcaps><b>@#SONG_WaylandsWatch#</b></smallcaps></color>@#SONG_WaylandsWatch_DESC#<color=@#SPELL_HEADER_COL#>2121</color>@#SONG_BadhrKilnfest_DESC#<color=@#SPELL_HEADER_COL#><smallcaps><b>@#SONG_TravellersTune#</b></smallcaps></color>@#SONG_TravellersTune</b></smallcaps></color>@#SONG_Lucklaran_DESC#"
MAN_THE_DESTINY_KNIGHT,The Destiny Knight,命運騎士
MAN_THE_DESTINY_KNIGHT_TEXT,"Songs available in <b>The Destiny Knight (BT2)</b>.



<color=@#SPELL_HEADER_COL#><smallcaps><b>@#SONG_ArchersTune#</b></smallcaps></color>

@#SONG_ArchersTune_DESC#



<color=@#SPELL_HEADER_COL#><smallcaps><b>@#SONG_SpellSong#</b></smallcaps></color>

@#SONG_SpellSong_DESC_BT2#



<color=@#SPELL_HEADER_COL#><smallcaps><b>@#SONG_SanctuaryScore#</b></smallcaps></color>

@#SONG_SanctuaryScore_DESC_BT2#



<color=@#SPELL_HEADER_COL#><smallcaps><b>@#SONG_MeleeMarch#</b></smallcaps></color>

@#SONG_MeleeMarch_DESC#



<color=@#SPELL_HEADER_COL#><smallcaps><b>@#SONG_ZanduvarCarack#</b></smallcaps></color>

@#SONG_ZanduvarCarack_DESC#



<color=@#SPELL_HEADER_COL#><smallcaps><b>@#SONG_RhymeOfDuotime#</b></smallcaps></color>

@#SONG_RhymeOfDuotime_DESC#



<color=@#SPELL_HEADER_COL#><smallcaps><b>@#SONG_WatchwoodMelody#</b></smallcaps></color>

@#SONG_WatchwoodMelody_DESC_BT2#","<b>命運騎士 (BT2)</b>中提供的歌曲。<color=@#SPELL_HEADER_COL#><smallcaps><b>@#SONG_ArchersTune#</b></smallcaps></color>@#SONG_ArchersTune_DESC#<color=@#SPELL_HEADER_COL#><smallcaps><b>@#SONG_SpNNIDSong#</b>YNN<color=@#SPELL_HEADER_COL#><smallcaps><b>@#SONG_SanctuaryScore#</b></smallcaps></color>@#SONG_SanctuaryScore_DESC_BT2#<color=@#SPELL_HEADER_COL#><smallcaps><b>@#SONG_MNN<color=@#SPELL_HEADER_COL#><smallcaps><b>@#SONG_MelNNyarchY @#SONG_MeleeMarch_DESC#<color=@#SPELL_HEADER_COL#><smallcaps><b>@#SONG_ZanduvarCarack#</b></smallcaps></color>@#SONG_ZanduvarCarack_DESC# 
 
 
 
 Y324 Y3330yYoYliY.</color>@#SONG_RhymeOfDuotime_DESC#<color=@#SPELL_HEADER_COL#><smallcaps><b>@#SONG_WatchwoodMelody#</b></smallcaps></color>@#SONG_WatchwoodMelody_DESC_BT2#"
MAN_THIEF_OF_FATE,Thief Of Fate,命運小偷
MAN_THIEF_OF_FATE_TEXT,"Songs available in <b>Thief Of Fate (BT3)</b>.



<color=@#SPELL_HEADER_COL#><smallcaps><b>@#SONG_SirRobinsTune#</b></smallcaps></color>

@#SONG_SirRobinsTune_DESC#



<color=@#SPELL_HEADER_COL#><smallcaps><b>@#SONG_SafetySong#</b></smallcaps></color>

@#SONG_SafetySong_DESC#



<color=@#SPELL_HEADER_COL#><smallcaps><b>@#SONG_SanctuaryScore#</b></smallcaps></color>

@#SONG_SanctuaryScore_DESC#



<color=@#SPELL_HEADER_COL#><smallcaps><b>@#SONG_BringaroundBallad#</b></smallcaps></color>

@#SONG_BringaroundBallad_DESC#



<color=@#SPELL_HEADER_COL#><smallcaps><b>@#SONG_RhymeOfDuotime#</b></smallcaps></color>

@#SONG_RhymeOfDuotime_DESC#



<color=@#SPELL_HEADER_COL#><smallcaps><b>@#SONG_KielsOverture#</b></smallcaps></color>

@#SONG_KielsOverture_DESC#



<color=@#SPELL_HEADER_COL#><smallcaps><b>@#SONG_MinstrelShield#</b></smallcaps></color>

@#SONG_MinstrelShield_DESC#","<b>Thief Of Fate (BT3)</b>中提供的歌曲。<color=@#SPELL_HEADER_COL#><smallcaps><b>@#SONG_SirRobinsTune#</b></smallcaps></color>@#SONG_SirRobinsTune_DESC#<color=@#SPELL_HEADER_COL#><smallcaps><b>@#SONG_SafetySong#</b>SNNYNN<color=@#SPELL_HEADER_COL#><smallcaps><b>@#SONG_SanctuaryScore#</b></smallcaps></color>@#SONG_SanctuaryScore_DESC#<color=@#SPELL_HEADER_COL#><smallcaps><b>@#SONG_BaroundBNN @#SONG_BringaroundBallad_DESC#<color=@#SPELL_HEADER_COL#><smallcaps><b>@#SONG_RhymeOfDuotime#</b></smallcaps></color>@#SONG_RhymeOfDuotime_DESC# 
 
 
 
DY</b></smallcaps></color>@#SONG_KielsOverture_DESC#<color=@#SPELL_HEADER_COL#><smallcaps><b>@#SONG_MinstrelShield#</b></smallcaps></color>@#SONG_MinstrelShield#</b></smallcaps></color>@#SONG_Minstrel_DESC"
MAN_USE_UNEQUIPPED_ITEMS,Use Equipped Items,使用裝備的物品
MAN_USE_UNEQUIPPED_ITEMS_TEXT,@#USEUNEQUIPPED_HINT#,@#使用未裝備的提示#
MAN_AUTOMAP_DISABLED,Automap Disabled,自動映射已停用
MAN_AUTOMAP_DISABLED_TEXT,@#DISABLE_AUTOMAP_HINT#,@#DISABLE_AUTOMAP_HINT#
MAN_FULL_XP_REQUIREMENTS,Full XP Requirements,完整 XP 需求
MAN_FULL_XP_REQUIREMENTS_TEXT,"@#XP_GRIND_HINT#



<color=@#SubHeading#><b>Double XP Requirements</b></color>

Up to twice the XP is needed for each level.



<color=@#SubHeading#><b>Un-restricted Party Attack</b></color>

Allows party attack to be initiated anywhere.



<color=@#SubHeading#><b>Shop Charged Items</b></color>

Enabled shop buy and sell any charged item.



<color=@#SubHeading#><b>Repeatable Events and Battles</b></color>

All game events and battles are now repeatable.",@#XP_GRIND_HINT#<color=@#SubHeading#><b>雙倍 XP 要求</b></color>每個等級最多需要兩倍 XP。<color=@#SubHeading#><b>無限制團體攻擊</b></color>允許在任何地方發動團體攻擊。<color=@#SubHeading#><b>商店收費物品</b></color>啟用商店購買和銷售任何收費物品。<color=@#SubHeading#><b>可重複的事件和戰鬥</b></color>所有遊戲事件和戰鬥現在都是可重複的。
MAN_SAVE_AT_GUILD_ONLY,Save At Guild Only,只限公會保存
MAN_SAVE_AT_GUILD_ONLY_TEXT,@#SAVE_AT_GUILD_HINT#,@#SAVE_AT_GUILD_HINT#
MAN_NO_ITEMS_IN_EMPTY_HOUSES,No Items In Empty Houses,空房子裡沒有物品
MAN_NO_ITEMS_IN_EMPTY_HOUSES_TEXT,@#NOEMPTYROOM_HINT#,@#NOEMPTYROOM_HINT#
MAN_FINISHING_A_VOLUME,Finishing A Volume,完成一卷
MAN_FINISHING_A_VOLUME_TEXT,"When a volume of the trilogy has been completed and there is nothing of value left to do, head to any <l=""MAN_ADVENTURERS_GUILD"",""Adventurer's Guild""/>. A new option will be present which will advance the game to the next volume in the trilogy. This option will only occur in <b>Tales of the Unknown (BT1)</b> and <b>The Destiny Knight (BT2)</b>.



Finishing <b>Tales of the Unknown</b> will present -

Begin Volume II - The Destiny Knight.



Finishing <b>The Destiny Knight</b> will present -

Begin Volume III - Thief of Fate.



Finishing a volume does not require forming a new party, losing all gold and emptying all inventories. A <l=""MAN_CHARACTER_TRANSFER"",""character transfer""/> option is available.



Characters can always be left behind at a guild and new ones created to take their place if the party needs a bit of a different composition. Alternatively - exit to the main menu and start an entirely fresh save for the new volume.



It is recommended to create a save file before transferring to a new volume.","當三部曲的一卷完成並且沒有什麼有價值的事情可做時，前往任何<l=""MAN_ADVENTURERS_GUILD"",""Adventurer's Guild""/>。將出現一個新選項，將遊戲推進到三部曲的下一卷。此選項僅出現在<b>Tales of the Unknown (BT1)</b>和<b>The Destiny Knight (BT2)</b>中。 
 
 
 
 完成<b>未知故事</b>將呈現 - 
 
 開始二部曲 - 命運騎士。<b>完成 命運騎士</b>將呈現 - 
 
 開始三部曲 - 命運之盜。 
 
 
 
 完成一卷不需要組建新的隊伍，失去所有黃金並清空所有庫存。有<l=""MAN_CHARACTER_TRANSFER"",""character transfer""/>選項可供選擇。 
 
 
 
 角色總是可以留在公會中，如果隊伍需要一些不同的組成，可以創造新的角色來取代他們的位置。或 - 退出主選單並為新磁碟區開始全新的儲存。 
 
 
 
 建議在傳輸到新磁碟區之前建立保存檔案。"
MAN_CHARACTER_TRANSFER,Character Transfer,角色轉移
MAN_CHARACTER_TRANSFER_TEXT,"When advancing to a new volume, there are 3 different options that allow characters to be transferred at different power levels and to retain different amounts of loot.



<color=@#SubHeading#><b>Full Power Transfer</b></color>

Bring over all characters exactly as they are with all experience and items. All inventories will be preserved.



<color=@#SubHeading#><b>Moderate Power Transfer</b></color>

Characters will be levelled down to a suitable level for the content. All inventories will be preserved.



<color=@#SubHeading#><b>Full Reset</b></color>

All characters will be reset to level 1. All inventories will be cleared.



Transferring characters across volumes will also transfer characters in the guild roster.



It is recommended to create a save file before transferring to a new volume.","當進入新卷時，有 3 種不同的選項，允許角色以不同的功率等級轉移並保留不同數量的戰利品。<color=@#SubHeading#><b>全能量轉移</b></color>讓所有角色與所有經驗和物品一模一樣。所有庫存都將被保留。<color=@#SubHeading#><b>中等功率傳輸</b></color>角色將被降級到適合內容的等級。所有庫存都將被保留。<color=@#SubHeading#><b>完全重置</b></color>所有角色將重設為 1 級。所有物品欄將會被清除。 
 
 
 
 跨卷轉移角色也會轉移公會名冊中的角色。 
 
 
 
 建議在傳輸到新磁碟區之前建立保存檔案。"
Brian the Fist,Brian the Fist,拳頭布萊恩
El Cid,El Cid,埃爾西德
Markus,Markus,馬庫斯
Sir Grady,Sir Grady,格雷迪爵士
Merlin,Merlin,梅林
Omar,Omar,奧馬爾
MOUSE_SCROLL_REVIEW,You can also use the mouse scroll wheel to review text that has been written to the scroll during combat.,您也可以使用滑鼠滾輪查看戰鬥期間寫入捲軸的文字。
BARD_STARTING_SONGS,"A newly created Bard will know only a handful of songs, determined by the current volume being played. Bards may learn songs from previous game volumes if they can find someone to teach them.",新創建的吟遊詩人只會知道少數歌曲，這取決於當前播放的音量。如果吟遊詩人能找到人來教他們，他們可以從以前的遊戲卷中學習歌曲。
SUMMON,SUMMON,召喚
PORTRAIT_Warrior Barbarian,Warrior Barbarian,戰士野蠻人
PORTRAIT_Experienced Paladin,Experienced Paladin,經驗豐富的聖騎士
PORTRAIT_Vampire Lord,Vampire Lord,吸血鬼領主
PRESS_XX_TO_CONTINUE,Press <color=#ffff22>{0}</color> to continue...,按<color=#ffff22>{0}</color>繼續...
CHOOSE_CHAR_TO_VIEW,Choose a character to view:,選擇要查看的角色：
XB_ToggleHelp,Toggle Help,切換幫助
XB_ToggleMinimap,Toggle Minimap,切換小地圖
XB_OpenJournal,Open Journal,開放期刊
XB_Menu,Pause Menu,暫停選單
XB_CommandsPopup,Commands Popup,命令彈出視窗
XB_WhereAmI,Where Am I,我在哪裡
XB_ViewChar,View Char,查看字元
XB_CastSpell,Cast Spell,施展法術
XB_PlaySong,Play Song,播放歌曲
XB_UseItem,Use Item,使用項目
XB_LookAround,Look Around 3D,環顧四周 3D
XB_Move,Move Around 3D,3D 移動
XB_SwitchProfiles,Switch Profiles,切換設定檔
USER_SIGNED_OUT,User Signed Out,用戶已登出
SIGNED_IN_AS,Signed in as:,登入身分：
SFX,SFX,特效
Music,Music,音樂
ACTIVE_AURA_TITLE,"Active Auras, Timers and Spell Effects",活躍光環、計時器和法術效果
COMMAND_PortalUp,Take Portal Up,採取傳送門
COMMAND_PortalDown,Take Portal Down,拿下傳送門
COMMAND_PartyAttack,Party attack,隊伍攻擊
COMMAND_PartyOrder,New Party Order,新黨命令
COMMAND_Manual,Bard's Tale Trilogy Manual,冰城傳奇三部曲手冊
COMMAND_ClothMap,Original Cloth Map,原始布圖
COMMAND_Bestiary,Bestiary,動物寓言
COMMAND_Stats,Statistics,統計數據
COMMAND_Controls,View Controls,查看控制項
Accept,Accept,接受
TRANSFER_FULL_DESC,"Bring over your characters exactly as they are with all experience and items.

All inventories will be preserved.","讓你的角色完全恢復原樣，並擁有所有經驗和物品。 
 
 所有庫存都將被保留。"
TRANSFER_PARTIAL_DESC,"Characters will be levelled down to a suitable level for the content.

All inventories will be preserved.","角色將被降級到適合內容的等級。 
 
 所有庫存都將被保留。"
TRANSFER_RESET_DESC,"All characters will be reset to level 1.

All inventories will be cleared.","所有角色將重設為 1 級。 
 
 所有物品欄位將會清除。"
DESTINY_KNIGHT_HINT,"The Destiny Knight is immune to all status conditions and cannot be turned to stoned or killed with a critical hit. Any damage to the Destiny Knight that would normally kill them, will instead reduce a small amount of their spell points. If they run out of magic, they can still die!",命運騎士免疫所有狀態條件，不會被石化或被重擊殺死。對命運騎士造成的任何通常會殺死他們的傷害，都會減少他們少量的法術點。如果他們的魔力用完了，他們仍然會死！
BANK_RETRIEVED,RETRIEVED,已檢索
CONTROLLER_REMOVED,Please reconnect the controller or connect a different controller.,請重新連接控制器或連接不同的控制器。
PORTRAIT_Sneaky Rogue,Sneaky Rogue,鬼祟的盜賊
PORTRAIT_Virtuoso Bard,Virtuoso Bard,藝術大師吟遊詩人
PORTRAIT_Deadly Hunter,Deadly Hunter,致命獵人
PORTRAIT_Adept Conjurer,Adept Conjurer,熟練的魔術師
PORTRAIT_Master Magician,Master Magician,魔術師大師
PORTRAIT_Runic Wizard,Runic Wizard,符文巫師
Song List,Song List,歌曲清單
Spell List,Spell List,法術列表
GAME_QUICKSAVED,Game has been quick-saved.,遊戲已快速儲存。
Breath Attack,Breath Attack,噴吐攻擊
CHEST_Poison Needle,Poison Needle,毒針
CHEST_Blades,Blades,刀片
CHEST_Darts,Darts,飛鏢
CHEST_Gas Cloud,Gas Cloud,氣體雲
CHEST_Shocker,Shocker,震驚
CHEST_Crazy Cloud,Crazy Cloud,瘋狂雲
CHEST_Mind Trap,Mind Trap,心靈陷阱
CHEST_Poison Blades,Poison Blades,毒刃
CHEST_Shock Wave,Shock Wave,衝擊波
CHEST_Vortex,Vortex,渦流
CHEST_Shocks,Shocks,衝擊
CHEST_Poison Darts,Poison Darts,毒鏢
CHEST_Acid Burst,Acid Burst,酸爆
CHEST_Poison Spikes,Poison Spikes,毒刺
CHEST_Mind Blast,Mind Blast,心靈衝擊
CHEST_Mind Jab,Mind Jab,心靈刺擊
CHEST_Basilisk Snare,Basilisk Snare,蛇怪圈套
CHEST_Death Blades,Death Blades,死亡之刃
CHEST_Codger Bomb,Codger Bomb,柯傑炸彈
CHEST_Swindler,Swindler,騙子
CHEST_Hammer,Hammer,錘子
MAP_Pit,pit!,坑！
MAP_Spiked Pit,spiked pit!,尖刺坑！
MAP_Warstrike,timed Warstrike spell!,定時戰擊法術！
MAP_Gas Cloud,poison gas cloud!,毒氣雲！
MAP_Darts,"tripwire, which caused poison darts to shoot!",絆線，導致毒鏢射出！
MAP_Stone Block,"tripwire, which caused a stone block to fall!",絆線，導致一塊石塊掉落！
MAP_Crossbows,"tripwire, which caused several crossbows to fire at you!",絆線，導致數支弩向你射擊！
MAP_Basilisk Snare,Basilisk snare!,蛇怪陷阱！
MAP_BT3_Stone Block,stone block!,石塊！
MAP_Tripwire,tripwire!,絆網！
MAP_Stakes,punji stakes!,旁吉賭注！
MAP_BT3_Crossbows,crossbow bolts!,弩箭！
MAP_Shock Wave,shock wave!,衝擊波！
MAP_Acid,acid bath!,酸浴！
MAP_Mind Zap,mind zap!,頭腦清醒！
MAP_Poison Spray,poison spray!,毒噴霧！
MAP_Poison Spiked Pit,poison spiked pit!,毒刺坑！
MAP_Mage Zap,mage zap!,法師擊殺！
MAP_Decapitator,decapitator!,斬首者！
MAP_BT3_Warstrike,timed warstrike!,定時戰擊！
MAP_Shock Sphere,shock sphere!,震盪球！
MAP_Crushing Walls,crushing walls!,粉碎牆壁！
MAP_Rolling Ball,rolling ball!,滾球！
MAP_BT3_Basilisk Snare,basilisk snare!,蛇怪陷阱！
MAP_Wither Strike,wither strike!,枯萎一擊！
MAP_SledgeHammer,sledgehammer!,大錘！
MAP_Earthquake,earthquake!,地震！
MAP_Deathstrike,deathstrike!,致命一擊！
MAP_Bonkers,bonkers!,瘋子！
All Classes,All Classes,所有職業
All Melee,All Melee,所有近戰
All Mages,All Mages,所有法師
Empty Slot,Empty Slot,空欄位
XB1GuestUserConfirm,Guest Users cannot save or load. Switch Profiles to save or load.,來賓用戶無法儲存或載入。切換設定檔以儲存或載入。
XB1NewGameGuest,Game progress is not saved for Guest Users.,不會為訪客用戶保存遊戲進度。
RESUME_TEXT_SIGNEDIN,Active User,活躍用戶
RESUME_TEXT_WHO,Who are you,你是誰
SONG_SanctuaryScore_DESC,"Provides general protection for your party. Lowers their AC, and increases the chance to run from combat, dodge missiles, resist spells and avoid traps.",為您的聚會提供一般保護。降低他們的 AC，並增加逃離戰鬥、躲避飛彈、抵抗法術和避開陷阱的機會。
GR_Signing_In,Signing In,登入
GR_Loading_Profile,Loading Profile,載入設定檔
GR_Caching_Saves,Caching Saves,快取保存
GR_Checking_License,Checking License,檢查許可證
GR_Checking_Updates,Checking For Updates,檢查更新
GR_Signed_In,Signed In,已登入
GR_Storage_Failed,Storage Init Failed,儲存初始化失敗
GR_License_Failed_Not_Trial_Owner,License Failed\nNot Trial Owner,許可證失敗\n不是試用版所有者
GR_License_Failed_Trial_Expired,License Failed\nTrial Expired,許可證失敗\n試用已過期
GR_License_Failed_General,License Failed\nGeneral Failure,許可證失敗\n一般失敗
GR_Downloading,Downloading Updates,下載更新
GR_Installing,Installing Updates,安裝更新
SPELLFILTER_RecentSpells_Heading,Recent Spells,最近的法術
SPELLFILTER_RecentSpells,Lists the most recently used spells by this character.,列出該角色最近使用的法術。
Sign_In,Sign In,登入
CASTER,CASTER,腳輪
AnswerThisRiddle,Answer this riddle to pass:,回答這個謎語即可通過：
GARTHS_CLOSED_AT_NIGHT,The shoppe is closed at night.,商店晚上關門。
REVIEWBOARD_CLOSED_AT_NIGHT,The Review Board is closed for the evening. The guild leaders will meet with you in the morning.,評審委員會晚上休息。早上公會領袖會來和大家見面。
BANK_CLOSED_AT_NIGHT,Bank business hours are between dawn and dusk.,銀行營業時間為黎明至黃昏。
CASINO_CLOSED_AT_NIGHT,The casino is closed at night.,賭場晚上不營業。
ROOMHINT_35,Looking for adventure? Seek the dungeon on the east side of Tangramayne.,尋找冒險？尋找唐格拉瑪恩東側的地下城。
ROOMHINT_36,"Your spell casters are able to identify what spells an enemy magic user is casting, if they know the spell themselves.",你的施法者能夠辨識敵方魔法使用者正在施展什麼法術，如果他們自己知道法術的話。
ROOMHINT_37,It's possible for Bards to learn more songs. But first you need to find someone who will teach you. This is something a Bartender might be able to help you with.,吟遊詩人有可能學習更多歌曲。但首先你需要找到一個能教導你的人。這是調酒師可能可以幫助您的事情。
ROOMHINT_38,"Some places have a natural malevolence to them which may turn monsters against you. There is said to be a set of Bracers that, when equipped, will keep a monster calm. If you can't find one, there is always magic.",有些地方對他們有天生的惡意，這可能會讓怪物反對你。據說有一組護腕，裝備後可以讓怪物保持冷靜。如果你找不到，魔法總是存在的。
Accept Changes?,Accept Changes?,接受更改嗎？
Please Wait,Please Wait,請稍候
GR_Update_Failed,Update Failed,更新失敗
GR_Update_Success,Update Success,更新成功
GR_Update_Required,Update Required\nPlease Update in the store.,需要更新\n請在商店中更新。
GR_Signed_Out,User Signed Out\nPress Ok to exit.,用戶已登出\n按「確定」退出。
OriginInitFailed,Something Went Wrong\nEnsure Origin client is loaded.,出了點問題\n確保 Origin 用戶端已載入。
XB_CommandBarHelp,Help,幫助
XB_CommandBarJournal,Journal,期刊
XB_CommandBarPause,Pause,暫停
XB_CommandBarCommands,Commands,命令
PRESS_SPACE_FIX,Press <color=#ffff22>SPACE</color> to continue...,按<color=#ffff22>空白鍵</color>繼續...
PRESS_SPACE_FIX2,Press SPACE to continue...,按空白鍵繼續...
PRESS_SPACE_FIX3,Press SPACE to continue,按空白鍵繼續
GUILD_ADD_MEMBER_COLOR,<color=#ffff22>A</color>dd member to party,<color=#ffff22>新增</color>成員至隊伍
GUILD_REMOVE_MEMBER_COLOR,<color=#ffff22>R</color>emove member from party,從隊伍<color=#ffff22>移除</color>成員
GUILD_CREATE_MEMBER_COLOR,<color=#ffff22>C</color>reate a new member,<color=#ffff22>建立</color>新成員
GUILD_DELETE_MEMBER_COLOR,<color=#ffff22>D</color>elete member from roster,從名冊中<color=#ffff22>刪除</color>成員
GUILD_ENTER_CITY_COLOR,<color=#ffff22>E</color>nter the city,<color=#ffff22>進入</color>城鎮
GUILD_ENTER_WILDERNESS_COLOR,<color=#ffff22>E</color>nter the wilderness,<color=#ffff22>進入</color>荒野
GUILD_MORE_OPTIONS_COLOR,<color=#ffff22>M</color>ore options...,<color=#ffff22>更多</color>選擇...
GUILD_CHOOSE_PORTRAIT_COLOR,<color=#ffff22>C</color>hoose new portrait,<color=#ffff22>選擇</color>新肖像
GUILD_RENAME_MEMBER_COLOR,<color=#ffff22>R</color>ename a party member,<color=#ffff22>更改</color>隊員姓名
GUILD_TALK_TO_GUILD_LEADER,<color=#ffff22>T</color>alk to the guild leader,與工會會長<color=#ffff22>對話</color>
GUILD_SAVE_PARTY_TO_ROSTER,<color=#ffff22>S</color>ave party to roster,<color=#ffff22>儲存</color>隊伍至名冊
GUILD_QUIT_AND_EXIT_GAME,<color=#ffff22>Q</color>uit and exit game,<color=#ffff22>退出</color>並結束遊戲
GUILD_EXIT_TO_PREVIOUS_MENU,<color=#ffff22>E</color>xit to previous menu,<color=#ffff22>退出</color>至前一個選單
GUILD_BEGIN_VOLUME2_COLOR,<color=#ffff22>B</color>egin Volume II - The Destiny Knight,<color=#ffff22>開始</color>二部曲 - 命運騎士
GUILD_BEGIN_VOLUME3_COLOR,<color=#ffff22>B</color>egin Volume III - Thief of Fate,<color=#ffff22>開始</color>三部曲 命運的竊賊
GUILD_REROLL,<color=#ffff22>R</color>eroll,再<color=#ffff22>擲</color>一次
GUILD_REROLL,<color=#ffff22>A</color>ccept Character,<color=#ffff22>就是你啦</color>
GUILD_SAVE_PARTY_TO_ROSTER,<color=#ffff22>S</color>ave party to roster,<color=#ffff22>儲存</color>隊伍至名冊