KEY (參考用),English (遊戲原文),Chinese (請填寫中文)
Bard's Tale,Bard's Tale,
The,The,
TRILOGY,TRILOGY,
BT1ChapterDesc,Tales of the Unknown,
BT2ChapterDesc,The Destiny Knight,
BT3ChapterDesc,Thief of Fate,
NewGameConfirm,Starting a new game will overwrite your existing AutoSave. Are you sure you wish to proceed?,
BeginBT1,Begin Tales of the Unknown,
BeginBT2,Begin The Destiny Knight,
BeginBT3,Begin Thief of Fate,
ComingSoon,Coming Soon,
New Game,New Game,
Load Game,Load Game,
Options,Options,
Quit Game,Quit Game,
Chapter1,VOLUME I,
Chapter2,VOLUME II,
Chapter3,VOLUME III,
BEGIN,BEGIN,
LEGACY MODE,LEGACY MODE,
YES,YES,
NO,NO,
Yes,Yes,
No,No,
Cancel,Cancel,
OK,OK,
Start Game,Start Game,
Back,Back,
Resume,Resume,
Close,Close,
Main Menu,Main Menu,
SPACE_TO_CONTINUE,<color=#ffff22>SPACE</color> to continue...,
LEVEL_X_SPELLS,Level {0} Spells,
CODE,CODE,
COST,COST,
RANGE,RANGE,
DURATION,DURATION,
FOE,FOE,
COMBAT,COMBAT,
ALL FOES,ALL FOES,
GROUP,GROUP,
PARTY,PARTY,
CHAR,CHAR,
LONG,LONG,
MEDIUM,MEDIUM,
SHORT,SHORT,
Spells,Spells,
SPECIAL_SLOT,S,
PARTY_NO_SPELLCASTERS,Your party has no spell casters.,
NEW_PARTY_ORDER,New Party Order:,
WHO_WILL_CAST,Who will cast a spell?,
WHO_WILL_PLAY,Who will play a song?,
WHO_WILL_USE,Who will use an item?,
NO_NEED_PARTY_COMBAT,There is no need for party combat.,
PARTY_HAS_NO_BARDS,Your party has no bards.,
PARTY_HAS_NO_USABLE_TIMES,Your party has no members with equipped non-combat usable items.,
ALWAYS_DAYLIGHT,It always seems to be daylight here!,
ALWAYS_NIGHT,It always seems to be night here!,
TIME_OF_DAY_0,It's now midnight,
TIME_OF_DAY_1,It's now after midnight,
TIME_OF_DAY_2,It's now early morning,
TIME_OF_DAY_3,It's now mid-morning,
TIME_OF_DAY_4,It's now noon,
TIME_OF_DAY_5,It's now afternoon,
TIME_OF_DAY_6,It's now dusk,
TIME_OF_DAY_7,It's now evening,
PARTY_STOPS_FOR_A_MOMENT,"Your party stops for a moment and takes a good look around...\n\n{0}, facing {1}.\n\n{2}",
TAKE_TIME_TO_LOOK_AROUND,You take the time to look around...,
CHAR_MUST_DROP_ITEM,{0} must drop an item to make space for {1}:,
INV_FULL_DROP_ITEM,Your inventory is full. Drop an item to make space for {0}:,
ITEM_TOO_IMPORTANT,You feel this item is too important to discard!,
CHOOSE_DIFF_CHAR,Choose different character,
JOURNAL_ENCOUNTER,We encountered:,
CHAR_GOT_THE_ITEM,{0} got the {1}.,
ITEM_ADDED_TO_INV,{0} has been added to the party inventory.,
STAIRS_UP,"There are stairs here, going up.\nDo you wish to take them?",
STAIRS_DOWN,"There are stairs here, going down.\nDo you wish to take them?",
SAGE_KNOWS_THIS,I know of this... but the knowledge will cost thee {0} gold.,
SAGE_COME_BACK_WITH_GOLD,Come back when you can afford my wisdom.,
SAGE_YES,"Yes, I will pay.",
SAGE_NO,"No, it is too much.",
PARTY_FINDS_UNIDENTIFIED_ITEM,The party finds an unidentified {0}.\n,
PARTY_FINDS_ITEM,The party finds a {0}.\n,
CHAR_FINDS_UNIDENTIFIED_ITEM,{0} found an unidentified {1}.\n,
CHAR_FINDS_ITEM,{0} found a {1}.\n,
CHAR_READY_TO_LEVEL_UP,{0} is ready to level up. Find the Review Board.,
CHAR_READY_TO_LEARN_NEW_SPELL,{0} is ready to learn level {1} {2} spells. Find the Review Board and bring {3} in gold.,
CHAR_JUMPED_OUT_OF_WAY,{0} jumped out of the way!\n,
CHAR_TAKE_CHEST_DAMAGE,{0} took {1} damage,
STAIRS_NEAR,There are stairs near.,
TRAP_NEAR,There is a trap near.,
PORTAL_NEAR,There is a portal near.,
SPELLS_WAVER,Your spells waver.,
SPINNER_AHEAD,You sense a spinner ahead.,
SOMETHING_SPECIAL_NEAR,There is something special near.,
DETECT_MOVEMENT_AHEAD,You detect some movement ahead.,
PORTAL_BELOW,There is a portal below you.,
PORTAL_ABOVE,There is a portal above you.,
HIT_A_TRAP,TRAP! You've hit a {0},
None,None,
Melee,Melee,
Breath,Breath,
Range,Range,
Summon Help,Summon Help,
Chance,Chance,
Defend,Defend,
Spell,Spell,
Unknown Spell,Unknown Spell,
Exit to town,Exit to town,
Damage,Damage,
Items,Items,
KICK_CHAR_FROM_PARTY,Kick {0} from the party.,
Damage_Poison,Poison,
Damage_Drain,Level Drain,
Damage_Insane,Insanity,
Damage_Wither,Wither,
Damage_Possess,Possess,
Damage_Stoned,Petrify,
Damage_Critical,Critical Hit,
Damage_UnequipItems,Unequip Items,
Damage_SpellDrain,Spell Drain,
Cond_Poisoned,Poisoned,
Cond_Old,Withered,
Cond_Dead,Dead,
Cond_Stoned,Stoned,
Cond_Paralyzed,Paralyzed,
Cond_Possessed,Possessed,
Cond_Insane,Insane,
Cond_Drained,Drained,
Injured,Injured,
Normal,Normal,
Item,Item,
Electric,Electric,
Cold,Cold,
Holy,Holy,
Water,Water,
Fire,Fire,
STONED,STONED,
DEAD,DEAD,
Level,Level,
STUN,STUN,
NUTS,NUTS,
POSS,POSS,
HIDE,HIDE,
ANIMATE,ANIMATE,
PARA,PARA,
POIS,POIS,
OLD,OLD,
DRAIN,DRAIN,
WA,WA,
PA,PA,
MO,MO,
RO,RO,
HU,HU,
BA,BA,
CO,CO,
MA,MA,
SO,SO,
WI,WI,
AM,AM,
CH,CH,
GE,GE,
HP,HP,
SP,SP,
CL,CL,
AC,AC,
HIT POINTS,HIT POINTS,
SPELL POINTS,SPELL POINTS,
CLASS,CLASS,
class,class,
Lv,Lv,
XP,XP,
Str,Str,
Int,Int,
Dex,Dex,
Con,Con,
Lck,Lck,
Light,Light,
LightDetect,Light (Detect Secret Doors),
Sight,Sight,
Levitation,Levitation,
Compass,Compass,
Song,Song,
Duration,Duration,
End of Combat,End of Combat,
Bard Song,Bard Song,
ACTIVESPELL_DISORIENTED,"Disoriented\nWithout a compass, we cannot orient our maps!",
Persistent,Persistent,
Combat Round,Combat Round,
Mage,Mage,
Undead,Undead,
Demon,Demon,
Stone,Stone,
Magic User,Magic User,
Warrior,Warrior,
Warrior_DESC,"The base fighter-type in The Bard's Tale, warriors can use nearly every weapon there is. For every 4 levels of experience after the 1st, Warriors get an extra attack ability in combat.",
Paladin,Paladin,
Paladin_DESC,Paladins are fighters who have sworn to abstain from all evil and to uphold honor and purity in all places. They can use most weapons and some that no other fighters can. They get multiple attacks at higher levels. They also have a greatly increased resistance to evil magic.,
Rogue,Rogue,
Rogue_DESC,"A professional thief with so-so combat ability, the rogue can hide in shadows, and leap out at distant enemies to land critical hits. They can also search for traps and disarm them. Without a rogue your party will pay very dearly for the booty it wins.",
Bard,Bard,
Bard_DESC,The Bard is a wandering minstrel. You'll see them with a tankard of ale in front of them in the less reputable taverns -- the rowdier the better. Their song magic can help your party immensely in and out of combat.,
Hunter,Hunter,
Hunter_DESC,"An assassin, a mercenary, a ninja. The hunter can use most weapons, and has the ability (which grows with experience) to do critical hits in combat (i.e., to attack a nerve center or other vital area and instantly kill an opponent). A good skill.",
Monk,Monk,
Monk_DESC,"A martial artist, an almost inhuman fighting machine trained to fight without weapons or armor. The monk can use them, but, at higher levels particularly, often does better without.",
Conjurer,Conjurer,
Conjurer_DESC,"Conjurers deal in the physical creation and manifestation of real things (like fire, light, healing).",
Magician,Magician,
Magician_DESC,"Magicians deal with magic as it affects physical objects (i.e., enchanting a sword, making armor stronger, making a dungeon wall disappear).",
Sorcerer,Sorcerer,
Sorcerer_DESC,"Sorcerers are magic users who deal with the creation and manipulation of illusion. Due to the power of sorcerer spells, this class is not available to newly created characters.",
Wizard,Wizard,
Wizard_DESC,Wizards are magic users who are dedicated to the summoning and binding of various supernatural creatures. These creatures are not friendly to humankind and trying to control them is extremely hazardous. The Wizard-class is not available to new characters either.,
Archmage,Archmage,
Archmage_DESC,"These magic users have learned at least three levels for each of the previous four magic user classes. The Archmage is one of the most powerful and important characters in The Destiny Knight because an Archmage can do almost anything. Remember, Lagoth Zanta is an Archmage... fight fire with fire.",
Chronomancer,Chronomancer,
Chronomancer_DESC,"Chronomancers are the travel experts of the magic users. Before becoming one, a magic user must master all the spells of any three mage classes. And once you become a Chronomancer, you lose the power to use all the spells you previously learned. It may sound unfair, but the Chronomancer needs to focus all of his or her attention on the important dimension teleport spells. Don't think you can get around without this spellcaster, because you just can't.",
Geomancer,Geomancer,
Geomancer_DESC,"Fighters who want to convert to a life of a magic can become Geomancers. Once they choose to change, they can still use the armor, weapons, and magic items that the fighter classes use. Beware: Bards lose their songs, Warriors lose their multiple attacks, Hunters lose their critical hit ability, and Monks lose their armor class bonus and multiple attacks. It's part of the trade off. To become a Geomancer, you must find the one special location that performs the rite of passage to this mage class.",
Monster,Monster,
Illusion,Illusion,
Human,Human,
Human_DESC,"While possibly being of hardier stock, this character is nonetheless like you or me.",
Elf,Elf,
Elf_DESC,"Patterned after the Tolkien elf, the elf is slight of build, frequently taller and nimbler than a human, and very inclined to magic.",
Dwarf,Dwarf,
Dwarf_DESC,"The Dwarven people are short and stout, extremely strong and healthy, but not amazingly intelligent (i.e. excellent fighters).",
Hobbit,Hobbit,
Hobbit_DESC,Hobbits are slightly smaller than Dwarves but are nimble and dexterous. Just the right make-up for a rogue.,
HalfElf,Half-Elf,
HalfElf_DESC,"These crossbreeds are usually blond and fair-skinned, like elves, and get some added size and strength from their human ancestry.",
HalfOrc,Half-Orc,
HalfOrc_DESC,"An orc is a large, goblin-like creature often found working for evil wizards. The Half-orc, being half human, is not quite as despicable as his orc parent, but you wouldn't want to date one. They are tough but incredibly stupid.",
Gnome,Gnome,
Gnome_DESC,"Gnomes closely resemble dwarves, but have less hair and even shorter tempers. They are also more magically inclined, as a rule. Highly intelligent but not very robust.",
Male,Male,
Female,Female,
Strength,Strength,
Strength_DESC,Strength is physical power and chiefly affects the amount of damage a character can do to an opponent in hand-to-hand combat. Make sure your fighting characters are strong.,
Intelligence,Intelligence,
Intelligence_DESC,Intelligence is mental power. A high intelligence will enable your magic users to get bonus spell points.,
Dexterity,Dexterity,
Dexterity_DESC,Measures agility & nimbleness. A high score makes your characters harder to hit and helps them strike the first blow in combat.,
Constitution,Constitution,
Constitution_DESC,"Measures healthiness. It takes more damage to kill a character with a high constitution score. This is reflected in bonus ""hit points"", the character's life span.",
Luck,Luck,
Luck_DESC,"Luck is an ambiguous attribute, as it has a number of unseen effects on gameplay. For example, lucky characters are more likely to resist evil magic and avoid nasty traps.",
Hit Points,Hit Points,
Hit Points_DESC,"Hit Points measure the damage a character can take before they are killed. The current status is shown in the characters status bar, followed by their current maximum potential.",
Spell Points,Spell Points,
Spell Points_DESC,"This shows current spell point status. Points are used up with each cast of a magic spell. If a Conjurer has 20 spell points and casts a Mage Flame spell at a cost of 2 spell points, his new total would be 18. The characters status line lists both their current and maximum spell points.",
Reroll,Reroll,
Accept Character,Accept Character,
Disarm Skill,Disarm Skill,
Identify Skill,Identify Skill,
Hide in Shadows Skill,Hide in Shadows Skill,
Critical Hit,Critical Hit,
Attack,Attack,
Refugee Camp,Refugee Camp,
Adventurer's Guild,Adventurer's Guild,
AFTER_X_HALF_DAMAGE,After {1}' the spell does half damage.,
Experience,Experience,
Melee Damage,Melee Damage: {0} to {1},
Rogue Abilities,Rogue Abilities,
Disarm Traps,Disarm Traps,
Bard Abilities,Bard Abilities,
Songs Remaining,Songs Remaining,
SongsRemainCount,Songs Remaining: {0},
Inventory,Inventory,
Trade Gold,Trade Gold,
No Spin,No Spin,
Calm Monster,Calm Monster,
Hide Bonus,Hide Bonus,
Half Spell Cost,Half Spell Cost,
Regen Hitpoints,Regen Hitpoints,
Regen Spellpoints,Regen Spellpoints,
Unlimited Songs,Unlimited Songs,
Luck Bonus,Luck Bonus,
Breath Protection,Breath Protection,
Bonus to Run,Bonus to Run,
Double Spell Regen,Double Spell Regen,
Quarter Spell Cost,Quarter Spell Cost,
Resurrection,Resurrection,
Item_DIVIDER,Items,
Weapon,Weapon,
Weapon_DIVIDER,Weapons,
Shield,Shield,
Shield_DIVIDER,Shields,
Armor,Armor,
Armor_DIVIDER,Armor,
Helm,Helm,
Helm_DIVIDER,Helms,
Gloves,Gloves,
Gloves_DIVIDER,Gloves,
Instrument,Instrument,
Instrument_DIVIDER,Instruments,
Figurine,Figurine,
Figurine_DIVIDER,Figurines,
Ring,Ring,
Ring_DIVIDER,Rings,
Wand,Wand,
Wand_DIVIDER,Wands,
Offhand,Offhand,
Offhand_DIVIDER,Offhand Items,
Arrow,Arrow,
Arrow_DIVIDER,Arrows,
Bow,Bow,
Bow_DIVIDER,Bows,
Suit,Suit,
Suit_DIVIDER,Suits,
Container,Container,
Container_DIVIDER,Containers,
Boots,Boots,
Boots_DIVIDER,Boots,
PARTY_INVENTORY,Party Inventory,
Unidentified,Unidentified,
Slot,Slot,
Equipped,Equipped,
Unarmed Combat,Unarmed Combat,
Damage Min,Damage Min,
Damage Max,Damage Max,
Ranged Damage Min,Ranged Damage Min,
Ranged Damage Max,Ranged Damage Max,
Bonus to Hit,Bonus to Hit,
To Hit,To Hit,
CANNOT_USE_UNIDENTIFIED,Cannot use unidentified item!,
On Hit,On Hit,
Passive,Passive,
On Use,On Use,
Unidentified Special,Unidentified Special,
Classes,Classes,
GARTHS_ITEM_INFERIOR_WARNING,<color=#115511>Item is missing {0} charge(s). Garth will not keep it once you leave the shop.</color>,
Summon,Summon,
Spirits,Spirits,
WaterOfLife,Water Of Life,
DragonBlood,Dragon Blood,
MoltenTar,Molten Tar,
empty,empty,
Would you like to:,Would you like to:,
Buy an item,Buy an item,
Buy item,Buy item,
Sell an item,Sell an item,
Identify an item,Identify an item,
View inventory,View inventory,
Pool Gold,Pool Gold,
Sell item,Sell item,
Identify item,Identify item,
Done,Done,
SOLD,SOLD,
YOU_HAVE_X_GOLD,You have {0} Gold,
CHAR_NOT_ENOUGH_GOLD,{0} does not have enough gold!,
You can:,You can:,
NOT_ENOUGH_GOLD,"I'm sorry, you don't have enough gold!",
DO_YOU_WISH_TO_PAY,Do you wish to pay?,
SAGE_COME_BACK_LATER,Come back when you can afford my wisdom.,
WILL_YOU_PAY,Will you pay?,
WHO_WILL_PAY,Who will pay?,
WHO_GETS_THE_ITEM,Who gets the {0}?,
WHO_WILL_PAY_X_GOLD,Who will pay {0} gold?,
OVERWRITE_FILE,Overwrite saved game:\n\n{0}\n\nAre you sure?,
CANNOT_OVERWRITE_AUTOSAVE,You cannot overwrite AutoSave or QuickSave files,
NO_CHAR_HAS_ENOUGH_GOLD,"I am sorry, but no character has enough gold to pay!",
All Foes,All Foes,
Party,Party,
Single Group,Single Group,
Single Target,Single Target,
Single Ally,Single Ally,
TELEPORT_OUTSIDE_DUNGEONS,"Outside of dungeons, this will teleport you between cities you have visited.",
Cost reduced by item(s),Cost reduced by item(s),
No enemies in range,No enemies in range,
Not enough spell points,Not enough spell points,
Combat only spell,Combat only spell,
LEVEL_1,Lv1,
LEVEL_2,Lv2,
LEVEL_3,Lv3,
LEVEL_4,Lv4,
LEVEL_5,Lv5,
Hide in Shadows,Hide in Shadows,
Stop Singing,Stop Singing,
STOP_SINGING_HINT,Stop singing the current song,
CHOOSE_SONG,Choose a song to play,
CANNOT_PLAY_SONGS,Cannot play any songs at the moment.,
CANNOT_CAST_SPELLS,Cannot cast any spells at the moment.,
CANNOT_KICK_CHAR_WITH_QUEST_ITEMS,You cannot kick {0} from the party as they have important quest items in their inventory!,
TRANSFER_GOLD,Transfer gold to whom?,
CANNOT_TRANSFER_GOLD_TO_MONSTER,"You cannot transfer gold to a monster or NPC, they are just not trustworthy enough!",
TRANSFER_HOW_MUCH_GOLD,Transfer how much gold?,
NOT_ENOUGH_GOLD_TO_TRANSFER,You don't have that much gold to transfer!,
MUST_ENTER_GREATER_THAN_0,You need to enter a number greater than 0. Try again...,
INVENTORY_EMPTY,Inventory is empty.,
Stack items,Stack items,
TRADE_ITEM,Trade item to another party member,
Drop item,Drop item,
EQUIP_UNEQUIP,Equip/Unequip,
SPACE,SPACE,
Identify,Identify,
Use item,Use item,
NO_PERSONAL_ROOM_TO_EQUIP,No room in personal inventory to equip more items. You must unequip something.,
NO_PARTY_ROOM_TO_ADD,No room in the party inventory for another item. You'll need to drop something first.,
CANNOT_DROP_EQUIPPED,You cannot drop equipped items. You must unequip them first.,
ITEM_TOO_IMPORTANT_TO_DROP,You have a feeling this item is too important to throw away!,
ITEM_ALREADY_IDENTIFIED_TRY_MAGIC,The item is already identified! Only through magic can you learn more about it...,
ITEM_ALREADY_IDENTIFIED_TRY_ROSCOE,The item is already identified! Perhaps Roscoe can tell you more...,
PARTY_ALREADY_IDENTIFIED_THIS,Your party has already tried to identify this and failed!,
CHAR_IDENTIFIES_ITEM,{0} takes a close look and identifies the item as {1}.,
CHAR_UNABLE_TO_IDENTIFY_ITEM,{0} takes a close look but is unable to identify the item.,
FIND_ANOTHER_WAY_TO_IDENTIFY,"You'll need to find another way to identify this item, or just discard it!",
TAKE_TO_GARTHS,You'll have to take it to Garth's to identify it.,
ITEM_NOT_USABLE_BY_CHAR,That item is not usable by {0}!,
ITEM_CANNOT_BE_USED_OUTSIDE_COMBAT,{0} cannot be used outside of combat...,
ITEM_NOT_USABLE,{0} is not a usable item...,
CANNOT_TRADE_EQUIPPED_ITEMS,You cannot trade equipped items. You must unequip them first.,
TRADE_ITEM_TO,Trade {0} to:,
CHAR_HAS_NO_INV_SPACE,{0} has no inventory space available.,
CHOOSE_SPELL_TO_CAST,Choose a spell to cast:,
CANNOT_APPORT_ARCANE_HERE,You can't cast Apport Arcane here!,
ENTER_N_E_U,Enter 'north east up' coordinates:,
CHOOSE_DEST,Choose a destination:,
MUST_ENTER_3_COORDS,You must enter 3 coordinates for apport arcane!,
ITEM_IDENTIFIED_AS,Item was identified as:,
CHAR_CASTS_SPELL_ON,{0} casts {1} on:,
CHAR_USES_ITEM_ON,{0} uses {1} on:,
CHAR_USES_ITEM_ON_CHAR,{0} uses {1} on {2},
CHAR_USES_CHAR,{0} uses {1},
CHAR_DRINK_FROM_EMPTY_CONTAINER,{0} tried to drink from {1} but it is empty!,
ITEM_CANNOT_BE_USED_HERE,{0} cannot be used here.,
CHAR_CASTS_SPELL_BUT_FIZZLES_COZ_COMBAT_ONLY,{0} casts {1} but it fizzles because it is a combat only spell.,
SKULL_ANTIMAGIC,Anti-Magic Aura,
SKULL_NO_APPORT,Apport Arcane cannot target here,
SKULL_NO_PHASE_DOOR,Phase Door cannot be cast,
SKULL_X_SECONDS_LEFT,{1} Seconds Left,
SKULL_MAPPING_REPRESSED,Mapping repressed,
SKULL_SMOKE,Smoke in your eyes!,
SKULL_MALEVOLENCE,Feeling of Malevolence,
SKULL_DROWNING,Drowning!,
SKULL_DROWNING_IN_X,Drowning in {0} moves!,
SKULL_AREA_CURSES,Area Curses Detected,
SKULL_AREA_BLESSINGS,Area Blessings Detected,
SKULL_FREEZING,Freezing!,
SKULL_FREEZING_IN_X,Freezing in {0} moves!,
CHAR_TURNS_HOSTILE,{0} turns hostile...,
LIGHT_IGNITES_GAS,Your light ignites the gas in this area!\n\nBOOM!\n\n,
CHAR_TOOK_X_DAMAGE,{0} took {1} damage!,
OUCH_BLOCKED,Ouch... Blocked!\n,
Ouch,Ouch,
STUCK,Stuck...\n,
TRANSFER_FULL,Full Power Transfer,
TRANSFER_PARTIAL,Moderate Power Transfer,
TRANSFER_RESET,Full Reset,
Party (No Compass),Party (No Compass),
Wall,Wall,
Door,Door,
Secret Door,Secret Door,
Hint,Hint,
Journal Entry,Journal Entry,
Combat,Combat,
Trap,Trap,
Spinner,Spinner,
Spell Points Regeneration,Spell Points Regeneration,
Spell Points Drain,Spell Points Drain,
Teleport Destination,Teleport Destination,
Teleport Source,Teleport Source,
Magic Chains,Magic Chains,
Malevolence,Malevolence,
Smoke,Smoke,
LEGEND,LEGEND,
Something Odd,Something Odd,
Hit Points Drain,Hit Points Drain,
Hit Points Regeneration,Hit Points Regeneration,
Portal Down,Portal Down,
Portal Up,Portal Up,
Stairs Down,Stairs Down,
Stairs Up,Stairs Up,
Silence,Silence,
Tree,Tree,
Inn,Inn,
Large Rock,Large Rock,
Small Rocks,Small Rocks,
Temple,Temple,
Gate,Gate,
Ignitable Gas,Ignitable Gas,
Darkness,Darkness,
Antimagic,Antimagic,
Empty House,Empty House,
Empty Hut,Empty Hut,
Bard's Hall,Bard's Hall,
Wizard's Guild,Wizard's Guild,
Hut,Hut,
Tower,Tower,
Large Tree,Large Tree,
Obelisk,Obelisk,
Review Board,Review Board,
The Adventurer's Guild,The Adventurer's Guild,
Garth's Shoppe,Garth's Shoppe,
The Review Board,The Review Board,
Roscoe's Energy Emporium,Roscoe's Energy Emporium,
Bank,Bank,
Casino,Casino,
An Iron Gate,An Iron Gate,
An empty hut,An empty hut,
An unexplored hut,An unexplored hut,
An empty house,An empty house,
An unexplored house,An unexplored house,
AUTOMAP_APPORT_TO_WHICH_TOWN,Which town will you Apport Arcane to?,
AUTOMAP_WHO_CAST_SPELL,Who will cast {0}?,
AUTOMAP_SCRY_SIGHT_HINT,A caster in your party will cast Scry Sight to reveal your location on the map.,
AUTOMAP_APPORT_ARCANE_HINT,A caster in your party will cast Apport Arcane to teleport to anywhere on any level of the current dungeon. Does not work in cities and you cannot teleport between different dungeons.,
AUTOMAP_CHANGE_TO_NEXT_CITY,Change to next city or dungeon map.,
AUTOMAP_CHANGE_TO_PREVIOUS_CITY,Change to previous city or dungeon map.,
AUTOMAP_GO_UP_LEVEL,Go up one level in current dungeon.,
AUTOMAP_GO_DOWN_LEVEL,Go down one level in current dungeon.,
North,North,
East,East,
Up,Up,
N,N,
E,E,
Up2,Up,
Stairs going up,Stairs going up,
Stairs going down,Stairs going down,
A portal going up,A portal going up,
A portal going down,A portal going down,
We encountered a trap here!,We encountered a trap here!,
A magical spinner!,A magical spinner!,
Smoke in our eyes!,Smoke in our eyes!,
Magic chains!,Magic chains!,
Ignitable gas!,Ignitable gas!,
A feeling of malevolence!,A feeling of malevolence!,
An aura of anti-magic!,An aura of anti-magic!,
Something draining our health!,Something draining our health!,
Our music was silenced!,Our music was silenced!,
Our spellpoints slowly regenerated!,Our spell points slowly regenerated!,
Our health slowly regenerated!,Our health slowly regenerated!,
Monsters lurk here!,Monsters lurk here!,
TELEPORT_TO_N_E,"Teleported to N {0}, E {1}",
TELEPORT_TO_MAP_N_E,"Teleported to {0}, N {1}, E {2}",
LOST_BEARINGS,We lost our bearings here. We should use Scry Site next time it happens.,
CHAR_HAS_LOST_VOICE,{0} has lost their voice!,
CHAR_PLAYS_SONG_BUT_IS_PREVENTED,"{0} tries to play a song, but is prevented by a mysterious aura!",
CHAR_PLAYS_SONG,{0} plays {1}.,
CHAR_PLAYS,{0} plays,
CHAR_HAS_NO_INST_EQUIPPED,{0} has no instrument equipped.,
SONG_FalkentynesFury,Falkentyne's Fury,
SONG_FalkentynesFury_DESC,"This tune increases the damage your party will do in combat, by driving them into a berserker rage.",
SONG_SeekersBallad,Seeker's Ballad,
SONG_SeekersBallad_DESC,"This song will produce light when exploring, and during combat it will increase the party's chance of hitting a foe with a weapon.",
SONG_WaylandsWatch,Wayland's Watch,
SONG_WaylandsWatch_DESC,"This song will soothe your savage foes, making them do less damage in combat.",
SONG_BadhrKilnfest,Badh'r Kilnfest,
SONG_BadhrKilnfest_DESC,"This is an ancient Elven melody, which will heal the Bard's wounds during travelling, and heal the party's wounds during combat.",
SONG_TravellersTune,Traveller's Tune,
SONG_TravellersTune_DESC,"This melody makes the members of your party more dexterous and agile, and thus more difficult to hit.",
SONG_Lucklaran,Lucklaran,
SONG_Lucklaran_DESC,"This song sets up a partial ""anti-magic"" field, which gives party members some increased protection against spell casting.",
SONG_ArchersTune,Archer's Tune,
SONG_ArchersTune_DESC,"Doubles the party's missile damage, and cuts the missile damage inflicted by a foe in half. Missile weapons are those weapons that are thrown or shot such as arrows, spears, and axes.",
SONG_SpellSong,Spell Song,
SONG_SpellSong_DESC,Spells do increased damage to monsters in close range and reduces the damage done by enemy spells.,
SONG_SpellSong_DESC_BT2,Bonus to saving roll. This means the party is less likely to be damaged by magic and traps.,
SONG_SanctuaryScore,Sanctuary Score,
SONG_SanctuaryScore_DESC_BT2,Lowers the Armor Class for all party members.,
SONG_MeleeMarch,Melee March,
SONG_MeleeMarch_DESC,"Increases the effectiveness of your party's melee combat, reducing damage taken and also increases the damage points inflicted on enemies.",
SONG_ZanduvarCarack,Zanduvar Carack,
SONG_ZanduvarCarack_DESC,"Protection from traps when played under normal conditions, but heals during combat.",
SONG_RhymeOfDuotime,Rhyme of Duotime,
SONG_RhymeOfDuotime_DESC,"Regenerates spell points at twice the normal speed when played under normal conditions, and provides extra attacks during combat.",
SONG_WatchwoodMelody,Watchwood Melody,
SONG_WatchwoodMelody_DESC,"Creates light. May work even in anti-magic zones. The party will be resistant to disorientation, allowing them to automap when they have been teleported, and spinners won't affect them when they are turning.",
SONG_WatchwoodMelody_DESC_BT2,Creates light. May work even in anti-magic zones.,
SONG_SirRobinsTune,Sir Robin's Tune,
SONG_SirRobinsTune_DESC,"This lets you run away from attackers as long as the combat has not yet begun. During combat, this keeps the monsters from calling for additional help.",
SONG_SafetySong,Safety Song,
SONG_SafetySong_DESC,"Sets up an anti-monster aura, so foes won't randomly attack you.",
SONG_BringaroundBallad,Bringaround Ballad,
SONG_BringaroundBallad_DESC,"In non-combat situations, this rejuvenates the Bard's hit points. During combat, this song will affect everyone in your party, including the Bard.",
SONG_KielsOverture,Kiel's Overture,
SONG_KielsOverture_DESC,"In non-combat situations, this calls up a compass so you can get your bearings. During combat, this casts the monster-frying Trebuchet spell for one round.",
SONG_MinstrelShield,Minstrel Shield,
SONG_MinstrelShield_DESC,"In non-combat situations, this lowers your armor class. During combat, it also partially shields your party so they only take half damage from monster attacks.",
CHAR_TAKES_POISON_DAMAGE,{0} takes some poison damage,
Faster,Faster...,
Slower,Slower...,
CHAR_ATTACKS_MISS,"{0} attacks {1}, but misses.",
CHAR_ATTACK_FROM_SHADOWS_CHAR_AND_HITS,"{0} leaps out of the shadows and attacks {1}, critically hitting for {2} points of damage.",
CHAR_ATTACKS_CHAR_AND_HITS,"{0} attacks {1}, and hits for {2} points of damage.",
CHAR_ATTACKS_CHAR_AND_HITS_MULTIPLE_TIMES,"{0} attacks {1}, and hits {2} times for {3} points of damage.",
CHAR_RECOVER_FROM_STUN,{0} recovers from being stunned...,
JOIN_WANDERING_CREATURE,A wandering creature offers to join your party. You can:,
JOIN_ALLOW,Allow it to join,
JOIN_FIGHT,Fight it,
JOIN_LEAVE,Leave it in peace,
MONSTER_JOIN_PARTY,{0} joined our party.,
NO_SPACE_FOR_MONSTER,"You have no space in your party for another monster. Next time, you are at the Adventurer's Guild you should leave a slot free for monsters to join.",
MONSTER_TRIED_TO_JOIN_BUT_WAS_FOUGHT,"{0} joined tried to join our party, but we fought it instead.",
MONSTER_TRIED_TO_JOIN_BUT_WERE_DECLINED,"{0} tried to join our party, but we declined and left it in peace.",
DISSENTION_IN_RANKS,There is dissention in your ranks...,
NO_MORE_HOSTILES_IN_THE_PARTY,There are no more hostiles in your party. Do you wish to continue?,
YOU_STILL_FACE,You still face,
Advance ahead,Advance ahead,
Fight bravely,Fight bravely,
Run away,Run away,
CHAR_STUNNED_MISS_TURN,{0} is stunned and will miss this turn.,
CHAR_HAS_BATTLE_OPTIONS,{0} has these options this battle round:\n,
ATTACK_FOES_RANGE,Attack foes up to {0}',
Attack from shadows,Attack from shadows,
Attack foes,Attack foes,
Cast a spell,Cast a spell,
Bard song,Bard song,
Use an item,Use an item,
Use an equipped item,Use an equipped item,
Ranged attack,Ranged attack,
Hide in the shadows,Hide in the shadows,
Party attack,Party attack,
KICK_DEAD_MONSTERS,Kick dead monsters from the party!,
EQUIP_OR_UNEQUIP,Equip or Unequip a single item,
USE_ATTACK_COMMANDS,Use these attack commands?,
CMD_CHAR_ADVANCES,{0} advances.,
PARTY_ADVANCES,The party advances!,
CMD_CHAR_ATTACKS_CHAR,{0} attacks {1}.,
CMD_CHAR_IS_STUNNED,{0} is stunned.,
CMD_CHAR_PLAYS_SONG,{0} plays {1},
CMD_CHAR_DEFENDS,{0} defends.,
CMD_CHAR_HIDES_IN_SHADOWS,{0} hides in the shadows.,
CMD_CHAR_KICKS_DEAD_MONSTERS,{0} kicks dead monsters.,
CHAR_UNEQUIPS_CHAR,{0} unequips {1},
CHAR_EQUIPS_CHAR,{0} equips {1},
ATTACK_MEMBER_OF_PARTY,Attack member of your party:,
CHAR_ATTACKS,{0} attacks:,
PARTY_DISBELIEVES_MONSTER,Your party disbelieves {0},
INVENTORY_IS_EMPTY,Inventory is empty. ESCAPE to go back...,
CHAR_CHANGE_EQUIPPED_ITEM,{0} change an equipped item:,
CHAR_REMAINS_HIDDEN,{0} remains hidden...,
CHAR_REMAINS_HIDDEN_AND_ADVANCES,{0} remains hidden and advances...,
CHAR_IS_DISCOVERED,{0} is discovered while hiding in the shadows!,
CHAR_JUMPS_IN_SHADOWS,{0} successfully jumps into the shadows...,
CHAR_JUMPS_IN_SHADOWS_FAILS,"{0} attempts to hide in the shadows, but is discovered!",
CHAR_CANNOT_KICK_CHAR_FROM_PARTY_QUEST_ITEMS,{0} cannot kick {1} from the party because of important quest items in their inventory!,
CHAR_KICKS_CHAR_FROM_PARTY,{0} kicks {1} from the party!,
CHAR_USE_ITEM_BUT_SAVE_LAST_ARROW,{0} tries to use {1} but decides to save the last arrow for the old man in Skara Brae...,
CHAR_USE_ITEM_BUT_EMPTY,{0} tries to use {1} but it is empty,
the party,the party,
COMBAT_START_0,"Before you, you see",
COMBAT_START_1,The sudden scream of battle brings your party to a halt. You face,
COMBAT_START_2,The denizens of this mystic place assault you without warning. You see,
COMBAT_START_3,"You face death itself, in the form of",
COMBAT_START_4,"""Give me blood!"" you scream, as you face",
COMBAT_START_5,"Your foes seem endless, their tales unknown. You face",
COMBAT_START_6,"""Death and drek!"" you curse, as you see",
COMBAT_START_7,Snarls of defiance are heard from,
COMBAT_START_8,"""Will there ever be an end to them?"" you shout. You see",
COMBAT_START_9,"""Enjoy your next life!"" you snarl. You see",
COMBAT_START_10,Your battlecry is heard by all as you face,
COMBAT_START_11,"Your onslaught is greeted with laughter, you face",
COMBAT_START_12,"""Not again!"" you moan as you face",
COMBAT_START_13,"""Gimme a break! Where do they come from?"" You see",
SPELLFILTER_All_Heading,All,
SPELLFILTER_Exploration_Heading,Exploration,
SPELLFILTER_Healing_Heading,Healing,
SPELLFILTER_Buffs_Heading,Buffs,
SPELLFILTER_SingleTarget_Heading,Single Target,
SPELLFILTER_MultipleTargets_Heading,Multiple Targets,
SPELLFILTER_Curses_Heading,Curses,
SPELLFILTER_Summoning_Heading,Summoning,
SPELLFILTER_All,<color=#ffff80>All</color>\nShow all the spells that this caster currently knows. Filter them further by typing keywords below.,
SPELLFILTER_Exploration,"<color=#ffff80>Exploration</color>\nSpells that help the party during their travels, such as creating light, detecting the unseen, aid in movement or disarm traps.",
SPELLFILTER_Healing,"<color=#ffff80>Healing</color>\nSpells that replenish hit points, cure status conditions, remove curses or resurrect the party members.",
SPELLFILTER_Buffs,"<color=#ffff80>Buffs</color>\nSpells that increase the strength, armor or general battle skills of individuals or the entire the party.",
SPELLFILTER_SingleTarget,<color=#ffff80>Single Target</color>\nSpells that do direct damage to a single enemy.,
SPELLFILTER_MultipleTargets,<color=#ffff80>Multiple Targets</color>\nSpells that do damage to one or more groups of enemies.,
SPELLFILTER_Curses,"<color=#ffff80>Curses</color>\nSpells that reduce the combat effectiveness of enemies, or inflict negative status conditions on the enemies such as poison.",
SPELLFILTER_Summoning,<color=#ffff80>Summoning</color>\nSpells that summon monsters or allies to join your party.,
DRINK_LESS_THIRSTY,{0} drinks and feels less thirsty.,
DRINK_CHAR_IS_READY_TO_SING,{0} drinks and feels (hic) happier and ready to sing!,
DRINK_CHAR_IS_HAPPIER,{0} drinks and feels (hic) happier.,
DRINK_CHAR_IS_REFRESHED,{0} drinks and feels refreshed.,
DRINK_CHAR_IS_TERRIBLE,{0} drinks and feels terrible!,
DRINK_CHAR_IS_DRUNK,{0} is drunk as a skunk!,
SCRYSITE_FACE_X_IN_CITY,You face {0} and are in {1}.,
SCRYSITE_LEVEL_A_FACE_N_AT_COORDS_Z_X,"You are on level {0}, facing {1} and are at coordinates {2}, {3}",
South,South,
West,West,
YOUR_MONSTER_IS_DISBELIEVED,Your {0} is disbelieved!,
CHAR_IS_REVEALED_TO_BE_CREATURE,{0} is revealed to be a {1},
CHAR_JUMPS_INTO_THE_PARTY,{0} jumps into the party!,
CHAR_CASTS_SPELL_AND_PUSHES_EVERYONE,{0} casts {1} and pushes everyone away!,
CHAR_USES_ITEM,{0} uses {1},
CHAR_USES_ITEM_ON_GROUP,{0} uses {1} on {2}.,
CHAR_BREATHES_ON_GROUP,{0} breathes on {1}.,
CHAR_FIRES_AT_GROUP,{0} fires at {1}.,
CHAR_BREATHES_ON_PARTY,{0} breathes on the party.,
CHAR_CASTS,{0} casts:,
CHAR_CASTS_SPELL,{0} casts {1},
CHAR_CASTS_SPELL_ON_CHAR,{0} casts {1} on {2},
CHAR_CASTS_SPELL_ON_PARTY,{0} casts {1} on the party.,
CHAR_CASTS_UNKNOWN_SPELL,{0} casts a spell.,
CHAR_CASTS_UNKNOWN_SPELL_ON_CHAR,{0} casts a spell on {1}.,
CHAR_CASTS_UNKNOWN_SPELL_ON_PARTY,{0} casts a spell on the party.,
CHAR_HIT_FOR_DAMAGE,{0} is hit for {1} damage.,
EARTH_SWALLOWS_GROUP,The earth swallows them up.,
CHAR_USES_DORK_RING,{0} tries to use the Dork Ring. It does absolutely nothing of use to anyone.,
CHAR_USES_ITEM_MANA_RESTORED,{0} uses the {1} and has their mana restored.,
PARTY_IS_HEALED_ILLUSIONS_FLESH,"The party is healed, and illusions are turned to flesh!",
PARTY_IS_SHIELDED_AND_STRENGTHENED,The party is shielded and strengthened!,
CHAR_CASTS_SPELL_BUT_DUNGEON_PROTECTED,"{0} tries to cast {1}, but the dungeon level appears to be magically protected!",
CHAR_TRIES_TO_CAST_SPELL_BUT_FIZZLES,"{0} tries to cast {1}, but it fizzles!",
CHAR_TAKES_DAMAGE,{0} takes {1} damage.,
CHAR_KILLED,Killed!,
CHAR_POISONED,Poisoned!,
CHAR_PETRIFIED,Petrified!,
CHAR_INSANE,Insane!,
CHAR_POSSESSED,Possessed!,
CHAR_WITHERED,Withered!,
CHAR_DRAINED,Drained of experience!,
CHAR_SPELL_DRAINED,Drained of spell points!,
CHAR_UNEQUIPPED,Items have been unequipped!,
CHAR_CRITICALLY_HIT,{0} is critically hit and killed!,
CHAR_CALMED,{0} is calmed!,
GROUP_PULLED_CLOSER,{0} is pulled closer.,
GROUP_PUSHED_AWAY,{0} is pushed away.,
CHAR_RESISTS_SPELL,{0} resists.,
EVERYONE_RESISTS,Everyone resists it.,
SPELL_RESISTED,The spell is resisted.,
SPELL_FIZZLES,The spell fails.,
CHAR_BLOCKS_ATTACK,{0} blocks the attack.,
CHAR_IS_OUT_OF_RANGE,{0} is out of range.,
CHAR_DODGES_THE_ATTACK,{0} dodges the attack.,
SPELL_HITS,{0} is hit for {1} damage.,
SPELL_HITS_AND_KILLS,{0} is hit for {1} damage and is killed.,
SPELL_OUT_OF_RANGE,The spell doesn't reach.,
CHAR_PLAYS_OVERTURE_AT_GROUP,{0} plays Kiel's Overture at {1}...,
SUMMONED,Summoned:,
CHAR_IS_REVEALED_TO_BE_CHAR,{0} is revealed to be a {1},
CHAR_SUMMON_BLACK_SLAYERS_BLOCKED,{0} tries to summon some Black Slayers but summoning has been blocked!,
CHAR_SUMMONS_MINIONS,{0} summons some minions...,
SUMMON_ONE_IS_BLOCKED,... one is blocked by magic!,
BLACK_SLAYER_ARRIVES,... a Black Slayer arrives!,
SUMMON_NO_MORE_SPACE,... there is no more space!,
CHAR_CALLS_FOR_HELP_NOTHING_HAPPENS,{0} calls for help but nothing happens!,
CHAR_CALLS_FOR_HELP_ANOTHER_ARRIVES,{0} calls for help and another arrives!,
SPELL_AirArmor,Air Armor,
SPELL_AirArmor_DESC,"This spell will make the air around the spell caster bind itself into a weightless suit of ""armor"".",
SPELL_AnimatedSword,Aker's Animated Sword,
SPELL_AnimatedSword_DESC,A magical sword will appear and fight like a summoned monster in defense of the party.,
SPELL_AnimateDead,Animate Dead,
SPELL_AnimateDead_DESC,"Gives a dead character undead strength, making them attack your enemies as though they were truly alive.",
SPELL_AntiMagic,Anti-Magic,
SPELL_AntiMagic_DESC,"Causes the ground to absorb a portion of the magical energies cast at the party, frequently allowing the members to escape all damage. Also aids in disbelieving illusions and in turning back magical fire, like a dragon's breath.",
SPELL_TeleportArbo,Apport Arboria,
SPELL_TeleportArbo_DESC,Teleport the party from the Wilderness to Arboria. Must be cast at the Twilight Copse.,
SPELL_ApportArcane,Apport Arcane,
SPELL_ApportArcane_DESC,"Allows the party to teleport anywhere within a dungeon, except for places protected by teleportation shields.",
SPELL_TeleportGeli,Apport Gelidia,
SPELL_TeleportGeli_DESC,Teleport the party from the Wilderness to Gelidia. Must be cast at the Cold Peak.,
SPELL_TeleportKine,Apport Kinestia,
SPELL_TeleportKine_DESC,Teleport to Kinestia from the Wilderness. Must be cast at the Dwarven Mines.,
SPELL_TeleportLuce,Apport Lucencia,
SPELL_TeleportLuce_DESC,Teleport to Lucencia from the Wilderness. Must be cast at Crystal Springs.,
SPELL_TeleportEvil,Apport Malefia,
SPELL_TeleportEvil_DESC,Teleport to Malefia from the Wilderness. Must be cast at Sulphur Springs.,
SPELL_TeleportAece,Apport Tarmitia,
SPELL_TeleportAece_DESC,Teleport the party from the Wilderness to Tarmitia. Must be cast at the Vale of Warriors.,
SPELL_TeleportOluk,Apport Tenebrosia,
SPELL_TeleportOluk_DESC,Return to the Wilderness to Tenebrosia. Must be cast at Shadow Rock.,
SPELL_ArcFire,Arc Fire,
SPELL_ArcFire_DESC,"A fan of blue flames will shoot from the caster's fingers, doing {0}-{1} points of damage to a select opponent, times caster's level.",
SPELL_Magestar,Arcyne's Magestar,
SPELL_Magestar_DESC,"A bright flare will ignite in front of a group of your enemies, temporarily blinding them and causing them to miss the next combat round.",
SPELL_AreaEnchant,Area Enchant,
SPELL_AreaEnchant_DESC,"This spell will cause the dungeon walls within 30 feet of a stairway to call out, if the party is travelling toward it.",
SPELL_Ranged00Arrow,Arrows0,
SPELL_Ranged00Arrow_DESC,Fires some arrows,
SPELL_Batchspell,Batchspell,
SPELL_Batchspell_DESC,"Performs the following multiple spells: GREATER REVELATION, YBARRA'S MYSTICAL COAT OF ARMOR, SORCERER SIGHT, MAJOR LEVITATION, and KIEL'S MAGIC COMPASS.",
SPELL_Battleskill,Battleskill,
SPELL_Battleskill_DESC,"This spell increases one of your party member's skill with weapons, increasing the accuracy and ferocity of their attacks.",
SPELL_SpellBind,Baylor's Spell Bind,
SPELL_SpellBind_DESC,"This spell if successful possesses the mind of an enemy, forcing them to join your party and fight in its defense.",
SPELL_BeyondDeath,Beyond Death,
SPELL_BeyondDeath_DESC,This spell will restore life and one hit point to a character.,
SPELL_Camaraderie,Camaraderie,
SPELL_Camaraderie_DESC,Has a 50% chance of calming any or all monsters in your party that have turned hostile.,
SPELL_CatEyes,Cat Eyes,
SPELL_CatEyes_DESC,"The members of the mage's party will all receive perfect night-vision, which will last indefinitely. Your keen sight will also allow you to identify secret doors.",
SPELL_CurseWithFear,Curse,
SPELL_CurseWithFear_DESC,"Causes a group of your enemies to fear you greatly, lessening their morale and their ability to hit and damage you.",
SPELL_DeathStrike,Death Strike,
SPELL_DeathStrike_DESC,"This incantation is very likely to instantly kill one selected enemy, big or small.",
SPELL_DemonBane,Demon Bane,
SPELL_DemonBane_DESC,This spell will do {0}-{1} points of damage to a single demon. The power to summon is the power to destroy.,
SPELL_DemonStrike,Demon Strike,
SPELL_DemonStrike_DESC,"This spell works like Demon Bane, but it will affect an entire group of demons.",
SPELL_Disbelieve,Disbelieve,
SPELL_Disbelieve_DESC,"This spell will reveal the true nature of any illusion attacking the party, causing it to instantly vanish.",
SPELL_Dispossess,Dispossess,
SPELL_Dispossess_DESC,This spell will make any possessed party member return to their normal state.,
SPELL_DisruptIllusion,Disrupt Illusion,
SPELL_DisruptIllusion_DESC,"This spell will destroy any illusion fighting the party, and any new illusions created later in the combat. It will also point out any doppelgangers in the party.",
SPELL_DivineIntervention,Divine Intervention,
SPELL_DivineIntervention_DESC,"This powerful spell earns its name by doing the following: 1) Turns illusionary characters into real characters; 2) Cures characters of all illnesses but age; and 3) Restores all hit points to the party. If you're in combat, it also does the following: 1) Lowers your armor class, saving throw, to hit, and damage by 20 points; 2) Increases your attack by eight points; and 3) Casts Mangar's Mallet.",
SPELL_DragonBreath,Dragon Breath,
SPELL_DragonBreath_DESC,"Allows the mage to breathe fire at a group of foes, doing {0}-{1} points of damage to each.",
SPELL_DreamSpell,DreamSpell,
SPELL_DreamSpell_DESC,"This powerful spell earns its name by doing the following: 1) Turns illusionary characters into real characters; 2) Cures characters of all illnesses but age; and 3) Restores all hit points to the party. If you're in combat, it also does the following: 1) Lowers your armor class, saving throw, to hit, and damage by 20 points; 2) Increases your attack by eight points; and 3) Casts Mangar's Mallet. When used out of combat, the Dreamspell can be used to escape the current dungeon.",
SPELL_EarthDagger,Earth Dagger,
SPELL_EarthDagger_DESC,Cuts down the enemy with holy daggers for 200 to 800 points of damage.,
SPELL_EarthElemental,Earth Elemental,
SPELL_EarthElemental_DESC,"Summons an Earth Elemental, which is a creature created from the raw elements of the earth.",
SPELL_EarthMaw,Earth Maw,
SPELL_EarthMaw_DESC,"Commands the ground beneath the enemy's feet to open wide and drop the foes in, so they're never seen again.",
SPELL_EarthSong,Earth Song,
SPELL_EarthSong_DESC,Reveals all booby-trapped areas that can injure the party.,
SPELL_EarthWard,Earth Ward,
SPELL_EarthWard_DESC,Casts the Trap Zap spell on the entire level.,
SPELL_InstantOgre,Elik's Instant Ogre,
SPELL_InstantOgre_DESC,This incantation will cause a real ogre to appear and join the party.,
SPELL_InstantSlayer,Elik's Instant Slayer,
SPELL_InstantSlayer_DESC,Materializes a slayer who joins your party. What's a slayer? The name speaks for itself...,
SPELL_InstantWolf,Elik's Instant Wolf,
SPELL_InstantWolf_DESC,"With this spell the caster can make a real wolf appear and join the party, fighting in its defense.",
SPELL_ForceFocus,Fanskar's Force Focus,
SPELL_ForceFocus_DESC,"Lands a cone of gravitational energy on a group of your foes, inflicting {0}-{1} points of damage.",
SPELL_NightLance,Fanskar's Night Lance,
SPELL_NightLance_DESC,"Launches a chilling ice missile against a group of foes, inflicting 100-400 damage points.",
SPELL_FarDeath,Far Death,
SPELL_FarDeath_DESC,A long-range spell that drops a distant foe dead in its tracks.,
SPELL_FarFoe,Far Foe,
SPELL_FarFoe_DESC,"Pushes a group of foes 40 feet further away from your party, up to a total distance of 90 feet.",
SPELL_FatalFist,Fatal Fist,
SPELL_FatalFist_DESC,Crushes the enemy under an unearthly gravitational force for 400-1500 points of damage.,
SPELL_FlameColumn,Flame Column,
SPELL_FlameColumn_DESC,Creates a cyclone of flame that lashes out and delivers {0}-{1} points of damage to a group of your foes.,
SPELL_FleshAnew,Flesh Anew,
SPELL_FleshAnew_DESC,"This spell behaves like the ""Flesh Restore"" spell, except that it will affect every member of the party.",
SPELL_FleshRestore,Flesh Restore,
SPELL_FleshRestore_DESC,This powerful healing spell will restore {0}-{1} hit points to a party member and cure poisoning and insanity.,
SPELL_ForceOfTarjan,Force Of Tarjan,
SPELL_ForceOfTarjan_DESC,Casts Witherfist and Sandstorm for a double offensive punch.,
SPELL_FreezeFoes,Freeze Foes,
SPELL_FreezeFoes_DESC,"This spell binds your enemies with a magical force, slowing their movements and making them easier to hit.",
SPELL_FrostForce,Frost Force,
SPELL_FrostForce_DESC,Blasts the enemy with a deadly frost for 50 to 400 points of damage.,
SPELL_GateWraith,Gate,
SPELL_GateWraith_DESC,Bids a shadowy wraith to unwillingly join your party.,
SPELL_GiantStrength,Giant Strength,
SPELL_GiantStrength_DESC,"Instills tremendous power in your party, increasing their strike ability by 10.",
SPELL_GillesGills,Gilles Gills,
SPELL_GillesGills_DESC,This survival spell lets your party breathe under water. It is cumulative in effect; casting it more than once will extend the amount of time you can spend underwater.,
SPELL_GlacierStrike,Glacier Strike,
SPELL_GlacierStrike_DESC,"Impales the enemy with an icy stalagmite, causing 400 to 1600 points of damage.",
SPELL_GodFire,God Fire,
SPELL_GodFire_DESC,A holy spell where blazing red fires are sent from the angry gods to roast the enemy for 60 to 240 damage points.,
SPELL_Gotterdamurung,Götterdämmerung,
SPELL_Gotterdamurung_DESC,"The finest in offensive obliteration, this spell annihilates the opponent for around 2000 damage points.",
SPELL_GraveRobber,Grave Robber,
SPELL_GraveRobber_DESC,Casts Beyond Death and Regeneration for a life-giving combination of spells.,
SPELL_GreaterRevelation,Greater Revelation,
SPELL_GreaterRevelation_DESC,"Like a ""Lesser Revelation"" spell, only it illuminates a wider area.",
SPELL_GreaterSummon,Greater Summoning,
SPELL_GreaterSummon_DESC,This spell will gate a greater demon into our universe and bind him to the party.,
SPELL_HealAll,Heal All,
SPELL_HealAll_DESC,"A Beyond Death spell that resurrects every dead party member (except those turned to stone), and heals all wounds, paralysis, and insanity.""",
SPELL_HolyWater,Holy Water,
SPELL_HolyWater_DESC,"A spray of water will emanate from the mage's fingers, doing 6-24 points of damage to any undead foe (e.g. skeleton, zombie, vampire).",
SPELL_HypnoticImage,Hypnotic Image,
SPELL_HypnoticImage_DESC,"If successfully cast, this spell will make a group of your enemies miss the next combat round.",
SPELL_IceStorm,Ice Storm,
SPELL_IceStorm_DESC,"Pummels a group of monsters with chunks of ice, causing 20-80 points of damage.",
SPELL_Identify,Identify,
SPELL_Identify_DESC,Cast this spell on something to find out just what the heck it is.,
SPELL_JoltBolt,Jolt Bolt,
SPELL_JoltBolt_DESC,"Wrenches the earth below the enemy, smashing them to the ground and gives them a jolting electrical shock to cause 400-1600 points of damage.",
SPELL_KielsCompass,Kiel's Magic Compass,
SPELL_KielsCompass_DESC,"A Compass of shimmering magelight appears above the party, telling the direction they face.",
SPELL_Invisibility,Kylearan's Invisibility Spell,
SPELL_Invisibility_DESC,This invocation will perform a Vanishing Spell on the entire party.,
SPELL_VanishingSpell,Kylearan's Vanishing Spell,
SPELL_VanishingSpell_DESC,"The mage casting this spell will turn nearly invisible in the eyes of their enemies, who will have great difficulty in striking them.",
SPELL_LesserRevelation,Lesser Revelation,
SPELL_LesserRevelation_DESC,"This is an extended ""Mage Flame"" spell which also reveals secret doors.",
SPELL_LesserSummon,Lesser Summoning,
SPELL_LesserSummon_DESC,"This spell will gate into our universe a lower power elemental or demon, who will (under protest) join the party.",
SPELL_Levitation,Levitation,
SPELL_Levitation_DESC,"Partially negates the effect of gravity on the party, giving a 75% chance to avoid traps and allowing them to travel up through portals.",
SPELL_LocateTraps,Locate Traps,
SPELL_LocateTraps_DESC,"In a state of magically-heightened awareness, the spell caster will be able to sense a trap within 30 feet, if they face it.",
SPELL_LuckChant,Luck Chant,
SPELL_LuckChant_DESC,Increases your chances of hitting or defending by eight points.,
SPELL_MageFlame,Mage Flame,
SPELL_MageFlame_DESC,"A small, mobile ""torch"" will appear, and float above the caster as they travel.",
SPELL_MageGauntlets,Mage Gauntlets,
SPELL_MageGauntlets_DESC,"Makes a party member's hands (or weapon) more deadly, adding 4-16 points of damage to every wound they inflict.",
SPELL_MageMaelstrom,Mage Maelstrom,
SPELL_MageMaelstrom_DESC,"Assaults a group of opposing spellcasters and may do one of the following: inflict {0}-{1} points of damage, turn them to stone, or kill them outright. However, because the maelstrom is illusionary in nature, a disbelieving enemy can totally nullify it.",
SPELL_MagmaBlast,Magma Blast,
SPELL_MagmaBlast_DESC,"Burns a group of foes with a blast of hot, fiery magma for 300-1200 points of damage.",
SPELL_MajorLevitation,Major Levitation,
SPELL_MajorLevitation_DESC,"This will make the party levitate, as does the level 3 spell, but its effects will last until dispelled.",
SPELL_MangarsMallet,Mangar's Mallet,
SPELL_MangarsMallet_DESC,Inflicts 200-800 bone-crushing damage points against every monster group you face.,
SPELL_MindBlade,Mangar's Mind Blade,
SPELL_MindBlade_DESC,A sharp explosion of psychic energy that inflicts {0}-{1} points of damage to each and every enemy you face.,
SPELL_MindFist,Mangar's Mind Fist,
SPELL_MindFist_DESC,"A higher power ""Mind Jab"", does 3-12 points of damage to one foe, times the experience level of the mage.",
SPELL_MindJab,Mangar's Mind Jab,
SPELL_MindJab_DESC,The mage casts a concentrated blast of psychic energy at one opponent doing 2-8 points of damage for each experience level of the mage.,
SPELL_MeleeMen,Melee Men,
SPELL_MeleeMen_DESC,Pull an attacking group into melee range (10') regardless of how far they were when they began attacking.,
SPELL_MindWarp,Mind Warp,
SPELL_MindWarp_DESC,This spell will make a member of your party go totally insane. Useful for possessions.,
SPELL_MithrilMight,Mithril Might,
SPELL_MithrilMight_DESC,Increases the armor protection of each party member by enhancing their armor's natural strength by magic.,
SPELL_Haltfoe,Oscon's Haltfoe,
SPELL_Haltfoe_DESC,"If successful, this spell causes every attacking group to do nothing during the next round.",
SPELL_OgreStrength,Oscon's Ogre Strength,
SPELL_OgreStrength_DESC,Allows a member of your party to damage monsters as if they were as incredibly strong as an ogre.,
SPELL_Pathfinder,Pathfinder,
SPELL_Pathfinder_DESC,"An instant map, this shows the entire maze that the party's in.",
SPELL_Petrify,Petrify,
SPELL_Petrify_DESC,Turns an enemy up to 60 feet away into the hardest stone.,
SPELL_PhaseBlur,Phase Blur,
SPELL_PhaseBlur_DESC,"The entire party will seem to waver and blur in the sight of the monsters, making the party very difficult to strike.",
SPELL_PhaseDoor,Phase Door,
SPELL_PhaseDoor_DESC,"This incantation will alter the structure of almost any wall directly in front of the party, turning it to air for exactly 1 move.",
SPELL_PoisonStrike,Poison Strike,
SPELL_PoisonStrike_DESC,"This spell hurls porcupine-sharp needles from the mages finger into a selected monster, poisoning it.",
SPELL_Preclusion,Preclusion,
SPELL_Preclusion_DESC,Keeps the enemy from being able to summon any creatures.,
SPELL_Preclusion_DESC_LEGACY,Has a 80% chance of preventing enemies from summoning creatures.,
SPELL_PrimeSummoning,Prime Summoning,
SPELL_PrimeSummoning_DESC,"This spell gates in a medium level elemental or demon, to fight with the party.",
SPELL_QuickFix,Quick Fix,
SPELL_QuickFix_DESC,"Regenerates 8 hit points for a character, up to the character's maximum hit point level.",
SPELL_TeleportObra,Reditus Arboria,
SPELL_TeleportObra_DESC,Return to the Wilderness from Arboria.,
SPELL_TeleportIleg,Reditus Gelidia,
SPELL_TeleportIleg_DESC,Return from Gelidia to the Wilderness.,
SPELL_TeleportEnik,Reditus Kinestia,
SPELL_TeleportEnik_DESC,Return from Kinestia to the Wilderness.,
SPELL_TeleportEcul,Reditus Lucencia,
SPELL_TeleportEcul_DESC,Return the party from Lucencia to the Wilderness.,
SPELL_TeleportLive,Reditus Malefia,
SPELL_TeleportLive_DESC,Return from Malefia to the Wilderness.,
SPELL_TeleportEcea,Reditus Tarmitia,
SPELL_TeleportEcea_DESC,Return the party from Tarmitia to the Wilderness.,
SPELL_TeleportKulo,Reditus Tenebrosia,
SPELL_TeleportKulo_DESC,Return to the Wilderness from Tenebrosia.,
SPELL_Regeneration,Regeneration,
SPELL_Regeneration_DESC,A health spell that revives all the hit points for one lucky member of the party.,
SPELL_RepelDead,Repel Dead,
SPELL_RepelDead_DESC,This spell will do 16-80 points of damage to a group of undead creatures.,
SPELL_Restoration,Restoration,
SPELL_Restoration_DESC,Makes all wounds disappear as your entire party is reforged into unflawed bodies. Also cures poisoning and insanity.,
SPELL_Rimefang,Rimefang,
SPELL_Rimefang_DESC,"Rakes enemies with shards of ice, inflicting 50 to 200 points of damage.",
SPELL_RoscoesAlert,Roscoe's Alert,
SPELL_RoscoesAlert_DESC,Reveals to the party where the anti-magic areas are.,
SPELL_Steelight,Sabhar's Steelight Spell,
SPELL_Steelight_DESC,"Causes all metal near the party to glow with magical light, illuminating the surrounding area.",
SPELL_Stonelight,Sabhar's Stonelight Spell,
SPELL_Stonelight_DESC,"Makes all stone and earth within range of the party glow with magical light, revealing even secret doors.",
SPELL_SafetySpell,Safety Spell,
SPELL_SafetySpell_DESC,"Teleports your entire party to the Adventurers' Guild, minus all gold. Use this spell only in dire emergencies.",
SPELL_Sanctuary,Sanctuary,
SPELL_Sanctuary_DESC,"Shows all mage regeneration squares, so your spellcasters can be refreshed.",
SPELL_Sandstorm,Sandstorm,
SPELL_Sandstorm_DESC,"With a violent swirl of sand, all foes are whipped back 60 feet.",
SPELL_ScrySight,Scry Site,
SPELL_ScrySight_DESC,"The walls themselves will speak, under direction of this spell, revealing to the spell caster their location in the labyrinth. This spell works even in areas resistant to magic.",
SPELL_SecondSight,Second Sight,
SPELL_SecondSight_DESC,"The mage will experience heightened awareness and be able to sense stairways, special encounters, spell negation zones, traps and other unusual occurrences.",
SPELL_ShadowShield,Shadow Shield,
SPELL_ShadowShield_DESC,"Casts a gray shadow around the party, and lowers their armor class by 4.",
SPELL_ShockSphere,Shock Sphere,
SPELL_ShockSphere_DESC,"A large globe of intense electrical energy envelops a group of enemies, doing {0}-{1} points of damage.",
SPELL_SorcererShield,Sorcerer Shield,
SPELL_SorcererShield_DESC,"The mage is protected by an invisible ""shield"" of magic, that turns aside many blows that would otherwise hit them.",
SPELL_SorcererSight,Sorcerer Sight,
SPELL_SorcererSight_DESC,"This spell functions the same as the Second Sight spell, but it will last indefinitely.",
SPELL_SpectreTouch,Spectre Touch,
SPELL_SpectreTouch_DESC,"This spell will drain a single enemy of {0}-{1} points of damage, as if touched by a spectre.",
SPELL_SpellSpirit,Spell Spirit,
SPELL_SpellSpirit_DESC,This spell will gate in a higher-level undead creature to fight for the party.,
SPELL_Starflare,Starflare,
SPELL_Starflare_DESC,"The air surrounding a group of your enemies will instantly ignite, causing them to be burnt for 6-24 points of damage.",
SPELL_StoneToFlesh,Stone To Flesh,
SPELL_StoneToFlesh_DESC,Takes a character who has been turned to stone and restores him to his natural flesh state.,
SPELL_StoneTouch,Stone Touch,
SPELL_StoneTouch_DESC,"This spell will turn an enemy to stone, but won't affect a creature already made of stone.",
SPELL_SoulWhip,Storal's Soul Whip,
SPELL_SoulWhip_DESC,"Whips out a tendril of psionic (mind) power to strike a selected foe, inflicting {0} to {1} damage points.",
SPELL_Stun,Stun,
SPELL_Stun_DESC,An electric spell that gives the enemy a high-voltage zap for 50 to 200 damage points.,
SPELL_SuccorSong,Succor Song,
SPELL_SuccorSong_DESC,"Shows all heal-party squares, so your party can put an end to their weakness and pain.",
SPELL_SummonDead,Summon Dead,
SPELL_SummonDead_DESC,This spell will gate into our universe a zombie or skeleton to fight for the party.,
SPELL_SummonElement,Summon Elemental,
SPELL_SummonElement_DESC,Creates a fire-being from the raw elements of the universe to join and fight for your party.,
SPELL_SummonHerb,Summon Herb,
SPELL_SummonHerb_DESC,"Summons Herb to join your party. Herb is really busy, but he'll hang out with your party for a while if you need him.",
SPELL_SummonPhantom,Summon Phantom,
SPELL_SummonPhantom_DESC,This spell will bring a medium level undead creature into the party.,
SPELL_TargetDummy,Target-Dummy,
SPELL_TargetDummy_DESC,"A magical illusion appears in the party. Unable to attack, it will serve to draw enemy attacks to himself.",
SPELL_BrothersKringle,The Brothers Kringle,
SPELL_BrothersKringle_DESC,The brothers are always ready to help friends in trouble. Enough brothers appear to fill the empty slots in your party.,
SPELL_TrapZap,Trap Zap,
SPELL_TrapZap_DESC,"This spell will disarm any trap within 30 feet, in the direction the party is facing. It will also disarm traps on chests.",
SPELL_Trebuchet,Trebuchet,
SPELL_Trebuchet_DESC,Fries all foes with wickedly hot flames for 150 to 600 points.,
SPELL_Vitality,Vitality,
SPELL_Vitality_DESC,Invigorates a character by healing 4 to 8 hit points times the spellcaster's level.,
SPELL_VorpalPlating,Vorpal Plating,
SPELL_VorpalPlating_DESC,"This spell causes the weapon (or hands) of a party member to be covered with a magical field, which causes them to do an additional 2-8 points of damage.",
SPELL_WizardWar,Wacum's Wizard War,
SPELL_WizardWar_DESC,"An electric spell that creates a pyrotechnical storm over a group of monsters, inflicting {0} to {1} damage points.",
SPELL_WallWarp,Wall Warp,
SPELL_WallWarp_DESC,Dissolve the dungeon wall that the party if facing. Lasts until the party leaves the dungeon.,
SPELL_Warstrike,Warstrike,
SPELL_Warstrike_DESC,"Causes a spray of energy to spring from the caster's extended finger, sizzling a group of opponents for {0}-{1} points of damage.",
SPELL_WindDragon,Wind Dragon,
SPELL_WindDragon_DESC,This incantation will create an illusionary red dragon to fight with your party.,
SPELL_WindGiant,Wind Giant,
SPELL_WindGiant_DESC,"This spell will create an illusionary storm giant, to join with, and fight for, your party.",
SPELL_WindHero,Wind Hero,
SPELL_WindHero_DESC,Creates an illusionary hero to join your party.,
SPELL_WindMage,Wind Mage,
SPELL_WindMage_DESC,Creates an illusionary Archmage to join your party.,
SPELL_WindOgre,Wind Ogre,
SPELL_WindOgre_DESC,"This spell will create the illusion of an ogre, which will accompany and fight with your party.",
SPELL_WindWarrior,Wind Warrior,
SPELL_WindWarrior_DESC,This spell will create the illusion of a battle-ready warrior that joins your party.,
SPELL_WindWolf,Wind Wolf,
SPELL_WindWolf_DESC,"This spell creates an illusionary wolf to join the party. This and other illusions are only effective as long as an enemy ""believes"" them. Depending on power and location, the monster may see through the illusion, and cause it to vanish.",
SPELL_WitherStrike,Wither Strike,
SPELL_WitherStrike_DESC,"Any foe at whom this spell is cast is likely to be turned old, thus reducing their ability to attack and defend in combat.",
SPELL_Witherfist,Witherfist,
SPELL_Witherfist_DESC,Crushes a group of enemies under a huge fist of power for 300 to 600 points of damage.,
SPELL_WizardWall,Wizard Wall,
SPELL_WizardWall_DESC,Creates a wall of force that travels with the party and absorbs many of the enemy's attacks.,
SPELL_WordOfFear,Word Of Fear,
SPELL_WordOfFear_DESC,"This incantation will make a group of your enemies shake in fear, reducing their ability to attack and do damage.",
SPELL_WordOfHealing,Word Of Healing,
SPELL_WordOfHealing_DESC,"With the utterance of a single word the spell caster can cure a party member of minor wounds, healing {0}-{1} points of damage.",
SPELL_WrathOfValhalla,Wrath Of Valhalla,
SPELL_WrathOfValhalla_DESC,Makes a member of your party fight with the strength and accuracy of ancient Norse heroes for the entire combat.,
SPELL_MysticShield,Ybarra's Mystic Shield,
SPELL_MysticShield_DESC,"The air in front of the party will bind itself into metallic hardness, and will accompany the party when it moves, as a sort of invisible ""shield"".",
SPELL_MysticalArmor,Ybarra's Mystical Coat of Armor,
SPELL_MysticalArmor_DESC,"Causes an effect like ""Air Armor"" to cover every member of the party, lasting indefinitely.",
SPELL_Youth,Youth,
SPELL_Youth_DESC,"Coats a character with a light, fragrant lotion to cure oldness.",
SPELL_Lamp,Lamp Light,
SPELL_Torch,Torch Light,
SPELL_RestoreMana,Restore Mana,
Storage Room,A Storage Building,
STORAGE_STABLES,"This appears to be the old stables, now converted into a storage space since the horses were eaten long ago when Mangar's ghastly creatures roamed the streets.",
STORAGE_LOOKS_EMPTY,Looks pretty empty at the moment.\nWould you like to leave some items here?,
STORAGE_INSPECT_OR_DROP_OFF_ITEMS,"Would you like to inspect the place for items, or drop off some of your own?",
STORAGE_LEAVE_ITEMS,Leave Items,
STORAGE_TAKE_ITEMS,Take items,
STORAGE_WOULD_YOU_INSPECT_ITEMS,Who would like to inspect the items to take?,
STORAGE_WOULD_YOU_LEAVE_ITEM,Who would like to leave some items in the storage house?,
STORAGE_DONE_TAKING,Done taking items,
STORAGE_INVENTORY_FULL,Your inventory is full. You must drop some items to make space.,
STORAGE_CHAR_NO_UNEQUIPPED_ITEMS,{0} has no unequipped items to leave...,
STORAGE_DONE_LEAVING,Done leaving items,
SCRIPTSTRING_0000,Skara Brae,
SCRIPTSTRING_0001,You're in an alleyway,
SCRIPTSTRING_0002,You're on Rakhir street,
SCRIPTSTRING_0003,You're on Blacksmith street,
SCRIPTSTRING_0004,You're on Main street,
SCRIPTSTRING_0005,You're on Trumpet street,
SCRIPTSTRING_0006,You're on Grey Knife street,
SCRIPTSTRING_0007,You're on Stonework street,
SCRIPTSTRING_0008,You're on Emerald street,
SCRIPTSTRING_0009,You're on Hawk Scabard street,
SCRIPTSTRING_0010,You're on Bard Blazon street,
SCRIPTSTRING_0011,You're on Tempest street,
SCRIPTSTRING_0012,You're on Fargoer street,
SCRIPTSTRING_0013,You're on Blue Highway,
SCRIPTSTRING_0014,You're on Night Archer street,
SCRIPTSTRING_0015,You're on Serpentskin street,
SCRIPTSTRING_0016,You're on Corbomite street,
SCRIPTSTRING_0017,You're on Sinister street,
SCRIPTSTRING_0018,You're on Marksman street,
SCRIPTSTRING_0019,You're on Dilvish street,
SCRIPTSTRING_0020,You're on Death Archer street,
SCRIPTSTRING_0021,You're in the Gran Plaz,
SCRIPTSTRING_0022,You're standing in the Courtyard,
SCRIPTSTRING_0023,Scarlet Bard Tavern,
SCRIPTSTRING_0024,Sinister Inn,
SCRIPTSTRING_0025,Dragonbreath Tavern,
SCRIPTSTRING_0026,Ask Y'Mother Tavern,
SCRIPTSTRING_0027,Archmage Inn,
SCRIPTSTRING_0028,Skull Tavern,
SCRIPTSTRING_0029,Drawnblade Tavern,
SCRIPTSTRING_0030,Thief Temple,
SCRIPTSTRING_0031,Temple of Great gods,
SCRIPTSTRING_0032,Temple of Greatest gods,
SCRIPTSTRING_0033,Temple of Greater gods,
SCRIPTSTRING_0034,Temple of Kiosk,
SCRIPTSTRING_0035,Temple of 100 Blessings,
SCRIPTSTRING_0036,Temple of the Mad God,
SCRIPTSTRING_0037,Mangar's Tower,
SCRIPTSTRING_0038,Harkyn's Castle,
SCRIPTSTRING_0039,Kylearan's Tower,
SCRIPTSTRING_0040,You're on Westgate street,
SCRIPTSTRING_0041,Guild Master,
SCRIPTSTRING_0042,"As you enter the guild, you catch the eye of the Guild Master.\n\n",
SCRIPTSTRING_0043,"""Well met, brave adventurer, but you come in the most dire of times.""\n\n""The evil wizard, Mangar, has cursed our town with this blizzard, and the streets are overrun with all matter of evil miscreants.""",
SCRIPTSTRING_0044,"""You must help us defeat Mangar! In this guild you will find many skilled warriors and mages that would join you in this quest.""\n\n",
SCRIPTSTRING_0045,"""When your party is ready, set out into town. Be sure to visit Garth's Shoppe to the north and equip yourself for battle. He has the finest weapons and armour in Skara Brae, and indeed is the only shoppe brave enough to open these days!""",
SCRIPTSTRING_0046,"""The city has an abundance of temples that are open night and day to heal your wounds, and I believe Roscoe is still doing good business restoring magic points for your mages.""\n\n",
SCRIPTSTRING_0047,"""And when your bard gets thirsty, be sure to visit one of the many Inns and Taverns. The Scarlet Bard, to the south, has the best selection in town!""",
SCRIPTSTRING_0048,"""Now I will bid you good day and good luck in your quest!""\n\nThe guild master smiles and returns to what he was doing.",
SCRIPTSTRING_0049,You have stepped out into the town of Skara Brae for the first time. Would you like a quick tutorial on the game controls before you proceed?,
SCRIPTSTRING_0050,"Use W,A,S,D to move around the town, or the cursor keys. You can also left click on the game view to move around.\n\nHold down right mouse on the game view and you can look around to take in the view.",
SCRIPTSTRING_0051,"There is a Pause button at the top left of the game view that gives access to graphics, audio and game settings, as well as saving or loading the game.\n\nThere is an Actions button on the top right of the game view that will drop down a ribbon of actions to choose from. These actions are not usable during game events.",
SCRIPTSTRING_0052,"You can change the speed that combat messages scroll by pressing the 'greater than' and 'less than' keys, or by adjusting the slider in the 'game settings' menu.",
SCRIPTSTRING_0053,"Pressing 1 to 7 lets you view the stats of one of your party members.\n\nIf you left click and drag with your mouse on one of the party member names below, you can change their position in the party. Only the first 4 character slots can be hit by enemy melee attacks.\n\n",
SCRIPTSTRING_0054,You should try to keep a character slot free so that you can summon creatures or allow roving monsters to join your party.,
SCRIPTSTRING_0055,"Below the game view, totals of your party's gold and inventory items are shown.\n\nAny item that is not equipped by a character will go into the communal inventory and is accessible through any player's inventory screen.",
SCRIPTSTRING_0056,That is all... Now go and stop Mangar!,
SCRIPTSTRING_0057,Longinus the Mad,
SCRIPTSTRING_0058,"You have entered the home of Longinus the Mad. He is busy writing in a tome, but lowers his quill as he sees you entering, then abruptly rises to greet you.",
SCRIPTSTRING_0059,The home of Longinus the Mad.,
SCRIPTSTRING_0060,Talk to Longinus,
SCRIPTSTRING_0061,Leave him to his writing,
SCRIPTSTRING_0062,"Longinus looks away and mumbles,\n\n""Go then, if you were even here, for I was not...""",
SCRIPTSTRING_0063,"He is lost in thought for a moment, then looks at you and proclaims\n\n""Twice will the Lestradae come for Caith... once for gold and once for faith.""",
SCRIPTSTRING_0064,Twice will the Lestradae come for Caith... once for gold and once for faith.,
SCRIPTSTRING_0065,"He withdraws into himself, and looking down, mutters\n\n""Summer follows Winter, Darkness follows Day, Singing follows Sorrow, as they stride through Skara Brae.""",
SCRIPTSTRING_0066,"Summer follows Winter, Darkness follows Day, Singing follows Sorrow, as they stride through Skara Brae.",
SCRIPTSTRING_0067,"He steps towards you and whispers in your ear\n\n""Mangar the Dark is but the first, thrice more will come to Caith the cursed.""",
SCRIPTSTRING_0068,"Mangar the Dark is but the first, thrice more will come to Caith the cursed.",
SCRIPTSTRING_0069,Bard's Tale Trilogy,
SCRIPTSTRING_0070,The Bard's Tale Trilogy (Remastered)\n\nProduced by inXile Entertainment\nCEO Brian Fargo\n\nDeveloped by Krome Studios\nCEO Robert Walsh\n\nThe original program for the Apple II was written by Michael Cranford for Interplay Productions.\n\nOriginal 2016 remaster work by Olde Sküül.,
SCRIPTSTRING_0071,"Krome Studios Credits\n\nJames Podesta, Perry Hart, Nic Lyness, Lindsay Parmenter, Kevin McGrath, Kelly Krenn, Ronald Marc, Kate Lulham, Jake Higgs, Michael Fitzhywel, Peter Buck, Damian Stewart, Kylie Halley, Andy Green, Steve Stamatiadis, Robert Walsh, Marcia Watson, George Stamatiadis, Andi Gotard",
SCRIPTSTRING_0072,"inXile Entertainment Credits\n\nPRODUCTION COORDINATOR\nPaul Marzagalli\n\nADDITIONAL DESIGN WORK\nBrian DiDomenico, Daniel Kim, Russell Krueger, Nathan Long, David Rogers, Eric Schwarz, Greg Underwood, Brandon Humphreys and Paul Fish\n\nTESTING\nDaniel Reid and the inXile Forums A-Team",
SCRIPTSTRING_0073,There's a lot of hay on the ground here.,
SCRIPTSTRING_0074,Jerome's Stable,
SCRIPTSTRING_0075,"Jerome the stablemaster says...\n\n""Sorry Friends, all of the horses have been eaten by creatures!""",
SCRIPTSTRING_0076,City Gate,
SCRIPTSTRING_0077,"You stand before the city gates, which are blocked by a gigantic snow drift.",
SCRIPTSTRING_0078,Temple,
SCRIPTSTRING_0079,"""This is the temple of the Mad God. What is thy business, unbeliever?""",
SCRIPTSTRING_0080,Speak to the priest,
SCRIPTSTRING_0081,Exit the temple,
SCRIPTSTRING_0082,"""This is the temple of the Mad God. Welcome back, believer, the catacombs await you...""",
SCRIPTSTRING_0083,Descend into the catacombs,
SCRIPTSTRING_0084,"""Only those who know the name of the Mad One are welcome.""\nWhat wilt thou say?\n\n",
SCRIPTSTRING_0085,TARJAN,
SCRIPTSTRING_0086,JENNELL,
SCRIPTSTRING_0087,BURGER,
SCRIPTSTRING_0088,"""Quit thy babbling,"" the priest says.",
SCRIPTSTRING_0089,"""Speak not the name of the High one so loudly, lest he awaken,"" the priest says. ""Enter the catacombs, believer.""",
SCRIPTSTRING_0090,"The priests sigh in unison, ""Mawwaige... Mawwaige, is what brings us together, today.""",
SCRIPTSTRING_0091,Blasphemy!,
SCRIPTSTRING_0092,"""Thou hath uttered the most unspeakable word! Prepare to die!!!""",
SCRIPTSTRING_0093,"Now you did it. Before you, you see",
SCRIPTSTRING_0094,No escape!,
SCRIPTSTRING_0095,\n\nCowards! You must fight to the death!!,
SCRIPTSTRING_0096,"\n\n""You have lived!! Let's try again!!""",
SCRIPTSTRING_0097,"Next time, keep your mouths shut. Ahead are",
SCRIPTSTRING_0098,"""Cowards!""",
SCRIPTSTRING_0099,"\n\n""You're not getting away!!""",
SCRIPTSTRING_0100,"""You monsters!""",
SCRIPTSTRING_0101,"\n\n""Never say that word ever again!!""",
SCRIPTSTRING_0102,"Before you, lies Baron Harkyn's majestic castle.",
SCRIPTSTRING_0103,Castle,
SCRIPTSTRING_0104,"This is the entry chamber to Harkyn's Castle. It is not guarded, but a sign threatens trespassers with death. Shall you enter?\n\n",
SCRIPTSTRING_0105,There is an entrance to the city sewers here. Do you wish to go in?\n\n,
SCRIPTSTRING_0106,Amber Tower,
SCRIPTSTRING_0107,This is the entry chamber to Kylearan's Amber Tower. A stairwell leads up to a lofty level of chambers. Do you want to take the stairs?\n\n,
SCRIPTSTRING_0108,The gate opens to let you pass...,
SCRIPTSTRING_0109,You use your Master Key to open the iron gate to the west of Kylearan's Amber Tower...,
SCRIPTSTRING_0110,West Gate,
SCRIPTSTRING_0111,"You stand before an iron gate, beyond which stands Kylearan's tower to the east.",
SCRIPTSTRING_0112,You use your Master Key to open the iron gate to the south of Kylearan's Amber Tower...,
SCRIPTSTRING_0113,South Gate,
SCRIPTSTRING_0114,"You stand before an iron gate, beyond which stands Kylearan's tower to the north.",
SCRIPTSTRING_0115,Magic Mouth,
SCRIPTSTRING_0116,"A magic mouth on the wall speaks to you: ""Despised ones, none save Mangar may enter his demesnes.""",
SCRIPTSTRING_0117,You use your Master Key to open the iron gate to the north of Mangar's tower...,
SCRIPTSTRING_0118,North Gate,
SCRIPTSTRING_0119,"You stand before an iron gate, beyond which stands Mangar's tower to the south.",
SCRIPTSTRING_0120,You use your Master Key to open the iron gate to the east of Mangar's tower...,
SCRIPTSTRING_0121,East Gate,
SCRIPTSTRING_0122,"You stand before an iron gate, beyond which stands Mangar's tower to the west.",
SCRIPTSTRING_0123,The Tower,
SCRIPTSTRING_0124,This is the entry chamber to Mangar's Tower. A stairwell leads up to the first level of traps and terrors. Shall you take the stairs?\n\n,
SCRIPTSTRING_0125,Samurai,
SCRIPTSTRING_0126,"You stand before a gate, which is guarded by a statue of a Samurai Warrior. You can:",
SCRIPTSTRING_0127,A statue of a Samurai Warrior stands guarding a gate.,
SCRIPTSTRING_0128,Attack it.,
SCRIPTSTRING_0129,Leave it.,
SCRIPTSTRING_0130,Stone Giant,
SCRIPTSTRING_0131,"You stand before a gate, which is guarded by a statue of a Stone Giant. You can:",
SCRIPTSTRING_0132,A statue of a Stone Giant stands guarding a gate.,
SCRIPTSTRING_0133,Ogre Lord,
SCRIPTSTRING_0134,"You stand before a gate, which is guarded by a statue of an Ogre Lord. You can:",
SCRIPTSTRING_0135,A statue of an Ogre Lord stands guarding a gate.,
SCRIPTSTRING_0136,Grey Dragon,
SCRIPTSTRING_0137,"You stand before a gate, which is guarded by the statue of a Grey Dragon. You can:",
SCRIPTSTRING_0138,A statue of a Grey Dragon stands guarding a gate.,
SCRIPTSTRING_0139,Stone Golem,
SCRIPTSTRING_0140,"You stand before a gate, which is guarded by a Stone Golem. You can:",
SCRIPTSTRING_0141,A statue of a Stone Golem stands guarding a gate.,
SCRIPTSTRING_0142,Cellars,
SCRIPTSTRING_0143,This is the wine cellar of the Scarlet Bard. The air is musty with old wine.,
SCRIPTSTRING_0144,Rare wines - 50 years and older. Keep Out!,
SCRIPTSTRING_0145,Fine wines - 10 years and older. For regular customers only.,
SCRIPTSTRING_0146,Sewers,
SCRIPTSTRING_0147,You are in the sewers under Skara Brae. The shallow water holds unknown terrors. Be careful!\n\n,
SCRIPTSTRING_0148,An inscription on the wall reads: Pass the light at night...,
SCRIPTSTRING_0149,There is something strange going on...,
SCRIPTSTRING_0150,The sewer water seems very warm here...,
SCRIPTSTRING_0151,An inscription on the wall reads: Golems are made of stone.,
SCRIPTSTRING_0152,An inscription on the wall reads: IRKM DESMET DAEM.,
SCRIPTSTRING_0153,A large spider has been etched into the north wall.,
SCRIPTSTRING_0154,There is a great deal of slime on the walls here.,
SCRIPTSTRING_0155,Spidergod,
SCRIPTSTRING_0156,I found a statue of a spider god here.,
SCRIPTSTRING_0157,There is the statue of a large spider here. Do you want to search the room?\n\n,
SCRIPTSTRING_0158,I searched the room and it came to life!,
SCRIPTSTRING_0159,That was not a wise move!,
SCRIPTSTRING_0160,"There are tracks here, leading east.",
SCRIPTSTRING_0161,On the wall is this inscription: There is no exit until the seven words are said.,
SCRIPTSTRING_0162,Something smells...,
SCRIPTSTRING_0163,There are some rotted clothes and bones here.,
SCRIPTSTRING_0164,In the dirt is written: Heed not what is beyond understanding.,
SCRIPTSTRING_0165,On the wall is this inscription: Thor is the greatest son of Odin.,
SCRIPTSTRING_0166,"A light beam from the surface is mirrored down here and focused to a burning ray, blocking the corridor.",
SCRIPTSTRING_0167,\nMove ahead anyways?\n\n,
SCRIPTSTRING_0168,I chose to walk ahead and the beam of light seared my flesh!,
SCRIPTSTRING_0169,The beam of light sears your flesh.,
SCRIPTSTRING_0170,"A magic mouth on the wall speaks:\n""Know this, that a man called Tarjan, thought to many to be insane, had through wizardly powers, proclaimed himself a god in Skara Brae a hundred years ago. His image is locked in stone until made whole again...""",
SCRIPTSTRING_0171,An inscription on the wall reads:\n\nSeek the Snare from behind the scenes.,
SCRIPTSTRING_0172,An inscription on the wall reads:\n\nThe hand of time writes and cannot erase.,
SCRIPTSTRING_0173,Staircase,
SCRIPTSTRING_0174,"There are stairs here, which seem to go a long way up. Do you wish to take them?\n\n",
SCRIPTSTRING_0175,Stairs here rise to the city above!,
SCRIPTSTRING_0176,Catacombs,
SCRIPTSTRING_0177,"Around you stretches miles of winding, twisting tunnels. The ancient bones of acolytes jut out of the earth.",
SCRIPTSTRING_0178,You have entered the burial preparation chamber. Few but the priests of the Mad God have seen this and lived.,
SCRIPTSTRING_0179,"A message on the wall, scrawled in blood, says, ""The ancient witch king yet lives...""",
SCRIPTSTRING_0180,On the wall is etched this rhyme:\n\nFifteen doors east\nand thou art there.\n\nOn souls they feast\nin the dark one's lair.,
SCRIPTSTRING_0181,Welcome to the stasis chamber...\n\nPlease remain calm.,
SCRIPTSTRING_0182,Stasis Chamber,
SCRIPTSTRING_0183,Thank you for remaining calm.\n\nYou may leave...,
SCRIPTSTRING_0184,"A sign proclaims that you have entered the chambers of Bashar Kavilor, High Priest. Prepare to die!",
SCRIPTSTRING_0185,Stasis chamber ahead: Those who venture ahead should prepare for a long stay!,
SCRIPTSTRING_0186,"A voice from nowhere proclaims:\n\n""To the tower fly\nA mad one die\nOnce lost the eye.""",
SCRIPTSTRING_0187,Bashar Kavilor,
SCRIPTSTRING_0188,"We found the living chambers of Bashar Kavilor, the High Priest. He immediately attacked us!",
SCRIPTSTRING_0189,"You have entered the living chambers of Bashar Kavilor, the High Priest. He screams, ""Infidel! Face now the wrath of a servant of the Mad one!""",
SCRIPTSTRING_0190,"I think you're in trouble, because there's",
SCRIPTSTRING_0191,Sphynx,
SCRIPTSTRING_0192,"We found the High Priest's treasure chamber. His pet dragon, Sphynx, attacked us!",
SCRIPTSTRING_0193,"This is the High Priest's treasure chamber. His pet dragon, Sphynx, peers at you hungrily. ""Sphynx eat now,"" it growls.",
SCRIPTSTRING_0194,A message is scrawled on the wall in blood:\nSeek the Mad One's stoney self in Harkyn's domain.,
SCRIPTSTRING_0195,Witch King,
SCRIPTSTRING_0196,We found the ancient burial chamber of King Aildrek. He attacked us!,
SCRIPTSTRING_0197,"Before you lies the ancient burial chamber of King Aildrek, now a creature of darkness. ""Now, mortal men, I will drink of your souls,"" he hisses.",
SCRIPTSTRING_0198,"Among the items strewn about in the burial chamber, is a glowing jeweled eye.\n\n",
SCRIPTSTRING_0199,A wide corridor leads into Baron Harkyn's castle. Fabulous tapestries adorn the walls. The flickering torchlight casts strange shadows.,
SCRIPTSTRING_0200,Three marble steps lead to the Baron's throne.,
SCRIPTSTRING_0201,On the door is etched:\n\nGUARD ROOM -- Members only,
SCRIPTSTRING_0202,The Royal Jail Cell. The sulfurous smell of hot coals is in the air.,
SCRIPTSTRING_0203,"A sign says, ""To Jail Cell.""",
SCRIPTSTRING_0204,"A sign says, ""NO trespassing.""",
SCRIPTSTRING_0205,You are in the royal bedroom.,
SCRIPTSTRING_0206,This chamber is filled with magical energy!,
SCRIPTSTRING_0207,Roscoe's Magical Spa. Please leave a favorable review on MageBook.,
SCRIPTSTRING_0208,We found Baron's throne.,
SCRIPTSTRING_0209,You are at the Baron's throne. Who wishes to sit on it?,
SCRIPTSTRING_0210,Ouch! That hurt!,
SCRIPTSTRING_0211,Sitting on the throne made a doorway appear.,
SCRIPTSTRING_0212,The sound of grating stone is heard.,
SCRIPTSTRING_0213,Guard Captain,
SCRIPTSTRING_0214,"We encountered the Captain of the Guard. He screamed ""Die, scum!"" and attacked us!",
SCRIPTSTRING_0215,"You see the Captain of the Guard standing before you. ""Die, scum!"" he screams as he runs insanely toward you.",
SCRIPTSTRING_0216,"We encountered six warriors, dressed in bright green robes. They screamed ""Intruders!"" and attacked us!",
SCRIPTSTRING_0217,"Before you stand six warriors, dressed in bright green robes. ""Intruders!"" They scream battle cries as they run toward you with drawn swords.",
SCRIPTSTRING_0218,"On defeating the warriors, we each took robes.",
SCRIPTSTRING_0219,There are piles of bright green warrior robes here.\n\n,
SCRIPTSTRING_0220,{0} reaches for some robes.\n\n,
SCRIPTSTRING_0221,There is a magical glowing crystal sword here.\n\n,
SCRIPTSTRING_0222,You are in a splendid library.,
SCRIPTSTRING_0223,"A sign on the wall reads, ""Slave quarters.""",
SCRIPTSTRING_0224,The air nearby has a foul reek to it.,
SCRIPTSTRING_0225,Something is not quite right here.,
SCRIPTSTRING_0226,Wizened man,
SCRIPTSTRING_0227,There is a wizened man here. He asked if we would answer his riddle.,
SCRIPTSTRING_0228,"A wizened man appears before you, saying, ""Have you come to answer my riddle?""\n\n",
SCRIPTSTRING_0229,"When we said no, he asked if we would fight him instead.",
SCRIPTSTRING_0230,"He smirks at the assembled party, ""Would you rather test your magic and steel against my power?""\n\n",
SCRIPTSTRING_0231,"""Be gone with you!""",
SCRIPTSTRING_0232,"""Answer this riddle to pass:\n\nOnce man alive\nNow living death\nIt drinketh blood\nN' stealeth breath""\n\n",
SCRIPTSTRING_0233,VAMPIRE,
SCRIPTSTRING_0234,LICH,
SCRIPTSTRING_0235,VAMPYRE,
SCRIPTSTRING_0236,"He frowns at you, ""Wrong, do you want to try again?""\n\n",
SCRIPTSTRING_0237,"""Pass at your leisure,"" the Master Sorcerer says.",
SCRIPTSTRING_0238,"""Time to try out my new spells, ON YOU!"" You see",
SCRIPTSTRING_0239,There is a silver square floating in the center of the room.\n\n,
SCRIPTSTRING_0240,A magic mouth wants the answer to this riddle:,
SCRIPTSTRING_0241,"""Past warscapes fought by men long dead, and treasures lost on bloodied fields, the One God lifts his thorn-crowned head, and lays a strength on friendly...""\n\n",
SCRIPTSTRING_0242,SHIELDS,
SCRIPTSTRING_0243,SHIELD,
SCRIPTSTRING_0244,"""You're not good at this...""",
SCRIPTSTRING_0245,We found a magical Ybarra shield,
SCRIPTSTRING_0246,A magical shield appears.\n\n,
SCRIPTSTRING_0247,"A sign on the wall reads, ""The Barracks.""\n\n""Official robes are required.""",
SCRIPTSTRING_0248,Written on the wall in blood is:\n\nThe Crystal Sword will leave the crystal guardian in many pieces.,
SCRIPTSTRING_0249,Intruder Alert!,
SCRIPTSTRING_0250,We were recognized as intruders and attacked by the legions of Baron Harkyn.,
SCRIPTSTRING_0251,"The legions of Baron Harkyn stand before you, recognizing you as intruders. ""Death to them!"" they scream.",
SCRIPTSTRING_0252,The room is filled with,
SCRIPTSTRING_0253,The room is filled with the bodies of dead Berserkers.,
SCRIPTSTRING_0254,"Wearing the warrior robes, we were about to sneak past the legions of Baron Harkyn.",
SCRIPTSTRING_0255,"The legions of Baron Harkyn stand before you, recognizing you as legion members.\n\nOne mutters, ""Darn, I was hoping for some action. It's so boring here.""",
SCRIPTSTRING_0256,Gold Statue,
SCRIPTSTRING_0257,There is a gold statue of a fifteen foot tall warrior here.,
SCRIPTSTRING_0258,A gold statue of a fifteen foot tall warrior stands before you. Will you approach it?\n\n,
SCRIPTSTRING_0259,It appears harmless.,
SCRIPTSTRING_0260,"The eye we had levitated into the statue's empty socket and it groaned ""I HUNGER"" and came to life.",
SCRIPTSTRING_0261,An Eye levitates from the party and goes into the statue's empty socket.,
SCRIPTSTRING_0262,I HUNGER!,
SCRIPTSTRING_0263,The statue comes to life!,
SCRIPTSTRING_0264,"The walls shake as the statue stands suddenly, flinging marble everywhere. Gaze at the awesomeness of",
SCRIPTSTRING_0265,"A golden statue of a warrior, 15 feet tall, notices you as you approach. Gaze at the awesomeness of",
SCRIPTSTRING_0266,"Chunks of marble and stone lay chaotically around the room, evidence of an epic battle. A swirling portal of light floats above what looks like chunks of gold. Will you step into the portal?",
SCRIPTSTRING_0267,"Where the golden statue had once stood, now is a swirling portal... a teleport to another place...",
SCRIPTSTRING_0268,"Yes, enter the portal.",
SCRIPTSTRING_0269,"No, stay here for now.",
SCRIPTSTRING_0270,You are being teleported!,
SCRIPTSTRING_0271,An old man,
SCRIPTSTRING_0272,An old man asked us this question to pass:\n\nWhat tavern lies off Night Archer street?,
SCRIPTSTRING_0273,"An old man stands before you, saying, ""Answer this question to pass:\n\nWhat tavern lies off Night Archer street?""\n\n",
SCRIPTSTRING_0274,SKULL,
SCRIPTSTRING_0275,SKULL TAVERN,
SCRIPTSTRING_0276,"""Not so smart, are you? Get off my lawn!""\n\nWill you leave?\n\n",
SCRIPTSTRING_0277,"""C'mon boys! Let's get 'em!"" You see",
SCRIPTSTRING_0278,"""Don't come back now, ya hear!""",
SCRIPTSTRING_0279,"""Pass, oh learned ones,"" he says.",
SCRIPTSTRING_0280,Tower,
SCRIPTSTRING_0281,There's no way out!\n\nIt's a trap!,
SCRIPTSTRING_0282,Run for it!,
SCRIPTSTRING_0283,"An inscription on the wall reads,\n\nAs a guardian\nHe must walk...\nThe first part\nof his name\nmeans rock",
SCRIPTSTRING_0284,"An inscription on the wall reads,\n\nMade of earth\nYet without soul\nAs living statue\nHe is whole",
SCRIPTSTRING_0285,"A voice speaks softly, saying: ""Beware the sting at the tail (south) of the serpent-way.""",
SCRIPTSTRING_0286,"A magic mouth asked this riddle:\n""Name the one of cold, foretold twofold!""",
SCRIPTSTRING_0287,"A magic mouth on the wall speaks to you, saying this:\n""Name the one of cold, foretold twofold!""\n\n",
SCRIPTSTRING_0288,STONE GOLEM,
SCRIPTSTRING_0289,STONEGOLEM,
SCRIPTSTRING_0290,"""Incorrect!""",
SCRIPTSTRING_0291,"A magic mouth asked this riddle:\n""Name the endless byway and your path shall be guaranteed:""",
SCRIPTSTRING_0292,"A magic mouth on the wall speaks to you, saying this:\n""Name the endless byway and your path shall be guaranteed:""\n\n",
SCRIPTSTRING_0293,SINISTER,
SCRIPTSTRING_0294,"""Wrong.""",
SCRIPTSTRING_0295,"""Passage has been granted!""",
SCRIPTSTRING_0296,There is a silver triangle floating in the center of the room.\n\n,
SCRIPTSTRING_0297,Golem!,
SCRIPTSTRING_0298,There is a crystal statue of a Golem here. It wants to fight us.,
SCRIPTSTRING_0299,"A crystal statue comes to life before you, ready to attack! Will you fight it?\n\n",
SCRIPTSTRING_0300,The golem's shattered body reformed and attacked us again!,
SCRIPTSTRING_0301,Something is happening to the golem's shattered body...,
SCRIPTSTRING_0302,Kylearan,
SCRIPTSTRING_0303,"""Greetings! I am Kylearan, oh perseverant ones, the good wizard of Skara Brae. Put away your weapons, for I am your ally, not an enemy.""",
SCRIPTSTRING_0304,"""You have passed my tests, and now can continue on to your true quest, the source of evil in Skara Brae -- Mangar the Dark, my nemesis.""",
SCRIPTSTRING_0305,"""Mangar's tower, at the opposite corner of Skara Brae from mine, is a five level deathtrap, which can only be entered by use of an onyx key.""",
SCRIPTSTRING_0306,"""Good luck, and remember, seeing is not always believing.""",
SCRIPTSTRING_0307,Kylearan vanishes.,
SCRIPTSTRING_0308,There is an onyx key laying on the floor.\n\n,
SCRIPTSTRING_0309,On the wall is etched:\nBeyond the lie\nBefore the slip\nA passage north\nWill fake a trip\nAnd upward go\nTo evil's grip\nYet not an inch\nWill seem to dip,
SCRIPTSTRING_0310,"Ahead lies the exit, oh faithful ones!",
SCRIPTSTRING_0311,Ahead lies the deathfield!,
SCRIPTSTRING_0312,"A magic mouth on the wall speaks to you, saying this:\n\n""Perseverance in all things.""",
SCRIPTSTRING_0313,On the wall is etched:\n\nThe Spectre Snare can catch a foe and bind him lest his spirit go...,
SCRIPTSTRING_0314,This room is reeking with magical energy...,
SCRIPTSTRING_0315,"A sign reads, ""Keep out! This means YOU! Signed, Roscoe.""",
SCRIPTSTRING_0316,Mouth...,
SCRIPTSTRING_0317,"A magic mouth on the wall speaks:\n\n""Two shapes yours,\none's around;\nSpeak the shape\nand final found.""\n\n",
SCRIPTSTRING_0318,CIRCLE,
SCRIPTSTRING_0319,Wrong!,
SCRIPTSTRING_0320,There is a silver circle floating in the center of the room.\n\n,
SCRIPTSTRING_0321,"On the wall is etched:\n\nDo not scry,\nthe first is lie.",
SCRIPTSTRING_0322,On the wall is etched:\n\nThe One God's\nsecond is surely with.,
SCRIPTSTRING_0323,"On the wall is etched:\n\nAs the One God has said, the third is passion if you have love and life.",
SCRIPTSTRING_0324,"On the wall is etched:\n\nIn all the land,\nthe fourth is and",
SCRIPTSTRING_0325,"On the wall is etched:\n\nWe speak of One God, eternal is he, his fifth is almost certainly be.",
SCRIPTSTRING_0326,"On the wall is etched:\n\nOn the many levels, several are ancient but the sixth is forever.",
SCRIPTSTRING_0327,On the wall is etched:\n\nThe One has said that the first man is blessed and the last is damned.,
SCRIPTSTRING_0328,You smell burning coals...,
SCRIPTSTRING_0329,The Keymaster,
SCRIPTSTRING_0330,"An old man called ""The Keymaster"" wants to sell us something for 50000 gold pieces.",
SCRIPTSTRING_0331,"An old man is here, and says to you:\n""I am the Keymaster. I have something to sell you for the low price of 50000 gold pieces. What say you? Do we have a deal?""\n\n",
SCRIPTSTRING_0332,"""Well, if you're not here to do business, will you leave?""\n\n",
SCRIPTSTRING_0333,"""I'm asking nicely, will you leave?""\n\n",
SCRIPTSTRING_0334,"""I'm asking again, will you please leave?""\n\n",
SCRIPTSTRING_0335,"""I'm getting really annoyed at you! Will you PLEASE leave?""\n\n",
SCRIPTSTRING_0336,"""After I said please too..."" The man speaks briefly and 6 friends appear. ""Most unfriendly,"" he says. His friends look very angry.",
SCRIPTSTRING_0337,Who will buy it?,
SCRIPTSTRING_0338,We bought a Master Key from the old man for 50000 gold.,
SCRIPTSTRING_0339,"He pockets the gold and holds a key in his hand. ""Pleasure doing business with you!""\n\n",
SCRIPTSTRING_0340,"A magic mouth asks the riddle:\n""Speak the seven of the One God, in sequence, and seek the lost stairs:""",
SCRIPTSTRING_0341,"A magic mouth on the wall talks:\n\n""Speak the seven of the One God, in sequence, and seek the lost stairs:""\n\n",
SCRIPTSTRING_0342,LIE,
SCRIPTSTRING_0343,"""What is the second word?""\n\n",
SCRIPTSTRING_0344,WITH,
SCRIPTSTRING_0345,"""What is the third word?""\n\n",
SCRIPTSTRING_0346,PASSION,
SCRIPTSTRING_0347,"""What is the fourth word?""\n\n",
SCRIPTSTRING_0348,AND,
SCRIPTSTRING_0349,"""What is the fifth word?""\n\n",
SCRIPTSTRING_0350,BE,
SCRIPTSTRING_0351,"""What is the sixth word?""\n\n",
SCRIPTSTRING_0352,FOREVER,
SCRIPTSTRING_0353,"""What is the seventh and final word?""\n\n",
SCRIPTSTRING_0354,DAMNED,
SCRIPTSTRING_0355,Sorry Charlie!,
SCRIPTSTRING_0356,We correctly answered the riddle and some stairs appeared.,
SCRIPTSTRING_0357,"""Well done, oh faithful one. The stairs have materialized.""",
SCRIPTSTRING_0358,On the wall is etched:\n\nWelcome to Mangar's crypt,
SCRIPTSTRING_0359,The shape of a skull is etched on the floor.,
SCRIPTSTRING_0360,Tracks lead south down this corridor.,
SCRIPTSTRING_0361,A gust of wind blows through here...,
SCRIPTSTRING_0362,There is a large black coffin in this tomb.\n\nDo you wish to open it?\n\n,
SCRIPTSTRING_0363,A Vampire Lord rises from the coffin. He seems rather disturbed. You see,
SCRIPTSTRING_0364,Hungry Dragons,
SCRIPTSTRING_0365,"Two sleeping dragons awaken at your passage. ""Hmm, humans for dinner again, Gor,"" says the small one. ""Why don't we get any pork up here?""",
SCRIPTSTRING_0366,"As Gor gasps his last, he croaks out, ""we should have sent out for pizza instead... Aaaaahhrrrrgg...""",
SCRIPTSTRING_0367,Your music caused two sleeping dragons to continue slumbering.,
SCRIPTSTRING_0368,There is a pair of dragons snoring quite loudly here.,
SCRIPTSTRING_0369,"A magic mouth on the wall speaks:\n\n""Name the greatest son of Odin and win his aid.""\n\n",
SCRIPTSTRING_0370,THOR,
SCRIPTSTRING_0371,"""Brush up on your mythology and come back later!""",
SCRIPTSTRING_0372,A small statue appears.\n\n,
SCRIPTSTRING_0373,We were awarded a small figurine of Thor,
SCRIPTSTRING_0374,"On the wall to the north are etched 3 geometric shapes: a square, a circle, and a triangle.",
SCRIPTSTRING_0375,"A voice whispers, ""You see farther... Passage has been granted.""",
SCRIPTSTRING_0376,"A voice whispers, ""To gain passage, you must see farther...""",
SCRIPTSTRING_0377,"A magic mouth speaks to the party:\n\n""What can bind the mightiest foes?""\n\n",
SCRIPTSTRING_0378,SPECTRE SNARE,
SCRIPTSTRING_0379,SPECTER SNARE,
SCRIPTSTRING_0380,"""No prize for you!""",
SCRIPTSTRING_0381,Return when you have space for your reward.,
SCRIPTSTRING_0382,A magical lasso appears.\n\n,
SCRIPTSTRING_0383,There is a pool of boiling liquid here.,
SCRIPTSTRING_0384,There is a pool of boiling liquid here. Will the party dive in?\n\n,
SCRIPTSTRING_0385,"We found Mangar's treasure trove, guarded by two very hungry dragons.",
SCRIPTSTRING_0386,"This is Mangar's treasure trove. Two dragons are here, and they're very hungry. You're in some real trouble.",
SCRIPTSTRING_0387,"A magic mouth on the wall speaks to you, saying:\n\n""Death to those who would attack the mighty one!""",
SCRIPTSTRING_0388,An evil spirit possessed one of our party!,
SCRIPTSTRING_0389,"The corpse of Mangar the Dark, and a portal back to the Skara Brae Adventurers Guild.",
SCRIPTSTRING_0390,You are relieved to see the rotting corpse of Mangar the Dark still lies here undisturbed since your last visit.\n\n,
SCRIPTSTRING_0391,There is a swirling portal here. A remnant of Kylearan's magic. Will you enter it?,
SCRIPTSTRING_0391a,There is a swirling portal here.\n\n,
SCRIPTSTRING_0391b,Will you enter it?,
SCRIPTSTRING_0392,Enter the portal.,
SCRIPTSTRING_0393,Stay in the tower.,
SCRIPTSTRING_0394,Mangar!,
SCRIPTSTRING_0395,"You stand in the antechamber of Mangar the Dark, evil Archmage of Skara Brae. Mangar glares at you with deep hatred. ""Die, mortals!"" he screams.",
SCRIPTSTRING_0396,Mangar the Dark.,
SCRIPTSTRING_0397,With a wave of his hand a few of his close friends drop by. They don't look like a fun group.,
SCRIPTSTRING_0398,"Kylearan, the good Archmage, appears before you in a flash of light. ""Well done!"" he cries, beaming. ""Your quest in Skara Brae is fulfilled!""",
SCRIPTSTRING_0399,"""The evil one is now defeated, and his spell of winter will soon end.""",
SCRIPTSTRING_0400,"""You will all, as a symbol of my gratitude, receive 300,000 experience bonus. Also take this 300,000 gold to share amongst yourselves. Fare well and live long!""",
SCRIPTSTRING_0401,The forest,
SCRIPTSTRING_0402,You're in the realm of Caith,
SCRIPTSTRING_0403,Fanskar's Castle,
SCRIPTSTRING_0404,Philippi,
SCRIPTSTRING_0405,Tangramayne,
SCRIPTSTRING_0406,Colosse,
SCRIPTSTRING_0407,Ephesus,
SCRIPTSTRING_0408,Corinth,
SCRIPTSTRING_0409,Thessalonica,
SCRIPTSTRING_0410,The Sage,
SCRIPTSTRING_0411,"A wise sage lives here, charging gold for the wisdom of the ancients!",
SCRIPTSTRING_0412,"The Sage says:\n\n""Gold can buy thee the wisdom of the ancients, my friends.""\n\nYou can:",
SCRIPTSTRING_0413,Talk to the Sage,
SCRIPTSTRING_0414,Exit his hut,
SCRIPTSTRING_0415,What will you ask him about?,
SCRIPTSTRING_0416,THE TOMBS,
SCRIPTSTRING_0417,FANSKAR,
SCRIPTSTRING_0418,DARGOTH,
SCRIPTSTRING_0419,MAZE OF DREAD,
SCRIPTSTRING_0420,OSCON,
SCRIPTSTRING_0421,KAZDEK,
SCRIPTSTRING_0422,GREY CRYPT,
SCRIPTSTRING_0423,DESTINY STONE,
SCRIPTSTRING_0424,LAGOTH ZANTA,
SCRIPTSTRING_0425,SCARLET BARD,
SCRIPTSTRING_0426,ELF BOOTS,
SCRIPTSTRING_0427,LUCKSHIELD,
SCRIPTSTRING_0428,DEATH STARS,
SCRIPTSTRING_0429,MAGE STAFF,
SCRIPTSTRING_0430,THIEF DAGGER,
SCRIPTSTRING_0431,KATO'S BRACER,
SCRIPTSTRING_0432,AG'S ARROWS,
SCRIPTSTRING_0433,MITHRIL ARROWS,
SCRIPTSTRING_0434,RING OF RETURN,
SCRIPTSTRING_0435,BREATHRING,
SCRIPTSTRING_0436,WIZHELM,
SCRIPTSTRING_0437,SPEEDBOOTS,
SCRIPTSTRING_0438,ZEN ARROWS,
SCRIPTSTRING_0439,DRUMS OF DEATH,
SCRIPTSTRING_0440,SONG AXE,
SCRIPTSTRING_0441,TRICK BRICK,
SCRIPTSTRING_0442,ARAM'S KNIFE,
SCRIPTSTRING_0443,ANGRA'S EYE,
SCRIPTSTRING_0444,THOR'S HAMMER,
SCRIPTSTRING_0445,SWORD OF ZAR,
SCRIPTSTRING_0446,NOSPEN RING,
SCRIPTSTRING_0447,ALI'S CARPET,
SCRIPTSTRING_0448,TROLL RING,
SCRIPTSTRING_0449,DORK RING,
SCRIPTSTRING_0450,BARDSWORD,
SCRIPTSTRING_0451,SORCERSTAFF,
SCRIPTSTRING_0452,DAYBLADE,
SCRIPTSTRING_0453,SLAYER FIGURINE,
SCRIPTSTRING_0454,GIANT FIGURINE,
SCRIPTSTRING_0455,OGRE FIGURINE,
SCRIPTSTRING_0456,BULLDOZER FIGURINE,
SCRIPTSTRING_0457,BROTHERS FIGURINE,
SCRIPTSTRING_0458,DRAGON FIGURINE,
SCRIPTSTRING_0459,HERB FIGURINE,
SCRIPTSTRING_0460,MASTER MAGE FIGURINE,
SCRIPTSTRING_0461,VANQUISHER FIGURINE,
SCRIPTSTRING_0462,SARADON,
SCRIPTSTRING_0463,"""My memory fails me,"" he says.",
SCRIPTSTRING_0464,"""I have a more interesting tale than that"", the Sage starts to tell you about his amazing travels abroad.",
SCRIPTSTRING_0465,"""That is something better left unsaid"", the Sage whispers.",
SCRIPTSTRING_0466,"""Ah, yes"", the Sage says, ""therein lies a tale of great magnitude.""",
SCRIPTSTRING_0467,"""Get enough gold first,"" he says.",
SCRIPTSTRING_0468,"""Hidden beneath the city of Ephesus, the Tombs have been closed for centuries.\nSeek the entrance at the Temple of Darkness, in the city's center.""",
SCRIPTSTRING_0469,"""Fanskar is a deadly warrior-mage who tried once to claim the title of Destiny Knight and failed.\nHis castle is a well-guarded fortress, located south-west of Colosse.""",
SCRIPTSTRING_0470,"""Dargoth is a creature more animal than man. He is a Lemurian... a being from another realm. Dargoth's tower is hidden in the city of Philippi. Take care, friends, for he is death itself.""",
SCRIPTSTRING_0471,"""The Maze is said to be the home of the Graphnar Fist, a group of elite mercenaries who kill for both gold and pleasure. The Maze itself exists from ancient times. Seek it in Thessalonica.""",
SCRIPTSTRING_0472,"""In the city of Corinth is the Fortress of the mage Oscon, whose strength is legendary and whose skill surpasses even Mangar's. The Fortress was, in fact, once the keep of a prominent Caith noble - Count Waldec. Oscon was his sorcerer. When the Lestradae mercenaries invaded, Oscon turned coat, slew the count, aided Lagoth, and took power for himself. Only an item of KAZDEK will gain you entrance.""",
SCRIPTSTRING_0473,"""Ah, yes, Kazdek. The immortal one, as he is called, he is in fact a living statue. Seek him between Thessalonica and Colosse, with the word of his name.""",
SCRIPTSTRING_0474,"""Take care, my friends. None have left the Grey Crypt alive. Know you, however, that no magical spells will work therein.""",
SCRIPTSTRING_0475,"""A rock it is, in fact, yet much more. Ponder this, my friends: Never find and never fool, the last one drinks the poison pool, the first one reads the ancient tome, the third one breaks the double dome.""",
SCRIPTSTRING_0476,"""An evil genius is Lagoth, else he'd not have posed the threat to the Land that he has. Yet, an enemy to be respected, I think. His whereabouts are unknown, but I'd not be surprised to find him near.""",
SCRIPTSTRING_0477,"""The master of songs, the Scarlet Bard. He can be found singing songs in a tavern in Ephesus. He may be able to teach you a powerful song or two... for a price.""",
SCRIPTSTRING_0478,"""Ah, that one makes you lucky at avoiding bad spells, thrown weapons and dragon breath.""",
SCRIPTSTRING_0479,"""A ninja weapon, they do 16-64 points of damage and have a range of 60 feet.""",
SCRIPTSTRING_0480,"""The Mage Staff regenerates spell points and boosts the armor of the wielder.""",
SCRIPTSTRING_0481,"""A thief with that has an increased chance of hiding in shadows.""",
SCRIPTSTRING_0482,"""An ingenious device! If given to a monster ally, he is not likely to turn on you.""",
SCRIPTSTRING_0483,"""Ag's arrows do 24-96 points of damage and have a range of 90 feet.""",
SCRIPTSTRING_0484,"""Mithril arrows do 6-24 points of damage and have a range of 50 feet.""",
SCRIPTSTRING_0485,"""That ring casts a Safety Spell when you use it. Careful of that!""",
SCRIPTSTRING_0486,"""That ring protects the wearer from breath attacks. Most useful!""",
SCRIPTSTRING_0487,"""Ah, that one casts Wizard War when you use it.""",
SCRIPTSTRING_0488,"""Those boots aid you in running from fights. Not a very heroic item...""",
SCRIPTSTRING_0489,"""Zen Arrows... oh yes. They do 40-160 points of damage, to a range of 70 feet.""",
SCRIPTSTRING_0490,"""The Drums of Death cast a Death Strike spell on an opponent.""",
SCRIPTSTRING_0491,"""The Song Axe is a wondrous item which always returns to the thrower, and does 64-256 points of damage at a range of 80 feet.""",
SCRIPTSTRING_0492,"""That one makes a Wizard Wall appear.""",
SCRIPTSTRING_0493,"""Aram's Knife? Oh yes. 128-512 points of damage, thrown at any range. Not too shabby.""",
SCRIPTSTRING_0494,"""The Eye casts Batchspell, as needed.""",
SCRIPTSTRING_0495,"""Thor's Hammer does 32-128 points of damage at a range of 70 feet, and it always returns.""",
SCRIPTSTRING_0496,"""The Sword is rarely spoken of, but it is said to be throwable, up to 80 feet for 96-384 points of damage.""",
SCRIPTSTRING_0497,"""The Nospen... oh yes. It deactivates all spinners in dungeons. A handy item.""",
SCRIPTSTRING_0498,"""Ali's Carpet will leave you feeling like you are levitating forever. You will get good use out of this.""",
SCRIPTSTRING_0499,"""I almost forgot this existed. The Troll Ring will leave its wearer feeling healthier and healthier over time.""",
SCRIPTSTRING_0500,"""A very insightful ring. Use it for inner wisdom.""",
SCRIPTSTRING_0501,"""I have seen very few of these, but when I have, the bard who wielded it would never lose their voice... Strange... those bards.""",
SCRIPTSTRING_0502,"""The Sorcerstaff can destroy illusions in battle and stops more from being summoned. It can also identify those pesky doppelgangers.""",
SCRIPTSTRING_0503,"""The Dayblade deals 3-33 damage and is known for its ability to, in a lesser capacity, reveal the way.""",
SCRIPTSTRING_0504,"""When these drums are pounded, they cause an enemy to drop dead right in front of them.""",
SCRIPTSTRING_0505,"""This figurine contains the essence of a Slayer. When shattered an enormous slayer will stand beside you. He swings for 31-124 damage. His swing can often kill instantly.""",
SCRIPTSTRING_0506,"""This figurine contains the essence of a Storm Giant. When shattered, cracks of thunder reveal a Storm Giant with your party. He slams for 31-124 damage.""",
SCRIPTSTRING_0507,"""This figurine contains the essence of an Ogre. When shattered the gruesome ogre will fight beside you. It swings multiple times for 4-16 damage.""",
SCRIPTSTRING_0508,"""This figurine contains the essence of a Bulldozer. When shattered it will release the essence and form the mighty warrior himself. He swings for 16-64 damage.""",
SCRIPTSTRING_0509,"""This figurine contains the essence of the Kringle Brothers. When shattered multiple brothers appear to fight alongside you, enough to fill your party. They swing for 64-256 damage. They have a deadly breath and aren't afraid to use it.""",
SCRIPTSTRING_0510,"""This figurine contains the essence of a Blast Dragon. When shattered a Blast Dragon appears with a puff of smoke. It breathes on its foes and they don't often survive more than a single blow. It swings for 18-72 damage.""",
SCRIPTSTRING_0511,"""This figurine contains the essence of Herb. When shattered Herb comes to fight. Herb has the knowledge to cast: Storal's Soul Whip, and summon more herbs! He swings mightily for 32-128 damage.""",
SCRIPTSTRING_0512,"""This figurine contains the essence of a Master Mage. When shattered a destructive Master Mage will fight alongside you. They have the knowledge to cast: Prime Summoning, Oscon's Haltfoe, Fanskar's Night Lance and Mangar's Mallet.""",
SCRIPTSTRING_0513,"""This figurine contains the essence of a Vanquisher. When shattered it will release a Vanquisher to fight for you. It swings for 15-60 damage. Those unfortunate enough to survive the blow, are turned to stone.""",
SCRIPTSTRING_0514,"""A powerful mage who resides in Philippi. He is always sticking his nose into things he shouldn't...""",
SCRIPTSTRING_0515,Lagoth Zanta,
SCRIPTSTRING_0516,Lagoth Zanta!,
SCRIPTSTRING_0517,"""Welcome, my friends, to the home of Lagoth Zanta! You have been cunning, it is true, but your days have now come to an end. Your quest is through fools.\n\nPrepare to die.""",
SCRIPTSTRING_0518,"After an epic battle, the Destiny Knight hath slain Lagoth Zanta!",
SCRIPTSTRING_0519,"Well done!\nAt the death of Zanta the armies of the Realm muster and march to defeat the invading hordes, who will easily fall. The king himself enters the hut and salutes you.",
SCRIPTSTRING_0520,The King,
SCRIPTSTRING_0521,"""Oh mighty ones, I thank thee for thy service to the realm. May the All High bless thee and keep thee strong and prosperous. In my own little way, I give you all a little bonus.""",
SCRIPTSTRING_0522,"Congratulations, your quest is over. But a new one is bound to begin...",
SCRIPTSTRING_0523,"Just an empty hut now, since you have defeated Lagoth Zanta once and for all!",
SCRIPTSTRING_0524,Temple Of Narn,
SCRIPTSTRING_0525,Temple of Narn,
SCRIPTSTRING_0526,You stand inside the Temple of Narn. There is a large green altar before you.\n\nYou can:,
SCRIPTSTRING_0527,Approach the altar,
SCRIPTSTRING_0528,Exit,
SCRIPTSTRING_0529,"""Welcome, oh great Knight! Thy presence blesses us all! Stay and rest as long as you desire.""",
SCRIPTSTRING_0530,Nothing happened...,
SCRIPTSTRING_0531,... and yet not all things are complete.\nIt felt as if {0} was very close to great power.,
SCRIPTSTRING_0532,Something strange is happening to {0}...,
SCRIPTSTRING_0533,"{0} has become the One of Legend, known to all men as the Destiny Knight!\nPower courses through {1} as never felt before.\nThe full extent of {0}'s powers are as yet unknown...",
SCRIPTSTRING_0534,... but they appear to be incredible!\n\nIt was foretold that you shall receive power when the spirit has come upon you. You must now go and be a witness of this to all...\n\n,
SCRIPTSTRING_0535,Stone Man,
SCRIPTSTRING_0536,A Stone Man dwells here.,
SCRIPTSTRING_0537,"""Welcome, my friends,"" a stone man exclaims.\n""My home is, of course, your home. Stay as long as you like."" He falls asleep.\n\nYou can:",
SCRIPTSTRING_0538,Speak to him,
SCRIPTSTRING_0539,Exit the room,
SCRIPTSTRING_0540,What will you say?,
SCRIPTSTRING_0541,Kazdek,
SCRIPTSTRING_0542,He does not awake.,
SCRIPTSTRING_0543,Kazdek's Hut.,
SCRIPTSTRING_0544,"""You called?"" he says as he awakes.\n\n""Oh, you would like an item of mine."" He pulls something from the air. ""Take this."" He then vanishes.\n\n",
SCRIPTSTRING_0545,Kazdek gave us an item.,
SCRIPTSTRING_0546,"""Friends!"" Kazdek exclaims.\n""You have returned!""",
SCRIPTSTRING_0547,Speak to Kazdek,
SCRIPTSTRING_0548,"""What did you need friends?""",
SCRIPTSTRING_0549,Ask for another item,
SCRIPTSTRING_0550,Nevermind,
SCRIPTSTRING_0551,"""Another?...""",
SCRIPTSTRING_0552,"""But of course. Anything for friends.""\n\n",
SCRIPTSTRING_0553,Empty House,
SCRIPTSTRING_0554,Some dust remains from where the stone man was...,
SCRIPTSTRING_0555,Fanskar's Castle,
SCRIPTSTRING_0556,You stand in the entry to Fanskar's Castle. A door blocks your way to the main level.,
SCRIPTSTRING_0557,You stand in the entry to Fanskar's Castle. A stairway leads to the main level.\n\nYou can:,
SCRIPTSTRING_0558,Take the stairway,
SCRIPTSTRING_0559,Crypt,
SCRIPTSTRING_0560,An ancient crypt with a passage leading into darkness...,
SCRIPTSTRING_0561,You stand in the entry to an ancient crypt. A passage leads into the dark unknown.\n\nYou can:,
SCRIPTSTRING_0562,Take the passage,
SCRIPTSTRING_0563,Statue,
SCRIPTSTRING_0564,"A statue comes to life before you, and says:\n\n""Name this crypt to enter it.""",
SCRIPTSTRING_0565,GREY,
SCRIPTSTRING_0566,"""Wrong!""",
SCRIPTSTRING_0567,"A statue comes to life before you and gestures towards the entrance of the Grey Crypt.\n\n""The crypt awaits...""",
SCRIPTSTRING_0568,Saradon's Corpse,
SCRIPTSTRING_0569,"Saradon's corpse lies in front of you, surrounded by many other bodies...\n\nIt looks like he didn't go down without a fight.",
SCRIPTSTRING_0570,Inspect Saradon's corpse,
SCRIPTSTRING_0571,"Saradon's looted corpse lies in front of you, surrounded by many other bodies...\n\nIt looks like he didn't go down without a fight.",
SCRIPTSTRING_0572,You rummage through his robes...\n\n,
SCRIPTSTRING_0573,The land is charred around this hut...\n\nIt looks like a battle took place.,
SCRIPTSTRING_0574,You're at the city gates,
SCRIPTSTRING_0575,You're on Traveller street,
SCRIPTSTRING_0576,You're on Scimitar street,
SCRIPTSTRING_0577,You're on Claymore street,
SCRIPTSTRING_0578,You're on Denizen street,
SCRIPTSTRING_0579,You're on Battleaxe street,
SCRIPTSTRING_0580,You're on Lowshield street,
SCRIPTSTRING_0581,You're on Scepter street,
SCRIPTSTRING_0582,You're on Spunspell street,
SCRIPTSTRING_0583,You're on Bluesteel street,
SCRIPTSTRING_0584,Zandurae Inn,
SCRIPTSTRING_0585,Blacksmoke,
SCRIPTSTRING_0586,Foul Breath,
SCRIPTSTRING_0587,Vroom Temple,
SCRIPTSTRING_0588,Thieves Temple,
SCRIPTSTRING_0589,Brotherly Love,
SCRIPTSTRING_0589a,Fixer Temple,
SCRIPTSTRING_0590,The Bard's Tale Trilogy (Remastered)\n\nProduced by inXile Entertainment\nCEO Brian Fargo\n\nDeveloped by Krome Studios\nCEO Robert Walsh\n\nThe original program for the Apple II was written by Michael Cranford for Interplay Productions.\n\n,
SCRIPTSTRING_0591,"Krome Studios Credits\n\nJames Podesta, Perry Hart, Nic Lyness, Lindsay Parmenter, Kevin McGrath, Kelly Krenn, Ronald Marc, Kate Lulham, Jake Higgs, Peter Buck, Michael Fitzhywel, Damian Stewart, Kylie Halley, Andy Green, Steve Stamatiadis, Robert Walsh, Marcia Watson, George Stamatiadis, Andi Gotard",
SCRIPTSTRING_0592,The Bard's Tale Trilogy (Remastered)\n\nProduced by inXile Entertainment\nCEO Brian Fargo\n\nDeveloped by Krome Studios\nCEO Robert Walsh\n\nThe original program for the Apple II was written by Michael Cranford for Interplay Productions.\n,
SCRIPTSTRING_0593,"Krome Studios Credits\n\nJames Podesta, Perry Hart, Nic Lyness, Lindsay Parmenter, Kevin McGrath, Kelly Krenn, Ronald Marc, Kate Lulham, Jake Higgs, Peter Buck, Michael Fitzhywel, Damian Stewart, Andy Green, Steve Stamatiadis, Robert Walsh, Marcia Watson",
SCRIPTSTRING_0594,"inXile Entertainment Credits\n\nPRODUCTION COORDINATOR\nPaul Marzagalli\n\nADDITIONAL DESIGN WORK\nBrian DiDomenico, Paul Fish, Brandon Humphreys, Daniel Kim, Russell Krueger, Nathan Long, David Rogers, Eric Schwarz and Greg Underwood",
SCRIPTSTRING_0595,inXile Entertainment Credits\n\nTESTING\nDaniel Reid and the inXile Forums A-Team,
SCRIPTSTRING_0596,Kings Emissary,
SCRIPTSTRING_0597,"As you enter the guild, an old man approaches you.\n\n",
SCRIPTSTRING_0598,"""Welcome to Tangramayne, adventurers. Your visit is fortuitous as we have much need of noble warriors. Our streets are overrun with filthy scum, released upon us by a powerful Archmage, Lagoth Zanta.""",
SCRIPTSTRING_0599,"""Defeating him will not be easy, but I'm sure you will find the help you need in this guild.""\n\n",
SCRIPTSTRING_0600,"""When your party is ready, set out into the town, or indeed exit through the city gates and traverse the wilderness to the other five great towns in this region of Caith.""",
SCRIPTSTRING_0601,"""You'll find Garth's Shoppe not far to the south, where you can equip yourself for battle with a fine assortment of weapons and armor.""\n\n",
SCRIPTSTRING_0602,"""Stop by a temple when you are in need of healing, and Roscoe's Energy Emporium is always willing to exchange your gold for a quick spell recharge.""\n\n",
SCRIPTSTRING_0603,"""Your bards can wet their whistles if their voices get dry at one of our fine taverns, and if they want to learn some new songs, look around for a man known as the Scarlet Bard.\n\n",
SCRIPTSTRING_0604,"""While you're looking, feel free to drop in to one of our Casinos for a hand of BlackJack. Make sure to use our banks to keep your gold safe, you never know when you'll need to make a hasty exit from a dungeon.""",
SCRIPTSTRING_0605,"""Before I go, if you should come across the King's daughter, tell her the King wishes for her presence immediately. She was last seen here in Tangramayne, but I am unable to locate her.""\n\nAnd with that, the old man gives an anxious look and leaves the guild.",
SCRIPTSTRING_0606,You have stepped out into the town of Tangramayne for the first time. Would you like a quick tutorial on the game controls before you proceed?,
SCRIPTSTRING_0607,That is all... Now go seek the seven pieces of the Destiny Wand and defeat Lagoth Zanta!,
SCRIPTSTRING_0608,Magician to the King,
SCRIPTSTRING_0609,The Magician to the King stands by the entrance to the Dark Domain.,
SCRIPTSTRING_0610,"""Welcome adventurers.""\n\nThe Magician to the King stands before you.\n\n""I have a noble quest for you, if you'd hear the tale.""",
SCRIPTSTRING_0611,Listen to her,
SCRIPTSTRING_0612,"""The story is a tragic one. The daughter of Endor the Mighty, King of all the land, has been kidnapped by the Dark Lord, whose domain lies just under this chamber.""\n\n""I would rescue her myself, but the Dark Lord has laid a mighty spell upon his domain and I am barred from ever entering. You, however, can make it in.""",
SCRIPTSTRING_0613,"""If the princess is found and brought back here to me, I will grant each of you some additional experience points. And, of course, the King will be most pleased.\n\nTake care, and be sure to map every inch of the Dark One's domain. I'll be waiting here for you to return.""",
SCRIPTSTRING_0614,"The Magician to the King stands before you.\n\n""You've heard my tale adventurers. You know I am barred from going down there. It is up to you.""",
SCRIPTSTRING_0615,Listen to story again,
SCRIPTSTRING_0616,"""Greetings again, adventurers.""\n\nThe Magician to the King looks pleased to see you.",
SCRIPTSTRING_0617,Speak to her,
SCRIPTSTRING_0618,"""The princess and the King are most pleased with you. I can't ask any more of you, but you're more than welcome to go back down there...""",
SCRIPTSTRING_0619,"""Thou hast finished the quest!\nWell done, oh faithful adventurers.""\n\nThe Magician waves her hand over your group...\n\nAnd you feel much more experienced!",
SCRIPTSTRING_0620,"""Thou hast finished the quest!\nWell done, oh faithful adventurers.""",
SCRIPTSTRING_0621,"""She looks in a bad way. Thank you for bringing her, we'll take her to the temple and see what we can do.""\n\nThe Magician waves her hand over your group...\n\nAnd you feel much more experienced!""",
SCRIPTSTRING_0622,You're in the main plaza,
SCRIPTSTRING_0623,You're on Ybarra street,
SCRIPTSTRING_0624,You're on Brazen street,
SCRIPTSTRING_0625,You're on Bogster street,
SCRIPTSTRING_0626,You're on Corwin street,
SCRIPTSTRING_0627,You're on Gordon street,
SCRIPTSTRING_0628,You're on Flyblade street,
SCRIPTSTRING_0629,You're on Shortspell street,
SCRIPTSTRING_0630,You're on Mycroft street,
SCRIPTSTRING_0631,Zinskae Inn,
SCRIPTSTRING_0632,Bein Tavern,
SCRIPTSTRING_0633,Greysword Inn,
SCRIPTSTRING_0634,Temple of Rok,
SCRIPTSTRING_0635,One God,
SCRIPTSTRING_0636,The I AM,
SCRIPTSTRING_0637,Temple of Darkness.,
SCRIPTSTRING_0638,Temple of Darkness,
SCRIPTSTRING_0639,You stand within the Temple of Darkness.\n\nA passage leads down to what are probably some very ancient tombs...\n\nYou can:,
SCRIPTSTRING_0640,Take Passage,
SCRIPTSTRING_0641,You're following Jennello lane,
SCRIPTSTRING_0642,You're on Masterstroke street,
SCRIPTSTRING_0643,You're on Jade Fist street,
SCRIPTSTRING_0644,You're on Jabberwock street,
SCRIPTSTRING_0645,You're on Knollglen street,
SCRIPTSTRING_0646,You're on Crossblade street,
SCRIPTSTRING_0647,You're on Riposte street,
SCRIPTSTRING_0648,Warmonger Inn,
SCRIPTSTRING_0649,Ganzu Inn,
SCRIPTSTRING_0650,Redpoint Inn,
SCRIPTSTRING_0651,Millenium Inn,
SCRIPTSTRING_0652,1O1 Blessings,
SCRIPTSTRING_0653,1O2 Blessings,
SCRIPTSTRING_0654,The Mad god,
SCRIPTSTRING_0655,Shadow Temple,
SCRIPTSTRING_0656,You're at the gates leading to Saradon's House,
SCRIPTSTRING_0657,You're in Saradon's Courtyard,
SCRIPTSTRING_0658,Dargoth's Tower,
SCRIPTSTRING_0659,You stand in the entry to Dargoth's Tower.\n\nA stairway leads upwards into the darkness.\n\nYou can:,
SCRIPTSTRING_0660,Take Stairway,
SCRIPTSTRING_0661,You stand before Dargoth's Tower.\n\nThere are signs of a struggle. It looks like someone might have been dragged into the tower...,
SCRIPTSTRING_0662,You stand before a locked iron gate.,
SCRIPTSTRING_0663,You use the Master Key to open the gate.,
SCRIPTSTRING_0664,You stand before a locked iron gate.\n\nIt has an unusual shaped keyhole. It almost looks... stone shaped.,
SCRIPTSTRING_0665,"You place the WardStone you found on Saradon's corpse, within the shaped hole. The gate opens to let you pass.",
SCRIPTSTRING_0666,Saradon's House,
SCRIPTSTRING_0667,"You stand on the ground level of Saradon's house.\nA note on a table reads: \n\n""Adventurers, if you are reading this then I was unable to return to you and am surely dead... In my workshop upstairs you will find information crucial to your success. I have some modest magical measures protecting my workshop, but I'm sure they will be no match for you.""",
SCRIPTSTRING_0668,Ascend Stairs,
SCRIPTSTRING_0669,You stand in the upper level of Saradon's house.,
SCRIPTSTRING_0670,Check Bookshelf,
SCRIPTSTRING_0671,Search Notes,
SCRIPTSTRING_0672,Open Chest,
SCRIPTSTRING_0673,Read Scribbles,
SCRIPTSTRING_0674,Inspect Manual,
SCRIPTSTRING_0675,View Writings,
SCRIPTSTRING_0676,Descend Stairs,
SCRIPTSTRING_0677,You inspect the bookshelf but can't find anything worthwhile.,
SCRIPTSTRING_0678,You search the scattered notes throughout the house but can't find anything worthwhile.,
SCRIPTSTRING_0679,You open the chest but can't find anything worthwhile.,
SCRIPTSTRING_0680,You read the scribbles but can't decipher the words.,
SCRIPTSTRING_0681,You inspect the manual but can't find anything worthwhile.,
SCRIPTSTRING_0682,You search the writings for meaning and get vague clues about Longinus the Mad.,
SCRIPTSTRING_0683,You're on Twister street,
SCRIPTSTRING_0684,You're on Masonry street,
SCRIPTSTRING_0685,You're on Craggy street,
SCRIPTSTRING_0686,You're on Lower street,
SCRIPTSTRING_0687,You're on Stoney street,
SCRIPTSTRING_0688,Fun Rum Inn,
SCRIPTSTRING_0689,Orc-skinner,
SCRIPTSTRING_0690,Blue Buckler,
SCRIPTSTRING_0691,Crimson Bard,
SCRIPTSTRING_0692,Lazy Dragon,
SCRIPTSTRING_0693,Bogus Shrine,
SCRIPTSTRING_0694,Strange Mage,
SCRIPTSTRING_0695,A mage standing by a large stone.,
SCRIPTSTRING_0696,"A mage, standing by a large stone, blocks your way. He says:\n\n""Tell me two things you knuckleheads, to split the stone.""\n\n",
SCRIPTSTRING_0697,What is the first word?,
SCRIPTSTRING_0698,Freeze,
SCRIPTSTRING_0699,FREEZE\n\n,
SCRIPTSTRING_0700,And what is the second word?,
SCRIPTSTRING_0701,PLEASE,
SCRIPTSTRING_0702,FREEZE\nPLEASE,
SCRIPTSTRING_0703,"The mage makes a gesture and with a great cracking sound, the stone splits revealing a dark passage...",
SCRIPTSTRING_0704,Large Stone,
SCRIPTSTRING_0705,A large stone in the city square with a large crevice.,
SCRIPTSTRING_0706,"You stand before a large stone set in the city square. On one side is a crevice, leading into darkness. A mage stands beside the crevice, watching your actions but does not block your passage.\n\nYou can:",
SCRIPTSTRING_0707,Try the crevice,
SCRIPTSTRING_0708,Leave,
SCRIPTSTRING_0709,"""Seek the answer in the tombs, but don't return here until you finish the crypt.""\n\nThe mage disappears.",
SCRIPTSTRING_0710,Destiny Stone,
SCRIPTSTRING_0711,You're on Crafty street,
SCRIPTSTRING_0712,You're on Balk street,
SCRIPTSTRING_0713,You're on Far Archer street,
SCRIPTSTRING_0714,You're on Apollo street,
SCRIPTSTRING_0715,You're on Odin street,
SCRIPTSTRING_0716,You're on Mithril street,
SCRIPTSTRING_0717,You're on Mesmerizer street,
SCRIPTSTRING_0718,You're on Tapestry street,
SCRIPTSTRING_0719,Zen Tavern,
SCRIPTSTRING_0720,14 Miracles,
SCRIPTSTRING_0721,Cool Cleric,
SCRIPTSTRING_0722,Funky Friar,
SCRIPTSTRING_0723,Limbo Time,
SCRIPTSTRING_0724,Party Shrine,
SCRIPTSTRING_0725,Oscon's Fortress,
SCRIPTSTRING_0726,Oscons Fortress,
SCRIPTSTRING_0727,You stand in the entry to Oscon's Fortress.\n\nA stairway leads to the upper levels.\n\nYou can:,
SCRIPTSTRING_0728,You stand in the entry to Oscon's Fortress.\n\nYou see no entrance to the upper levels.,
SCRIPTSTRING_0729,You're on Trickster street,
SCRIPTSTRING_0730,You're on Malarky street,
SCRIPTSTRING_0731,You're on Crescent street,
SCRIPTSTRING_0732,You're on Zendar street,
SCRIPTSTRING_0733,You're on Bein street,
SCRIPTSTRING_0734,You're on Marakesh street,
SCRIPTSTRING_0735,Bone Breaker,
SCRIPTSTRING_0736,Crescent Kick,
SCRIPTSTRING_0737,Void Epee Inn,
SCRIPTSTRING_0738,15 Miracles,
SCRIPTSTRING_0739,Lone Disciple,
SCRIPTSTRING_0740,Manic Monk,
SCRIPTSTRING_0741,Maze Of Dread,
SCRIPTSTRING_0742,There are stairs leading down into the Maze of Dread.,
SCRIPTSTRING_0743,\n\nYou can:,
SCRIPTSTRING_0744,Take the stairs,
SCRIPTSTRING_0745,"A magic mouth appears and says:\n\n""Where steel is bright and blood runs red...\nWalk down the stairs to the maze of...""",
SCRIPTSTRING_0746,DREAD,
SCRIPTSTRING_0747,Dark Domain,
SCRIPTSTRING_0748,"A magic mouth on the wall shouts:\n\n""Turn back, adventurers - you are not the first and won't be the last to attempt to save the Princess!""",
SCRIPTSTRING_0749,"A magic mouth on the wall says:\n\n""Well, you've certainly lived up to my expectations... I'm sure the King will be most pleased with a dead princess...""",
SCRIPTSTRING_0750,"A magic mouth on the wall says:\n\n""The Princess! You rescued her! I was wrong...\n\nThis never happens...""",
SCRIPTSTRING_0751,Old Man,
SCRIPTSTRING_0752,"An old man appears and speaks to you, saying:\n\n""Below you now, thrice count the floors\nplay some light for the double doors.""\n\nHe then vanishes.",
SCRIPTSTRING_0753,In the room beyond the dark.\nLies the bite behind the bark.\nTo avoid a gruesome fate.\nLine your arrow true and straight.,
SCRIPTSTRING_0754,The door here looks as if something was trying to get out.\n,
SCRIPTSTRING_0755,Beware the creature that lies in the middle of darkness...\n,
SCRIPTSTRING_0756,"There are some scribblings on the wall.\n\n""The Princess lives...""\n",
SCRIPTSTRING_0757,The blood-stained wall shows that many battles have been fought here.\n,
SCRIPTSTRING_0758,"In areas unpassable, seek entrance by Phase Door to learn the secret of the double doors...",
SCRIPTSTRING_0759,A larged winged creature offers to join up with you.,
SCRIPTSTRING_0760,I think you're in trouble...,
SCRIPTSTRING_0761,"Scrawled on the wall is a message:\n\n""Mangar was here...""",
SCRIPTSTRING_0762,"A sign on the wall says:\n\n""MONSTER REFORMATORY""",
SCRIPTSTRING_0763,"A strange message is written on the wall:\n\n""SAMEN NGHOINT""",
SCRIPTSTRING_0764,One level down.\nMap wall and door.\nLook toward the corners.\nAnd read the four...,
SCRIPTSTRING_0765,"A voice whispers:\n\n""Ask the wise one of THE TOMBS.""",
SCRIPTSTRING_0766,Something odd!,
SCRIPTSTRING_0767,"A magic mouth on the wall speaks:\n\n""Speak the word to pass by:""",
SCRIPTSTRING_0768,PASS,
SCRIPTSTRING_0769,"""Correct!""",
SCRIPTSTRING_0770,"""You may pass.""",
SCRIPTSTRING_0771,"A magic mouth on the wall speaks:\n\n""Look at the spells of the Sorcerous kind; Who's the Master of the Mind?""",
SCRIPTSTRING_0772,MANGAR,
SCRIPTSTRING_0773,"""Well done! Your exit is granted.""",
SCRIPTSTRING_0774,"A magic mouth on the wall speaks:\n\n""You have returned. I will grant your exit again.""\n\nA faint but familiar sound is heard in the distance.",
SCRIPTSTRING_0775,Seek the four cornered letters.,
SCRIPTSTRING_0776,A sign says:\n\nStairs straight ahead.,
SCRIPTSTRING_0777,A corpse is here with a tombstone marked: Hotwind.,
SCRIPTSTRING_0778,The answer to the double doors lies hidden above.,
SCRIPTSTRING_0779,"A voice proclaims:\n\n""The winged one can traverse the gap.""",
SCRIPTSTRING_0780,Two huge double doors block your path to the north.,
SCRIPTSTRING_0781,Two huge double doors to the north open at the sound of the Watchwood Melody.,
SCRIPTSTRING_0782,Two huge double doors to the north open at the sound of the Seekers Ballad.,
SCRIPTSTRING_0783,"There is a chasm ahead, blocking any further progress.",
SCRIPTSTRING_0784,The Winged Creature carries you over the chasm which lies before you.,
SCRIPTSTRING_0785,There is a princess here. She really wants to be rescued.,
SCRIPTSTRING_0786,"You've entered the throne room of the Dark Lord. He doesn't sound pleased to see you.\n\n""Destroy these scum! he screams.""\n\nHis friends advance on you hungrily.",
SCRIPTSTRING_0787,A deep chasm can be seen to the north.\n\n,
SCRIPTSTRING_0788,The Tombs,
SCRIPTSTRING_0789,"""Greetings, mortals.\n\nThese tombs are a trap for the unwary. Take care you do not perish as a result of your carelessness...""",
SCRIPTSTRING_0790,"A magic mouth on the wall speaks to you saying this:\n\n""Things change, even unnoticed, and not always for the better.""",
SCRIPTSTRING_0791,Living Statue,
SCRIPTSTRING_0792,"A living statue stands before you saying:\n\n""Name the city -- P.......""",
SCRIPTSTRING_0793,PHILIPPI,
SCRIPTSTRING_0794,"""Wrong,"" he says, and vanishes.",
SCRIPTSTRING_0795,"""Know this then, the first Snare lies on the third level of the tombs.""\n\nHe suddenly vanishes.",
SCRIPTSTRING_0796,"A living statue stands before you saying:\n\n""The first Snare lies on the third level of the tombs.""\n\nHe suddenly vanishes.",
SCRIPTSTRING_0797,On the wall is etched this poem:\n\nThe Snare of Death right spins in whole...,
SCRIPTSTRING_0798,... as fire-ones feast on the dead man's soul...,
SCRIPTSTRING_0799,... yet savage words can cut the rock...,
SCRIPTSTRING_0800,... and feathers split the headsman's block.,
SCRIPTSTRING_0801,"On the wall, scrawled in blood, is this message:\n\n""Look, oh ye mighty, and despair. The tombs are not...""",
SCRIPTSTRING_0802,"A voice whispers:\n\n""After the toxic one, check yourselves for a special thing that appears common...""",
SCRIPTSTRING_0803,"A magic mouth appears and says:\n\n""If the spell of dreams you seek, five magic words you must speak.""",
SCRIPTSTRING_0804,An old Keymaster is here trying to sell me something.,
SCRIPTSTRING_0805,"An old man is here, and says to you:\n\n""I am the Keymaster, I have something to sell you for the low price of 50,000 gold pieces.""",
SCRIPTSTRING_0806,"""What say thee?""",
SCRIPTSTRING_0807,"Buy for 50,000 Gold Pieces",
SCRIPTSTRING_0808,"Bought a Master Key off the Keymaster for 50,000 gold pieces.",
SCRIPTSTRING_0809,"The test of time has lain to waste the power of the true wand. Only the One can save it, yet at a cost of losing his old life...",
SCRIPTSTRING_0810,You've entered the chambers of the Dead King.,
SCRIPTSTRING_0811,He doesn't look too pleased to see you.\n\nHe screams a curdling battle-cry and heads your way...,
SCRIPTSTRING_0812,Scratchings on the wall read:\n\nTrachaem's task was always reversed. This is the paradox.,
SCRIPTSTRING_0813,Scratchings on the wall read:\n\nThe great one knew success at all points. Defeat was never etched on his destiny.,
SCRIPTSTRING_0814,"Scratchings on the wall read:\n\nHe was told to burn, and in that paradox knew a multitude of solutions.",
SCRIPTSTRING_0815,"Scratchings on the wall read:\n\nThe great T had, at the end of things, to beg, with a kind word.",
SCRIPTSTRING_0816,"Scratchings on the wall read:\n\nThe strange mage wants two words: What Tr. did, in answer to the paradox, and what word he said at the end of things.",
SCRIPTSTRING_0817,"An old man (doing a fireball trick) wearing a garment of pure gold says:\n\n""The Name of it is the staff of:""",
SCRIPTSTRING_0818,OLD,
SCRIPTSTRING_0819,"""Wrong,"" he says and vanishes.",
SCRIPTSTRING_0820,"""Correct. I will say this then: Go to the Sage, in the wilderness, and ask him of FANSKAR.\nHe will charge you a price, but the information will be valuable.""\n\nHe suddenly disappears...",
SCRIPTSTRING_0821,"""You again... You know the name of the staff. I shall let you pass.""",
SCRIPTSTRING_0822,Snare #1,
SCRIPTSTRING_0823,Death Snare #1,
SCRIPTSTRING_0824,"A cloudy face appears, and says:\n\n""Your time draws to a close, mortals. Show the answer to me, or perish.""",
SCRIPTSTRING_0825,You cannot lead in darkness...,
SCRIPTSTRING_0826,You are not whole...,
SCRIPTSTRING_0827,Only a leader can show the way...,
SCRIPTSTRING_0828,"A cloudy face appears, and says:\n\n""Very impressive. Your way lies clear, for the time being. But my time will come...""",
SCRIPTSTRING_0829,We Conquered The Tombs Snare.,
SCRIPTSTRING_0830,Old Warrior,
SCRIPTSTRING_0831,There is an Old Warrior here.,
SCRIPTSTRING_0832,Toxic Giant,
SCRIPTSTRING_0833,There is a Toxic Giant here.,
SCRIPTSTRING_0834,Allow it to join,
SCRIPTSTRING_0835,Fight,
SCRIPTSTRING_0836,He's not interested.,
SCRIPTSTRING_0837,"Since you are already sick, you tear into the toxic giant's body and pull out... A Torch!\n\n",
SCRIPTSTRING_0838,Found a 'Torch!' in the body of a Toxic Giant,
SCRIPTSTRING_0839,There is a fountain here full of foul water.,
SCRIPTSTRING_0840,"There is a fountain here, full of foul water. Who will drink?",
SCRIPTSTRING_0841,Don't drink,
SCRIPTSTRING_0842,Drinking the water gave us poison.,
SCRIPTSTRING_0843,There is a segment to The Scepter here.\n\n,
SCRIPTSTRING_0844,Found 'Wand Segment 1'.,
SCRIPTSTRING_0845,"You see some words etched on the wall:\n\nAge before all others, when time is short. For the last must be first.",
SCRIPTSTRING_0846,"On the wall (scrawled in old blood) is:\n\nPick yer poison, boys.",
SCRIPTSTRING_0847,Etched on the wall are these words:\n\nA party of sick people might escape where the healthy fail.,
SCRIPTSTRING_0848,Etched in the wall is this rhyme:\n\nThe won flame in ancient grip\nmight cause the cloudy one to slip...,
SCRIPTSTRING_0849,It seems drinking all this poison subdued the voice.,
SCRIPTSTRING_0850,"My goodness, you look thirsty!",
SCRIPTSTRING_0851,"Think quickly, mortals. Contrariness is often the key.",
SCRIPTSTRING_0852,"A voice says,\n\n""And the old shall lead the way.""",
SCRIPTSTRING_0853,"On the wall is written:\n\nThe staff of Old once lost, once sold.\nName it to he of purest gold.",
SCRIPTSTRING_0854,Death Angel,
SCRIPTSTRING_0855,The party has expired...\n\nBetter luck next time adventurers.,
SCRIPTSTRING_0856,The Castle,
SCRIPTSTRING_0857,Fanskar's Bodyguard,
SCRIPTSTRING_0858,You've entered the quarters of Fanskar's bodyguard. His grotesque form launches itself at you without fear.,
SCRIPTSTRING_0859,Time to die.,
SCRIPTSTRING_0860,"A magic mouth on the wall speaks to you saying this:\n\n""Ponder this:\nThe white shall lie, and in this knowledge reflects your only answer.""",
SCRIPTSTRING_0861,Fanskar,
SCRIPTSTRING_0862,"You've entered the living chambers of Fanskar himself. He and a friend are rather surprised to see you.\n\n""Kill them!"" Fanskar screams.",
SCRIPTSTRING_0863,Found 'Wand Segment 2'.,
SCRIPTSTRING_0864,"As you enter the room a fiery cavalcade assaults your mortal forms, destroying you instantly.",
SCRIPTSTRING_0865,"Some wandering adventurers find your ashes though, and return them to the Guild.",
SCRIPTSTRING_0866,Black Coated Old Man,
SCRIPTSTRING_0867,"An old man in a black cloak says: ""The door on the right leads to safety.""\n\nHe then vanishes.",
SCRIPTSTRING_0868,White Coated Old Man,
SCRIPTSTRING_0869,"An old man in a white cloak says: ""The black-cloaked one speaks the truth.""\n\nHe then vanishes.",
SCRIPTSTRING_0870,Your light illuminates the dingy walls of Fanskar's Castle. You hear voices in the distance.,
SCRIPTSTRING_0871,"Scrawled on the wall is this message:\n\nFar right and left is hazardous, when time runs short, yet in the far corners is knowledge...",
SCRIPTSTRING_0872,"A voice says:\n\n""Fanskar guards the Death Snare with his very life.""",
SCRIPTSTRING_0873,A sign reads:\n\nGuards' Quarters -- women please wait in the hall.,
SCRIPTSTRING_0874,A plaque reads:\n\nFanskar's Quarters,
SCRIPTSTRING_0875,Ask the Wise of DARGOTH!,
SCRIPTSTRING_0876,"A magic mouth appears and says:\n\n""To the worthy I reveal, a dream to mend, a dream to HEAL.""",
SCRIPTSTRING_0877,Snare #2,
SCRIPTSTRING_0878,Death Snare #2,
SCRIPTSTRING_0879,"A voice says:\n\n""Welcome, mortals! Choose one of three doors, but only one leads to the segment. The other two bring instant death...""",
SCRIPTSTRING_0880,"A voice says:\n\n""You have succeeded again, mortals...""",
SCRIPTSTRING_0881,"A voice whispers,\n\n""This room is unfair,\nBut do not despair,\nWe have cleared a pair,\nBecause we care.""",
SCRIPTSTRING_0882,"A voice whispers,\n\n""This room is unfair,\nDo not go in there,\nBut if you should dare,\nScry with care.""",
SCRIPTSTRING_0883,"A magic mouth on the wall speaks to you saying this:\n\n""Answer this, foolish ones: Is it better to:""",
SCRIPTSTRING_0884,Burn out,
SCRIPTSTRING_0885,Fade away,
SCRIPTSTRING_0886,"""Then do so!""",
SCRIPTSTRING_0887,"A voice whispers:\n\n""There's more to the picture... Than meets the eye.""",
SCRIPTSTRING_0888,"A magic mouth on the wall speaks to you saying this:\n\n""What truly counts is rarely said; Ask the wise of the Maze of Dread.""",
SCRIPTSTRING_0889,Scrawled on the wall is a message:\n\nFrequency is the ultimate key.,
SCRIPTSTRING_0890,"A voice says:\n\n""Seek the Zen Master.""",
SCRIPTSTRING_0891,The ground is slippery here.,
SCRIPTSTRING_0892,I think you're lost.,
SCRIPTSTRING_0893,Something odd!,
SCRIPTSTRING_0894,There are 7 statues here.,
SCRIPTSTRING_0895,There are 7 statues here. Which one will you examine?,
SCRIPTSTRING_0896,Man-Rock,
SCRIPTSTRING_0897,Blockhead,
SCRIPTSTRING_0898,The Block Jock,
SCRIPTSTRING_0899,Golem,
SCRIPTSTRING_0900,Rock n' Roller,
SCRIPTSTRING_0901,Stonefist,
SCRIPTSTRING_0902,Dick the Brick,
SCRIPTSTRING_0903,Examined 'Man-Rock' statue.,
SCRIPTSTRING_0904,Examined 'Blockhead' statue.,
SCRIPTSTRING_0905,Examined 'The Block Jock' statue.,
SCRIPTSTRING_0906,Examined 'Golem' statue.,
SCRIPTSTRING_0907,Examined 'Rock n' Roller' statue.,
SCRIPTSTRING_0908,Examined 'Stonefist' statue.,
SCRIPTSTRING_0909,Examined 'Dick the Brick' statue.,
SCRIPTSTRING_0910,Fought 'Man-Rock' statue.,
SCRIPTSTRING_0911,Fought 'Blockhead' statue.,
SCRIPTSTRING_0912,Fought 'The Block Jock' statue.,
SCRIPTSTRING_0913,Fought 'Golem' statue.,
SCRIPTSTRING_0914,Fought 'Rock n' Roller' statue.,
SCRIPTSTRING_0915,Fought 'Stonefist' statue.,
SCRIPTSTRING_0916,Fought 'Dick the Brick' statue.,
SCRIPTSTRING_0917,On the wall is a message in blood:\n\nThe Death Snare is not on the first three levels of the tower.,
SCRIPTSTRING_0918,On the wall is etched this poem:\n\nIn darkest calm he stalks the men.\n\nWho seek the wand and read the ten.\n\nHis cry is called but none knows when.,
SCRIPTSTRING_0919,Keep the faith.,
SCRIPTSTRING_0920,"A voice says:\n\n""The Sword of Zar can only be drawn by one who has faced the Battletest.""",
SCRIPTSTRING_0921,Where are you going?,
SCRIPTSTRING_0922,You're heading the wrong way!,
SCRIPTSTRING_0923,"A voice says:\n\n""Cryptic origins are typified in the unnatural scheme...""",
SCRIPTSTRING_0924,You see nothing special.,
SCRIPTSTRING_0925,"A magic mouth on the wall speaks to you saying this:\n\n""Speak the three, in sequence:""",
SCRIPTSTRING_0926,Earth,
SCRIPTSTRING_0927,Compassed,
SCRIPTSTRING_0928,Earth\nCompassed,
SCRIPTSTRING_0929,Fountain,
SCRIPTSTRING_0930,Earth\nCompassed\nFountain,
SCRIPTSTRING_0931,"""Correct. Your portal to the next level is now operational.""",
SCRIPTSTRING_0932,"A magic mouth on the wall speaks to you:\n\n""The three in sequence is known. I shall re-activate the portal to the next level.""",
SCRIPTSTRING_0933,"A magic mouth on the wall speaks to you saying this:\n\n""In the lands within, and the traps between, what was secret once -- now cannot be seen!""",
SCRIPTSTRING_0934,"A voice says:\n\n""Three words of wisdom must be found, or else stay closer to the ground!""",
SCRIPTSTRING_0935,"A voice says:\n\n""The first says dwell, the second hell, the third of wisdom it will tell.""",
SCRIPTSTRING_0936,"A voice says:\n\n""From the first take the last, fifth from the second, and eighth from the third.""",
SCRIPTSTRING_0937,"A voice says:\n\n""The sorrows of hell compassed me about; the snares of death prevented me.""",
SCRIPTSTRING_0938,"A voice says:\n\n""The law of the wise is a fountain of life, to depart from the snares of death.""",
SCRIPTSTRING_0939,"A voice says:\n\n""For as a snare shall it come on all them that dwell on the face of the whole earth.""",
SCRIPTSTRING_0940,"A magic mouth appears and says:\n\n""Illusions cunning and corrupt, a dream can shatter and DISRUPT.""",
SCRIPTSTRING_0941,"A magic mouth on the wall speaks to you saying this:\n\n""First five here, next five above. The fifth, of course, cannot be love.""",
SCRIPTSTRING_0942,"On the wall is written this note:\n\nNot everything has two sides. Take care, friends.",
SCRIPTSTRING_0943,"On the wall is written this:\n\nAnd this, the first, it quencheth thirst.",
SCRIPTSTRING_0944,"On the wall is etched:\n\nFor three, you see, cannot be free.",
SCRIPTSTRING_0945,On the wall is written this note:\n\nTo him give four... he'll not be poor!,
SCRIPTSTRING_0946,On the wall is printed:\n\nAnd number two is never true.,
SCRIPTSTRING_0947,"A voice yells:\n\n""Get out!""",
SCRIPTSTRING_0948,Stasis Chamber 00,
SCRIPTSTRING_0949,"A voice yells:\n\n""I shall kick you out then!""",
SCRIPTSTRING_0950,Stasis Chamber 01,
SCRIPTSTRING_0951,Stasis Chamber 02,
SCRIPTSTRING_0952,Stasis Chamber 03,
SCRIPTSTRING_0953,Stasis Chamber 04,
SCRIPTSTRING_0954,Stasis Chamber 05,
SCRIPTSTRING_0955,Stasis Chamber 06,
SCRIPTSTRING_0956,"Don't look now, but you've walked in on Dargoth and a few of his close friends. Dargoth doesn't have much patience with humans.",
SCRIPTSTRING_0957,Death Snare #3,
SCRIPTSTRING_0958,"A voice says:\n\n""Thou hast bested me again, oh meagre ones. But I await thy coming, shouldst thou live that long!""",
SCRIPTSTRING_0959,Found 'Wand Segment 3'.,
SCRIPTSTRING_0960,A Magic Mouth said:,
SCRIPTSTRING_0961,The secret is hidden in the Dreamspell.,
SCRIPTSTRING_0962,"A magic mouth on the wall speaks to you saying this:\n\n""The secret is hidden in the Dreamspell.""",
SCRIPTSTRING_0963,The Snare of Death can be beaten by the mage.,
SCRIPTSTRING_0964,"A magic mouth on the wall speaks to you saying this:\n\n""The Snare of Death can be beaten by the mage.""",
SCRIPTSTRING_0965,"Turn right at the joke, then right, then forward, then left twice, ahead twice, right, then left.",
SCRIPTSTRING_0966,"A magic mouth on the wall speaks to you saying this:\n\n""Turn right at the joke, then right, then forward, then left twice, ahead twice, right, then left.""",
SCRIPTSTRING_0967,"Drop all your items, or you are lost.",
SCRIPTSTRING_0968,"A magic mouth on the wall speaks to you saying this:\n\n""Drop all your items, or you are lost.""",
SCRIPTSTRING_0969,"Cry havok, and let slip the dogs of war.",
SCRIPTSTRING_0970,"A magic mouth on the wall speaks to you saying this:\n\n""Cry havok, and let slip the dogs of war.""",
SCRIPTSTRING_0971,"Kill off all your spellcasters, and you'll be saved.",
SCRIPTSTRING_0972,"A magic mouth on the wall speaks to you saying this:\n\n""Kill off all your spellcasters, and you'll be saved.""",
SCRIPTSTRING_0973,"A statue, standing before you, comes to life and says:\n\n""Give me your battle-cry, or die.""",
SCRIPTSTRING_0974,Havok,
SCRIPTSTRING_0975,"""Correct. I give you a small token of my esteem.""\nHe suddenly disappears.\n\n",
SCRIPTSTRING_0976,Found 'Dagger!.,
SCRIPTSTRING_0977,"""Wrong."" he says, and disappears.",
SCRIPTSTRING_0978,"A voice proclaims:\n\n""Do not bother me without having the token!""",
SCRIPTSTRING_0979,"A voice proclaims.\n""Look at the wall.""",
SCRIPTSTRING_0980,Mage,
SCRIPTSTRING_0981,"A mage appears saying:\n\n""The room maze leads to salvation.""\nHe then disappears.",
SCRIPTSTRING_0982,"You find a table with a letter on it...\n\n""We can agree our goals are accordant. An alliance between our forces would be advantageous to both our desires. I will abide in the south while I await your decision.""\n\nLagoth Zanta",
SCRIPTSTRING_0983,A voice is heard laughing.,
SCRIPTSTRING_0984,"A voice says:\n""Words of wisdom are great in value. Hearing them 3, or even 5 times can truly give them worth.""",
SCRIPTSTRING_0985,"A voice says, ""Without pain can come no success.""",
SCRIPTSTRING_0986,Snare #3,
SCRIPTSTRING_0987,"A voice says, ""Welcome, foolish mortals. Time runs short...""",
SCRIPTSTRING_0988,On the wall is:\n\nSix we know will try to crow.,
SCRIPTSTRING_0989,On the wall is etched:\n\nFor seven and eight reverse tiny and late.,
SCRIPTSTRING_0990,On the wall you see:\n\nNumber 9 likes his favorite wine.,
SCRIPTSTRING_0991,"On the wall is written:\n\nThe last, you see, is number ten; they cannot be called manly men.",
SCRIPTSTRING_0992,"""Speak the ten in sequence and find the Death Snare:""",
SCRIPTSTRING_0993,Water,
SCRIPTSTRING_0994,Lie,
SCRIPTSTRING_0995,Water\nLie,
SCRIPTSTRING_0996,Slave,
SCRIPTSTRING_0997,Water\nLie\nSlave,
SCRIPTSTRING_0998,Gold,
SCRIPTSTRING_0999,Water\nLie\nSlave\nGold,
SCRIPTSTRING_1000,Hate,
SCRIPTSTRING_1001,Water\nLie\nSlave\nGold\nHate,
SCRIPTSTRING_1002,Rooster,
SCRIPTSTRING_1003,Water\nLie\nSlave\nGold\nHate\nRooster,
SCRIPTSTRING_1004,Large,
SCRIPTSTRING_1005,Water\nLie\nSlave\nGold\nHate\nRooster\nLarge,
SCRIPTSTRING_1006,Early,
SCRIPTSTRING_1007,Water\nLie\nSlave\nGold\nHate\nRooster\nLarge\nEarly,
SCRIPTSTRING_1008,Bard,
SCRIPTSTRING_1009,Water\nLie\nSlave\nGold\nHate\nRooster\nLarge\nEarly\nBard,
SCRIPTSTRING_1010,Women,
SCRIPTSTRING_1011,Water\nLie\nSlave\nGold\nHate\nRooster\nLarge\nEarly\nBard\nWomen,
SCRIPTSTRING_1012,"""You're being teleported...""",
SCRIPTSTRING_1013,"""You have already spoken the ten in sequence. The Death Snare awaits.""",
SCRIPTSTRING_1014,"""You blew it!""",
SCRIPTSTRING_1015,Maze of Dread,
SCRIPTSTRING_1016,A room with three buttons.,
SCRIPTSTRING_1017,"You stand in a 10' x 10' room on level 1, with three buttons on the wall.\n\nYou can:",
SCRIPTSTRING_1018,1) Press button 1,
SCRIPTSTRING_1019,2) Press button 2,
SCRIPTSTRING_1020,3) Press button 3,
SCRIPTSTRING_1018_JOY,Press button 1,
SCRIPTSTRING_1019_JOY,Press button 2,
SCRIPTSTRING_1020_JOY,Press button 3,
SCRIPTSTRING_1021,The dank corridors of this sinister maze have been tunneled from raw earth and lined with crumbling flagstones. It doesn't look like a safe place.,
SCRIPTSTRING_1022,"On the wall is written:\n\nTwas blue, the one that never knew.",
SCRIPTSTRING_1023,"On the wall is written:\n\nYes brown, as was the mighty crown.",
SCRIPTSTRING_1024,"On the wall is written:\n\nTry green, the one who lies unseen.",
SCRIPTSTRING_1025,On the wall is written:\n\nAs black as coalfoot's longest track.,
SCRIPTSTRING_1026,"On the wall is written:\n\nNot white, while you can stand and fight.",
SCRIPTSTRING_1027,On the wall is written:\n\nAs yellow as the great one's bellow.,
SCRIPTSTRING_1028,"You stand in a 10' x 10' room on level 2, with three buttons on the wall.\n\nYou can:",
SCRIPTSTRING_1029,Riddler,
SCRIPTSTRING_1030,"A man appears in a puff of smoke, and speaks to you:\n\n""Blue, red, green, brown, black, white, yellow; Colors cast in the artist's pot, name the false while canst be caught...""",
SCRIPTSTRING_1031,Der,
SCRIPTSTRING_1032,"""Sorry!"" He mumbles, and then disappears.",
SCRIPTSTRING_1033,"""Correct!"" He exclaims.",
SCRIPTSTRING_1034,The Riddler suddenly disappears.,
SCRIPTSTRING_1035,"""You have defeated the Battletest I see...""\n\n""For your efforts, take this.""\n\n",
SCRIPTSTRING_1036,"For completing the 'Battletest', the Riddler awarded the 'Sword of Zar'.",
SCRIPTSTRING_1037,"The Riddler suddenly appears in a puff of smoke again.\n\n""Adventurers, I am not here to quiz you.""",
SCRIPTSTRING_1038,"""I noticed you were missing the Battletest trophy. Don't misplace it again...""\n""Go on... Take it...""\n\n",
SCRIPTSTRING_1039,No sign of the Riddler.,
SCRIPTSTRING_1040,On the wall is written:\n\nThe Riddler's clues lie on the entry level.,
SCRIPTSTRING_1041,"A whispering voice says,\n""The Sword of Zar lies below.""",
SCRIPTSTRING_1042,Etched in the wall is this message:\n\nThe thirst brings an even score of jaunts.,
SCRIPTSTRING_1043,"Seek the Zen Master, friends!",
SCRIPTSTRING_1044,On the wall is etched this message:\n\nTime is short on the Snare... take care!,
SCRIPTSTRING_1045,"A voice says,\n""Ask him of Oscon, he who knows many things.""",
SCRIPTSTRING_1046,"On the wall, written in blood, is:\n\nThe Riddler seeks a word, but he'll only understand it backwards.",
SCRIPTSTRING_1047,The Graphnar Lord is magic-proof.,
SCRIPTSTRING_1048,"A magic mouth appears and says:\n\n""Though enemies wear plate and sallet, a dream can crush them like a MALLET.""",
SCRIPTSTRING_1049,"You stand in a 10' x 10' room on level 3, with three buttons on the wall.\n\nYou can:",
SCRIPTSTRING_1050,Graphnar Lord,
SCRIPTSTRING_1051,"You just walked into the meeting room, and before you stands the Lord of Graphnar mercenaries and his personal guard.\n\n""You're not my men,"" he shouts.\n""Put them to death!""",
SCRIPTSTRING_1052,Snare #4,
SCRIPTSTRING_1053,Death Snare #4,
SCRIPTSTRING_1054,"A voice says:\n\n""Greetings again, ye potential corpses. Even as you listen to me your time grows short...""",
SCRIPTSTRING_1055,Arms Master,
SCRIPTSTRING_1056,This is the weapons school. Before you is the Arms Master of the Graphnar Fist and twelve of his pupils.,
SCRIPTSTRING_1057,"""Intruders!"" he calls out.\n\n""Here's your chance, boys... Have at'em!""",
SCRIPTSTRING_1058,"A man appears before you, saying:\n\n""I am the Master Alchemist. Take my gift and leave me be.""\nHe then disappears.\n\n",
SCRIPTSTRING_1059,A Master Alchemist gave out a 'Vial'.,
SCRIPTSTRING_1060,"A voice says:\n\n""Keep the faith, kid.""",
SCRIPTSTRING_1061,"A magic mouth on the wall speaks to you saying this:\n\n""Say to me the value of rote actions.""",
SCRIPTSTRING_1062,ENDURABLE,
SCRIPTSTRING_1063,"""You are an endurable bunch after all...""",
SCRIPTSTRING_1064,"""Sorry!"" it says.\n""I'm thirsty,"" whines the mouth.",
SCRIPTSTRING_1065,"""\nSorry!"" it says.\n\nIt takes a vial from the party.\n\n""Get me another!"" it screams.",
SCRIPTSTRING_1066,"""Correct!"" it exclaims.",
SCRIPTSTRING_1067,"""You can't possibly know that...""",
SCRIPTSTRING_1068,"A voice says:\n\n""Once again thou hast defeated my Snare. And yet, you see, you're but halfway there!""\n\n""Proceed, small ones, and meet my dare...""",
SCRIPTSTRING_1069,Found 'Wand Segment 4'.,
SCRIPTSTRING_1070,"A sign proclaims:\n\nINTRUDERS -- Know that you trespass on the grounds of the Graphnar Fist. Leave, or die.",
SCRIPTSTRING_1071,A sign reads:\n\nTraining center... Weapons and Stealth,
SCRIPTSTRING_1072,A sign reads:\n\nTroop Barracks (A) -- Archers,
SCRIPTSTRING_1073,A sign reads:\n\nTroop Barracks (B) -- Swordsmen,
SCRIPTSTRING_1074,A sign proclaims:\n\nCAUTION! Officers allowed to pass here with permits ONLY. (Absolutely NO MAGES allowed ahead!),
SCRIPTSTRING_1075,"A voice says:\n\n""Though seeming of little value, repetitiveness is definitely Endurable. At least up to five times... Then it just becomes insanity.""",
SCRIPTSTRING_1076,On the wall here is written:\n\nFor every need there is a satiation.,
SCRIPTSTRING_1077,DANGER: Troops beware! Ahead lies the real-time Puzzle-Snare. Proceed at thy own risk.,
SCRIPTSTRING_1078,Oscon's Fort,
SCRIPTSTRING_1079,"A magic mouth says:\n\n""The fortress of Oscon challenges all who brave its chambers. But its tripwires are treacherous; if you should hit one, and the message TRIPWIRE! appears;",
SCRIPTSTRING_1080,"You have but scant moments to continue through the passage you are in, or you will die. Turning back at that point will ensure your deaths -- you must head forward...\n\nGood luck.""",
SCRIPTSTRING_1081,"A magic mouth on the wall speaks to you saying this:\nPits of ....""",
SCRIPTSTRING_1082,Fire,
SCRIPTSTRING_1083,"""The land of ...""",
SCRIPTSTRING_1084,"A magic mouth on the wall speaks to you saying this:\n""Pits of Fire.""\n""The land of .....""",
SCRIPTSTRING_1085,Krill,
SCRIPTSTRING_1086,"""Sword of ...""",
SCRIPTSTRING_1087,"A magic mouth on the wall speaks to you saying this:\n""Pits of Fire.""\n""The land of Krill.""\n""Sword of .......""",
SCRIPTSTRING_1088,Silence,
SCRIPTSTRING_1089,"""... and the word is still...""",
SCRIPTSTRING_1090,"A magic mouth on the wall speaks to you saying this:\n""Pits of Fire.""\n""The land of Krill.""\n""Sword of Silence.""\n""And the word is still.""",
SCRIPTSTRING_1091,"A magic mouth on the wall speaks to you saying this:\n""Pits of Fire.""\n""The land of Krill.""\n""Sword of Silence.""\n""The word remains still.""",
SCRIPTSTRING_1092,A faint but familiar sound can be heard in the distance.,
SCRIPTSTRING_1093,"A magic mouth on the wall speaks to you saying this:\n\n""Seek the master of the zen, whose might was caught by Zanta's men.""",
SCRIPTSTRING_1094,On the wall is written this poem:\nIn caverns deep near pits of fire\nThe Agron creep and do conspire.,
SCRIPTSTRING_1095,On the wall is written this poem:\nOf battles fought in the land of Krill\nSing bards without a ghostly will.,
SCRIPTSTRING_1096,On the wall is written this poem:\nSword of silence axe of hate\nDeath arrow's path is always straight.,
SCRIPTSTRING_1097,"A voice whispers, ""The Zen Master cometh!""",
SCRIPTSTRING_1098,"A magic mouth on the wall speaks to you saying this:\n\n""The six you need in directional order, as is spoken of, but you must bond them into a single word.""",
SCRIPTSTRING_1099,Trip Wire,
SCRIPTSTRING_1100,TRIPWIRE! You have mere moments to get to the other end of the passage.,
SCRIPTSTRING_1101,OSCON'S MIRROR ROOM,
SCRIPTSTRING_1102,The party was killed by a Tripwire...\n\nBetter luck next time adventurers.,
SCRIPTSTRING_1103,"A magic mouth on the wall speaks to you saying this:\n\n""To leave and rise, then seek 6 lies:\nFirst the 3 west then the 3 east, from north to south -- to be released!""",
SCRIPTSTRING_1104,"An old man stands before you, saying,\n""Give me the name of the last Destroyer.""",
SCRIPTSTRING_1105,Answer him,
SCRIPTSTRING_1106,Fight him,
SCRIPTSTRING_1107,Walk Away,
SCRIPTSTRING_1108,"""The answer is?""",
SCRIPTSTRING_1109,DERVAK,
SCRIPTSTRING_1110,"""Wrong!"" The old man says.",
SCRIPTSTRING_1111,"""Yes!"" He screams insanely!",
SCRIPTSTRING_1112,The old man starts laughing.,
SCRIPTSTRING_1113,"""You know the name...""\n\n""Now face it!"" he screams maniacally.",
SCRIPTSTRING_1114,On the wall is etched this message:\n\nOnly 4 men can solve the Snare above.,
SCRIPTSTRING_1115,"A voice whispers,\n""Bond them into the Last one's name!""",
SCRIPTSTRING_1116,D,
SCRIPTSTRING_1117,E,
SCRIPTSTRING_1118,R,
SCRIPTSTRING_1119,V,
SCRIPTSTRING_1120,A,
SCRIPTSTRING_1121,K,
SCRIPTSTRING_1122,"A magic mouth appears and says:\n\n""Sword or mace or axe or pike, dream a dream to gain a STRIKE.""",
SCRIPTSTRING_1123,TRIPWIRE!,
SCRIPTSTRING_1124,OSCON'S FUNHOUSE,
SCRIPTSTRING_1125,"A magic mouth on the wall speaks to you saying this:\n""Say it to ascend:""",
SCRIPTSTRING_1126,STILL,
SCRIPTSTRING_1127,"""Correct. Your way is assured.""",
SCRIPTSTRING_1128,"""The word remains... Your way is assured, yet again.""",
SCRIPTSTRING_1129,You hear a faint but familiar sound in the near distance.,
SCRIPTSTRING_1130,On the wall is written:\n\nSay the Word to ascend...,
SCRIPTSTRING_1131,A sign reads:\n\nThe step into the unknown.,
SCRIPTSTRING_1132,"A voice says:\n\n""The Zen Master needs no introduction.""",
SCRIPTSTRING_1133,"On the wall is written:\n\nIn Skara Brae did Mangar reside, yet his brother travelled farther yet, and now is your nemesis...",
SCRIPTSTRING_1134,"On the wall is etched:\n\nThe Bezwark came, the axeman fell.\n\nThe key was dropped, within the well.",
SCRIPTSTRING_1135,Oscon,
SCRIPTSTRING_1136,You just walked into the presence of the Master Mage Oscon.,
SCRIPTSTRING_1137,"""Mangar was my brother. When you ruined his plans, I bided my time until an opportunity to avenge him presented itself.""\n\n""Now you will follow him to the grave!\nPrepare thyselves!"" He shouts.",
SCRIPTSTRING_1138,This will be the toughest battle of your lives.,
SCRIPTSTRING_1139,Snare #5,
SCRIPTSTRING_1140,Death Snare #5,
SCRIPTSTRING_1141,"A voice says:\n\n""Once again, I greet thee, oh ye soon-to-die. You are within the Death Snare and must seek the solution before you are totally lost...""",
SCRIPTSTRING_1142,There is a strange statue here.,
SCRIPTSTRING_1143,There is a strange statue here.\n\nYou can:,
SCRIPTSTRING_1144,Say his name,
SCRIPTSTRING_1145,Walk away,
SCRIPTSTRING_1146,What is it?,
SCRIPTSTRING_1147,Rock,
SCRIPTSTRING_1148,Your party is full.,
SCRIPTSTRING_1149,Who do you wish to get rid of?,
SCRIPTSTRING_1150,Cancel,
SCRIPTSTRING_1151,SCISSOR,
SCRIPTSTRING_1152,PAPER,
SCRIPTSTRING_1153,"A magic mouth on the wall speaks to you saying this:\n\n""That which flame can defeat can win over the one which leads to life. Your travels converge on this or death. Time's a wasting...""",
SCRIPTSTRING_1154,"A magic mouth on the wall speaks to you saying this:\n\n""Not yet, mortals. Until the 3 of paradox fill the top of your ranks, ye must return...""",
SCRIPTSTRING_1155,"A voice says:\n\n""Lucky ones, and yet I'll crush the life from you! Your pain is my strength, and your despair my laughter...""",
SCRIPTSTRING_1156,Found 'Wand Segment 5'.,
SCRIPTSTRING_1157,Written on the wall is this message:\n\nMages beware: Oscon allows none to glory...,
SCRIPTSTRING_1158,"Oscon, in the flesh, baby.",
SCRIPTSTRING_1159,"On the wall is etched this note:\n\nTo wrap, to cut, and even smash, I think you'll find this Snare a bash.",
SCRIPTSTRING_1160,"A voice says:\n""Hear from him who knoweth best: east has always bested west.""",
SCRIPTSTRING_1161,"A voice whispers:\n""Exit, turn right, walk 2, turn left, walk 2, turn to see Scissor.""",
SCRIPTSTRING_1162,"A voice proclaims:\n""Name the three, east, south, and west, to gain exit when needed.""",
SCRIPTSTRING_1163,On the wall is written:\n\nAsk the wise of the GREY CRYPT...,
SCRIPTSTRING_1164,Grey Crypt,
SCRIPTSTRING_1165,The stairs are gone...?,
SCRIPTSTRING_1166,"A magic mouth on the wall speaks to you saying this:\n\n""Hear this, mortals:\nThe sphynx asks a riddle with 2 answers, one which allows release through Sword, and one which Wizely brings you closer to the Snare.""",
SCRIPTSTRING_1167,"A Sphynx stands before you, and says:\n\n""Two answers here I will accept:\nEach is a creature of the Crypt. Name it:""",
SCRIPTSTRING_1168,WIZE ONE,
SCRIPTSTRING_1169,DEATH SWORD,
SCRIPTSTRING_1170,"""Sorry.""",
SCRIPTSTRING_1171,"""I think I like you.""",
SCRIPTSTRING_1172,There are some bleached bones here.,
SCRIPTSTRING_1173,"The eerie silence of the Crypt lies all around you. This is a place which drains all magic from the air around you, and all will from your mortal forms.",
SCRIPTSTRING_1174,On the wall is scrawled this message:\n\nTo continue is to cut off all hope of life!,
SCRIPTSTRING_1175,"A voice says:\n\n""You sell your steel past dawn and drift, yet secret is the ancient gift to offer up a blessed lift.""",
SCRIPTSTRING_1176,"A voice says:\n\n""Past days of wisdom's early reign,\npast years of fire, wrath, and pain,\na passage down you've yet to gain.""",
SCRIPTSTRING_1177,On the wall is etched:\n\nBe not bold -- it's twice foretold!,
SCRIPTSTRING_1178,Ask the wise of DESTINY STONE.,
SCRIPTSTRING_1179,Snare #6,
SCRIPTSTRING_1180,Death Snare #6,
SCRIPTSTRING_1181,"A voice says:\n\n""Prepare for your death, oh mortal fools. The sixth Snare will beat you, and few are those who have ever solved its twisted pattern...""",
SCRIPTSTRING_1182,"A magic mouth on the wall speaks to you saying this:\n\n""Yes, I think you've got it...""",
SCRIPTSTRING_1183,"A magic mouth on the wall speaks to you saying this:\n\n""MISTAKE! Seek knowledge near, to make it clear.""",
SCRIPTSTRING_1184,"A voice says:\n\n""Your skill is surprising, if not incredible, and yet the greatest snare lies ahead, and after that...""",
SCRIPTSTRING_1185,"""Me...""",
SCRIPTSTRING_1186,Found 'Wand Segment 6'.,
SCRIPTSTRING_1187,Blue Mage,
SCRIPTSTRING_1188,"A mage in a blue robe appears and says:\n\nA sequence lost must now be found -- with that I think I'll see you around!""",
SCRIPTSTRING_1189,Grey Mage,
SCRIPTSTRING_1190,"A mage in a grey robe appears and says:\n\n""The game you thrice must commit, and now I'll see you in a bit!""",
SCRIPTSTRING_1191,The spinner is gone.,
SCRIPTSTRING_1192,A sign reads:\n\nThe Tomb of the Vampire Dragon -- Adventurers Beware!!!,
SCRIPTSTRING_1193,"On the wall is written this message:\n\nThe Snare is a calculated sequence; learn it quickly, or perish!",
SCRIPTSTRING_1194,"A voice whispers:\n\n""Past the Tomb lies the true snare.""",
SCRIPTSTRING_1195,On the wall is etched:\n\nBe not bereft... first try lower left!,
SCRIPTSTRING_1196,Soon... the Zen Master!,
SCRIPTSTRING_1197,"On the wall is a message, written in blood:\n\nWherein wisdom lies, as the clock ticks, doorways to success can be uncovered.",
SCRIPTSTRING_1198,"A voice says:\n\n""A central annoyance is fixable.""",
SCRIPTSTRING_1199,"A magic mouth appears and says:\n\n""If the spell of dreams you wield, safe you'll be behind its SHIELD.""",
SCRIPTSTRING_1200,"There are stairs here, going up.\nDo you wish to take them?",
SCRIPTSTRING_1201,Yes,
SCRIPTSTRING_1202,No,
SCRIPTSTRING_1203,"A mage stands in this chamber, tossing a fiery sphere. He snarls at you, saying:\n\n""Okay, scumbags, tell me what the plan is, or you're going nowhere.""",
SCRIPTSTRING_1204,Near,
SCRIPTSTRING_1205,"""You blew it, turkeys!""",
SCRIPTSTRING_1206,"""Okay, you know it. Now get out of here.""",
SCRIPTSTRING_1207,"The mage tossing a fiery sphere, still stands in this chamber.\n\n""The scumbags return? Surely you can't have forgotten the plan. Get out of here.""",
SCRIPTSTRING_1208,"A voice whispers:\n\n""Hear the sphere, speak the truth, the plan is near though quite uncouth.""",
SCRIPTSTRING_1209,"A voice chuckles:\n\n""Late we were for the battle's crest, yet on the Bronze shield were we blessed.""",
SCRIPTSTRING_1210,The Bold One cometh!,
SCRIPTSTRING_1211,On the wall is written this message:\n\nSeek the Narn Temple. He who approaches the altar may restore that which was broken.,
SCRIPTSTRING_1212,"On the wall, scrawled in blood, is:\n\nOnly a Master Mage can do the impossible.",
SCRIPTSTRING_1213,"A voice says:\n\n""It's a one-way road to the final Snare. Continue at your own risk.""",
SCRIPTSTRING_1214,"A magic mouth on the wall says:\n\n""The spell of dreams is near, but first five words you must hear.""",
SCRIPTSTRING_1215,"A magic mouth on the wall says:\n\n""The spell of dreams may here be earned. Just speak the words in order learned.""",
SCRIPTSTRING_1216,MALLET,
SCRIPTSTRING_1217,SHIELD\nMALLET,
SCRIPTSTRING_1218,HEAL,
SCRIPTSTRING_1219,SHIELD\nMALLET\nHEAL,
SCRIPTSTRING_1220,STRIKE,
SCRIPTSTRING_1221,SHIELD\nMALLET\nHEAL\nSTRIKE,
SCRIPTSTRING_1222,DISRUPT,
SCRIPTSTRING_1223,SHIELD\nMALLET\nHEAL\nSTRIKE\nDISRUPT,
SCRIPTSTRING_1224,"""Knowledge you have sought. Power you can wield...""",
SCRIPTSTRING_1225,"""Who will come forward to learn the spell of power...?""",
SCRIPTSTRING_1226,"""You will not wield the spell. Return to me with the five to tell.""",
SCRIPTSTRING_1227,"A magic mouth says:\n\n""You have returned. Who would like to learn the spell of power?""",
SCRIPTSTRING_1228,"""You seem worthy... Archmage {0}.""",
SCRIPTSTRING_1229,The magic mouth begins to whisper to Archmage {0}.,
SCRIPTSTRING_1230,"The magic mouth explained to Archmage {0}, how to cast the 'Dreamspell'.",
SCRIPTSTRING_1231,"The magic mouth yells:\n\n""Only Archmages are worthy of this secret!""\n\nThis spell is far too powerful for {0} to wield.",
SCRIPTSTRING_1232,There is a statue of a pale old man here.,
SCRIPTSTRING_1233,There is a statue of a pale old man here.\n\nYou can:,
SCRIPTSTRING_1234,Look at it,
SCRIPTSTRING_1235,It came to life!,
SCRIPTSTRING_1236,There is a statue of a small yellow dragon here.,
SCRIPTSTRING_1237,There is a statue of a small yellow dragon here.\n\nYou can:,
SCRIPTSTRING_1238,"It came to life, and it grew!",
SCRIPTSTRING_1239,There is a statue of a blue lizard here.,
SCRIPTSTRING_1240,There is a statue of a blue lizard.\n\nYou can:,
SCRIPTSTRING_1241,There is a statue of a knight with a bronze shield here.,
SCRIPTSTRING_1242,There is a statue of a knight with a bronze shield here.\n\nYou can:,
SCRIPTSTRING_1243,"A voice whispers:\n\n""The four statues will attack you if examined.""",
SCRIPTSTRING_1244,It's kind of slippery here.,
SCRIPTSTRING_1245,Snare #7,
SCRIPTSTRING_1246,Death Snare #7,
SCRIPTSTRING_1247,"A voice speaks to you:\n\n""Once again, foolish ones, you have sprung the Snare. This one will beat you though. The clock is running...""",
SCRIPTSTRING_1248,Hot coals ahead!,
SCRIPTSTRING_1249,"A magic mouth on the wall speaks to you saying this:\n\n""Of old portent the song will read; name the hands which did the deed.""",
SCRIPTSTRING_1250,STORM FISTS,
SCRIPTSTRING_1251,"""Sorry, but wrong.""",
SCRIPTSTRING_1252,"A voice whispers:\n\n""Your party doesn't look very zen.""",
SCRIPTSTRING_1253,"A voice whispers:\n\n""The calm are always the ones who shine...""",
SCRIPTSTRING_1254,"A voice whispers:\n\n""A calm head lets you see true change...""",
SCRIPTSTRING_1255,"A voice whispers:\n\n""Seems like you could use some bling.""",
SCRIPTSTRING_1256,"A magic mouth on the wall speaks to you saying this:\n\n""The ancient scribe had said it all: name to where went evil's call.""",
SCRIPTSTRING_1257,GALE,
SCRIPTSTRING_1258,"""Wrong, bud."" he says.",
SCRIPTSTRING_1259,"""Correct!""\n\n",
SCRIPTSTRING_1260,Found 'The Ring'.,
SCRIPTSTRING_1261,"A magic mouth on the wall speaks to you saying this:\n\n""The one of whom is great in fame, restore to him his proper name:""",
SCRIPTSTRING_1262,Arkast,
SCRIPTSTRING_1263,"""Bad guess...""",
SCRIPTSTRING_1264,"A magic mouth on the wall speaks to you saying this:\n\n""A tale to tell of ages gone, which bards once sang in deep despair, of he who fought the evil one, and cast his fate within the Snare.""",
SCRIPTSTRING_1265,"""Past shuttered door and fractured glass, the Dark one called into the gale: within the black and shadowed mass, the face of Bold began to pale.""",
SCRIPTSTRING_1266,"""As storm fists scored his broken back, and steel whirled in his bloody hand, the Bold one screamed and then, alack, his sword became as brittle as sand.""",
SCRIPTSTRING_1267,"""The one of pure and solid creed - was gone and bent to evil's task. Until by good he shall be freed his name is all I truly ask:""",
SCRIPTSTRING_1268,A Magic Mouth that tells a rather long story.,
SCRIPTSTRING_1269,ZEN MASTER,
SCRIPTSTRING_1270,"""Correct.""",
SCRIPTSTRING_1271,Your party is full...,
SCRIPTSTRING_1272,"""Curses! I'll see you soon, foolish ones!""\n\n""Seek me at the hut of the Sage, and meet your destiny.""",
SCRIPTSTRING_1273,Found 'Wand Segment 7'.,
SCRIPTSTRING_1274,"When danger, oft a variable can split an old path.",
SCRIPTSTRING_1275,There's nothing to be seen here... yet.,
SCRIPTSTRING_1276,He's but a corpse without a past.\nUntil you call his name...\nArkast!,
SCRIPTSTRING_1277,Only he of which we sing;\nCan in good faith make use the ring.,
SCRIPTSTRING_1278,"The Narn Temple lies close to the sage, to the south west of Corinth.",
SCRIPTSTRING_1279,On the wall is scrawled:\n\nThe first:\n\n  ↓ ↓ ↓ ← ↑ ← ← ← ←\n\n  ↑ → → → → ↑ ← ↑,
SCRIPTSTRING_1280,On the wall is scrawled:\n\nThe second:\n\n  ↓ ↓ ↓ ← ← ← ← ← ←\n\n  ↑ ↑ ← ↑ → → ↓ ↓ →\n\n  → ↑ ← ↑ → → ↑,
SCRIPTSTRING_1281,On the wall is scrawled:\n\nThe third:\n\n  ← ↓ → ↓ ↓ ← ← ← ←\n\n  ← ← ← ← ↑ ↑ ↑ ↑ →\n\n  → → ↓ ↓ → → → ↑ ↑,
SCRIPTSTRING_1282,On the wall is scrawled:\n\nThe fourth:\n\n  ← ↓ ← ← ↑ → ↑,
SCRIPTSTRING_1283,On the wall is scrawled:\n\nThe fifth:\n\n  ↓ ↓ ↓ ← ← ← ← ← ↑\n\n  → → → → ↑ ← ← ← ←\n\n  ↑ → → → ↑,
SCRIPTSTRING_1284,On the wall is scrawled:\n\nThe sixth:\n\n  ↓ ↓ ↓ ← ↑ ↑ ← ↓\n\n  ↓ ← ← ← ← ↑ → →\n\n  → ↑ ↑ → ↑,
SCRIPTSTRING_1285,On the wall is scrawled:\n\nThe seventh:\n\n  ↓ ← ← ← ← ← ← ↓\n\n  ↓ ← ← ↑ ↑ ↑ → →\n\n   → → → → ↑,
SCRIPTSTRING_1286,Saradon's Workshop,
SCRIPTSTRING_1287,"A long corridor stretches out before you, through walls stacked to the ceiling with books. You can almost feel the magic in the air.",
SCRIPTSTRING_1288,"A sign on the wall reads:\n\n""Saradon's Workshop. The uninvited are not welcome.""",
SCRIPTSTRING_1289,"You find a scrap of parchment in the handwriting of Saradon. It reads:\n\nIf you're reading this, you have already proven yourself in my maze of teleports. Respect my workshop please, but take what you need. You may find something of use. Farewell and good luck.",
SCRIPTSTRING_1290,"You stumble over an open book on the floor.\n\nIt seems that Saradon maintained a correspondence with Longinus, the mad prophet of Skara Brae. Longinus’ replies seem to have consisted of nothing more than inscrutable rhymes. You pick up one such example and read it...\n\nBy tor and loch by burn and tarn.\nYour fate lies in the lap of Narn.",
SCRIPTSTRING_1291,"More notes from Longinus catch your eye, these just as cryptic as the previous\n\nThe greatest heroes number seven.\nAssume their roles and rise to heaven.",
SCRIPTSTRING_1292,On a low table there is yet another piece of nonsensical poetry from the mad prophet:\n\nThough high you fly or low you stoop.\nYou will never be worthy of the soup.,
SCRIPTSTRING_1293,You find what seems to be a longer draft of the letter you received from Saradon.,
SCRIPTSTRING_1294,"My name is Saradon, a wizard of some fame and little fortune. Though you know me not, and we have never met, I feel that I have known you all my life. For the story of your deeds, your entanglement with Mangar and his evil horde in Skara Brae, flows from the lips of every Bard throughout the Realm.",
SCRIPTSTRING_1295,"For this reason, for your courage and experience, I have contacted you above all others. For now we face an evil much greater than Mangar's. An evil that threatens not the safety and tranquility of but one city, nae... an evil that threatens the existence of the entire Realm and all the cities and citizens within!",
SCRIPTSTRING_1296,"Recall now the lessons of your childhood. The story of Turin, the Archmage who forged the Destiny Wand in the molten depths of the holy mountain Krontor. The Destiny Wand, the uniting force which has rallied armies to the aid of the Realm, and has maintained peace and prosperity for the last 700 years.",
SCRIPTSTRING_1297,"But look around you now, where has the power of the Destiny Wand gone? Lawless mercenaries from the neighboring kingdom of Lestradae have invaded the Realm and now run rampant through the streets. Even in Tangramayne, our capital! It is they who have taken the Destiny Wand, with the guidance of an evil Archmage known as Lagoth Zanta.",
SCRIPTSTRING_1298,"Although Lagoth has thwarted each of my attempts to gain knowledge of his powers and location, I have been able to discover that the Destiny Wand lies broken in seven pieces, at seven different locations. Lagoth has placed each fragment of the scepter within a Snare of Death - a puzzle room that will require all the wisdom and cunning at your disposal in order for you to survive.",
SCRIPTSTRING_1299,"Do you believe in legends?\n\nLegend states that, Unimaginable power is bestowed upon the one who reforges the Destiny Wand... Regardless of whether or not you hold faith in the stuff of legend, you must defeat Lagoth Zanta, regain the seven fragments, and reforge the Destiny Wand - it is the only way to save the Realm.",
SCRIPTSTRING_1300,"Now I must hurry, for in my attempts to glean knowledge of Lagoth, he has discovered my prying magic and even now his mercenaries approach. I care not for my own safety, but I pray that my magic is still strong enough to deliver this letter into your hands.",
SCRIPTSTRING_1301,"My workshop contains powerful quest knowledge which I have gathered using magic and other, more physical, methods. Use it to help you during your quest. My only regret is that I cannot personally be there to counsel you during your quest. May fate smile upon you... and upon me.\n\nSaradon.",
SCRIPTSTRING_1302,"You find a staff leaning against the bookshelf.\n\nIt has a note attached to it, which reads:\n\n""This staff harmonizes the magical energies around it and channels them into the wielder, replenishing their spell points.\n\nTake it, for it will surely provide some assistance to you on your journey, adventurers.""",
SCRIPTSTRING_1303,"You find some handwritten notes from Saradon upon a stack of books. They read:\n\n""I've come across a spell of such power that a mage may only know it in transience. I first learnt of its existence in the Tombs, but to dream of wielding it one must delve into the Destiny Stone...""",
SCRIPTSTRING_1304,"Some more notes lay here:\n\n""To learn the spell one must take five clues into the stone. But the order, it's all wrong...""",
SCRIPTSTRING_1305,"And another page reads:\n\n""The crypt holds the first, and a maze will lead you to the second...""",
SCRIPTSTRING_1306,"And another page reads:\n\n""The third lies in a castle, and a fort for the fourth.""",
SCRIPTSTRING_1307,"A final page reads:\n\n""A tall tower keeps the final secret.""",
SCRIPTSTRING_1308,"You find a note from Saradon's personal journal.\n\nThe mysterious appearance of the tower to the south is of great concern to me. Combined with the treachery of Oscon's betrayal to Count Waldec, things are at a boiling point. The time has come to seek help from abroad.",
SCRIPTSTRING_1309,Wilderness,
SCRIPTSTRING_1310,You're in the forest outside of Skara Brae,
SCRIPTSTRING_1311,Scrapwood,
SCRIPTSTRING_1312,Shrine,
SCRIPTSTRING_1313,You have stepped into the wilderness for the first time. Would you like a quick tutorial on the game controls before you proceed?,
SCRIPTSTRING_1314,"Use W,A,S,D to move around the wilderness, or the cursor keys. You can also left click on the game view to move around.\n\nHold down right mouse on the game view and you can look around to take in the view.",
SCRIPTSTRING_1315,That is all... You should start by investigating the ruins of Skara Brae in the valley below.,
SCRIPTSTRING_1316,To the north is the refugee camp.,
SCRIPTSTRING_1317,Scrapwood Tavern.,
SCRIPTSTRING_1318,You are next to Scrapwood Tavern.,
SCRIPTSTRING_1319,You are next to a small shrine.,
SCRIPTSTRING_1320,"Deeply hidden in verdant shadows, this grove, the Twilight Copse, is quiet and feels very peaceful.",
SCRIPTSTRING_1321,Arboria Runestones.,
SCRIPTSTRING_1322,"Here, halfway up Earthdagger Mountain, winds swirl around and make this place earn its name: Cold Peak.",
SCRIPTSTRING_1323,Gelidia Runestones.,
SCRIPTSTRING_1324,Amid the bountiful trees you find a bubbling Crystal Spring that almost glows with purity.,
SCRIPTSTRING_1325,Lucencia Runestones.,
SCRIPTSTRING_1326,"Lovingly tunneled into the mountainside, the opening to the Old Dwarf Mine looks natural.",
SCRIPTSTRING_1327,Kinestia Runestones,
SCRIPTSTRING_1328,"Stabbing up into the sky like an obsidian dagger, Shadow Rock is utterly alien to the surrounding landscape.",
SCRIPTSTRING_1329,Tenebrosia Runestones.,
SCRIPTSTRING_1330,"The flat, grassy plain stretches peacefully out in all directions. This is the Vale of Lost Warriors.",
SCRIPTSTRING_1331,Tarmitia Runestones.,
SCRIPTSTRING_1332,"Foul, noxious gases reeking of rotten eggs, bubble up through the turgid, yellow, mud-laden waters of Sulphur Springs.",
SCRIPTSTRING_1333,Malefia Runestones.,
SCRIPTSTRING_1334,The party sees the old review board to the east.,
SCRIPTSTRING_1335,Statue of the Mad God,
SCRIPTSTRING_1336,There is a statue of the Mad God Tarjan here. It's strange that it is clean and shiny as if someone has been caring for it.,
SCRIPTSTRING_1337,Among the ruins of Skara Brae is an unnatural silence. As if death itself has come to stay.,
SCRIPTSTRING_1338,The feeling of evil is foreboding.,
SCRIPTSTRING_1339,To the east is the Temple of the Mad God.,
SCRIPTSTRING_1340,Temple of the Mad God.,
SCRIPTSTRING_1341,"""This is the temple of the Mad God. What is thy business, unbeliever?""\n\nSpeak to priest?\n\n",
SCRIPTSTRING_1342,"""Only those who know the name of the Mad one are welcome.""\nWhat wilt thou say?\n\n",
SCRIPTSTRING_1343,CHAOS,
SCRIPTSTRING_1344,SWORD,
SCRIPTSTRING_1345,SHADOW,
SCRIPTSTRING_1346,"""Speak not the name of the High one so loudly, lest he answer,"" the priest says. ""Enter the catacombs, believer.""",
SCRIPTSTRING_1347,"""Welcome true believers! Follow the true path of Chaos and your destiny will come to you. Enter the realm of Brilhasti ap Tarj.""",
SCRIPTSTRING_1348,"""Welcome true believers! Enter the realm of shadow.\n\nBrilhasti awaits you!!""",
SCRIPTSTRING_1349,"""Welcome true believers! Those who live by the sword shall perish by the sword.\n\nBrilhasti awaits you!!""",
SCRIPTSTRING_1350,"""Ha ha, fooled you!""",
SCRIPTSTRING_1351,Stairs Down,
SCRIPTSTRING_1352,There are some stairs leading down into the catacombs.,
SCRIPTSTRING_1353,\n\nDo you wish to take them?,
SCRIPTSTRING_1354,The Corpse Of Longinus,
SCRIPTSTRING_1355,The home of Longinus.,
SCRIPTSTRING_1356,"Under a pile of rubble that was once the home of Longinus, you see a limp, lifeless body, reaching to the sky as if for some final profound gesture.\n\nAlas, poor Longinus.",
SCRIPTSTRING_1357,Search the house,
SCRIPTSTRING_1358,You find nothing else.,
SCRIPTSTRING_1359,"A tattered note, written in the hand of Longinus the Mad reads:\n""Faith will not save you, nor belief, pray fate blesses you with a thief.""",
SCRIPTSTRING_1360,"You find a tattered note, written in the hand of Longinus the Mad. It reads:\n\n""Faith will not save you, nor belief,\nPray fate blesses you with a thief.""",
SCRIPTSTRING_1361,"The last prophecy of Longinus the Mad.\n""Rage against it or sing its praises, A maze cares not if it amazes.""",
SCRIPTSTRING_1362,"This looks to be the last prophecy of Longinus the Mad...\n\n""Rage against it or sing its praises,\nA maze cares not if it amazes.""",
SCRIPTSTRING_1363,Original Game scenario design by Michael A. Stackpole.\n,
SCRIPTSTRING_1364,Programming and Direction by Rebecca Ann Heineman.\n,
SCRIPTSTRING_1365,Music composed by Kurt Heiden.\n,
SCRIPTSTRING_1366,"Playtesters: Bruce Schlickbernd, Rebecca Ann Heineman, Jennell Jaquays",
SCRIPTSTRING_1367,"Through the rubble to the east you can see the scorched walls of Harkyn's Castle. In the distance, the partially toppled tower of Kylearan tells the tale of the good wizard's fate.",
SCRIPTSTRING_1368,"The collapsed remains of Roscoe's Energy Emporium lies before you to the north, its owner yet another victim of the Mad God's attack.",
SCRIPTSTRING_1369,"As you turn the corner, you think you hear singing and the skillful strumming of a lute?",
SCRIPTSTRING_1370,"To the south is all that remains of the old Dragonbreath Inn. You can clearly hear a melody now, cutting through the still smouldering wreckage of the tavern.",
SCRIPTSTRING_1371,Arboria,
SCRIPTSTRING_1372,You are in Arboria,
SCRIPTSTRING_1373,"Reaching into the sky, Valarian's Tower stands as a monument for what once was.",
SCRIPTSTRING_1374,Foul noxious fumes rise from a gaping pit.,
SCRIPTSTRING_1375,The finger of the lake shimmers in a natural glow all its own.,
SCRIPTSTRING_1376,An old hut sits by the shore of a beautiful lake. Fishing equipment is stacked neatly against the hut's wall.,
SCRIPTSTRING_1377,Ciera Brannia,
SCRIPTSTRING_1378,The ground is littered with acorns.,
SCRIPTSTRING_1379,Large Oak Tree.,
SCRIPTSTRING_1380,"You see a large oak tree here, and the ground is littered with acorns.\n\nDo you want to pick a fresh acorn off the tree?\n\n",
SCRIPTSTRING_1381,This field is full of beautiful flowers that float and dance on the light breezes.,
SCRIPTSTRING_1382,Arefolia,
SCRIPTSTRING_1383,There is a large pile of Arefolia leaves here.,
SCRIPTSTRING_1384,\n\nDo you want to gather some leaves?,
SCRIPTSTRING_1385,Hawkslayer alerts you that he has important items that you should take with you before you leave!,
SCRIPTSTRING_1386,Deep Pit,
SCRIPTSTRING_1387,"You see a deep, dark pit scarring the land like a wound.\n",
SCRIPTSTRING_1388,Do you wish to enter it?,
SCRIPTSTRING_1389,Festering Pit,
SCRIPTSTRING_1390,"You are inside a an old, battered tower.\n",
SCRIPTSTRING_1391,Do you wish to climb up?,
SCRIPTSTRING_1392,Valarians Tower,
SCRIPTSTRING_1393,"Beneath the waves of the lake, you see a building.\n",
SCRIPTSTRING_1394,Do you wish to enter?\n\n,
SCRIPTSTRING_1395,Underwater Palace.,
SCRIPTSTRING_1396,Fisherman,
SCRIPTSTRING_1397,"An old fisherman is here. He says, ""For a few pieces of thy gold, I'll let thee in on a few secrets.""",
SCRIPTSTRING_1398,Shall thou give some gold to the fisherman?\n\n,
SCRIPTSTRING_1399,"""Well be that way!"" shouts the fisherman. He eats a can of spinach and then promptly throws you out of his home.",
SCRIPTSTRING_1400,Whom shall give him some gold?,
SCRIPTSTRING_1401,How much gold?\n\n,
SCRIPTSTRING_1402,"""Here is a spell called 'Gilles Gills' that will let thee breathe underwater. Just say GILL and thee can explore the life spring in the Crystal Palace.""",
SCRIPTSTRING_1403,"""And don't forget to take something to carry the 'Water of Life' in, that stuff hath many healing and life giving properties!""",
SCRIPTSTRING_1404,Who wants to learn Gilles Gills?,
SCRIPTSTRING_1405,"""I cannot teach thee, thou art not a magic user.""",
SCRIPTSTRING_1406,"""I cannot teach thee, thou knowest this spell already.""",
SCRIPTSTRING_1407,The fisherman teaches you the spell.,
SCRIPTSTRING_1408,"""Thou should go into the forest and get some Arefolia leaves. They will let thee breathe underwater for a little while.""",
SCRIPTSTRING_1409,"""Thou should come back when I'm not busy."" He then shoos you out of his little shack.",
SCRIPTSTRING_1410,Warrior,
SCRIPTSTRING_1411,Standing before you is a hearty warrior wearing battle-scarred armor and a big grin. You notice the gray shot through his black hair as he warmly welcomes you.,
SCRIPTSTRING_1412,"""Well as I live and breathe! I'd thought I'd never see you again since the time we last parted ways.""",
SCRIPTSTRING_1413,"""How about us getting together again?""\n\n",
SCRIPTSTRING_1414,"""Well maybe you're right. I've got some sleeping to catch up on and then it's back to work.""",
SCRIPTSTRING_1415,Zzzzzz,
SCRIPTSTRING_1416,You come upon a sleeping man under a tree. He awakens and jumps into a fighting stance in a blink of an eye. You are taken by surprise.,
SCRIPTSTRING_1417,"""Sorry, but you can't be too careful,"" says the hearty fighter. ""Well how about it? Shall we team up again?""\n\n",
SCRIPTSTRING_1418,"""It seems that you already have a full house. I get a little uncomfortable with too many people bogging the party down.""",
SCRIPTSTRING_1419,"""Tell ya what, I'll wait here until you can trim your party to a more manageable size. I've got some sleeping to catch up on.""",
SCRIPTSTRING_1420,"""It's been a long time, eh, friends? How you ever knew the answer to that riddle was 'Iceberg', I'll never know. It's good to be back with old friends.""",
SCRIPTSTRING_1421,Runestones.,
SCRIPTSTRING_1422,The ground seems well worn here.,
SCRIPTSTRING_1423,You are in the town of Ciera Brianna,
SCRIPTSTRING_1424,Forest Lawn,
SCRIPTSTRING_1425,Hic Haven,
SCRIPTSTRING_1426,Stagger Inn,
SCRIPTSTRING_1427,To the north,
SCRIPTSTRING_1428,\ you see the Wizard's Guild.\n,
SCRIPTSTRING_1429,To the south,
SCRIPTSTRING_1430,\ you see a tavern.\n,
SCRIPTSTRING_1431,To the east,
SCRIPTSTRING_1432,\ you see a temple.\n,
SCRIPTSTRING_1433,To the west,
SCRIPTSTRING_1434,\ is the King's castle.\n,
SCRIPTSTRING_1435,\ is the Sacred Grove.\n,
SCRIPTSTRING_1436,King's Court,
SCRIPTSTRING_1437,King's Castle,
SCRIPTSTRING_1438,The party stands before the court of the King. Do you wish to speak to the King?\n\n,
SCRIPTSTRING_1439,"The King, a white-haired elf, stands before you.\n\n""It is our pleasure to greet you. I know you are here to recover the Arrows of Life and Valarian's Bow.""",
SCRIPTSTRING_1440,"""But I cannot permit the desecration of his tomb until the land has been ridded of Tslotha Garnath. Bring me his head and I will allow you access to the Sacred Grove.""",
SCRIPTSTRING_1441,"""You may find this cursed one in the Festering Pit, an unholy place riddled with the filth from hell.""",
SCRIPTSTRING_1442,"""Now be off! Take heed that Tslotha Garnath can only be killed with the Nightspear, a deadly weapon hidden in the top level of Valarian's Tower.""",
SCRIPTSTRING_1443,"The King gets up from his throne, looking very angry.\n\n""Bring me Tslotha's Head!"" he screams.",
SCRIPTSTRING_1444,"""Hail victors!"" the King shouts as he sees the proof of Tslotha's destruction.",
SCRIPTSTRING_1445,"""Your names will be sung in our land from now until forever for your bravery. You have rid us of Tslotha Garnath. Anyone who has done that is more than worthy of Valarian's relics.""",
SCRIPTSTRING_1446,"""Enjoy our hospitality, welcome guests!"" the King says.",
SCRIPTSTRING_1447,Sacred Grove,
SCRIPTSTRING_1448,Sacred Grove.,
SCRIPTSTRING_1449,The entrance to the Sacred Grove is here. There is a sign nearby. It says...,
SCRIPTSTRING_1450,By proclamation of the King.\nOnly those who have proved themselves worthy may enter the Sacred Grove.,
SCRIPTSTRING_1451,"Since you're not worthy, I guess you can't enter. You'd better talk to the King about this.",
SCRIPTSTRING_1452,"You are at the entrance of the Sacred Grove. Since you are worthy, shall you enter?\n\n",
SCRIPTSTRING_1453,Gelidia,
SCRIPTSTRING_1454,You are in the frozen wastes of Gelidia,
SCRIPTSTRING_1455,Outpost,
SCRIPTSTRING_1456,"The small hut holds the utter cold at bay, but the wind still whistles through small cracks, and the floor is covered with sparkling snowflakes.\n\n",
SCRIPTSTRING_1457,"Seated at a desk you see the frozen body of a man, perhaps a half-elf. The weather has not been kind to him, and he is, in effect, mummified so you cannot tell how long he has been here.",
SCRIPTSTRING_1458,"Despite that confusion about his body's condition, however, the gold wristlets and circlet he wears are styled after the fashion thought over 1000 years old in your world.\n\n",
SCRIPTSTRING_1459,"On the desk you see, beneath a light dusting of snow, a book. Its pages are covered with a bold, flowing hand that, unfortunately, turned into weakened and trembling writing.",
SCRIPTSTRING_1460,Even a brief glance at it leaves you with the impression this was the dead man's diary.\n\n,
SCRIPTSTRING_1461,Shall you read the Diary?\n\n,
SCRIPTSTRING_1462,A small outpost.,
SCRIPTSTRING_1463,You are in a small outpost.,
SCRIPTSTRING_1464,Found a snow-covered diary.,
SCRIPTSTRING_1465,You open the snow-covered diary and begin to read...,
SCRIPTSTRING_1466,Entry 1 ~\n,
SCRIPTSTRING_1467,"""The battle goes poorly, but that is as I would have predicted it. This time we have no hero like Hawkslayer to bolster our militia.",
SCRIPTSTRING_1468,"The first invasion, as the songs sing, would have succeeded but for Lanatir's vast magics.\n\n",
SCRIPTSTRING_1469,"How cruel it is, then, that the invaders would have struck Lanatir down in their first attack. Without hero and god, how can we prevail?""",
SCRIPTSTRING_1470,Entry 2 ~\n,
SCRIPTSTRING_1471,"""I agree with my brothers that none of the monsters will penetrate Lanatir's tomb, so his Sphere and the Wand of Power are safe until claimed by those capable of piercing our wards.",
SCRIPTSTRING_1472,"It was difficult in creating those wards, powerful magic created them and only the proper spells can destroy them.\n\n",
SCRIPTSTRING_1473,"Still, we do have hope that the foul armies swarming our verdant plains will not breach the castle and threaten Lanatir's sepulcher.""",
SCRIPTSTRING_1474,Entry 3 ~\n,
SCRIPTSTRING_1475,"""Can it be true that I, Alendar, alone made it to this remote point?",
SCRIPTSTRING_1476,"A full dozen, we snuck through enemy lines and were prepared to cast a powerful spell designed to freeze our beloved home and destroy the dark ones.",
SCRIPTSTRING_1477,"But that spell required at least four of us to cast safely. Can I do it alone? If so, at what cost?\n\nMy life means nothing, but will Gelidia be saved?""",
SCRIPTSTRING_1478,Entry 4 ~ and in very weak writing.\n,
SCRIPTSTRING_1479,"""It is done, and I die in the storm summoned to kill my foes. So cold, so numbly cold... rest well, Lanatir.\n\nYour frozen home is my grave.""",
SCRIPTSTRING_1480,"It appears, that was the last diary entry. There is no more...",
SCRIPTSTRING_1481,"To the north, you see a great keep.",
SCRIPTSTRING_1482,Ice Keep,
SCRIPTSTRING_1483,You are at the entryway of a great ice keep.\nDo you wish to enter?,
SCRIPTSTRING_1484,\nYou are freezing!,
SCRIPTSTRING_1485,Lucencia,
SCRIPTSTRING_1486,You are in Lucencia,
SCRIPTSTRING_1487,Celaria Bree,
SCRIPTSTRING_1488,White Bush,
SCRIPTSTRING_1489,There is a rose bush here. Do you want to pick a rose?\n\n,
SCRIPTSTRING_1490,White Rose bush.,
SCRIPTSTRING_1491,Blue Bush,
SCRIPTSTRING_1492,Blue Rose bush.,
SCRIPTSTRING_1493,Red Bush,
SCRIPTSTRING_1494,Red Rose bush.,
SCRIPTSTRING_1495,Yellow Bush,
SCRIPTSTRING_1496,Yellow Rose bush.,
SCRIPTSTRING_1497,This rose bush doesn't seem to have any roses.,
SCRIPTSTRING_1498,Rainbow Rose bush.,
SCRIPTSTRING_1499,"{0} waters the bush, but nothing seems to happen.",
SCRIPTSTRING_1500,"{0} waters the bush, and it seems to grow a little.",
SCRIPTSTRING_1501,The blood of the dragon is having a strange effect on the rosebush.,
SCRIPTSTRING_1502,You are in a decrepit tower. Do you wish to enter?\n\n,
SCRIPTSTRING_1503,Cyanis' Tower,
SCRIPTSTRING_1504,Tomb,
SCRIPTSTRING_1505,Stairs rise up into Alliria's Tomb. Do you wish to enter?\n\n,
SCRIPTSTRING_1506,Alliria's Tomb,
SCRIPTSTRING_1507,Mountain,
SCRIPTSTRING_1508,Violet Mountain,
SCRIPTSTRING_1509,You are at the base of a Violet Mountain. Do you wish to climb it?\n\n,
SCRIPTSTRING_1510,To the North,
SCRIPTSTRING_1511,\ is the majestic Violet Mountain. You can feel the dragon's presence from here.,
SCRIPTSTRING_1512,You are in the town of Celaria Bree,
SCRIPTSTRING_1513,Alliria,
SCRIPTSTRING_1514,Cheers,
SCRIPTSTRING_1515,\ you see the Bard's Hall.\n,
SCRIPTSTRING_1516,Nowhere,
SCRIPTSTRING_1517,You are nowhere,
SCRIPTSTRING_1518,Black Scar,
SCRIPTSTRING_1519,Gooey Stuff,
SCRIPTSTRING_1520,Tar Quarry.,
SCRIPTSTRING_1521,You are on the outskirts of a huge tar pit. Do you wish to explore it?\n\n,
SCRIPTSTRING_1522,Canyon,
SCRIPTSTRING_1523,Shadow Canyon.,
SCRIPTSTRING_1524,You stand before a great canyon. Do you wish to enter it?\n\n,
SCRIPTSTRING_1525,Copse,
SCRIPTSTRING_1526,Dark Copse.,
SCRIPTSTRING_1527,You are at the edge of a dense forest. Do you wish to enter it?\n\n,
SCRIPTSTRING_1528,You seem to be in the middle of Nowhere.,
SCRIPTSTRING_1529,You see a door laid on the ground. There doesn't appear to be a way to open it.,
SCRIPTSTRING_1530,Magic Door,
SCRIPTSTRING_1531,You see a hole in the ground.,
SCRIPTSTRING_1532,\nDo you wish to jump in?,
SCRIPTSTRING_1533,Sceadu Demens,
SCRIPTSTRING_1534,{0} places the door on the ground.,
SCRIPTSTRING_1535,{0} inserts the lock in the door.,
SCRIPTSTRING_1536,The door springs open!,
SCRIPTSTRING_1537,Dark Copse,
SCRIPTSTRING_1538,You are in the Dark Copse,
SCRIPTSTRING_1539,This forest is extremely dry. A drought has taken its toll on these once healthy trees.,
SCRIPTSTRING_1540,You are near the edge of the Dark Copse.,
SCRIPTSTRING_1541,\nDo you wish to leave it?,
SCRIPTSTRING_1542,"Amid the ashes of the burned forest, a black door rests on the soot and appears to have no real form.\n\n",
SCRIPTSTRING_1543,Found 'Shadow Door'.,
SCRIPTSTRING_1544,"{0} waters the tree, but nothing seems to happen.",
SCRIPTSTRING_1545,"{0} waters the tree, and it seems to grow a little.",
SCRIPTSTRING_1546,The hot tar ignites the tree into a fury of flame!,
SCRIPTSTRING_1547,You are in the town of Black Scar,
SCRIPTSTRING_1548,Twilight Temple,
SCRIPTSTRING_1549,Tavern,
SCRIPTSTRING_1550,\ you see a Bard's Hall.\n,
SCRIPTSTRING_1551,You are at the gateway of Black Scar Towne. This town reeks of evil.,
SCRIPTSTRING_1552,"This place feels very strange. The darkness is palpable, as if almost alive, and it hungers for your flesh.",
SCRIPTSTRING_1553,"A Magic Mouth appears and says...\n\n""White bones and bright blood, life very frail...\nBe wary, Mortals, indeed you shall fail...""",
SCRIPTSTRING_1554,"""Tslotha Garnath knows but one fear...\nHis life is absorbed with the Nightspear!""",
SCRIPTSTRING_1555,"A Magic Mouth appears and says:\n""White bones and bright blood, life very frail. Be wary, Mortals, indeed you shall fail. Tslotha Garnath knows but one fear:\nHis life is absorbed with the Nightspear!""",
SCRIPTSTRING_1556,"A chill raises the hairs on the back of your neck, but you realize it is not a physical cold. The evil in this place seeps through your flesh and worms its icy way into your bones.",
SCRIPTSTRING_1557,"The party has entered the throne room of Tslotha Garnath.\n\n""Mortal Fools, You have blundered into your deaths!""\n\nYou see",
SCRIPTSTRING_1558,"""Cowards! Fight to the death!"" screams Tslotha as the party bravely ran away.",
SCRIPTSTRING_1559,The party has killed Tslotha Garnath!,
SCRIPTSTRING_1560,"However, a great flash of light erupts from the lifeless body!",
SCRIPTSTRING_1561,"Gee, this guy isn't easy to kill.\nYou once again face",
SCRIPTSTRING_1562,"The light is absorbed by the Nightspear, trapping Tslotha's evil soul within its darkness forever!",
SCRIPTSTRING_1563,The dead body of Tslotha Garnath is here. The head would be perfect proof of his death.\n\n,
SCRIPTSTRING_1564,The headless body of Tslotha Garnath is here. His heart seems to have an inner glow as if it will not die.\n\n,
SCRIPTSTRING_1565,The carcass of Tslotha Garnath is here and it sure smells pretty bad.,
SCRIPTSTRING_1566,Palace,
SCRIPTSTRING_1567,"The Palace's beauty has been washed out by the centuries beneath the water, but its majesty is undiminished. The water is dark, yet warm, and you -- an air breather -- feel curiously welcome.",
SCRIPTSTRING_1568,Bubbling up through a hole in the floor is a glowing stream of water that fills the room. Your spirits feel joyful and the pains of recent combat are forgotten. Such is the nature of the Life Spring.,
SCRIPTSTRING_1569,{0} collects some of the magical water.,
SCRIPTSTRING_1570,\nYou are drowning!,
SCRIPTSTRING_1571,{0} casts Gilles Gills - and now the party can breathe underwater!,
SCRIPTSTRING_1572,Valarian's Tower,
SCRIPTSTRING_1573,"Beyond the shattered door you see a floor littered with dust and dry leaves. You see some signs of small animals, but, beyond that, you see no signs of normal life.",
SCRIPTSTRING_1574,"An old tapestry adorns the wall here, it depicts a beautiful castle underneath a lake.",
SCRIPTSTRING_1575,"Something here feels wrong. You sense the tower has been violated and, while you are not the offending party, you will share in the tower's wrath.",
SCRIPTSTRING_1576,The Water of Life has many regenerative powers.,
SCRIPTSTRING_1577,"This level shows fewer signs of neglect, yet talon-slashes through bright murals suggest something has contemptuously desecrated Valarian's private demesne.",
SCRIPTSTRING_1578,You see a huge oak tree supporting a large stone disk.,
SCRIPTSTRING_1579,A round portal blocks your way into the central core. On the massive stone disk you see a carving of an oak tree holding a similar disk up.\n\n,
SCRIPTSTRING_1580,You see an acorn sized hole in the ground.,
SCRIPTSTRING_1581,You see an acorn planted here.,
SCRIPTSTRING_1582,{0} plants the Acorn.,
SCRIPTSTRING_1583,"{0} waters the acorn, but nothing seems to happen.",
SCRIPTSTRING_1584,"The acorn, saturated with the Water of Life, bursts into verdant action and a seedling rises up like Atlas, lifting the disk up and letting you pass freely.",
SCRIPTSTRING_1585,Seek the Water of Life in the Crystal Palace.,
SCRIPTSTRING_1586,"This level appears inviolate, which you should take as little consolation. Instead of fearing the beasts lurking below, you now face whatever has kept them from this level in the first place.",
SCRIPTSTRING_1587,"Hidden away in this secret closet you see the gleaming Nightspear. No lights reflect from it, and the black metal looks like a slice from the starry night sky.\n\n",
SCRIPTSTRING_1588,Found 'Nightspear'.,
SCRIPTSTRING_1589,"Two emotions thread the Sacred Grove. Despite the autumnal coloring, you feel life and peace here. Beneath that, though, a bitter taste of evil fills the air. The Grove has been invaded!",
SCRIPTSTRING_1590,The archway to the elven city is here. Do you wish to leave the grove?\n\n,
SCRIPTSTRING_1591,"Through the gilded bars of the door between you and the tomb entrance, you see the flickering eternal flame. In its blue-white light you see writing on the walls within.",
SCRIPTSTRING_1592,There is a bowl in a cavity in Valarian's chest.,
SCRIPTSTRING_1593,Small tubes jut out of the rim of the bowl.,
SCRIPTSTRING_1594,There is a heart in the bowl.,
SCRIPTSTRING_1595,"There is a living, beating heart in the bowl.",
SCRIPTSTRING_1596,The door to the tomb looks like Valarian himself standing tall. The words beside the tomb read:,
SCRIPTSTRING_1597,"""In life my heart knew but one ache, one task undone. Heal that pain so I may rest, and what is mine is yours.""",
SCRIPTSTRING_1598,The eternal flame bursts forth in a beautiful blue display which dazzles the eye.,
SCRIPTSTRING_1599,"Unfortunately, it also singed your hair. You seem to be well done.",
SCRIPTSTRING_1600,Valarian's burial chamber appears to be intact. Murals depicting his valiant deeds cover the walls of his resting place.,
SCRIPTSTRING_1601,The bow that once belonged to the great Valarian is here.\n\n,
SCRIPTSTRING_1602,Found 'Valarian's Bow'.,
SCRIPTSTRING_1603,The quiver of arrows that Valarian once fought his battles with are here.\n\n,
SCRIPTSTRING_1604,Found 'Arrows of Life'.,
SCRIPTSTRING_1605,The heart of Tslotha Garnath is in the bowl.,
SCRIPTSTRING_1606,{0} places the heart in the bowl.,
SCRIPTSTRING_1607,"{0} waters the heart, but nothing seems to happen.",
SCRIPTSTRING_1608,"The beating heart of Tslotha Garnath is in the bowl, pumping fluids.",
SCRIPTSTRING_1609,"The heart, invigorated by the Water of Life, begins pumping fluid through the little tubes attached to the bowl.",
SCRIPTSTRING_1610,White Tower,
SCRIPTSTRING_1611,"Inch thick sheets of ice coat the tower walls. Stone carvings, barely visible beneath the icy sheath, remind you of the splendor that once was Castle Lanatir.",
SCRIPTSTRING_1612,"There is a passageway here, going down. Do you wish to take it?\n\n",
SCRIPTSTRING_1613,"There are stairs that continue up into the highest levels, or down to towards the exit.\nWhat would you like to do?",
SCRIPTSTRING_1614,Up,
SCRIPTSTRING_1615,Down,
SCRIPTSTRING_1616,Stay,
SCRIPTSTRING_1617,"Light shimmers over the ice on the north wall and reveals a brightly painted mural. It features a young Hawkslayer and a dozen baleful creatures locked in mortal combat. The painting is old in style, yet no less beautiful for it.",
SCRIPTSTRING_1618,"There are stairs here that lead higher into the tower, or back down to the exit.\nWhat would you like to do?",
SCRIPTSTRING_1619,"Shattered ice on the wall reveals a small carving that reads: Cala and Hawkslayer, New Age, Anno Uno and eternity.",
SCRIPTSTRING_1620,"A small crib is here. Engraved in a heart shaped border is ""Hawkslayer and Cala"" and underneath this emblem is the name ""Utor""",
SCRIPTSTRING_1621,The rime crusted walls are a perfect example of antique architecture long since lost to the world you call home. The frozen beauty of this tower is a priceless treasure you will carry with you always.,
SCRIPTSTRING_1622,"In a flash of brilliant white light, the party comes face to face with the keepers of the white tower.",
SCRIPTSTRING_1623,You see,
SCRIPTSTRING_1624,"""Chickens, fight like men!!"" says a white wizard.",
SCRIPTSTRING_1625,On a small pedestal that was once guarded by the White Wizards is a Crystal Lens.\n\n,
SCRIPTSTRING_1626,Found 'Crystal Lens'.,
SCRIPTSTRING_1627,Several bodies are stacked here and they look like they have been run through a food processor.,
SCRIPTSTRING_1628,Grey Tower,
SCRIPTSTRING_1629,"This grey tower has an odd feel to it. Ice fills it, yet here has an ethereal aspect. It does seem, curiously, as if the ice is here only because the tower does not take notice of it.",
SCRIPTSTRING_1630,"There is a passageway here, going down. Do you wish to take it?",
SCRIPTSTRING_1631,"This level feels odd because the walls warp and change. The light wavers and dims, making you unsure of everything you see.",
SCRIPTSTRING_1632,"This level's icy chill seeps deep in through your flesh and sucks the warmth from your bones. It feels almost alive, and malevolent. The dark miasma leeches your courage away and leaves you very uneasy.",
SCRIPTSTRING_1633,"Broken cross is the goal, yet hidden it doth be. Through the flaw egress is won, but peril is not lost. Win the lens, one third your prize, but at what cost?",
SCRIPTSTRING_1634,"In a flash of dim grey light, the party comes face to face with the keepers of the grey tower.",
SCRIPTSTRING_1635,"""Chickens!! Fight like men!!"" shouts a grey wizard.",
SCRIPTSTRING_1636,On a small pedestal that was once guarded by the Grey Wizards is a Smokey Lens.\n\n,
SCRIPTSTRING_1637,Found 'Smokey Lens'.,
SCRIPTSTRING_1638,Several bodies are stacked here and they look like they have been run through La Machine.,
SCRIPTSTRING_1639,Black Tower,
SCRIPTSTRING_1640,"You know it seems mad, and you can sense things in the darkness, but you see nothing, absolutely not a thing, making up the foundation of the Black Tower!",
SCRIPTSTRING_1641,"Again you see a level without visible barriers, but you feel this place is not as formless as the level below. You do know evil dwells in its black heart.",
SCRIPTSTRING_1642,"As you climb higher in the Black Tower, the fabric of reality, though twisted and weird, becomes stronger. Chittering howls and gibbering laughter echoes throughout the void you now face.",
SCRIPTSTRING_1643,"As you step into this area, you see a vision of a dark circle eclipsing a scarlet moon. The moon vanishes, and the dark disk pulses with vibrant and ebon power.",
SCRIPTSTRING_1644,"In the darkest part of the room, the party comes face to face with the keepers of the black tower.",
SCRIPTSTRING_1645,"""Chickens!! Fight like men!!"" shouts a black wizard.",
SCRIPTSTRING_1646,On a small pedestal that was once guarded by the Black Wizards is a Black Lens.\n\n,
SCRIPTSTRING_1647,Found 'Black Lens'.,
SCRIPTSTRING_1648,Several bodies are stacked here and they look like they have been run through a garbage disposal.,
SCRIPTSTRING_1649,Ice Dungeon,
SCRIPTSTRING_1650,A stairway leads up to the Ice Keep.,
SCRIPTSTRING_1651,A stairway leading up to the Ice Keep is here. Do you wish to take it?\n\n,
SCRIPTSTRING_1652,"Unlike the rest of the castle, the dungeon gives mute evidence of the invasion's fierce fighting. Debris is scattered about and bodies lie encased in icy coffins.",
SCRIPTSTRING_1653,"Dead creatures litter the floor here, and your skin crawls with the overwhelming sense of latent magic.",
SCRIPTSTRING_1654,"A sign reads:\nHere lies Lanatir, last guardian of all magics. Only in the name of his blood may you enter.",
SCRIPTSTRING_1655,What will you say?\n\n,
SCRIPTSTRING_1656,CALA,
SCRIPTSTRING_1657,UTOR,
SCRIPTSTRING_1658,Nothing happened,
SCRIPTSTRING_1659,A door appears.,
SCRIPTSTRING_1660,"Radiating with an inner glow all its own, Lanatir's Wand of Power gives an aura of incredible power.\n\n",
SCRIPTSTRING_1661,Found 'Wand of Power'.,
SCRIPTSTRING_1662,"Warm to the touch, the Sphere of Lanatir seems to want to be used in the name of Good.\n\n",
SCRIPTSTRING_1663,Found 'Sphere of Lanatir'.,
SCRIPTSTRING_1664,"A stone guardian asks the party:\n\n""Speak your name, defender, and pass a friend.""",
SCRIPTSTRING_1665,ALENDAR,
SCRIPTSTRING_1666,HAWKSLAYER,
SCRIPTSTRING_1667,Nothing happens.,
SCRIPTSTRING_1668,"The solid, ice-laden walls of this massive castle help hold the savage storm outside. Even so, the keep is not warm and the danger of frosty death stays with you even here.",
SCRIPTSTRING_1669,"There is a passageway here, going up. Do you wish to take it?\n\n",
SCRIPTSTRING_1670,There is a passageway here to the White Tower.,
SCRIPTSTRING_1671,"Scrawled on the wall you see:\n\nLift the veil,\nThen counter it,\nFalse door frees,\nTrue door.",
SCRIPTSTRING_1672,"A shimmering magical curtain that looks very much like an Aurora Borealis, shifts and sways between you and a doorway.",
SCRIPTSTRING_1673,The magical curtain dissipates into a light mist.,
SCRIPTSTRING_1674,My 'Phase-Door' spell was absorbed.,
SCRIPTSTRING_1675,My 'Levitation' spell was absorbed.,
SCRIPTSTRING_1676,The magic has been absorbed by the curtain.,
SCRIPTSTRING_1677,My 'Anti-Magic' spell was absorbed.,
SCRIPTSTRING_1678,There is a passageway here to the Grey Tower.,
SCRIPTSTRING_1679,"Scrawled on the wall you see:\n\nWolf to sate hunger,\nA hero true, but not one at all,\nFocus its attention,\nbut better not be seen at all.",
SCRIPTSTRING_1680,"Between you and the doorway beyond, you see an opalescent, hulking creature with four arms and three eyes.",
SCRIPTSTRING_1681,The creature fades away into nothingness.,
SCRIPTSTRING_1682,My 'Invisibility' spell was absorbed.,
SCRIPTSTRING_1683,My 'Instant Wolf' spell was absorbed.,
SCRIPTSTRING_1684,The magic has been absorbed by the creature.,
SCRIPTSTRING_1685,My 'Wind Hero' spell was absorbed.,
SCRIPTSTRING_1686,My 'Force Focus' spell was absorbed.,
SCRIPTSTRING_1687,There is a passageway here to the Black Tower.,
SCRIPTSTRING_1688,"Scrawled on the wall you see:\n\nBright light,\nLoud thunder,\nWhispered terror term,\nFlaming guide to lead the way,\nJoin the wall,\nThen no one will be the wall.",
SCRIPTSTRING_1689,"A glistening black wall blocks the east wall and cuts off ingress to what you believe, from what you have seen outside, must be the Black Tower.",
SCRIPTSTRING_1690,The wall crumbles into a fine powder.,
SCRIPTSTRING_1691,My 'Spell Bind' spell was absorbed.,
SCRIPTSTRING_1692,My 'Mage Flame' spell was absorbed.,
SCRIPTSTRING_1693,My 'Lesser Revelation' spell was absorbed.,
SCRIPTSTRING_1694,My 'Greater Revelation' spell was absorbed.,
SCRIPTSTRING_1695,The magic has been absorbed by the wall.,
SCRIPTSTRING_1696,My 'Shock Sphere' spell was absorbed.,
SCRIPTSTRING_1697,My 'Word Of Fear' spell was absorbed.,
SCRIPTSTRING_1698,My 'Summon Elemental' spell was absorbed.,
SCRIPTSTRING_1699,A passageway that leads down to unknown depths is here. Do you wish to take it?\n\n,
SCRIPTSTRING_1700,"A slab of white marble fits flush into the floor. A gold plug sits in the center of it, and reeks of magic.",
SCRIPTSTRING_1701,Light from above falls directly onto the disk from a silver disk in the ceiling.,
SCRIPTSTRING_1702,Carved in stone are three overlapping circles with each arrow pointing towards the castle's towers.,
SCRIPTSTRING_1703,"Carved into the stone, above the gold disk, you see three overlapping circles. One arrow points from each circle toward the castle's towers.",
SCRIPTSTRING_1704,The crystal circle is,
SCRIPTSTRING_1705,empty,
SCRIPTSTRING_1706,occupied,
SCRIPTSTRING_1707,.\nThe smokey circle is,
SCRIPTSTRING_1708,.\nThe black circle is,
SCRIPTSTRING_1709,.,
SCRIPTSTRING_1710,{0} places the lens in the proper circle.,
SCRIPTSTRING_1711,The marble platform slowly slips aside and reveals some stairs.,
SCRIPTSTRING_1712,"The purple rock that forms the mountain is warm to the touch. A rough-hewn tunnel extends forward a short way, and ends in a solid, but magically pulsing wall.",
SCRIPTSTRING_1713,"The darkness seems thicker here below the mountain. The hot air is fetid and stirs with the breath of a mighty, yet unseen, beast.",
SCRIPTSTRING_1714,"The thick, wet air whistles sharply and the tang of brimstone tastes sour to you. A musty reptilian scent almost overpowers you. You know the dragon is far too near for peace of mind.",
SCRIPTSTRING_1715,"You have entered the lair of a Rainbow Dragon. ""Lunchtime!!"" it says.",
SCRIPTSTRING_1716,"""And I didn't even get dessert!"" the Dragon moans.",
SCRIPTSTRING_1717,Under the body of the dragon is a Crystal Key.\n\n,
SCRIPTSTRING_1718,Found 'Crystal Key'.,
SCRIPTSTRING_1719,The body of the dragon is surrounded by a pool of shimmering blood.,
SCRIPTSTRING_1720,{0} collects some of the dragon blood.,
SCRIPTSTRING_1721,Cyanis' Tower is made entirely of turquoise. A narrow corridor leads in to a wall that has a small keyhole in the center of it.,
SCRIPTSTRING_1722,{0} inserts the key into the lock.,
SCRIPTSTRING_1723,Strange grasping gargoyles frozen in the walls reach out toward you. Beyond them and on their bodies you see the carvings of Cyanis and Alliria as they once were.,
SCRIPTSTRING_1724,"Somehow a sculpture on the south wall escaped Cyanis' madness. It is a carved icon of Alliria, and you can see in its beauty the reason her death would unbalance Cyanis. Below it is the word, ""Beloved.""",
SCRIPTSTRING_1725,"On the south wall you find an icon of Cyanis himself. It shows a handsome, intelligent man, but has only one disturbing aspect to it: its eyes have been clawed out.",
SCRIPTSTRING_1726,The once smooth wall now writhes with figures obscene and blasphemous. Cyanis and his foul insanity pulse through this tower level and chill you.,
SCRIPTSTRING_1727,"Trapped within azure stone that moves in sluggish slow motion, small demons repeatedly play through battles old and forgotten.",
SCRIPTSTRING_1728,"Set in the south wall you see the image of Hawkslayer. He looks younger than when you first met him and has no scars. You also hear Cyanis' shrill voice crying, ""Friend, why can you not save my beloved?""",
SCRIPTSTRING_1729,Cyanis weeping.,
SCRIPTSTRING_1730,"You see Cyanis huddled in a corner weeping underneath a painting of his lost love. ""Why!!"" he sobs in anguish.",
SCRIPTSTRING_1731,"Cyanis looks at you with insanity written over his eyes. ""Murderers!"" he yells and lunges toward the party with anger and hatred.",
SCRIPTSTRING_1732,Charging you is,
SCRIPTSTRING_1733,"Cyanis runs back into his corner and resumes crying. You can't help but pity him, if only you could end his madness.",
SCRIPTSTRING_1734,You stand over the now dead body of Cyanis and wonder if what you have done was the right thing.,
SCRIPTSTRING_1735,"Cyanis sadly offers you a magic triangle. ""Take this and enter the tomb of my beloved Alliria,"" he says, trying to hold back a tear.",
SCRIPTSTRING_1736,"""With it, a Bard can open the Black Crystal that blocks the only way in, but beware of the dangers within if you don't take precautions.""\n\n",
SCRIPTSTRING_1737,Found 'Magic Triangle'.,
SCRIPTSTRING_1738,Next to the body of Cyanis is a triangle.,
SCRIPTSTRING_1739,"Cyanis is here, slowing repairing the damage he has done to his home while in the insanity that had unmercifully tormented his soul.",
SCRIPTSTRING_1740,The body of Cyanis is here. You see nothing valuable on it to steal.,
SCRIPTSTRING_1741,{0} casts a healing spell at Cyanis.,
SCRIPTSTRING_1742,"Cyanis gets up from the ground and wipes the tears from his eyes. ""I want to thank you for ridding me of this madness that I have had to endure.""",
SCRIPTSTRING_1743,"""Alliria was murdered many moons ago by something far more powerful than anything she has ever fought.""",
SCRIPTSTRING_1744,"""Tarjan tortured her before she died and I was forced to watch this happen. Her screams drove me insane for I couldn't do anything to save her.""",
SCRIPTSTRING_1745,"""All I ask is that you find this being and kill him for what he has done.""",
SCRIPTSTRING_1746,"The necropolis near Alliria's tomb once must have been a glorious sight, but now the white marble tombs are stained gray. You sense great evil from all directions.",
SCRIPTSTRING_1747,The silver door is tinged with dark tarnish. Vile and obscene things have been scratched into its surface by sharp claws.,
SCRIPTSTRING_1748,Throughout the tomb you see signs of violation. What was once beautiful has been defaced and what was sincere has been mocked.,
SCRIPTSTRING_1749,Foul beasts slink through the shadows and derisive laughter echoes hauntingly through the halls.,
SCRIPTSTRING_1750,There is a large black crystal blocking the way north.,
SCRIPTSTRING_1751,There are black pieces of a shattered crystal here. They sure make a big mess.,
SCRIPTSTRING_1752,{0} rings the triangle.,
SCRIPTSTRING_1753,"Ringing the 'Magic Triangle' caused the crystal to explode, erupting in a brilliant flash of light.",
SCRIPTSTRING_1754,"A brilliant flash of light erupts from the exploding crystal, blinding the party.",
SCRIPTSTRING_1755,You see no signs of the desecration that took place in the outer chamber. Here the walls glow with intricate memorials lovingly created by the gnomes of Celaria Bree.,
SCRIPTSTRING_1756,Inset into the creamy white walls you see roses of different shades carved from gemstones. They sparkle with a deep light and calm you even here in the heart of danger.,
SCRIPTSTRING_1757,"You see a shadowy figure that resembles a beautiful woman.\nShe says: ""I want the Flower of truth.""",
SCRIPTSTRING_1758,"You see a shadowy figure that resembles a beautiful woman. She says:\n\n""I want the Flower of",
SCRIPTSTRING_1759,"Truth.""",
SCRIPTSTRING_1760,The shadowy figure liked the 'White Rose'.,
SCRIPTSTRING_1761,{0} gives the flower to the Shade.,
SCRIPTSTRING_1762,She liked the gift and she fades away with a smile on her face.,
SCRIPTSTRING_1763,"You see a shadowy figure that resembles a beautiful woman.\nShe says: ""I want the Flower of valor.""",
SCRIPTSTRING_1764,"Valor.""",
SCRIPTSTRING_1765,The shadowy figure liked the 'Blue Rose'.,
SCRIPTSTRING_1766,"You see a shadowy figure that resembles a beautiful woman.\nShe says: ""I want the Flower of kinship.""",
SCRIPTSTRING_1767,"Kinship.""",
SCRIPTSTRING_1768,The shadowy figure liked the 'Red Rose'.,
SCRIPTSTRING_1769,"You see a shadowy figure that resembles a beautiful woman.\nShe says: ""I want the Flower of nature.""",
SCRIPTSTRING_1770,"You see a shadowy figure that resembles a beautiful woman. She says: \n\n""I want the Flower of",
SCRIPTSTRING_1771,"Nature.""",
SCRIPTSTRING_1772,The shadowy figure liked the 'Yellow Rose'.,
SCRIPTSTRING_1773,"You see a shadowy figure that resembles a beautiful woman.\nShe says: ""I want the Flower of Alliria.""",
SCRIPTSTRING_1774,"You see a shadowy figure that resembles a beautiful woman. She says,:\n\n""I want the Flower of",
SCRIPTSTRING_1775,"Alliria.""",
SCRIPTSTRING_1776,The shadowy figure liked the 'Rainbow Rose'.,
SCRIPTSTRING_1777,She liked the gift but it wasn't what she asked for.,
SCRIPTSTRING_1778,You are in the resting place of Alliria. Objects of great beauty are lovingly placed in all the four corners.,
SCRIPTSTRING_1779,In this intricately decorated room sits the Crown of Truth.\n\n,
SCRIPTSTRING_1780,Found 'Crown of Truth'.,
SCRIPTSTRING_1781,Lying over the coffin of Alliria is her belt.\n\n,
SCRIPTSTRING_1782,Found Belt of Alliria.,
SCRIPTSTRING_1783,Wasteland,
SCRIPTSTRING_1784,A hole in time... we didn't enter it.,
SCRIPTSTRING_1785,You feel an electric tingling and know this place is a hole in time.\nDo you wish to use it?,
SCRIPTSTRING_1786,A hole in time to K'un Wang.,
SCRIPTSTRING_1787,A hole in time to Wasteland.,
SCRIPTSTRING_1788,A hole in time to Nottingham.,
SCRIPTSTRING_1789,A hole in time to Berlin.,
SCRIPTSTRING_1790,"You see a ghostly death's-head floating above this spot and hear a voice ask, ""Who am I?""\n\n",
SCRIPTSTRING_1791,SDIABM,
SCRIPTSTRING_1792,PAVLISH,
SCRIPTSTRING_1793,Answered: 'PAVLISH'.,
SCRIPTSTRING_1794,Get back to work Alan.,
SCRIPTSTRING_1795,Answered: 'SDIABM'.,
SCRIPTSTRING_1796,"A cruel, harsh wind sweeps over you and you hear, ""I am known as MARS,"" whispered in your ear.",
SCRIPTSTRING_1797,"A dry wind drives dust over you that rattles off armor. The blood-red sky forms a bowl over a broken, glowing landscape that something hideous and powerful has smashed utterly.",
SCRIPTSTRING_1798,Shattered buildings surround you. Misshapen and misbegotten creatures lurk in the ruins. Whatever destroyed this place warped and destroyed these things as well.,
SCRIPTSTRING_1799,Tarmitia,
SCRIPTSTRING_1800,"Through the smoke you see only shadows and swirls of light. Things gibber and cavort just out of sight, and the wind sounds like the groans of dying warriors.",
SCRIPTSTRING_1801,"Here is the strongest feeling of power you have had in this strange warland. Through the door to the south, fate awaits you.",
SCRIPTSTRING_1802,To the east is an image of the wilderness back home in Skara Brae.,
SCRIPTSTRING_1803,A portal back to the Wilderness back home in Skara Brae.,
SCRIPTSTRING_1804,A portal from Tarmitia took us to this spot.,
SCRIPTSTRING_1805,"Werra's Shield is here, it looks as it was forged yesterday.\n\n",
SCRIPTSTRING_1806,Found 'Werra's Shield'.,
SCRIPTSTRING_1807,"Having recovered Werra's Shield, and with the Strife Spear safely in Hawkslayer's capable hands, you decide it is time to return to the old man in Skara Brae and inform him of Werra's passing.",
SCRIPTSTRING_1808,"A tall, hugely muscled man laughs. ""You've come for my shield? Earn it!!""",
SCRIPTSTRING_1809,Gleefully attacking you is,
SCRIPTSTRING_1810,"""And I was beginning to enjoy myself!!""",
SCRIPTSTRING_1811,Werra lies dead before the party's feet.,
SCRIPTSTRING_1812,"Werra sits up in a pool of his own blood and laughs. ""That's the best fight I've had since I battled Hawkslayer and gave him Strifespear.""",
SCRIPTSTRING_1813,"He notices your looks of disbelief. ""Come, you didn't think mere mortals could kill me, did you?""",
SCRIPTSTRING_1814,"He smiles. ""Here, my shield is yours. You'll find it in the next room.""",
SCRIPTSTRING_1815,The smile fades from Werra's face as a wild screeching sound fills the room and black shapes manifest themselves all around you.,
SCRIPTSTRING_1816,"""Uh, oh."" is all Werra can say as you see",
SCRIPTSTRING_1817,The hordes of slayers didn't seem really interested in attacking the party. They disappear as fast as they appeared leaving only the dead behind.,
SCRIPTSTRING_1818,Amid the bodies you see Werra's twisted form. Life drains from him and you know he is beyond help.,
SCRIPTSTRING_1819,"""It takes a god to kill a god. Drink deep of his blood."" He shudders and lies very still.",
SCRIPTSTRING_1820,"The body of the valiant warrior Werra, lies crumbled and beaten on the floor here.",
SCRIPTSTRING_1821,Berlin,
SCRIPTSTRING_1822,A hole in time to Rome.,
SCRIPTSTRING_1823,A hole in time to Berlin.,
SCRIPTSTRING_1824,A hole in time to Wasteland.,
SCRIPTSTRING_1825,"You see a ghostly death's-head floating above this spot and hear a voice ask, ""Who am I?""",
SCRIPTSTRING_1826,TYR,
SCRIPTSTRING_1827,Answered: 'TYR'.,
SCRIPTSTRING_1828,"""Now speak my true name, if you dare...""\n\n",
SCRIPTSTRING_1829,WERRA,
SCRIPTSTRING_1830,Answered: 'WERRA'.,
SCRIPTSTRING_1831,"A cruel, harsh wind sweeps over you and you hear, ""I am known as ARES,"" whispered in your ear.",
SCRIPTSTRING_1832,"Through the smoke you see children in uniforms carrying weapons and scurrying for cover. Men in green, with red stars on their caps, oppose them.",
SCRIPTSTRING_1833,"Men in ragged green uniforms, with red stars on their caps, stalk the streets. Children in black uniforms oppose them and battle fiercely for their city.",
SCRIPTSTRING_1834,Stalingrad,
SCRIPTSTRING_1835,A hole in time to Stalingrad.,
SCRIPTSTRING_1836,A hole in time to Hiroshima.,
SCRIPTSTRING_1837,SVARAZIC,
SCRIPTSTRING_1838,Answered: 'SVARAZIC'.,
SCRIPTSTRING_1839,"A cruel, harsh wind sweeps over you and you hear, ""I am known as SDIABM,"" whispered in your ear.",
SCRIPTSTRING_1840,Cold winds whip through the desolate streets. Men in black uniforms slink through the streets and battle with weary warriors in ragged green uniforms.,
SCRIPTSTRING_1841,"Men in ragged, green uniforms, with red stars on their caps, rage through the streets and assault warriors in black uniforms. Despite the biting cold, the battle is very nasty.",
SCRIPTSTRING_1842,"Here, out of the wind, you watch as men from opposing armies battle each other with clubs and shovels. All look weary, but they do not surrender to their fatigue.",
SCRIPTSTRING_1843,Hiroshima,
SCRIPTSTRING_1844,A hole in time to Stalingrad.,
SCRIPTSTRING_1845,A hole in time to Hiroshima.,
SCRIPTSTRING_1846,A hole in time to Troy.,
SCRIPTSTRING_1847,SUSA-NO-O,
SCRIPTSTRING_1848,Answered: 'SUSA-NO-O'.,
SCRIPTSTRING_1849,"A cruel, harsh wind sweeps over you and you hear, ""I am known as TYR,"" whispered in your ear.",
SCRIPTSTRING_1850,"Fierce warriors in tan fatigues patrol the streets. A rising sun flag flutters atop a nearby building, and your odd garb makes you an immediate object of everyone's attention.",
SCRIPTSTRING_1851,Buildings of wood and paper look out of place compared to the machined weapons the warriors carry through the streets. You are marked immediately as strangers and warriors move to engage you.,
SCRIPTSTRING_1852,Warriors in tan fatigues contrast wildly with the subtle beauty of the wooden and paper buildings in the city. Everyone stares at you because you are obviously foreigners.,
SCRIPTSTRING_1853,Troy,
SCRIPTSTRING_1854,A hole in time to Troy.,
SCRIPTSTRING_1855,ARES,
SCRIPTSTRING_1856,Answered: 'ARES'.,
SCRIPTSTRING_1857,"A cruel, harsh wind sweeps over you and you hear, ""I am known as SVARAZIC,"" whispered in your ear.",
SCRIPTSTRING_1858,Greek warriors in ornate breastplates battle with bold Trojan warriors in the city streets. In the chaos you are able to pass through the area without organized opposition.,
SCRIPTSTRING_1859,"The Trojan palace is a gorgeous building filled with massive marble statues and gilded furnishings. Here warriors oppose your passage, but more, you sense, to stop your stealing their loot than out of loyalty.",
SCRIPTSTRING_1860,"Struggling warriors fight through the streets and attack anyone or anything belligerent within sight. You see bodies and blood everywhere, and you know this city is already lost.",
SCRIPTSTRING_1861,Rome,
SCRIPTSTRING_1862,A hole in time to Rome.,
SCRIPTSTRING_1863,MARS,
SCRIPTSTRING_1864,Answered: 'MARS'.,
SCRIPTSTRING_1865,"A cruel, harsh wind sweeps over you and you hear, ""I am known as ST. GEORGE,"" whispered in your ear.",
SCRIPTSTRING_1866,"Huns roam this city of marble and brick, killing citizens and battling soldiers. Despite your strange garb, you are ignored by many of those fighting around you.",
SCRIPTSTRING_1867,Huns stalk the city streets looking for anyone to kill and anything to steal. Their cruel expressions send a chill up your spine. This city is doomed.,
SCRIPTSTRING_1868,"Roman legionnaires wander the streets in small squads, rooting out Huns and other looters, then killing them on the spot. Citizens flee lest they fall prey to these angry soldiers.",
SCRIPTSTRING_1869,Nottingham,
SCRIPTSTRING_1870,A hole in time to Nottingham.,
SCRIPTSTRING_1871,ST. GEORGE,
SCRIPTSTRING_1872,ST GEORGE,
SCRIPTSTRING_1873,Answered: 'ST. GEORGE'.,
SCRIPTSTRING_1874,Answered: 'ST. GEORGE'.,
SCRIPTSTRING_1875,"A cruel, harsh wind sweeps over you and you hear, ""I am known as YEN-LO-WANG,"" whispered in your ear.",
SCRIPTSTRING_1876,Ragged bands of Saxon peasants rush through the muddy streets and engage Norman knights wherever they meet. The Saxons appear to be winning their fight.,
SCRIPTSTRING_1877,"Norman knights, clad in mail armor, battle a rabble of peasants and men in Lincoln green. Though the battle rages around you, no one side is clearly superior.",
SCRIPTSTRING_1878,Warriors clad in Lincoln green lead a peasant mob in assaults against Norman knights. The battle appears to be even.,
SCRIPTSTRING_1879,K'un Wang,
SCRIPTSTRING_1880,A hole in time to K'un Wang.,
SCRIPTSTRING_1881,YEN-LO-WANG,
SCRIPTSTRING_1882,Answered: 'YEN-LO-WANG'.,
SCRIPTSTRING_1883,"A cruel, harsh wind sweeps over you and you hear, ""I am known as SUSA-NO-O,"" whispered in your ear.",
SCRIPTSTRING_1884,The acrid scent of burning wood floats on the air. Mongol warriors and Imperial soldiers fight in the streets around you while Chinese peasants flee for their lives.,
SCRIPTSTRING_1885,Mongol invaders and Chinese warriors battle openly in the streets around you. In the confusion you pass almost unnoticed despite your odd garb and looks.,
SCRIPTSTRING_1886,The smoldering ruins smell odd and seem somewhat unfocused. It seems very much as if they do not belong here at all. Something very alien is present.,
SCRIPTSTRING_1887,There is a strange silence ahead.,
SCRIPTSTRING_1888,Foul reeking air is coming from under the door.,
SCRIPTSTRING_1889,The priests seek another word...,
SCRIPTSTRING_1890,Stairs Up,
SCRIPTSTRING_1891,Amongst some rubble you find some serviceable stairs leading back up to the ruins of Skara Brae.,
SCRIPTSTRING_1892,\n\nWill you take the stairs up?,
SCRIPTSTRING_1893,Tunnels,
SCRIPTSTRING_1894,"This dark, gloomy tunnel reeks of death and moldy rot. You shiver to think something could live down here, and you shiver to think you might die down here.",
SCRIPTSTRING_1895,Your magic wavers near here.,
SCRIPTSTRING_1896,There seems to be an odd magnetic disturbance near.,
SCRIPTSTRING_1897,The floor sure feels sticky here.,
SCRIPTSTRING_1898,... this word will allow access to the unholy domain of Brilhasti ap Tarj.,
SCRIPTSTRING_1899,Written in Blood are large letters which spell out CHAOS.,
SCRIPTSTRING_1900,Malefia,
SCRIPTSTRING_1901,Lying sprawled on the cold marble floors you see a skeleton clad in armor. The back and breast plates are crushed as if some giant child grabbed a doll and squeezed it in rage.,
SCRIPTSTRING_1902,Suddenly someone gasps. Clutched in one hand you see a magnificent weapon. It is a blackened steel spear with razor edges on the head and silver runes etched onto the flatter faces.,
SCRIPTSTRING_1903,It exudes power and you instantly recognize it as Werra's Strifespear.,
SCRIPTSTRING_1904,Hawkslayer's Body.,
SCRIPTSTRING_1905,"That means, you realize, the skeleton belongs to Hawkslayer.",
SCRIPTSTRING_1906,It also means you are the only hope of reality...,
SCRIPTSTRING_1907,Found 'Strifespear'.,
SCRIPTSTRING_1908,Only the weak light burning in the eyes and the expression of utter horror on the face tells you something is very wrong.\n\nThe statue looks like Alliria.,
SCRIPTSTRING_1909,"Here, sculpted from a black ice so frozen that it appears to be marble, you see the form of a god.",
SCRIPTSTRING_1910,{0} invokes the power of the 'Belt of Alliria'.,
SCRIPTSTRING_1911,The power of the 'Belt of Alliria' was invoked.,
SCRIPTSTRING_1912,Something resembling Alliria was here.,
SCRIPTSTRING_1913,The statue fades into nothingness.,
SCRIPTSTRING_1914,"You hear a voice say ""Legions horrid and vast.""",
SCRIPTSTRING_1915,Only the weak light burning in the eyes and the expression of utter horror on the face tells you something is very wrong.\n\nThe statue looks like Valarian.,
SCRIPTSTRING_1916,{0} invokes the power of 'Valarian's Bow'.,
SCRIPTSTRING_1917,The power of 'Valarian's Bow' was invoked.,
SCRIPTSTRING_1918,Something resembling Valarian was here.,
SCRIPTSTRING_1919,"You hear a voice say ""He cannot be defeated by what he can see.""",
SCRIPTSTRING_1920,Only the weak light burning in the eyes and the expression of utter horror on the face tells you something is very wrong.\n\nThe statue looks like Lanatir.,
SCRIPTSTRING_1921,{0} invokes the power of the 'Sphere of Lanatir'.,
SCRIPTSTRING_1922,The power of the 'Sphere of Lanatir' was invoked.,
SCRIPTSTRING_1923,Something resembling Lanatir was here.,
SCRIPTSTRING_1924,"You hear a voice say ""To oppose the Usurper's usurpers.""",
SCRIPTSTRING_1925,Only the weak light burning in the eyes and the expression of utter horror on the face tells you something is very wrong.\n\nThe statue looks like Sceadu.,
SCRIPTSTRING_1926,{0} invokes the power of 'Sceadu's Cloak'.,
SCRIPTSTRING_1927,The power of 'Sceadu's Cloak' was invoked.,
SCRIPTSTRING_1928,Something resembling Sceadu was here.,
SCRIPTSTRING_1929,"You hear a voice say ""Hold his allies at bay.""",
SCRIPTSTRING_1930,Only the weak light burning in the eyes and the expression of utter horror on the face tells you something is very wrong.\n\nThe statue looks like Ferofist.,
SCRIPTSTRING_1931,{0} invokes the power of 'Ferofist's Helm'.,
SCRIPTSTRING_1932,The power of 'Ferofist's Helm' was invoked.,
SCRIPTSTRING_1933,Something resembling Ferofist was here.,
SCRIPTSTRING_1934,"You hear a voice say, ""He opens the Gates of Hell.""",
SCRIPTSTRING_1935,Only the weak light burning in the eyes and the expression of utter horror on the face tells you something is very wrong.\n\nThe statue looks like Werra.,
SCRIPTSTRING_1936,{0} invokes the power of 'Werra's Shield'.,
SCRIPTSTRING_1937,The power of 'Werra's Shield' was invoked.,
SCRIPTSTRING_1938,Something resembling Werra was here.,
SCRIPTSTRING_1939,"You hear a voice say ""It can be stolen from the jaws of defeat. The way is open for the new generation.""",
SCRIPTSTRING_1940,You see the faint outline of a door on the north wall.,
SCRIPTSTRING_1941,"As the party walks into the room, the floor dissipates and the party falls through a field of stars.",
SCRIPTSTRING_1942,You enter the room and stumble upon an arcane religious ceremony in progress. The priestess points in your direction.,
SCRIPTSTRING_1943,"""They will make a perfect sacrifice for the Mad One!""",
SCRIPTSTRING_1944,Their haunting laughter burns in your ears as you cowardly beat a strategic retreat.,
SCRIPTSTRING_1945,"As you enter the room, waves of heat wash over you from the lava pit in front of you.",
SCRIPTSTRING_1946,Lava pit.,
SCRIPTSTRING_1947,Guarding a narrow bridge that spans the chasm is a skeletal figure and his minions.,
SCRIPTSTRING_1948,"""Fools, none shall pass!!"" he screams as you face",
SCRIPTSTRING_1949,"As you flee for the door, a wave of lava pursues you...",
SCRIPTSTRING_1950,You are burned by the lava before escaping out the door.,
SCRIPTSTRING_1951,Barracks,
SCRIPTSTRING_1952,There is a passageway here.,
SCRIPTSTRING_1953,There is a passageway here. Do you wish to take it?\n\n,
SCRIPTSTRING_1954,There is a passageway here that leads to Ferofist's.,
SCRIPTSTRING_1955,\ There is a passageway here that leads to the Barracks.,
SCRIPTSTRING_1956,"Despite the smoke choking the passageway, you see, nailed to the walls, battle standards of Dwarven battalions. Many have been torn and defaced, but they still hang in the barracks entrance.",
SCRIPTSTRING_1957,"Hidden away in a corner of this room is a strange key. Judging by the oddly shaped handle, it looks like you use your right hand to turn it.\n\n",
SCRIPTSTRING_1958,Found Right Key.,
SCRIPTSTRING_1959,Ferofist's,
SCRIPTSTRING_1960,The ground seems worn here.,
SCRIPTSTRING_1961,There is a passageway here leads to the Private Quarters,
SCRIPTSTRING_1962,\ There is a passageway here that leads to Ferofist's,
SCRIPTSTRING_1963,There is a passageway here leads to the Workshop,
SCRIPTSTRING_1964,There is a passageway here leads to the Barracks,
SCRIPTSTRING_1965,"Carved from solid rock, the Dwarven castle you find yourself standing in radiates strength and power. Sadly, however, its walls also bear the scars of war -- and many of them are very recent.",
SCRIPTSTRING_1966,"The castle's Grand Reception room looms high over your head, its vaulted ceiling lost in the dim light above you. Strewn throughout you see the torn and shattered bodies of Dwarves and strange machines.",
SCRIPTSTRING_1967,"Ferofist's Throne Room, stripped of the fine furnishings it once had, seems violated and dead. Broken and long dead combatants fill the room. It is a very grim sight.",
SCRIPTSTRING_1968,"Scratched deep into the wall, with coppery shards of metal embedded in the stone, you read: Why must those who rise to rival their creators always be considered damned?",
SCRIPTSTRING_1969,"Standing before you, blocking the hallway, you see Hawkslayer. He's younger than the last time you met, and shows none of the signs of his long adventuring career.",
SCRIPTSTRING_1970,"He stares at you and says, ""The old one said I'd find allies, but I don't work with just anyone. I only want smart allies.""",
SCRIPTSTRING_1971,"""Answer this riddle:\nColder than myself, I cover myself with myself, and shrink so I can grow large again.""",
SCRIPTSTRING_1972,"""What's the answer?""",
SCRIPTSTRING_1973,ICEBERG,
SCRIPTSTRING_1974,"""If you can't answer that simple a riddle, I don't know how you'll survive in Kinestia. I better come along and keep you safe.""",
SCRIPTSTRING_1975,"""Glad to be in smart company. Listen, you magickers should know, magic is screwy here. Be careful.""",
SCRIPTSTRING_1976,"""How about us getting together?""\n\n",
SCRIPTSTRING_1977,You come upon a sleeping Hawkslayer. He awakens and jumps into a fighting stance in a blink of an eye. You are taken by surprise.,
SCRIPTSTRING_1978,"""Sorry, but you can't be too careful,"" says Hawkslayer. ""Well how about it? Shall we team up?""\n\n",
SCRIPTSTRING_1979,"""Tell ya what, I'll wait here until you can trim your party to a more manageable size. I've got some sleeping to catch up on.""",
SCRIPTSTRING_1980,Private Quarter,
SCRIPTSTRING_1981,There is a passageway here that leads to Ferofist's,
SCRIPTSTRING_1982,\ There is a passageway here that leads to the Private Quarters,
SCRIPTSTRING_1983,Wisps of smoke and the sounds of battle echo throughout the halls of Ferofist's private lodging wing. You see the grim reminders of war all over - most notably dying Dwarves and their mechanistic foes.,
SCRIPTSTRING_1984,"A small band of Dwarves, accompanied by a dying Ferofist.",
SCRIPTSTRING_1985,"A small band of dwarves looks up and growls menacingly, but an older Dwarf, seated in the middle of their protective circle, commands them to silence.",
SCRIPTSTRING_1986,"His armor, once a masterwork by a Dwarven armorer, is now holed through and through. The old dwarf is dying, but his eyes light up as he sees you.",
SCRIPTSTRING_1987,"He coughs weakly, ""You have come as prophezied. You must destroy the fruits of my foolish alliance with the dark one, find the keys, and travel through my workshop into Urmech's Lair.""",
SCRIPTSTRING_1988,"Ferofist collapses into a lifeless shell of a man, finally at peace. The Dwarves take his body away to be buried in secret.",
SCRIPTSTRING_1989,"A Dwarf says, ""He scrawled this message on the wall. It may mean something or it may not.""",
SCRIPTSTRING_1990,The final Dwarf leaves.,
SCRIPTSTRING_1991,"A Dwarf handed us a message:\nBright hand, true hand,\nThine are the months of six summers.\nSinister hand, Dark hand,\nThree plagues upon each finger.\nIn opposition, you ward the lair of my foolish death.",
SCRIPTSTRING_1992,"Bright hand, true hand,\nThine are the months of six summers.\nSinister hand, Dark hand,\nThree plagues upon each finger.\nIn opposition, you ward the lair of my foolish death.",
SCRIPTSTRING_1993,"Hidden away in a corner of this room is a strange key. Judging by the oddly shaped handle, it looks like you use your left hand to turn it.\n\n",
SCRIPTSTRING_1994,Found Left Key.,
SCRIPTSTRING_1995,Workshop,
SCRIPTSTRING_1996,There is a passageway here that leads to the Workshop.,
SCRIPTSTRING_1997,Turned the 'Right Key' 18 Times and the 'Left key' 15 times. The portal is no longer sealed by the two doors.,
SCRIPTSTRING_1998,There is a sealed portal on the floor. It is secured by two locks.,
SCRIPTSTRING_1999,How many times will ye turn the key?\n\n,
SCRIPTSTRING_2000,The key turns in the lock.,
SCRIPTSTRING_2001,The locks pop off the door sealing the portal.,
SCRIPTSTRING_2002,Urmech's Paradise,
SCRIPTSTRING_2003,"Through the open portal you see a viscous, bubbling liquid the color of pine pitch.",
SCRIPTSTRING_2004,A fresh breeze comes from the open portal above.,
SCRIPTSTRING_2005,Viscous Plane,
SCRIPTSTRING_2006,"The thick, amber liquid soaks through your clothing and chills your flesh. You fight against the smothering sensation as it seals your nostrils off and blink as the fluid stings your eyes.",
SCRIPTSTRING_2007,You feel a slight current moving through the oily fluid. Something swishes through the murky lake and you feel a chainlike body writhe between your legs.,
SCRIPTSTRING_2008,A light from the south cuts through the murk and reveals stone walls worn smooth by the thick liquid flowing through this underground lake.,
SCRIPTSTRING_2009,There is an opening in the ceiling that seems to go to a new area.\n,
SCRIPTSTRING_2010,Do you wish to swim to it?,
SCRIPTSTRING_2011,Sanctum,
SCRIPTSTRING_2012,"Urmech's private sanctum is a beautiful world of symmetrical metal tubes, jeweled globes and silvery tools. Here you sense great power and feel a facet of magic you have never sensed before.",
SCRIPTSTRING_2013,Urmech,
SCRIPTSTRING_2014,"Seated in a scrap-metal throne you see Urmech. His iron features seem to move like flesh, and his expression is one of sorrow.",
SCRIPTSTRING_2015,"""Is this how it must end, in violence, or can we work out an accommodation?""\n\n",
SCRIPTSTRING_2016,"Yes, Violence",
SCRIPTSTRING_2017,"No, Accommodate",
SCRIPTSTRING_2018,"""Pity, I'm afraid you give me no choice then."" Attacking you is",
SCRIPTSTRING_2019,"""I'm glad we could avoid a confrontation.""",
SCRIPTSTRING_2020,"Urmech's broken metal body rests on top of a scrap metal throne. We could fix him if we had a spanner, a lever, a nut and a bolt.",
SCRIPTSTRING_2021,\nWe have the tools to repair him. He could still be useful.,
SCRIPTSTRING_2022,Repair Urmech,
SCRIPTSTRING_2023,Leave him.,
SCRIPTSTRING_2024,"Using your spanner, a lever, a bolt, a nut, and a bit of elbow grease, you manage to repair Urmech. He seems grateful for being put back together.",
SCRIPTSTRING_2025,"\nUrmech doesn't look too damaged... perhaps we could repair him... We'll need a spanner, a lever, a nut and a bolt.",
SCRIPTSTRING_2026,"""Ferofist created me, despite the Gods' Pact barring further creation, and through this heinous act, helped free the dark one.""",
SCRIPTSTRING_2027,"""But what of me? I have done no evil except to live. I have, in turn, created others of my kind to protect me - and so I will not be all alone.""",
SCRIPTSTRING_2028,"""The items you seek are in my inner sanctum. I have no need of them and they are yours to take.""",
SCRIPTSTRING_2029,"""I have discovered a type of magic I will share with you, if you are willing.""",
SCRIPTSTRING_2030,"""Those who wish to learn my magic should meet me at the rear of my sanctum. There I will instill this new power into your blood.""",
SCRIPTSTRING_2031,"With that, Urmech leaves and enters a chamber to the south.",
SCRIPTSTRING_2032,We met Urmech here. He told us his story and entered a chamber to the south.,
SCRIPTSTRING_2033,A scrap metal throne is here. There is no sign of Urmech anywhere.,
SCRIPTSTRING_2034,Among the cold steel furniture that adorns Urmech's chamber is a small treasure chest.,
SCRIPTSTRING_2035,Ferofist's Helm is in the chest.\n\n,
SCRIPTSTRING_2036,Found 'Ferofist's Helm'.,
SCRIPTSTRING_2037,The Hammer of Wrath is in the chest.\n\n,
SCRIPTSTRING_2038,Found Hammer of Wrath.,
SCRIPTSTRING_2039,There is a large machine here that radiates a magical aura. No one in the party can figure out how to use this machine and what it does.,
SCRIPTSTRING_2040,"Urmech stands before a strange and magical machine. This machine will transform a Warrior, Bard, Paladin, Hunter or Monk into a Geomancer!.""",
SCRIPTSTRING_2041,Urmech stands before a strange and magical machine. He says...,
SCRIPTSTRING_2042,"""This machine will instill into a Warrior, Bard, Paladin, Hunter or Monk the ability to use magic.""",
SCRIPTSTRING_2043,"""You will be more than a warrior, you will be a Geomancer!!""",
SCRIPTSTRING_2044,"""But know this, you will lose some of your fighter abilities and skills but the magic you possess will more than make up for the loss.""",
SCRIPTSTRING_2045,Whom shall become a Geomancer?,
SCRIPTSTRING_2046,"""Very well, I'll be here if you change your minds.""",
SCRIPTSTRING_2047,"""I cannot change you, you aren't a warrior.""",
SCRIPTSTRING_2048,Urmech reaches out and caresses your temples with his copper fingers. You feel a tingle and you have been changed.,
SCRIPTSTRING_2049,"Through an open portal you see a viscous, bubbling liquid the color of pine pitch.\n",
SCRIPTSTRING_2050,Do you wish to climb into it?,
SCRIPTSTRING_2051,UnterBrae,
SCRIPTSTRING_2052,"Although Skara Brae lay in ruins, it felt far more alive than this place. Something here just feels wrong: it is not of this world. Even breathing this air feels dirty.",
SCRIPTSTRING_2053,Tacked on the door in the east wall you see the following message:\n\nThose who enter this door will never leave through it.,
SCRIPTSTRING_2054,The tint of melancholy paves the way.,
SCRIPTSTRING_2055,A splash of a noble's blood colors the exit.,
SCRIPTSTRING_2056,The shade of the winds' home will make you free.,
SCRIPTSTRING_2057,"A magic mouth appears and says:\n""Speak the rhyming word to pass through!""",
SCRIPTSTRING_2058,BLUE,
SCRIPTSTRING_2059,"""Sorry, but thou art wrong.""",
SCRIPTSTRING_2060,Answer: BLUE,
SCRIPTSTRING_2061,"""Very good! You may be worthy to battle Brilhasti ap Tarj after all!""",
SCRIPTSTRING_2062,Return from beyond this place is not possible by this means.,
SCRIPTSTRING_2063,"Down below, eschew the first right thing to do.",
SCRIPTSTRING_2064,"Light hurts me and bleeds me, but leaves me behind it always.",
SCRIPTSTRING_2065,The air down here smells of dry rot and other putrefaction. The dry air feels uncomfortable and leeches moisture from you as it saps your strength and courage.,
SCRIPTSTRING_2066,Faded Figure,
SCRIPTSTRING_2067,"A faded figure appears and asks:\n""I am nothing, I make nothing, but my opposite creates me even as it destroys me. What am I?""",
SCRIPTSTRING_2068,Answer: SHADOW,
SCRIPTSTRING_2069,"Things that lurk, in shadows below Make it an unsafe place to go. First Ward: Spin lest ye be spun.",
SCRIPTSTRING_2070,"The first Ward's Key:\nNevEr Now,\nEvEr iS SEEn,\nElitE aNd NarroW,\nNorth by NorthWest Way,\nDoves MourN.",
SCRIPTSTRING_2071,Only a fool would frontally assault the second Ward.,
SCRIPTSTRING_2072,"The third Ward's path of darkness is not without danger, but there is more to fear in the light of Brilhasti's insanity.",
SCRIPTSTRING_2073,"The three Wards below will try your soul, but that's the only way out of this hole. Brilhasti is cold and he is mean. Make sure his death is quick and clean.",
SCRIPTSTRING_2074,The spectral hand of fear runs bony fingers down your spine. The air is hot and close. This place feels like the inside of a grave.,
SCRIPTSTRING_2075,Figure,
SCRIPTSTRING_2076,"A figure appears and asks:\n""I have no lips, yet my kiss is deadly. I am not a razor, but those I caress need never shave again. Your best friend, I will kill you.""",
SCRIPTSTRING_2077,"""Speak my name, then ready me.""",
SCRIPTSTRING_2078,"Sorry, but thou art wrong.",
SCRIPTSTRING_2079,Answer: SWORD,
SCRIPTSTRING_2080,"Diddledy high,\nDiddledy low,\nCome brave blood sheep, you've a goodly way to go.",
SCRIPTSTRING_2081,"So far, so good, this you all think,\nCome even further, your blood I will drink.\nBrilhasti am I, and great is my god.\nCome to me, come, down the path few have trod.",
SCRIPTSTRING_2082,The party has entered the chamber of Brilhasti ap Tarj! He doesn't seem pleased to meet you.,
SCRIPTSTRING_2083,You scream a hideous battle cry as you face,
SCRIPTSTRING_2084,"""You Wimps!"" screams Brilhasti ap Tarj as the party bravely retreats.",
SCRIPTSTRING_2085,The party has killed Brilhasti ap Tarj!,
SCRIPTSTRING_2086,A force is enveloping the party...,
SCRIPTSTRING_2087,This place is marked by the remains of a mighty battle... \n\nThis is where Brilhasti ap Tarj was defeated...,
SCRIPTSTRING_2088,Tar quarry,
SCRIPTSTRING_2089,The god-awful stench of sulphurous tar swirls through this pit like a cyclone. Through the wisps of choking mist you see a small building amid bubbling tar flats.,
SCRIPTSTRING_2090,You see the forest from here.,
SCRIPTSTRING_2091,\nDo you wish to go back?,
SCRIPTSTRING_2092,To the east you see a wide area of oozing tar that produces noxious burst of steam as bubbles burst and flick tar droplets around. To your horror you see things moving in the seething pool.,
SCRIPTSTRING_2093,North and south of you the skeletons and gnawed corpses of creatures trapped in the tar serve as grisly evidence of the deceptive dangers of the tar pit.,
SCRIPTSTRING_2094,"The roiling slime-pit to the west reeks of putrefaction and decay. You see something move within the tar, but you are wise enough to keep your distance.",
SCRIPTSTRING_2095,In the middle of the little building you see a small fountain jetting viscous black tar.,
SCRIPTSTRING_2096,{0} collects some of the gooey tar.,
SCRIPTSTRING_2097,Shadow Canyon,
SCRIPTSTRING_2098,"The Shadow Canyon stretches off into the distance. It appears to be without end but, you expect, this is, like so many other things in Tenebrosia, an illusion of some sort.",
SCRIPTSTRING_2099,A passage is here back to the forest.,
SCRIPTSTRING_2100,Scrawled in a crude hand on the canyon wall you see the message: A castle is only as weak as its strongest wall.,
SCRIPTSTRING_2101,"The canyon recedes into the land's twilight murk and you feel at the end of the canyon, yet still firmly in the middle of it. This place seems to ignore all logic.",
SCRIPTSTRING_2102,"Gibbering howls echo from black sandstone walls. You cannot tell from whence they originate, but you do know no human throat uttered the cries. You shiver involuntarily.",
SCRIPTSTRING_2103,The walls are rotted around the traps.,
SCRIPTSTRING_2104,Hidden away in a crevice on the cliff wall is a lock that looks more like a shadow than anything real.\n\n,
SCRIPTSTRING_2105,Found 'Shadow Lock'.,
SCRIPTSTRING_2106,Sceadu's Demens,
SCRIPTSTRING_2107,"The darkness feels warm and living, yet is not menacing. It conceals things, but the sharply defined shadows also reveal a stability that lets you know this is the heart of Tenebrosia.",
SCRIPTSTRING_2108,"Through the murk you see walls defining rooms with an utter absence of anything you would consider reason. You don't feel mortal dread, but a healthy fear of the unknown mixed with fear of surprises.",
SCRIPTSTRING_2109,"Hushed whispers remind you of town gossips, and your ears burn as you are certain you've heard yourself mentioned several times, but you can recall no specific item and remember no definite words.",
SCRIPTSTRING_2110,"Scratched on the wall you see: Just because you're paranoid, it doesn't mean you don't have enemies. You feel unfriendly eyes watching you closely.",
SCRIPTSTRING_2111,"Carved into the black basalt floor you see the gilded question: ""If Nowhere is a circle, then the middle is at the end, isn't it?""",
SCRIPTSTRING_2112,"You hear laughter echoing in your ears. ""Close, but the other end is where your prize lurks.""",
SCRIPTSTRING_2113,"A laugh floats hauntingly through the air. ""Alas, this end is not the end you seek.""",
SCRIPTSTRING_2114,Sceadu,
SCRIPTSTRING_2115,"Seated in a tall throne you see a powerful figure, but you notice almost immediately that it's easier to see him by not looking at him.",
SCRIPTSTRING_2116,"He smiles somewhat uneasily. ""I know what you have come for, but I cannot surrender it to you.""",
SCRIPTSTRING_2117,Attacking you is,
SCRIPTSTRING_2118,"Sceadu, stripped of his life, cries out and collapses. ""Damn you, Tarjan,"" he swears, then falls unconscious.",
SCRIPTSTRING_2119,"His labored chest heaves twice, then Sceadu lies utterly still.",
SCRIPTSTRING_2120,Sceadu's Cloak covers its now deceased owner.\n\n,
SCRIPTSTRING_2121,Found 'Sceadu's Cloak'.,
SCRIPTSTRING_2122,Next to Sceadu's throne is a beautifully crafted helmet. Too bad Sceadu wasn't wearing it when you ruined his day.\n\n,
SCRIPTSTRING_2123,Found 'Helm of Justice'.,
SCRIPTSTRING_2124,"You look in pity at the body of Sceadu, ""Why did he ally himself with the dark one?"" someone asks.",
SCRIPTSTRING_2125,Tarjan,
SCRIPTSTRING_2126,You feel an overpowering aura of evil here. You are close to finally fulfilling your quest.,
SCRIPTSTRING_2127,You feel power pulsing like a heartbeat. You are very close to the source of all evil!,
SCRIPTSTRING_2128,You feel that this is a gate back to the wilderness outside of Skara Brae.,
SCRIPTSTRING_2129,\n\nDo you wish to take it?,
SCRIPTSTRING_2130,A one-way dimensional hole from Tarjan's realm dumped us out here.,
SCRIPTSTRING_2131,"A dark, cloaked figure laughs. ""So you think you could defeat me again, like the way you tricked me at Baron Harkyn's castle so many years ago?""",
SCRIPTSTRING_2132,"""Now I'll have my revenge on you and I'll take what should rightfully be mine!!""",
SCRIPTSTRING_2133,"""I will possess control over all space and time!!""",
SCRIPTSTRING_2134,Tarjan waves his arms and conjures up some friends.,
SCRIPTSTRING_2135,"""Here my pretties, time for target practice.""",
SCRIPTSTRING_2136,You face,
SCRIPTSTRING_2137,"""I knew you could never defeat my forces of darkness!""",
SCRIPTSTRING_2138,"Tarjan has a look of complete surprise on his face, ""Most impressive, you are a hardy lot.""",
SCRIPTSTRING_2139,"""Now I'll gleefully send you to the hell I came from and torment your souls for eternity.""",
SCRIPTSTRING_2140,"Tarjan waves his arms and cries, ""You will not live to see dawn!!""",
SCRIPTSTRING_2141,Ether,
SCRIPTSTRING_2142,"You gather around Tarjan's dead body, carefully avoiding the steaming streams of vitriolic blood burning into the stone floor, and reality slowly begins to unravel around you.",
SCRIPTSTRING_2143,"You look up and discover, where there had only been a dark rock ceiling, a brilliantly lit chimney of stone.",
SCRIPTSTRING_2144,You slowly drift upward.,
SCRIPTSTRING_2145,Time and space folds in upon itself and you reach a place made completely and utterly of light.,
SCRIPTSTRING_2146,"Seated in a glowing throne, a man smiles at you. Though he is youthful and handsome, you recognize him instantly as the old man who sent you upon your quest.",
SCRIPTSTRING_2147,"Beside him stands your friend, Hawkslayer.",
SCRIPTSTRING_2148,The enthroned figure pulls out a sword and begins to speak...,
SCRIPTSTRING_2149,"Looking around, you recognise the site where Tarjan was finally defeated. Now quiet, though still the remnants of Tarjan's beasts wander through this realm of evil.",
SCRIPTSTRING_2150,You're at the City Square gates,
SCRIPTSTRING_2151,We found the Scarlet Bard here.,
SCRIPTSTRING_2152,We found Saradon's corpse here.,
SCRIPTSTRING_2153,We found a WardStone in Saradon's robes.,
BESTIARY_ONE_KILL_LEFT,Need 1 more kill to unlock this information.,
BESTIARY_MORE_KILLS_LEFT,Need {0} more kills to unlock this information.,
ITEM_Acorn,Acorn,
ITEM_Adamant Bracers,Adamant Bracers,
ITEM_Adamant Chain,Adamant Chain,
ITEM_Adamant Dagger,Adamant Dagger,
ITEM_Adamant Gloves,Adamant Gloves,
ITEM_Adamant Helm,Adamant Helm,
ITEM_Adamant Mace,Adamant Mace,
ITEM_Adamant Plate,Adamant Plate,
ITEM_Adamant Scale,Adamant Scale,
ITEM_Adamant Shield,Adamant Shield,
ITEM_Adamant Sword,Adamant Sword,
ITEM_Ag's Arrows,Ag's Arrows,
ITEM_Ali's Carpet,Ali's Carpet,
ITEM_Angel's Harp,Angel's Harp,
ITEM_Angel's Ring,Angel's Ring,
ITEM_Angra's Eye,Angra's Eye,
ITEM_Aram's Knife,Aram's Knife,
ITEM_Arc's Eye,Arc's Eye,
ITEM_Arc's Hammer,Arc's Hammer,
ITEM_Arcshield,Arcshield,
ITEM_Arefolia,Arefolia,
ITEM_Arrows,Arrows,
ITEM_Arrows of Life,Arrows of Life,
ITEM_Bard Bow,Bard Bow,
ITEM_Bardsword,Bardsword,
ITEM_Belt of Alliria,Belt of Alliria,
ITEM_Black Arrows,Black Arrows,
ITEM_Black Lens,Black Lens,
ITEM_Blast Harp,Blast Harp,
ITEM_Blast Mandolin,Blast Mandolin,
ITEM_Blood Axe,Blood Axe,
ITEM_Blood Mesh Robe,Blood Mesh Robe,
ITEM_Blue Rose,Blue Rose,
ITEM_Bolt,Bolt,
ITEM_Boomerang,Boomerang,
ITEM_Breathring,Breathring,
ITEM_Broadsword,Broadsword,
ITEM_Broom,Broom,
ITEM_Brothers Figure,Brothers Figurine,
ITEM_Buckler,Buckler,
ITEM_Bulldozer Figure,Bulldozer Figurine,
ITEM_Canteen,Canteen,
ITEM_Chain Mail,Chain Mail,
ITEM_Cli Lyre,Cli Lyre,
ITEM_Cold Harp,Cold Harp,
ITEM_Cold Horn,Cold Horn,
ITEM_Conjurstaff,Conjurstaff,
ITEM_Crown of Truth,Crown of Truth,
ITEM_Crystal Gem,Crystal Gem,
ITEM_Crystal Key,Crystal Key,
ITEM_Crystal Lens,Crystal Lens,
ITEM_Crystal Sword,Crystal Sword,
ITEM_Dag Stone,Dag Stone,
ITEM_Dagger,Dagger,
ITEM_Dagger!,Dagger!,
ITEM_Dayblade,Dayblade,
ITEM_Deadlyrang,Deadlyrang,
ITEM_Death Dagger,Death Dagger,
ITEM_Death Figure,Death Figurine,
ITEM_Death Hammer,Death Hammer,
ITEM_Death Stars,Death Stars,
ITEM_Deathhorn,Deathhorn,
ITEM_Deathring,Deathring,
ITEM_Diamond Bracers,Diamond Bracers,
ITEM_Diamond Dagger,Diamond Dagger,
ITEM_Diamond Flail,Diamond Flail,
ITEM_Diamond Helm,Diamond Helm,
ITEM_Diamond Plate,Diamond Plate,
ITEM_Diamond Scale,Diamond Scale,
ITEM_Diamond Shield,Diamond Shield,
ITEM_Diamond Staff,Diamond Staff,
ITEM_Diamond Suit,Diamond Suit,
ITEM_Diamond Sword,Diamond Sword,
ITEM_Divine Halbard,Divine Halbard,
ITEM_Dork Ring,Dork Ring,
ITEM_Dragon Blood,Dragon Blood,
ITEM_Dragon Figure,Dragon Figurine,
ITEM_Dragonshield,Dragonshield,
ITEM_Dragonsword,Dragonsword,
ITEM_Dragonwand,Dragonwand,
ITEM_Drums of Death,Drums of Death,
ITEM_Dynamite,Dynamite,
ITEM_Eelskin Tunic,Eelskin Tunic,
ITEM_Elf Boots,Elf Boots,
ITEM_Elf Cloak,Elf Cloak,
ITEM_Eternal Torch,Eternal Torch,
ITEM_Exorwand,Exorwand,
ITEM_Eye,Eye,
ITEM_Familiar Figure,Familiar Figurine,
ITEM_Ferofist's Helm,Ferofist's Helm,
ITEM_Fin's Flute,Fin's Flute,
ITEM_Fire Horn,Fire Horn,
ITEM_Fire Mandolin,Fire Mandolin,
ITEM_Fire Spear,Fire Spear,
ITEM_Firebrand,Firebrand,
ITEM_Flame Flute,Flame Flute,
ITEM_Flame Horn,Flame Horn,
ITEM_Flame Knife,Flame Knife,
ITEM_Flame Sword,Flame Sword,
ITEM_Flare Crystal,Flare Crystal,
ITEM_Flute,Flute,
ITEM_Frost Drums,Frost Drums,
ITEM_Frost Horn,Frost Horn,
ITEM_Galt's Flute,Galt's Flute,
ITEM_Galvanic Oboe,Galvanic Oboe,
ITEM_Gauntlets,Gauntlets,
ITEM_Giant Figure,Giant Figurine,
ITEM_Gods' Blade,Gods' Blade,
ITEM_Golem Figure,Golem Figurine,
ITEM_Grenade,Grenade,
ITEM_Halbard,Halbard,
ITEM_Hammer of Wrath,Hammer of Wrath,
ITEM_Harmonic Gem,Harmonic Gem,
ITEM_Harmonic Staff,Harmonic Staff,
ITEM_Harp,Harp,
ITEM_Hawkblade,Hawkblade,
ITEM_Heal Harp,Heal Harp,
ITEM_Heartseeker,Heartseeker,
ITEM_Helm,Helm,
ITEM_Helm of Justice,Helm of Justice,
ITEM_Herb Figure,Herb Figurine,
ITEM_Holy Avenger,Holy Avenger,
ITEM_Holy Handgrenade,Holy Handgrenade,
ITEM_Holy Missile,Holy Missile,
ITEM_Holy Sword,Holy Sword,
ITEM_Holy TNT,Holy TNT,
ITEM_Horn of Gods,Horn of the Gods,
ITEM_Hourglass,Hourglass,
ITEM_Hunter Blade,Hunter Blade,
ITEM_Hunters Cloak,Hunters Cloak,
ITEM_Huntsman Gloves,Huntsman Gloves,
ITEM_I-ching,I-ching,
ITEM_Incense,Incense,
ITEM_Item of K,Item of Kazdek,
ITEM_Kael's Axe,Kael's Axe,
ITEM_Kali's Garrote,Kali's Garrote,
ITEM_Kato's Bracer,Kato's Bracer,
ITEM_Kiel's Compass,Kiel's Compass,
ITEM_Lak's Lyre,Lak's Lyre,
ITEM_Lamp,Lamp,
ITEM_Leather Armor,Leather Armor,
ITEM_Leather Gloves,Leather Gloves,
ITEM_Left Key,Left Key,
ITEM_Lever,Lever,
ITEM_Lich Figure,Lich Figurine,
ITEM_Lightstar,Lightstar,
ITEM_Lightwand,Lightwand,
ITEM_Long Bow,Long Bow,
ITEM_Lorehelm,Lorehelm,
ITEM_Luckshield,Luckshield,
ITEM_Mace,Mace,
ITEM_Mage Figure,Master Wizard Figurine,
ITEM_MasterMage Figure,Master Mage Figurine,
ITEM_Mage Staff,Mage Staff,
ITEM_Mages Cloak,Mages Cloak,
ITEM_Mages Glove,Mages Glove,
ITEM_Magic Mouth,Magic Mouth,
ITEM_Magic Triangle,Magic Triangle,
ITEM_Mandolin,Mandolin,
ITEM_Master Key,Master Key,
ITEM_Master Wand,Master Wand,
ITEM_Minstrels Glove,Minstrels Glove,
ITEM_Misericorde,Misericorde,
ITEM_Mithril Arrows,Mithril Arrows,
ITEM_Mithril Axe,Mithril Axe,
ITEM_Mithril Bracers,Mithril Bracers,
ITEM_Mithril Chain,Mithril Chain,
ITEM_Mithril Dagger,Mithril Dagger,
ITEM_Mithril Gloves,Mithril Gloves,
ITEM_Mithril Helm,Mithril Helm,
ITEM_Mithril Mace,Mithril Mace,
ITEM_Mithril Plate,Mithril Plate,
ITEM_Mithril Scale,Mithril Scale,
ITEM_Mithril Shield,Mithril Shield,
ITEM_Mithril Suit,Mithril Suit,
ITEM_Mithril Sword,Mithril Sword,
ITEM_Molten Figure,Molten Figurine,
ITEM_Molten Flute,Molten Flute,
ITEM_Molten Harp,Molten Harp,
ITEM_Molten Horn,Molten Horn,
ITEM_Molten Mandolin,Molten Mandolin,
ITEM_Molten Tar,Molten Tar,
ITEM_Mongo Figure,Mongo Figurine,
ITEM_Mournblade,Mournblade,
ITEM_Nightspear,Nightspear,
ITEM_Nospen Ring,Nospen Ring,
ITEM_Nut,Nut,
ITEM_Ogre Figure,Ogre Figurine,
ITEM_Ogrewand,Ogrewand,
ITEM_Old Man Figure,Old Man Figurine,
ITEM_Onyx Key,Onyx Key,
ITEM_Oscon's Staff,Oscon's Staff,
ITEM_Pipes of Pan,Pan's Pipes,
ITEM_Plate Armor,Plate Armor,
ITEM_Poison Dagger,Poison Dagger,
ITEM_Powerstaff,Powerstaff,
ITEM_Pure Shield,Pure Shield,
ITEM_Pureblade,Pureblade,
ITEM_Purple Heart,Purple Heart,
ITEM_Rainbow Rose,Rainbow Rose,
ITEM_Red Rose,Red Rose,
ITEM_Red's Stiletto,Red's Stiletto,
ITEM_Right Key,Right Key,
ITEM_Ring of Power,Ring of Power,
ITEM_Ring of Return,Ring of Return,
ITEM_Ring of Accuracy,Ring of Accuracy,
ITEM_Robes,Robes,
ITEM_GreenRobes,Green Warrior Robes,
ITEM_Samurai Figurine,Samurai Figurine,
ITEM_Scale Armor,Scale Armor,
ITEM_Sceadu's Cloak,Sceadu's Cloak,
ITEM_Shadelance,Shadelance,
ITEM_Shadow Door,Shadow Door,
ITEM_Shadow Lock,Shadow Lock,
ITEM_Shadowshiv,Shadowshiv,
ITEM_Sheetmusic,Sheetmusic,
ITEM_Shield Ring,Shield Ring,
ITEM_Shield Staff,Shield Staff,
ITEM_Shock Drums,Shock Drums,
ITEM_Shock Harp,Shock Harp,
ITEM_Short Sword,Short Sword,
ITEM_Shrill Flute,Shrill Flute,
ITEM_Shuriken,Shurikens,
ITEM_Silver Circle,Silver Circle,
ITEM_Silver Square,Silver Square,
ITEM_Silver Triangle,Silver Triangle,
ITEM_Slayer Figure,Slayer Figurine,
ITEM_Smokey Lens,Smokey Lens,
ITEM_Song Axe,Song Axe,
ITEM_Soothing Balm,Soothing Balm,
ITEM_Sorcerer's Hood,Sorcerer's Hood,
ITEM_Sorcerstaff,Sorcerstaff,
ITEM_Soul Mace,Soul Mace,
ITEM_Spanner,Spanner,
ITEM_Spark Blade,Spark Blade,
ITEM_Spear,Spear,
ITEM_Spectre Mace,Spectre Mace,
ITEM_Spectre Snare,Spectre Snare,
ITEM_Speedboots,Speedboots,
ITEM_Spell Spear,Spell Spear,
ITEM_Sphere of Lanatir,Sphere of Lanatir,
ITEM_Spirit Drum,Spirit Drum,
ITEM_Spirithelm,Spirithelm,
ITEM_Spirits,Spirits,
ITEM_Staff,Staff,
ITEM_Staff of Gods,Staff of Gods,
ITEM_Staff of Lor,Staff of Lor,
ITEM_Staff of Mangar,Staff of Mangar,
ITEM_Steady Eye,Steady Eye,
ITEM_Stealth Arrows,Stealth Arrows,
ITEM_Stoneblade,Stoneblade,
ITEM_Strifespear,Strifespear,
ITEM_Surehand Amulet,Surehand Amulet,
ITEM_Sword of Pak,Sword of Pak,
ITEM_Sword of Zar,Sword of Zar,
ITEM_Tao Ring,Tao Ring,
ITEM_Tesla Ring,Tesla Ring,
ITEM_The Book,The Book,
ITEM_The Ring,The Ring,
ITEM_The Scepter,The Scepter,
ITEM_Thief Dagger,Thief Dagger,
ITEM_Thieve's Dart,Thieves Darts,
ITEM_Thieves Hood,Thieves Hood,
ITEM_Thor Figure,Thor Figurine,
ITEM_Thor's Hammer,Thor's Hammer,
ITEM_Thunder Sword,Thunder Sword,
ITEM_Titan Bracers,Titanium Bracers,
ITEM_Titan Suit,Titanium Suit,
ITEM_Titan Figure,Titan Figure,
ITEM_Titan Helm,Titanium Helm,
ITEM_Titan Plate,Titanium Plate,
ITEM_Titan Shield,Titanium Shield,
ITEM_Torch,Torch,
ITEM_Torch!,Torch!,
ITEM_Tower Shield,Tower Shield,
ITEM_Travelhelm,Travelhelm,
ITEM_Trick Brick,Trick Brick,
ITEM_Troll Ring,Troll Ring,
ITEM_Troll Staff,Troll Staff,
ITEM_Troth Lance,Troth Lance,
ITEM_Troy P.,Troy P.,
ITEM_Truth Drum,Truth Drum,
ITEM_Tslotha's Head,Tslotha's Head,
ITEM_Tslotha's Heart,Tslotha's Heart,
ITEM_Tung Plate,Tungsten Plate,
ITEM_Tung Shield,Tungsten Shield,
ITEM_Valarian's Bow,Valarian's Bow,
ITEM_Vanquisher Figure,Vanquisher Figurine,
ITEM_Vial,Vial,
ITEM_Wand of Force,Wand of Force,
ITEM_Wand of Fury,Wand of Fury,
ITEM_Wand of Power,Wand of Power,
ITEM_Wand Segment 1,Wand Segment 1,
ITEM_Wand Segment 2,Wand Segment 2,
ITEM_Wand Segment 3,Wand Segment 3,
ITEM_Wand Segment 4,Wand Segment 4,
ITEM_Wand Segment 5,Wand Segment 5,
ITEM_Wand Segment 6,Wand Segment 6,
ITEM_Wand Segment 7,Wand Segment 7,
ITEM_War Axe,War Axe,
ITEM_War Staff,War Staff,
ITEM_WardStone,WardStone,
ITEM_Wargloves,Wargloves,
ITEM_Water,Water,
ITEM_Water of Life,Water of Life,
ITEM_Werra's Shield,Werra's Shield,
ITEM_White Rose,White Rose,
ITEM_Willow Flute,Willow Flute,
ITEM_Wineskin,Wineskin,
ITEM_Wither Staff,Wither Staff,
ITEM_Wizhelm,Wizhelm,
ITEM_WizWand,WizWand,
ITEM_Ybarrashield,Ybarrashield,
ITEM_Yellow Rose,Yellow Rose,
ITEM_Yellow Staff,Yellow Staff,
ITEM_Youth Potion,Youth Potion,
ITEM_Zen Arrows,Zen Arrows,
PORTRAIT_Male Warrior,Male Warrior,
PORTRAIT_Female Warrior,Female Warrior,
PORTRAIT_Male Paladin,Male Paladin,
PORTRAIT_Female Paladin,Female Paladin,
PORTRAIT_Male Rogue,Male Rogue,
PORTRAIT_Female Rogue,Female Rogue,
PORTRAIT_Male Bard,Male Bard,
PORTRAIT_Female Bard,Female Bard,
PORTRAIT_Male Hunter,Male Hunter,
PORTRAIT_Female Hunter,Female Hunter,
PORTRAIT_Male Monk,Male Monk,
PORTRAIT_Female Monk,Female Monk,
PORTRAIT_Male Conjurer,Male Conjurer,
PORTRAIT_Female Conjurer,Female Conjurer,
PORTRAIT_Male Magician,Male Magician,
PORTRAIT_Female Magician,Female Magician,
PORTRAIT_Male Sorcerer,Male Sorcerer,
PORTRAIT_Female Sorcerer,Female Sorcerer,
PORTRAIT_Male Wizard,Male Wizard,
PORTRAIT_Female Wizard,Female Wizard,
PORTRAIT_Male Archmage,Male Archmage,
PORTRAIT_Female Archmage,Female Archmage,
PORTRAIT_Male Chronomancer,Male Chronomancer,
PORTRAIT_Female Chronomancer,Female Chronomancer,
PORTRAIT_Male Geomancer,Male Geomancer,
PORTRAIT_Female Geomancer,Female Geomancer,
PORTRAIT_Angel of Death,Angel of Death,
PORTRAIT_Ogre,Ogre,
PORTRAIT_Dwarf,Dwarf,
PORTRAIT_Mercenary,Mercenary,
PORTRAIT_Magician,Magician,
PORTRAIT_Forest Giant,Forest Giant,
PORTRAIT_Thief,Thief,
PORTRAIT_Old Man,Old Man,
PORTRAIT_Orc,Orc,
PORTRAIT_Sorcerer,Sorcerer,
PORTRAIT_Monk,Monk,
PORTRAIT_Samurai,Samurai,
PORTRAIT_Vampire,Vampire,
PORTRAIT_Barbarian,Barbarian,
PORTRAIT_Elder,Elder,
PORTRAIT_Conjurer,Conjurer,
PORTRAIT_Giant,Giant,
PORTRAIT_Berzerker,Berzerker,
PORTRAIT_Goblin,Goblin,
PORTRAIT_Ninja,Ninja,
PORTRAIT_Death Giant,Death Giant,
PORTRAIT_Lightning Giant,Lightning Giant,
PORTRAIT_Warlock,Warlock,
PORTRAIT_Cloud Giant,Cloud Giant,
PORTRAIT_Witch,Witch,
PORTRAIT_Cranbo,Cranbo,
PORTRAIT_Air Giant,Air Giant,
PORTRAIT_Hobgoblin,Hobgoblin,
PORTRAIT_Guard,Guard,
PORTRAIT_Guard Bald,Guard Bald,
PORTRAIT_Gnome Warrior,Gnome Warrior,
PORTRAIT_Shade Giant,Shade Giant,
PORTRAIT_Warrior,Warrior,
PORTRAIT_Undead Thief,Undead Thief,
PORTRAIT_Vandal,Vandal,
PORTRAIT_Fox Maiden,Fox Maiden,
PORTRAIT_Brute,Brute,
PORTRAIT_Mongol,Mongol,
PORTRAIT_Spartan,Spartan,
PORTRAIT_Priestess,Priestess,
PORTRAIT_Geomancer,Geomancer,
PORTRAIT_Red Mage,Red Mage,
PORTRAIT_Tarjan Warrior,Tarjan Warrior,
PORTRAIT_Grey Wizard,Grey Wizard,
PORTRAIT_White Wizard,White Wizard,
PORTRAIT_Black Wizard,Black Wizard,
PORTRAIT_Dark Priest,Dark Priest,
PORTRAIT_Sorceress,Sorceress,
PORTRAIT_Cyanis,Cyanis,
PORTRAIT_Familiar,Familiar,
PORTRAIT_Tarjan's Bull,Tarjan's Bull,
PORTRAIT_Frost Mage,Frost Mage,
PORTRAIT_Scary Mage,Scary Mage,
PORTRAIT_Grizzly Mage,Grizzly Mage,
PORTRAIT_Mad Mage,Mad Mage,
BT1_Ancient Enemy_SINGULAR,Ancient Enemy,
BT1_Ancient Enemy_PLURAL,Ancient Enemies,
BT1_Archmage_SINGULAR,Archmage,
BT1_Archmage_PLURAL,Archmages,
BT1_Assassin_SINGULAR,Assassin,
BT1_Assassin_PLURAL,Assassins,
BT1_Azure Monk_SINGULAR,Azure Monk,
BT1_Azure Monk_PLURAL,Azure Monks,
BT1_Balrog_SINGULAR,Balrog,
BT1_Balrog_PLURAL,Balrogs,
BT1_Bandersnatch_SINGULAR,Bandersnatch,
BT1_Bandersnatch_PLURAL,Bandersnatches,
BT1_Barbarian_SINGULAR,Barbarian,
BT1_Barbarian_PLURAL,Barbarians,
BT1_Basilisk_SINGULAR,Basilisk,
BT1_Basilisk_PLURAL,Basilisks,
BT1_Beholder_SINGULAR,Beholder,
BT1_Beholder_PLURAL,Beholders,
BT1_Berserker_SINGULAR,Berserker,
BT1_Berserker_PLURAL,Berserkers,
BT1_Black Dragon_SINGULAR,Black Dragon,
BT1_Black Dragon_PLURAL,Black Dragons,
BT1_Black Widow_SINGULAR,Black Widow,
BT1_Black Widow_PLURAL,Black Widows,
BT1_Bladesman_SINGULAR,Bladesman,
BT1_Bladesman_PLURAL,Bladesmen,
BT1_Blast Dragon_SINGULAR,Blast Dragon,
BT1_Blast Dragon_PLURAL,Blast Dragons,
BT1_Blue Dragon_SINGULAR,Blue Dragon,
BT1_Blue Dragon_PLURAL,Blue Dragons,
BT1_Body Snatcher_SINGULAR,Body Snatcher,
BT1_Body Snatcher_PLURAL,Body Snatchers,
BT1_Bone Crusher_SINGULAR,Bone Crusher,
BT1_Bone Crusher_PLURAL,Bone Crushers,
BT1_Bulldozer_SINGULAR,Bulldozer,
BT1_Bulldozer_PLURAL,Bulldozers,
BT1_Cloud Giant_SINGULAR,Cloud Giant,
BT1_Cloud Giant_PLURAL,Cloud Giants,
BT1_Conjuror_SINGULAR,Conjuror,
BT1_Conjuror_PLURAL,Conjurors,
BT1_Conjuror2_SINGULAR,Conjuror,
BT1_Conjuror2_PLURAL,Conjurors,
BT1_Conjuror3_SINGULAR,Conjuror,
BT1_Conjuror3_PLURAL,Conjurors,
BT1_Conjuror4_SINGULAR,Conjuror,
BT1_Conjuror4_PLURAL,Conjurors,
BT1_Conjuror5_SINGULAR,Conjuror,
BT1_Conjuror5_PLURAL,Conjurors,
BT1_Conjuror6_SINGULAR,Conjuror,
BT1_Conjuror6_PLURAL,Conjurors,
BT1_Copper Dragon_SINGULAR,Copper Dragon,
BT1_Copper Dragon_PLURAL,Copper Dragons,
BT1_Crystal Golem_SINGULAR,Crystal Golem,
BT1_Crystal Golem_PLURAL,Crystal Golems,
BT1_Death Denizen_SINGULAR,Death Denizen,
BT1_Death Denizen_PLURAL,Death Denizens,
BT1_Demon_SINGULAR,Demon,
BT1_Demon_PLURAL,Demons,
BT1_Demon Lord_SINGULAR,Demon Lord,
BT1_Demon Lord_PLURAL,Demon Lords,
BT1_Doppleganger_SINGULAR,Doppelganger,
BT1_Doppleganger_PLURAL,Doppelgangers,
BT1_Dwarf_SINGULAR,Dwarf,
BT1_Dwarf_PLURAL,Dwarves,
BT1_Dwarf King_SINGULAR,Dwarf King,
BT1_Dwarf King_PLURAL,Dwarf Kings,
BT1_Earth Elemental_SINGULAR,Earth Elemental,
BT1_Earth Elemental_PLURAL,Earth Elementals,
BT1_Evil Eye_SINGULAR,Evil Eye,
BT1_Evil Eye_PLURAL,Evil Eyes,
BT1_Eye Spy_SINGULAR,Eye Spy,
BT1_Eye Spy_PLURAL,Eye Spies,
BT1_Figurine Master Mage_SINGULAR,Master Mage,
BT1_Figurine Master Mage_PLURAL,Master Mages,
BT1_Fire Elemental_SINGULAR,Fire Elemental,
BT1_Fire Elemental_PLURAL,Fire Elementals,
BT1_Fire Giant_SINGULAR,Fire Giant,
BT1_Fire Giant_PLURAL,Fire Giants,
BT1_Fred_SINGULAR,Fred,
BT1_Fred_PLURAL,Freds,
BT1_Ghost_SINGULAR,Ghost,
BT1_Ghost_PLURAL,Ghosts,
BT1_Ghoul_SINGULAR,Ghoul,
BT1_Ghoul_PLURAL,Ghouls,
BT1_Gimp_SINGULAR,Gimp,
BT1_Gimp_PLURAL,Gimps,
BT1_Gnome_SINGULAR,Gnome,
BT1_Gnome_PLURAL,Gnomes,
BT1_Goblin Lord_SINGULAR,Goblin Lord,
BT1_Goblin Lord_PLURAL,Goblin Lords,
BT1_Golem_SINGULAR,Golem,
BT1_Golem_PLURAL,Golems,
BT1_Greater Demon_SINGULAR,Greater Demon,
BT1_Greater Demon_PLURAL,Greater Demons,
BT1_Green Dragon_SINGULAR,Green Dragon,
BT1_Green Dragon_PLURAL,Green Dragons,
BT1_Grey Dragon_SINGULAR,Grey Dragon,
BT1_Grey Dragon_PLURAL,Grey Dragons,
BT1_Half Orc_SINGULAR,Half Orc,
BT1_Half Orc_PLURAL,Half Orcs,
BT1_Herb_SINGULAR,Herb,
BT1_Herb_PLURAL,Herbs,
BT1_Figurine Herb_SINGULAR,Herb,
BT1_Figurine Herb_PLURAL,Herbs,
BT1_Hero_SINGULAR,Hero,
BT1_Hero_PLURAL,Heroes,
BT1_Hobbit_SINGULAR,Hobbit,
BT1_Hobbit_PLURAL,Hobbits,
BT1_Hobgoblin_SINGULAR,Hobgoblin,
BT1_Hobgoblin_PLURAL,Hobgoblins,
BT1_Hydra_SINGULAR,Hydra,
BT1_Hydra_PLURAL,Hydras,
BT1_Ice Giant_SINGULAR,Ice Giant,
BT1_Ice Giant_PLURAL,Ice Giants,
BT1_Ivory Monk_SINGULAR,Ivory Monk,
BT1_Ivory Monk_PLURAL,Ivory Monks,
BT1_Jabberwock_SINGULAR,Jabberwock,
BT1_Jabberwock_PLURAL,Jabberwocks,
BT1_Jackalwere_SINGULAR,Jackalwere,
BT1_Jackalwere_PLURAL,Jackalweres,
BT1_Jade Monk_SINGULAR,Jade Monk,
BT1_Jade Monk_PLURAL,Jade Monks,
BT1_Joe The Sword_SINGULAR,Joe The Sword,
BT1_Joe The Sword_PLURAL,Joe The Sword,
BT1_Kobold_SINGULAR,Kobold,
BT1_Kobold_PLURAL,Kobolds,
BT1_Kringle Brother_SINGULAR,Kringle Brother,
BT1_Kringle Brother_PLURAL,Kringle Brothers,
BT1_Lesser Demon_SINGULAR,Lesser Demon,
BT1_Lesser Demon_PLURAL,Lesser Demons,
BT1_Lich_SINGULAR,Lich,
BT1_Lich_PLURAL,Liches,
BT1_Lurker_SINGULAR,Lurker,
BT1_Lurker_PLURAL,Lurkers,
BT1_Mad Dog_SINGULAR,Mad Dog,
BT1_Mad Dog_PLURAL,Mad Dogs,
BT1_Mad God_SINGULAR,Mad God,
BT1_Mad God_PLURAL,Mad Gods,
BT1_Mage_SINGULAR,Mage,
BT1_Mage_PLURAL,Mages,
BT1_Magician_SINGULAR,Magician,
BT1_Magician_PLURAL,Magicians,
BT1_Magician2_SINGULAR,Magician,
BT1_Magician2_PLURAL,Magicians,
BT1_Magician3_SINGULAR,Magician,
BT1_Magician3_PLURAL,Magicians,
BT1_Magician4_SINGULAR,Magician,
BT1_Magician4_PLURAL,Magicians,
BT1_Magician5_SINGULAR,Magician,
BT1_Magician5_PLURAL,Magicians,
BT1_Magician6_SINGULAR,Magician,
BT1_Magician6_PLURAL,Magicians,
BT1_Mandar Guard_SINGULAR,Mangar Guard,
BT1_Mandar Guard_PLURAL,Mangar Guards,
BT1_Mangar_SINGULAR,Mangar,
BT1_Mangar_PLURAL,Mangar,
BT1_Master Conjuror_SINGULAR,Master Conjurer,
BT1_Master Conjuror_PLURAL,Master Conjurors,
BT1_Master Magician_SINGULAR,Master Magician,
BT1_Master Magician_PLURAL,Master Magicians,
BT1_Master Ninja_SINGULAR,Master Ninja,
BT1_Master Ninja_PLURAL,Master Ninjas,
BT1_Master Sorcerer_SINGULAR,Master Sorcerer,
BT1_Master Sorcerer_PLURAL,Master Sorcerers,
BT1_Master Thief_SINGULAR,Master Thief,
BT1_Master Thief_PLURAL,Master Thieves,
BT1_Master Wizard_SINGULAR,Master Wizard,
BT1_Master Wizard_PLURAL,Master Wizards,
BT1_Maze Dweller_SINGULAR,Maze Dweller,
BT1_Maze Dweller_PLURAL,Maze Dwellers,
BT1_Maze Master_SINGULAR,Maze Master,
BT1_Maze Master_PLURAL,Maze Masters,
BT1_Mercenary_SINGULAR,Mercenary,
BT1_Mercenary_PLURAL,Mercenaries,
BT1_Mimic_SINGULAR,Mimic,
BT1_Mimic_PLURAL,Mimics,
BT1_Mind Shadow_SINGULAR,Mind Shadow,
BT1_Mind Shadow_PLURAL,Mind Shadows,
BT1_Molten Man_SINGULAR,Molten Man,
BT1_Molten Man_PLURAL,Molten Men,
BT1_Mongo_SINGULAR,Mongo,
BT1_Mongo_PLURAL,Mongos,
BT1_Ninja_SINGULAR,Ninja,
BT1_Ninja_PLURAL,Ninjas,
BT1_Nomad_SINGULAR,Nomad,
BT1_Nomad_PLURAL,Nomads,
BT1_Ogre_SINGULAR,Ogre,
BT1_Ogre_PLURAL,Ogres,
BT1_Ogre Lord_SINGULAR,Ogre Lord,
BT1_Ogre Lord_PLURAL,Ogre Lords,
BT1_Ogre Magi_SINGULAR,Ogre Magi,
BT1_Ogre Magi_PLURAL,Ogre Magi,
BT1_Old Man_SINGULAR,Old Man,
BT1_Old Man_PLURAL,Old Men,
BT1_Orc_SINGULAR,Orc,
BT1_Orc_PLURAL,Orcs,
BT1_Phantom_SINGULAR,Phantom,
BT1_Phantom_PLURAL,Phantoms,
BT1_Red Dragon_SINGULAR,Red Dragon,
BT1_Red Dragon_PLURAL,Red Dragons,
BT1_Samurai_SINGULAR,Samurai,
BT1_Samurai_PLURAL,Samurai,
BT1_Samurai Lord_SINGULAR,Samurai Lord,
BT1_Samurai Lord_PLURAL,Samurai Lords,
BT1_Scarlet Monk_SINGULAR,Scarlet Monk,
BT1_Scarlet Monk_PLURAL,Scarlet Monks,
BT1_Seeker_SINGULAR,Seeker,
BT1_Seeker_PLURAL,Seekers,
BT1_Shadow_SINGULAR,Shadow,
BT1_Shadow_PLURAL,Shadows,
BT1_Skeleton_SINGULAR,Skeleton,
BT1_Skeleton_PLURAL,Skeletons,
BT1_Slayer_SINGULAR,Slayer,
BT1_Slayer_PLURAL,Slayer,
BT1_Figurine Slayer_SINGULAR,Slayer,
BT1_Figurine Slayer_PLURAL,Slayers,
BT1_Sorcerer_SINGULAR,Sorcerer,
BT1_Sorcerer_PLURAL,Sorcerers,
BT1_Sorcerer2_SINGULAR,Sorcerer,
BT1_Sorcerer2_PLURAL,Sorcerers,
BT1_Sorcerer3_SINGULAR,Sorcerer,
BT1_Sorcerer3_PLURAL,Sorcerers,
BT1_Sorcerer4_SINGULAR,Sorcerer,
BT1_Sorcerer4_PLURAL,Sorcerers,
BT1_Sorcerer5_SINGULAR,Sorcerer,
BT1_Sorcerer5_PLURAL,Sorcerers,
BT1_Soul Sucker_SINGULAR,Soul Sucker,
BT1_Soul Sucker_PLURAL,Soul Suckers,
BT1_Spectre_SINGULAR,Spectre,
BT1_Spectre_PLURAL,Spectres,
BT1_Spider_SINGULAR,Spider,
BT1_Spider_PLURAL,Spiders,
BT1_Spinner_SINGULAR,Spinner,
BT1_Spinner_PLURAL,Spinners,
BT1_Statue_SINGULAR,Statue,
BT1_Statue_PLURAL,Statues,
BT1_Stone Elemental_SINGULAR,Stone Elemental,
BT1_Stone Elemental_PLURAL,Stone Elementals,
BT1_Stone Giant_SINGULAR,Stone Giant,
BT1_Stone Giant_PLURAL,Stone Giants,
BT1_Storm Giant_SINGULAR,Storm Giant,
BT1_Storm Giant_PLURAL,Storm Giants,
BT1_Figurine Storm Giant_SINGULAR,Storm Giant,
BT1_Figurine Storm Giant_PLURAL,Storm Giants,
BT1_Swordsman_SINGULAR,Swordsman,
BT1_Swordsman_PLURAL,Swordsmen,
BT1_Target Dummy_SINGULAR,Target Dummy,
BT1_Target Dummy_PLURAL,Target Dummy,
BT1_Thief_SINGULAR,Thief,
BT1_Thief_PLURAL,Thieves,
BT1_Thor_SINGULAR,Thor,
BT1_Thor_PLURAL,Thor,
BT1_Titan_SINGULAR,Titan,
BT1_Titan_PLURAL,Titans,
BT1_Vampire_SINGULAR,Vampire,
BT1_Vampire_PLURAL,Vampires,
BT1_Vampire Lord_SINGULAR,Vampire Lord,
BT1_Vampire Lord_PLURAL,Vampire Lords,
BT1_Vanquisher_SINGULAR,Vanquisher,
BT1_Vanquisher_PLURAL,Vanquishers,
BT1_War Giant_SINGULAR,War Giant,
BT1_War Giant_PLURAL,War Giants,
BT1_Warrior Elite_SINGULAR,Warrior Elite,
BT1_Warrior Elite_PLURAL,Warriors Elite,
BT1_Weretiger_SINGULAR,Weretiger,
BT1_Weretiger_PLURAL,Weretigers,
BT1_Werewolf_SINGULAR,Werewolf,
BT1_Werewolf_PLURAL,Werewolves,
BT1_White Dragon_SINGULAR,White Dragon,
BT1_White Dragon_PLURAL,White Dragons,
BT1_Wight_SINGULAR,Wight,
BT1_Wight_PLURAL,Wights,
BT1_Wizard_SINGULAR,Wizard,
BT1_Wizard_PLURAL,Wizards,
BT1_Wizard Wall_SINGULAR,Wizard Wall,
BT1_Wizard Wall_PLURAL,Wizard Wall,
BT1_Wizard2_SINGULAR,Wizard,
BT1_Wizard2_PLURAL,Wizards,
BT1_Wizard3_SINGULAR,Wizard,
BT1_Wizard3_PLURAL,Wizards,
BT1_Wizard4_SINGULAR,Wizard,
BT1_Wizard4_PLURAL,Wizards,
BT1_Wizard5_SINGULAR,Wizard,
BT1_Wizard5_PLURAL,Wizards,
BT1_Wolf_SINGULAR,Wolf,
BT1_Wolf_PLURAL,Wolves,
BT1_Wraith_SINGULAR,Wraith,
BT1_Wraith_PLURAL,Wraiths,
BT1_Xorn_SINGULAR,Xorn,
BT1_Xorn_PLURAL,Xorns,
BT1_Zombie_SINGULAR,Zombie,
BT1_Zombie_PLURAL,Zombies,
BT2_A Friend_SINGULAR,A Friend,
BT2_A Friend_PLURAL,A Friend,
BT2_Abyssian_SINGULAR,Abyssian,
BT2_Abyssian_PLURAL,Abyssians,
BT2_Ace Of Hearts_SINGULAR,Ace Of Hearts,
BT2_Ace Of Hearts_PLURAL,Ace Of Hearts,
BT2_Air Titan_SINGULAR,Air Titan,
BT2_Air Titan_PLURAL,Air Titans,
BT2_Ancient Enemy_SINGULAR,Ancient Enemy,
BT2_Ancient Enemy_PLURAL,Ancient Enemy,
BT2_Ancient Mage_SINGULAR,Ancient Mage,
BT2_Ancient Mage_PLURAL,Ancient Mages,
BT2_Apprentice_SINGULAR,Apprentice,
BT2_Apprentice_PLURAL,Apprentice,
BT2_Arc Knight_SINGULAR,Arc Knight,
BT2_Arc Knight_PLURAL,Arc Knights,
BT2_Arch Dragon_SINGULAR,Arch Dragon,
BT2_Arch Dragon_PLURAL,Arch Dragons,
BT2_Archer_SINGULAR,Apprentice Archer,
BT2_Archer_PLURAL,Apprentice Archers,
BT2_Archer1_SINGULAR,Archer,
BT2_Archer1_PLURAL,Archers,
BT2_Archer2_SINGULAR,Adept Archer,
BT2_Archer2_PLURAL,Adept Archers,
BT2_Archer3_SINGULAR,Master Archer,
BT2_Archer3_PLURAL,Master Archers,
BT2_Archmonger_SINGULAR,Archmonger,
BT2_Archmonger_PLURAL,Archmongers,
BT2_Argadoom_SINGULAR,Argadoom,
BT2_Argadoom_PLURAL,Argadooms,
BT2_Argonaut_SINGULAR,Argonaut,
BT2_Argonaut_PLURAL,Argonauts,
BT2_Arms Master_SINGULAR,Arms Master,
BT2_Arms Master_PLURAL,Arms Master,
BT2_Arn Wraith_SINGULAR,Arn Wraith,
BT2_Arn Wraith_PLURAL,Arn Wraiths,
BT2_Assassin_SINGULAR,Assassin,
BT2_Assassin_PLURAL,Assassins,
BT2_Astral Guard_SINGULAR,Astral Guard,
BT2_Astral Guard_PLURAL,Astral Guards,
BT2_Axeman_SINGULAR,Axeman,
BT2_Axeman_PLURAL,Axemen,
BT2_Axeman1_SINGULAR,Savage Axeman,
BT2_Axeman1_PLURAL,Savage Axemen,
BT2_Baf Mage_SINGULAR,Baf Mage,
BT2_Baf Mage_PLURAL,Baf Mages,
BT2_Balad Giant_SINGULAR,Balad Giant,
BT2_Balad Giant_PLURAL,Balad Giants,
BT2_Balder Guard_SINGULAR,Balder Guard,
BT2_Balder Guard_PLURAL,Balder Guards,
BT2_Bander_SINGULAR,Bander,
BT2_Bander_PLURAL,Banders,
BT2_Barbarian_SINGULAR,Barbarian,
BT2_Barbarian_PLURAL,Barbarians,
BT2_Basilisk_SINGULAR,Basilisk,
BT2_Basilisk_PLURAL,Basilisks,
BT2_Basilisk1_SINGULAR,Gigantic Basilisk,
BT2_Basilisk1_PLURAL,Gigantic Basilisks,
BT2_Basilisk2_SINGULAR,Slimy Basilisk,
BT2_Basilisk2_PLURAL,Slimy Basilisks,
BT2_Battlelord_SINGULAR,Battlelord,
BT2_Battlelord_PLURAL,Battlelords,
BT2_Baylor The Bold_SINGULAR,Baylor The Bold,
BT2_Baylor The Bold_PLURAL,Baylor The Bold,
BT2_Befar Wizard_SINGULAR,Befar Wizard,
BT2_Befar Wizard_PLURAL,Befar Wizards,
BT2_Berserker_SINGULAR,Berserker,
BT2_Berserker_PLURAL,Berserkers,
BT2_Berserker1_SINGULAR,Stalwart Berserker,
BT2_Berserker1_PLURAL,Stalwart Berserkers,
BT2_Bink_SINGULAR,Bink,
BT2_Bink_PLURAL,Binks,
BT2_Black Giant_SINGULAR,Black Giant,
BT2_Black Giant_PLURAL,Black Giants,
BT2_Black Priest_SINGULAR,Black Priest,
BT2_Black Priest_PLURAL,Black Priests,
BT2_Black Skull_SINGULAR,Black Skull,
BT2_Black Skull_PLURAL,Black Skulls,
BT2_Blast Dragon_SINGULAR,Blast Dragon,
BT2_Blast Dragon_PLURAL,Blast Dragons,
BT2_Blockhead_SINGULAR,Blockhead,
BT2_Blockhead_PLURAL,Blockhead,
BT2_Blood Sucker_SINGULAR,Blood Sucker,
BT2_Blood Sucker_PLURAL,Blood Suckers,
BT2_Bloodman_SINGULAR,Bloodman,
BT2_Bloodman_PLURAL,Bloodmen,
BT2_Bloodthief_SINGULAR,Bloodthief,
BT2_Bloodthief_PLURAL,Bloodthieves,
BT2_Blue Dragon_SINGULAR,Blue Dragon,
BT2_Blue Dragon_PLURAL,Blue Dragons,
BT2_Blue Ghost_SINGULAR,Blue Ghost,
BT2_Blue Ghost_PLURAL,Blue Ghosts,
BT2_Bodyguard_SINGULAR,Bodyguard,
BT2_Bodyguard_PLURAL,Bodyguard,
BT2_Bog Wraith_SINGULAR,Bog Wraith,
BT2_Bog Wraith_PLURAL,Bog Wraiths,
BT2_Bogster_SINGULAR,Bogster,
BT2_Bogster_PLURAL,Bogsters,
BT2_Bone Drone_SINGULAR,Bone Drone,
BT2_Bone Drone_PLURAL,Bone Drones,
BT2_Boneman_SINGULAR,Boneman,
BT2_Boneman_PLURAL,Bonemen,
BT2_Bonzai_SINGULAR,Bonzai,
BT2_Bonzai_PLURAL,Bonzais,
BT2_Bosco Giant_SINGULAR,Bosco Giant,
BT2_Bosco Giant_PLURAL,Bosco Giants,
BT2_Bradakus_SINGULAR,Bradakus,
BT2_Bradakus_PLURAL,Bradakuses,
BT2_Braggart_SINGULAR,Braggart,
BT2_Braggart_PLURAL,Braggarts,
BT2_Brass Dragon_SINGULAR,Brass Dragon,
BT2_Brass Dragon_PLURAL,Brass Dragons,
BT2_Brass Giant_SINGULAR,Brass Giant,
BT2_Brass Giant_PLURAL,Brass Giants,
BT2_Brockter_SINGULAR,Brockter,
BT2_Brockter_PLURAL,Brockters,
BT2_Brute_SINGULAR,Brute,
BT2_Brute_PLURAL,Brutes,
BT2_Bug Man_SINGULAR,Bug Man,
BT2_Bug Man_PLURAL,Bug Men,
BT2_Bugger_SINGULAR,Bugger,
BT2_Bugger_PLURAL,Buggers,
BT2_Bulldozer_SINGULAR,Bulldozer,
BT2_Bulldozer_PLURAL,Bulldozers,
BT2_Burgerman_SINGULAR,Burgerman,
BT2_Burgerman_PLURAL,Burgermen,
BT2_Burner_SINGULAR,Burner,
BT2_Burner_PLURAL,Burner,
BT2_Caliard_SINGULAR,Caliard,
BT2_Caliard_PLURAL,Caliards,
BT2_Cannibal_SINGULAR,Cannibal,
BT2_Cannibal_PLURAL,Cannibals,
BT2_Carbonite_SINGULAR,Carbonite,
BT2_Carbonite_PLURAL,Carbonites,
BT2_Cave Giant_SINGULAR,Cave Giant,
BT2_Cave Giant_PLURAL,Cave Giants,
BT2_Centron_SINGULAR,Centron,
BT2_Centron_PLURAL,Centrons,
BT2_Champion_SINGULAR,Champion,
BT2_Champion_PLURAL,Champions,
BT2_Cloud Giant_SINGULAR,Cloud Giant,
BT2_Cloud Giant_PLURAL,Cloud Giants,
BT2_Cloud Wraith_SINGULAR,Cloud Wraith,
BT2_Cloud Wraith_PLURAL,Cloud Wraiths,
BT2_Cloudsman_SINGULAR,Cloudsman,
BT2_Cloudsman_PLURAL,Cloudsmen,
BT2_Colossus_SINGULAR,Colossus,
BT2_Colossus_PLURAL,Colossuses,
BT2_Conjurer_SINGULAR,Lesser Conjurer,
BT2_Conjurer_PLURAL,Lesser Conjurers,
BT2_Conjurer1_SINGULAR,Conjurer,
BT2_Conjurer1_PLURAL,Conjurers,
BT2_Conjurer2_SINGULAR,Journeyman Conjurer,
BT2_Conjurer2_PLURAL,Journeyman Conjurers,
BT2_Conjuror_SINGULAR,Master Conjurer,
BT2_Conjuror_PLURAL,Master Conjurors,
BT2_Cool Dude_SINGULAR,Cool Dude,
BT2_Cool Dude_PLURAL,Cool Dudes,
BT2_Corpse_SINGULAR,Corpse,
BT2_Corpse_PLURAL,Corpses,
BT2_Corpse1_SINGULAR,Decaying Corpse,
BT2_Corpse1_PLURAL,Decaying Corpses,
BT2_Crambo_SINGULAR,Crambo,
BT2_Crambo_PLURAL,Crambos,
BT2_Cranbo_SINGULAR,Cranbo,
BT2_Cranbo_PLURAL,Cranbos,
BT2_Crypt Killer_SINGULAR,Crypt Killer,
BT2_Crypt Killer_PLURAL,Crypt Killers,
BT2_Crypt Knight_SINGULAR,Crypt Knight,
BT2_Crypt Knight_PLURAL,Crypt Knights,
BT2_Cryslar_SINGULAR,Cryslar,
BT2_Cryslar_PLURAL,Cryslars,
BT2_Cyclone_SINGULAR,Cyclone,
BT2_Cyclone_PLURAL,Cyclones,
BT2_Daemon_SINGULAR,Daemon,
BT2_Daemon_PLURAL,Daemons,
BT2_Dargoth_SINGULAR,Dargoth,
BT2_Dargoth_PLURAL,Dargoth,
BT2_Dark Acolyte_SINGULAR,Dark Acolyte,
BT2_Dark Acolyte_PLURAL,Dark Acolytes,
BT2_Dark Dragon_SINGULAR,Dark Dragon,
BT2_Dark Dragon_PLURAL,Dark Dragons,
BT2_Dark Giant_SINGULAR,Dark Giant,
BT2_Dark Giant_PLURAL,Dark Giants,
BT2_Dark Mage_SINGULAR,Dark Mage,
BT2_Dark Mage_PLURAL,Dark Mages,
BT2_Dark Vampire_SINGULAR,Dark Vampire,
BT2_Dark Vampire_PLURAL,Dark Vampires,
BT2_D'Artagnon_SINGULAR,D'Artagnon,
BT2_D'Artagnon_PLURAL,D'Artagnon,
BT2_Dazzler_SINGULAR,Dazzler,
BT2_Dazzler_PLURAL,Dazzlers,
BT2_Death Dealer_SINGULAR,Death Dealer,
BT2_Death Dealer_PLURAL,Death Dealers,
BT2_Death Dragon_SINGULAR,Death Dragon,
BT2_Death Dragon_PLURAL,Death Dragons,
BT2_Death Dragon1_SINGULAR,Ancient Death Dragon,
BT2_Death Dragon1_PLURAL,Ancient Death Dragons,
BT2_Death Drek_SINGULAR,Death Drek,
BT2_Death Drek_PLURAL,Death Dreks,
BT2_Death Ghoul_SINGULAR,Death Ghoul,
BT2_Death Ghoul_PLURAL,Death Ghouls,
BT2_Death Giant_SINGULAR,Death Giant,
BT2_Death Giant_PLURAL,Death Giants,
BT2_Death Giant1_SINGULAR,Mighty Death Giant,
BT2_Death Giant1_PLURAL,Mighty Death Giants,
BT2_Death Reaper_SINGULAR,Death Reaper,
BT2_Death Reaper_PLURAL,Death Reapers,
BT2_Death Reaper1_SINGULAR,Unforgiving Death Reaper,
BT2_Death Reaper1_PLURAL,Unforgiving Death Reapers,
BT2_Death Sword_SINGULAR,Death Sword,
BT2_Death Sword_PLURAL,Death Swords,
BT2_Deathadren_SINGULAR,Deathadren,
BT2_Deathadren_PLURAL,Deathadren,
BT2_Deathman_SINGULAR,Deathman,
BT2_Deathman_PLURAL,Deathmen,
BT2_Demi Lich_SINGULAR,Demi Lich,
BT2_Demi Lich_PLURAL,Demi Liches,
BT2_Demon_SINGULAR,Demon,
BT2_Demon_PLURAL,Demons,
BT2_Demon Lord_SINGULAR,Demon Lord,
BT2_Demon Lord_PLURAL,Demon Lords,
BT2_Denizen_SINGULAR,Denizen,
BT2_Denizen_PLURAL,Denizens,
BT2_Desicator_SINGULAR,Desicator,
BT2_Desicator_PLURAL,Desicators,
BT2_Devil Dog_SINGULAR,Devil Dog,
BT2_Devil Dog_PLURAL,Devil Dogs,
BT2_Devourer_SINGULAR,Devourer,
BT2_Devourer_PLURAL,Devourers,
BT2_Dexter_SINGULAR,Dexter,
BT2_Dexter_PLURAL,Dexter,
BT2_Dezer Mage_SINGULAR,Dezer Mage,
BT2_Dezer Mage_PLURAL,Dezer Mages,
BT2_Diamond Dog_SINGULAR,Diamond Dog,
BT2_Diamond Dog_PLURAL,Diamond Dogs,
BT2_Dick The Brick_SINGULAR,Dick The Brick,
BT2_Dick The Brick_PLURAL,Dick The Brick,
BT2_Diet Fiend_SINGULAR,Diet Fiend,
BT2_Diet Fiend_PLURAL,Diet Fiends,
BT2_Doppleganger_SINGULAR,Doppelganger,
BT2_Doppleganger_PLURAL,Doppelgangers,
BT2_Doppleganger1_SINGULAR,Crafty Doppelganger,
BT2_Doppleganger1_PLURAL,Crafty Doppelgangers,
BT2_Doppleganger2_SINGULAR,Shady Doppelganger,
BT2_Doppleganger2_PLURAL,Shady Doppelgangers,
BT2_Drach_SINGULAR,Drach,
BT2_Drach_PLURAL,Drachs,
BT2_Drain Dragon_SINGULAR,Drain Dragon,
BT2_Drain Dragon_PLURAL,Drain Dragons,
BT2_Dread Giant_SINGULAR,Dread Giant,
BT2_Dread Giant_PLURAL,Dread Giants,
BT2_Dreadnought_SINGULAR,Dreadnought,
BT2_Dreadnought_PLURAL,Dreadnoughts,
BT2_Dreadnought1_SINGULAR,Crazed Dreadnought,
BT2_Dreadnought1_PLURAL,Crazed Dreadnoughts,
BT2_Dream Mage_SINGULAR,Dream Mage,
BT2_Dream Mage_PLURAL,Dream Mages,
BT2_Dren_SINGULAR,Dren,
BT2_Dren_PLURAL,Drens,
BT2_Druid_SINGULAR,Druid,
BT2_Druid_PLURAL,Druids,
BT2_Dust Dragon_SINGULAR,Dust Dragon,
BT2_Dust Dragon_PLURAL,Dust Dragons,
BT2_Dust Mage_SINGULAR,Dust Mage,
BT2_Dust Mage_PLURAL,Dust Mages,
BT2_Dust Man_SINGULAR,Dust Man,
BT2_Dust Man_PLURAL,Dust Men,
BT2_Dust Samurai_SINGULAR,Dust Samurai,
BT2_Dust Samurai_PLURAL,Dust Samurai,
BT2_Dust Soldier_SINGULAR,Dust Soldier,
BT2_Dust Soldier_PLURAL,Dust Soldiers,
BT2_Dust Wizard_SINGULAR,Dust Wizard,
BT2_Dust Wizard_PLURAL,Dust Wizards,
BT2_Earth Elemental_SINGULAR,Earth Elemental,
BT2_Earth Elemental_PLURAL,Earth Elementals,
BT2_Elik The Great_SINGULAR,Elik The Great,
BT2_Elik The Great_PLURAL,Elik The Great,
BT2_Elite Guard_SINGULAR,Elite Guard,
BT2_Elite Guard_PLURAL,Elite Guards,
BT2_Energon_SINGULAR,Energon,
BT2_Energon_PLURAL,Energons,
BT2_Enforcer_SINGULAR,Enforcer,
BT2_Enforcer_PLURAL,Enforcers,
BT2_Evil Doer_SINGULAR,Evil Doer,
BT2_Evil Doer_PLURAL,Evil Doers,
BT2_Evil Mage_SINGULAR,Evil Mage,
BT2_Evil Mage_PLURAL,Evil Mages,
BT2_Extramage_SINGULAR,Extramage,
BT2_Extramage_PLURAL,Extramage,
BT2_Fanskar_SINGULAR,Fanskar,
BT2_Fanskar_PLURAL,Fanskar,
BT2_Far Archer_SINGULAR,Far Archer,
BT2_Far Archer_PLURAL,Far Archers,
BT2_Far Archer1_SINGULAR,Journeyman Far Archer,
BT2_Far Archer1_PLURAL,Journeyman Far Archers,
BT2_Far Giant_SINGULAR,Far Giant,
BT2_Far Giant_PLURAL,Far Giants,
BT2_Father Kringle_SINGULAR,Father Kringle,
BT2_Father Kringle_PLURAL,Father Kringle,
BT2_Fazer_SINGULAR,Fazer,
BT2_Fazer_PLURAL,Fazers,
BT2_Fearless_SINGULAR,Fearless,
BT2_Fearless_PLURAL,Fearless,
BT2_Fiend_SINGULAR,Fiend,
BT2_Fiend_PLURAL,Fiends,
BT2_Figurine Herb_SINGULAR,Herb,
BT2_Figurine Herb_PLURAL,Herbs,
BT2_Figurine Master Mage_SINGULAR,Master Mage,
BT2_Figurine Master Mage_PLURAL,Master Mages,
BT2_Figurine Storm Giant_SINGULAR,Storm Giant,
BT2_Figurine Storm Giant_PLURAL,Storm Giants,
BT2_Fire Elemental_SINGULAR,Fire Elemental,
BT2_Fire Elemental_PLURAL,Fire Elementals,
BT2_Fire Guard_SINGULAR,Fire Guard,
BT2_Fire Guard_PLURAL,Fire Guards,
BT2_Fire Master_SINGULAR,Fire Master,
BT2_Fire Master_PLURAL,Fire Masters,
BT2_Flame Guard_SINGULAR,Flame Guard,
BT2_Flame Guard_PLURAL,Flame Guards,
BT2_Flame Mage_SINGULAR,Flame Mage,
BT2_Flame Mage_PLURAL,Flame Mages,
BT2_Flame Master_SINGULAR,Flame Master,
BT2_Flame Master_PLURAL,Flame Masters,
BT2_Flame Scion_SINGULAR,Flame Scion,
BT2_Flame Scion_PLURAL,Flame Scions,
BT2_Flame Sprite_SINGULAR,Flame Sprite,
BT2_Flame Sprite_PLURAL,Flame Sprites,
BT2_Flamester_SINGULAR,Flamester,
BT2_Flamester_PLURAL,Flamesters,
BT2_Flamra Guard_SINGULAR,Flamra Guard,
BT2_Flamra Guard_PLURAL,Flamra Guards,
BT2_Flash Dragon_SINGULAR,Flash Dragon,
BT2_Flash Dragon_PLURAL,Flash Dragons,
BT2_Flayer_SINGULAR,Flayer,
BT2_Flayer_PLURAL,Flayers,
BT2_Flesh Eater_SINGULAR,Flesh Eater,
BT2_Flesh Eater_PLURAL,Flesh Eaters,
BT2_Flexor_SINGULAR,Flexor,
BT2_Flexor_PLURAL,Flexors,
BT2_Force Ghost_SINGULAR,Force Ghost,
BT2_Force Ghost_PLURAL,Force Ghosts,
BT2_Forest Giant_SINGULAR,Forest Giant,
BT2_Forest Giant_PLURAL,Forest Giants,
BT2_Fracter_SINGULAR,Fracter,
BT2_Fracter_PLURAL,Fracters,
BT2_Fred_SINGULAR,Fred,
BT2_Fred_PLURAL,Fred,
BT2_Fred The Dop_SINGULAR,Fred The Dop,
BT2_Fred The Dop_PLURAL,Fred The Dop,
BT2_Fright_SINGULAR,Fright,
BT2_Fright_PLURAL,Frights,
BT2_Gandravalk_SINGULAR,Gandravalk,
BT2_Gandravalk_PLURAL,Gandravalk,
BT2_Gard Dragon_SINGULAR,Gard Dragon,
BT2_Gard Dragon_PLURAL,Gard Dragons,
BT2_Garslayer_SINGULAR,Garslayer,
BT2_Garslayer_PLURAL,Garslayers,
BT2_Ghast_SINGULAR,Ghast,
BT2_Ghast_PLURAL,Ghasts,
BT2_Ghast1_SINGULAR,Spiteful Ghast,
BT2_Ghast1_PLURAL,Spiteful Ghasts,
BT2_Ghost_SINGULAR,Ghost,
BT2_Ghost_PLURAL,Ghosts,
BT2_Ghoul_SINGULAR,Ghoul,
BT2_Ghoul_PLURAL,Ghouls,
BT2_Giant_SINGULAR,Giant,
BT2_Giant_PLURAL,Giants,
BT2_Gnoll_SINGULAR,Gnoll,
BT2_Gnoll_PLURAL,Gnolls,
BT2_Gnome_SINGULAR,Gnome,
BT2_Gnome_PLURAL,Gnomes,
BT2_Goblin_SINGULAR,Goblin,
BT2_Goblin_PLURAL,Goblins,
BT2_Goblin1_SINGULAR,Trickster Goblin,
BT2_Goblin1_PLURAL,Trickster Goblins,
BT2_Golem_SINGULAR,Golem,
BT2_Golem_PLURAL,Golem,
BT2_Gore Ghost_SINGULAR,Gore Ghost,
BT2_Gore Ghost_PLURAL,Gore Ghosts,
BT2_Gozman_SINGULAR,Gozman,
BT2_Gozman_PLURAL,Gozmen,
BT2_Graphnar Lord_SINGULAR,Graphnar Lord,
BT2_Graphnar Lord_PLURAL,Graphnar Lord,
BT2_Greater Demon_SINGULAR,Greater Demon,
BT2_Greater Demon_PLURAL,Greater Demons,
BT2_Greatful Dead_SINGULAR,Greatful Dead,
BT2_Greatful Dead_PLURAL,Greatful Dead,
BT2_Greklin_SINGULAR,Greklin,
BT2_Greklin_PLURAL,Greklins,
BT2_Gremlin_SINGULAR,Gremlin,
BT2_Gremlin_PLURAL,Gremlins,
BT2_Grey Acolyte_SINGULAR,Grey Acolyte,
BT2_Grey Acolyte_PLURAL,Grey Acolytes,
BT2_Grey Axeman_SINGULAR,Grey Axeman,
BT2_Grey Axeman_PLURAL,Grey Axemen,
BT2_Grey Ghost_SINGULAR,Grey Ghost,
BT2_Grey Ghost_PLURAL,Grey Ghosts,
BT2_Grey Lurker_SINGULAR,Grey Lurker,
BT2_Grey Lurker_PLURAL,Grey Lurkers,
BT2_Grey Ninja_SINGULAR,Grey Ninja,
BT2_Grey Ninja_PLURAL,Grey Ninjas,
BT2_Grin Dragon_SINGULAR,Grin Dragon,
BT2_Grin Dragon_PLURAL,Grin Dragons,
BT2_Grin Dragon1_SINGULAR,Grin Dragon,
BT2_Grin Dragon1_PLURAL,Grin Dragons,
BT2_Groper_SINGULAR,Groper,
BT2_Groper_PLURAL,Gropers,
BT2_Growler_SINGULAR,Growler,
BT2_Growler_PLURAL,Growlers,
BT2_Guard_SINGULAR,Guard,
BT2_Guard_PLURAL,Guards,
BT2_Guardian_SINGULAR,Guardian,
BT2_Guardian_PLURAL,Guardians,
BT2_Guardian1_SINGULAR,Stalwart Guardian,
BT2_Guardian1_PLURAL,Stalwart Guardians,
BT2_Guardsman_SINGULAR,Ancient Guardsman,
BT2_Guardsman_PLURAL,Ancient Guardsmen,
BT2_Guardsman1_SINGULAR,Guardsman,
BT2_Guardsman1_PLURAL,Guardsmen,
BT2_Hawkin_SINGULAR,Hawkin,
BT2_Hawkin_PLURAL,Hawkins,
BT2_Hazer_SINGULAR,Hazer,
BT2_Hazer_PLURAL,Hazers,
BT2_Head Banger_SINGULAR,Head Banger,
BT2_Head Banger_PLURAL,Head Bangers,
BT2_Headbanger_SINGULAR,Head Banger,
BT2_Headbanger_PLURAL,Head Bangers,
BT2_Herb_SINGULAR,Herb,
BT2_Herb_PLURAL,Herbs,
BT2_Hero_SINGULAR,Hero,
BT2_Hero_PLURAL,Heroes,
BT2_Hobbit_SINGULAR,Hobbit,
BT2_Hobbit_PLURAL,Hobbits,
BT2_Hound Spirit_SINGULAR,Hound Spirit,
BT2_Hound Spirit_PLURAL,Hound Spirits,
BT2_Howler_SINGULAR,Howler,
BT2_Howler_PLURAL,Howlers,
BT2_Human Torch_SINGULAR,Human Torch,
BT2_Human Torch_PLURAL,Human Torches,
BT2_Hunter_SINGULAR,Hunter,
BT2_Hunter_PLURAL,Hunters,
BT2_Icehole_SINGULAR,Icehole,
BT2_Icehole_PLURAL,Iceholes,
BT2_Ichor Fiend_SINGULAR,Ichor Fiend,
BT2_Ichor Fiend_PLURAL,Ichor Fiends,
BT2_Imp_SINGULAR,Imp,
BT2_Imp_PLURAL,Imps,
BT2_Ingroid_SINGULAR,Ingroid,
BT2_Ingroid_PLURAL,Ingroids,
BT2_Intramage_SINGULAR,Intramage,
BT2_Intramage_PLURAL,Intramage,
BT2_It's My Bud_SINGULAR,It's My Bud,
BT2_It's My Bud_PLURAL,It's My Bud,
BT2_Jack Of Spades_SINGULAR,Jack Of Spades,
BT2_Jack Of Spades_PLURAL,Jack Of Spades,
BT2_Jag Giant_SINGULAR,Jag Giant,
BT2_Jag Giant_PLURAL,Jag Giants,
BT2_Joe The Sword_SINGULAR,Joe The Sword,
BT2_Joe The Sword_PLURAL,Joe The Sword,
BT2_Kargan_SINGULAR,Kargan,
BT2_Kargan_PLURAL,Kargans,
BT2_Kasdrek_SINGULAR,Kasdrek,
BT2_Kasdrek_PLURAL,Kasdrek,
BT2_Keel Dragon_SINGULAR,Keel Dragon,
BT2_Keel Dragon_PLURAL,Keel Dragons,
BT2_Kiel Mastermage_SINGULAR,Kiel Mastermage,
BT2_Kiel Mastermage_PLURAL,Kiel Mastermage,
BT2_King Giant_SINGULAR,King Giant,
BT2_King Giant_PLURAL,King Giants,
BT2_King Of Clubs_SINGULAR,King Of Clubs,
BT2_King Of Clubs_PLURAL,King Of Clubs,
BT2_Kinstral_SINGULAR,Kinstral,
BT2_Kinstral_PLURAL,Kinstrals,
BT2_Knave Of Swords_SINGULAR,Knave Of Swords,
BT2_Knave Of Swords_PLURAL,Knave Of Swords,
BT2_Kner Drone_SINGULAR,Kner Drone,
BT2_Kner Drone_PLURAL,Kner Drones,
BT2_Knifeman_SINGULAR,Knifeman,
BT2_Knifeman_PLURAL,Knifemen,
BT2_Knight Diamonds_SINGULAR,Knight Diamonds,
BT2_Knight Diamonds_PLURAL,Knight Diamonds,
BT2_Kobold_SINGULAR,Kobold,
BT2_Kobold_PLURAL,Kobolds,
BT2_Kobold1_SINGULAR,Mammoth Kobold,
BT2_Kobold1_PLURAL,Mammoth Kobolds,
BT2_Krae Dragon_SINGULAR,Krae Dragon,
BT2_Krae Dragon_PLURAL,Krae Dragons,
BT2_Krakatoa_SINGULAR,Krakatoa,
BT2_Krakatoa_PLURAL,Krakatoa,
BT2_Kringle Brother_SINGULAR,Kringle Brother,
BT2_Kringle Brother_PLURAL,Kringle Brothers,
BT2_Kryll Mage_SINGULAR,Kryll Mage,
BT2_Kryll Mage_PLURAL,Kryll Mages,
BT2_Kwi Chang_SINGULAR,Kwi Chang,
BT2_Kwi Chang_PLURAL,Kwi Chang,
BT2_Kwon Dragon_SINGULAR,Kwon Dragon,
BT2_Kwon Dragon_PLURAL,Kwon Dragons,
BT2_Lagoth Zanta_SINGULAR,Lagoth Zanta,
BT2_Lagoth Zanta_PLURAL,Lagoth Zanta,
BT2_Land Titan_SINGULAR,Land Titan,
BT2_Land Titan_PLURAL,Land Titans,
BT2_Larry_SINGULAR,Larry,
BT2_Larry_PLURAL,Larry,
BT2_Last Destroyer_SINGULAR,Last Destroyer,
BT2_Last Destroyer_PLURAL,Last Destroyer,
BT2_Leaper_SINGULAR,Leaper,
BT2_Leaper_PLURAL,Leapers,
BT2_Lesser Demon_SINGULAR,Lesser Demon,
BT2_Lesser Demon_PLURAL,Lesser Demons,
BT2_Lich_SINGULAR,Lich,
BT2_Lich_PLURAL,Lichs,
BT2_Lich Master_SINGULAR,Lich Master,
BT2_Lich Master_PLURAL,Lich Masters,
BT2_Lich1_SINGULAR,Ancient Lich,
BT2_Lich1_PLURAL,Ancient Liches,
BT2_Lich2_SINGULAR,Festering Lich,
BT2_Lich2_PLURAL,Festering Liches,
BT2_Life Force_SINGULAR,Life Force,
BT2_Life Force_PLURAL,Life Forcer,
BT2_Lifesucker_SINGULAR,Lifesucker,
BT2_Lifesucker_PLURAL,Lifesuckers,
BT2_Living Dead_SINGULAR,Living Dead,
BT2_Living Dead_PLURAL,Living Dead,
BT2_Living Ender_SINGULAR,Living Ender,
BT2_Living Ender_PLURAL,Living Enders,
BT2_Living Statue_SINGULAR,Living Statue,
BT2_Living Statue_PLURAL,Living Statue,
BT2_Lizard Man_SINGULAR,Lizard Man,
BT2_Lizard Man_PLURAL,Lizard Men,
BT2_Lizard Man1_SINGULAR,Vile Lizard Man,
BT2_Lizard Man1_PLURAL,Vile Lizard Men,
BT2_Lurker_SINGULAR,Lurker,
BT2_Lurker_PLURAL,Lurkers,
BT2_Mad Cur_SINGULAR,Mad Cur,
BT2_Mad Cur_PLURAL,Mad Curs,
BT2_Mad Mage_SINGULAR,Mad Mage,
BT2_Mad Mage_PLURAL,Mad Mages,
BT2_Madco Mage_SINGULAR,Madco Mage,
BT2_Madco Mage_PLURAL,Madco Mages,
BT2_Mage_SINGULAR,Mage,
BT2_Mage_PLURAL,Mages,
BT2_Mage Of Alk_SINGULAR,Mage Of Alk,
BT2_Mage Of Alk_PLURAL,Mage Of Alk,
BT2_Magic Dragon_SINGULAR,Magic Dragon,
BT2_Magic Dragon_PLURAL,Magic Dragons,
BT2_Magician_SINGULAR,Magician,
BT2_Magician_PLURAL,Magicians,
BT2_Major Domo_SINGULAR,Major Domo,
BT2_Major Domo_PLURAL,Major Domos,
BT2_Maker_SINGULAR,Maker,
BT2_Maker_PLURAL,Makers,
BT2_Makron_SINGULAR,Makron,
BT2_Makron_PLURAL,Makrons,
BT2_Malar Dragon_SINGULAR,Malar Dragon,
BT2_Malar Dragon_PLURAL,Malar Dragons,
BT2_Man Masher_SINGULAR,Man Masher,
BT2_Man Masher_PLURAL,Man Mashers,
BT2_Man-Masher_SINGULAR,Man-Masher,
BT2_Man-Masher_PLURAL,Man-Mashers,
BT2_Man-Rock_SINGULAR,Man-Rock,
BT2_Man-Rock_PLURAL,Man-Rock,
BT2_Mantis_SINGULAR,Mantis,
BT2_Mantis_PLURAL,Mantises,
BT2_Manwall_SINGULAR,Manwall,
BT2_Manwall_PLURAL,Manwalls,
BT2_Mar Mage_SINGULAR,Mar Mage,
BT2_Mar Mage_PLURAL,Mar Mages,
BT2_Marksman_SINGULAR,Marksman,
BT2_Marksman_PLURAL,Marksmen,
BT2_Marvin The Dop_SINGULAR,Marvin The Dop,
BT2_Marvin The Dop_PLURAL,Marvin The Dop,
BT2_Massacre Mage_SINGULAR,Massacre Mage,
BT2_Massacre Mage_PLURAL,Massacre Mage,
BT2_Master Mage_SINGULAR,Master Mage,
BT2_Master Mage_PLURAL,Master Mages,
BT2_Mastersword_SINGULAR,Mastersword,
BT2_Mastersword_PLURAL,Masterswords,
BT2_Matt The Dop_SINGULAR,Matt The Dop,
BT2_Matt The Dop_PLURAL,Matt The Dop,
BT2_Maul Ghoul_SINGULAR,Maul Ghoul,
BT2_Maul Ghoul_PLURAL,Maul Ghouls,
BT2_Maze Dragon_SINGULAR,Maze Dragon,
BT2_Maze Dragon_PLURAL,Maze Dragons,
BT2_Maze Giant_SINGULAR,Maze Giant,
BT2_Maze Giant_PLURAL,Maze Giants,
BT2_Maze Lizard_SINGULAR,Maze Lizard,
BT2_Maze Lizard_PLURAL,Maze Lizards,
BT2_Medarch_SINGULAR,Medarch,
BT2_Medarch_PLURAL,Medarchs,
BT2_Medusa_SINGULAR,Medusa,
BT2_Medusa_PLURAL,Medusas,
BT2_Melee Man_SINGULAR,Melee Man,
BT2_Melee Man_PLURAL,Melee Men,
BT2_Melee Monk_SINGULAR,Melee Monk,
BT2_Melee Monk_PLURAL,Melee Monks,
BT2_Menzo Monk_SINGULAR,Menzo Monk,
BT2_Menzo Monk_PLURAL,Menzo Monks,
BT2_Mercenary_SINGULAR,Mercenary,
BT2_Mercenary_PLURAL,Mercenaries,
BT2_Micromage_SINGULAR,Micromage,
BT2_Micromage_PLURAL,Micromage,
BT2_Mike's Golem_SINGULAR,Mike's Golem,
BT2_Mike's Golem_PLURAL,Mike's Golems,
BT2_Milt_SINGULAR,Milt,
BT2_Milt_PLURAL,Milt,
BT2_Mind Mimic_SINGULAR,Mind Mimic,
BT2_Mind Mimic_PLURAL,Mind Mimics,
BT2_Minzu Dial_SINGULAR,Minzu Dial,
BT2_Minzu Dial_PLURAL,Minzu Dials,
BT2_Miracle Mage_SINGULAR,Miracle Mage,
BT2_Miracle Mage_PLURAL,Miracle Mages,
BT2_Mist Giant_SINGULAR,Mist Giant,
BT2_Mist Giant_PLURAL,Mist Giants,
BT2_Molten Man_SINGULAR,Molten Man,
BT2_Molten Man_PLURAL,Molten Men,
BT2_Mongo_SINGULAR,Mongo,
BT2_Mongo_PLURAL,Mongos,
BT2_Mongrel_SINGULAR,Mongrel,
BT2_Mongrel_PLURAL,Mongrels,
BT2_Multimage_SINGULAR,Multimage,
BT2_Multimage_PLURAL,Multimage,
BT2_Ninja_SINGULAR,Apprentice Ninja,
BT2_Ninja_PLURAL,Apprentice Ninjas,
BT2_Ninja1_SINGULAR,Ninja,
BT2_Ninja1_PLURAL,Ninjas,
BT2_Ninja2_SINGULAR,Ninja Master,
BT2_Ninja2_PLURAL,Ninja Masters,
BT2_Nite Dweller_SINGULAR,Nite Dweller,
BT2_Nite Dweller_PLURAL,Nite Dwellers,
BT2_Norseman_SINGULAR,Norseman,
BT2_Norseman_PLURAL,Norsemen,
BT2_Officer_SINGULAR,Officer,
BT2_Officer_PLURAL,Officers,
BT2_Ogre_SINGULAR,Ogre,
BT2_Ogre_PLURAL,Ogres,
BT2_Ogre Hero_SINGULAR,Ogre Hero,
BT2_Ogre Hero_PLURAL,Ogre Heroes,
BT2_Ogre Lord_SINGULAR,Ogre Lord,
BT2_Ogre Lord_PLURAL,Ogre Lords,
BT2_Ogre Magi_SINGULAR,Ogre Magi,
BT2_Ogre Magi_PLURAL,Ogre Magi,
BT2_Ogre1_SINGULAR,Burly Ogre,
BT2_Ogre1_PLURAL,Burly Ogres,
BT2_Old Man_SINGULAR,Old Man,
BT2_Old Man_PLURAL,Old Men,
BT2_Old Warrior_SINGULAR,Old Warrior,
BT2_Old Warrior_PLURAL,Old Warrior,
BT2_Orc_SINGULAR,Orc,
BT2_Orc_PLURAL,Orcs,
BT2_Orc Warrior_SINGULAR,Orc Warrior,
BT2_Orc Warrior_PLURAL,Orc Warriors,
BT2_Oscon_SINGULAR,Oscon,
BT2_Oscon_PLURAL,Oscon,
BT2_PAPER_SINGULAR,PAPER,
BT2_PAPER_PLURAL,PAPER,
BT2_Pet Dragon_SINGULAR,Pet Dragon,
BT2_Pet Dragon_PLURAL,Pet Dragons,
BT2_Phaz Monster_SINGULAR,Phaze Monster,
BT2_Phaz Monster_PLURAL,Phaze Monsters,
BT2_Pickpocket_SINGULAR,Pickpocket,
BT2_Pickpocket_PLURAL,Pickpockets,
BT2_Pit Skrull_SINGULAR,Pit Skrull,
BT2_Pit Skrull_PLURAL,Pit Skrulls,
BT2_Pogoman_SINGULAR,Pogoman,
BT2_Pogoman_PLURAL,Pogomen,
BT2_Poison Giant_SINGULAR,Poison Giant,
BT2_Poison Giant_PLURAL,Poison Giants,
BT2_Poltergeist_SINGULAR,Poltergeist,
BT2_Poltergeist_PLURAL,Poltergeists,
BT2_Power Giant_SINGULAR,Power Giant,
BT2_Power Giant_PLURAL,Power Giants,
BT2_Protomage_SINGULAR,Protomage,
BT2_Protomage_PLURAL,Protomages,
BT2_Pummel Giant_SINGULAR,Pummel Giant,
BT2_Pummel Giant_PLURAL,Pummel Giants,
BT2_Pupil_SINGULAR,Pupil,
BT2_Pupil_PLURAL,Pupils,
BT2_Puzzler_SINGULAR,Puzzler,
BT2_Puzzler_PLURAL,Puzzlers,
BT2_Pyro_SINGULAR,Pyro,
BT2_Pyro_PLURAL,Pyros,
BT2_Pyro1_SINGULAR,Pyro Disciple,
BT2_Pyro1_PLURAL,Pyros,
BT2_Rack Golem_SINGULAR,Rack Golem,
BT2_Rack Golem_PLURAL,Rack Golems,
BT2_Racknid Man_SINGULAR,Racknid Man,
BT2_Racknid Man_PLURAL,Racknid Men,
BT2_Rakmonger_SINGULAR,Rakmonger,
BT2_Rakmonger_PLURAL,Rakmongers,
BT2_Ranger_SINGULAR,Ranger,
BT2_Ranger_PLURAL,Rangers,
BT2_Raver_SINGULAR,Raver,
BT2_Raver_PLURAL,Ravers,
BT2_Red Dragon_SINGULAR,Red Dragon,
BT2_Red Dragon_PLURAL,Red Dragons,
BT2_Reptilian_SINGULAR,Reptilian,
BT2_Reptilian_PLURAL,Reptilians,
BT2_Riddle Master_SINGULAR,Riddle Master,
BT2_Riddle Master_PLURAL,Riddle Master,
BT2_ROCK_SINGULAR,ROCK,
BT2_ROCK_PLURAL,ROCK,
BT2_Rock Giant_SINGULAR,Rock Giant,
BT2_Rock Giant_PLURAL,Rock Giants,
BT2_Rock N' Roller_SINGULAR,Rock N' Roller,
BT2_Rock N' Roller_PLURAL,Rock N' Roller,
BT2_Rockblock_SINGULAR,Rockblock,
BT2_Rockblock_PLURAL,Rockblocks,
BT2_Sahar Guard_SINGULAR,Sahar Guard,
BT2_Sahar Guard_PLURAL,Sahar Guards,
BT2_Samurai_SINGULAR,Samurai,
BT2_Samurai_PLURAL,Samurai,
BT2_Sancrilar_SINGULAR,Sancrilar,
BT2_Sancrilar_PLURAL,Sancrilars,
BT2_Sargon_SINGULAR,Sargon,
BT2_Sargon_PLURAL,Sargon,
BT2_Sauron_SINGULAR,Corrupt Wizard,
BT2_Sauron_PLURAL,Corrupt Wizard,
BT2_Scalord_SINGULAR,Scalord,
BT2_Scalord_PLURAL,Scalords,
BT2_Scar Blader_SINGULAR,Scar Blader,
BT2_Scar Blader_PLURAL,Scar Bladers,
BT2_Scarab_SINGULAR,Scarab,
BT2_Scarab_PLURAL,Scarabs,
BT2_Scarlet Bard_SINGULAR,Scarlet Bard,
BT2_Scarlet Bard_PLURAL,Scarlet Bard,
BT2_Scathe Mage_SINGULAR,Scathe Mage,
BT2_Scathe Mage_PLURAL,Scathe Mages,
BT2_SCISSOR_SINGULAR,SCISSOR,
BT2_SCISSOR_PLURAL,SCISSOR,
BT2_Screamer_SINGULAR,Screamer,
BT2_Screamer_PLURAL,Screamers,
BT2_Shadow_SINGULAR,Shadow,
BT2_Shadow_PLURAL,Shadows,
BT2_Shadow Lord_SINGULAR,Shadow Lord,
BT2_Shadow Lord_PLURAL,Shadow Lords,
BT2_Shadowshrif_SINGULAR,Shadowshrif,
BT2_Shadowshrif_PLURAL,Shadowshrifs,
BT2_Silk Dragon_SINGULAR,Silk Dragon,
BT2_Silk Dragon_PLURAL,Silk Dragons,
BT2_Sinister_SINGULAR,Sinister,
BT2_Sinister_PLURAL,Sinisters,
BT2_Sinstriker_SINGULAR,Sinstriker,
BT2_Sinstriker_PLURAL,Sinstrikers,
BT2_Skalen_SINGULAR,Skalen,
BT2_Skalen_PLURAL,Skalens,
BT2_Skeleman_SINGULAR,Skeleman,
BT2_Skeleman_PLURAL,Skelemen,
BT2_Skeleton_SINGULAR,Skeleton,
BT2_Skeleton_PLURAL,Skeletons,
BT2_Skeleton1_SINGULAR,Bloodthirsty Skeleton,
BT2_Skeleton1_PLURAL,Bloodthirsty Skeletons,
BT2_Skull Giant_SINGULAR,Skull Giant,
BT2_Skull Giant_PLURAL,Skull Giants,
BT2_Skull Warden_SINGULAR,Skull Warden,
BT2_Skull Warden_PLURAL,Skull Wardens,
BT2_Slammer_SINGULAR,Slammer,
BT2_Slammer_PLURAL,Slammers,
BT2_Slammer1_SINGULAR,Colossal Slammer,
BT2_Slammer1_PLURAL,Colossal Slammers,
BT2_Slayer_SINGULAR,Slayer,
BT2_Slayer_PLURAL,Slayer,
BT2_Figurine Slayer_SINGULAR,Slayer,
BT2_Figurine Slayer_PLURAL,Slayers,
BT2_Slayer Lord_SINGULAR,Slayer Lord,
BT2_Slayer Lord_PLURAL,Slayer Lords,
BT2_Slaymaker_SINGULAR,Slaymaker,
BT2_Slaymaker_PLURAL,Slaymakers,
BT2_Slimer_SINGULAR,Slimer,
BT2_Slimer_PLURAL,Slimers,
BT2_Sloggoth_SINGULAR,Sloggoth,
BT2_Sloggoth_PLURAL,Sloggoths,
BT2_Sorcerer_SINGULAR,Sorcerer,
BT2_Sorcerer_PLURAL,Sorcerers,
BT2_Sorceror_SINGULAR,Greater Sorcerer,
BT2_Sorceror_PLURAL,Greater Sorcerers,
BT2_Soron_SINGULAR,Soron,
BT2_Soron_PLURAL,Sorons,
BT2_Soul Sucker_SINGULAR,Soul Sucke,
BT2_Soul Sucker_PLURAL,Soul Suckers,
BT2_Soul Sucker1_SINGULAR,Fiendish Soul Sucker,
BT2_Soul Sucker1_PLURAL,Fiendish Soul Suckers,
BT2_Spectre_SINGULAR,Spectre,
BT2_Spectre_PLURAL,Spectres,
BT2_Spectre1_SINGULAR,Wailing Spectre,
BT2_Spectre1_PLURAL,Wailing Spectres,
BT2_Spellcaster_SINGULAR,Spellcaster,
BT2_Spellcaster_PLURAL,Spellcasters,
BT2_Spirit Mage_SINGULAR,Spirit Mage,
BT2_Spirit Mage_PLURAL,Spirit Mages,
BT2_Stalker_SINGULAR,Stalker,
BT2_Stalker_PLURAL,Stalkers,
BT2_Statue_SINGULAR,Statue,
BT2_Statue_PLURAL,Statues,
BT2_Steel Fist_SINGULAR,Steel Fist,
BT2_Steel Fist_PLURAL,Steel Fists,
BT2_Steel Giant_SINGULAR,Steel Giant,
BT2_Steel Giant_PLURAL,Steel Giants,
BT2_Steve The Dop_SINGULAR,Steve The Dop,
BT2_Steve The Dop_PLURAL,Steve The Dop,
BT2_Stone Dragon_SINGULAR,Stone Dragon,
BT2_Stone Dragon_PLURAL,Stone Dragons,
BT2_Stone Elemental_SINGULAR,Stone Elemental,
BT2_Stone Elemental_PLURAL,Stone Elemental,
BT2_Stone Golem_SINGULAR,Stone Golem,
BT2_Stone Golem_PLURAL,Stone Golems,
BT2_Stone Man_SINGULAR,Stone Man,
BT2_Stone Man_PLURAL,Stone Men,
BT2_Stonefist_SINGULAR,Stonefist,
BT2_Stonefist_PLURAL,Stonefist,
BT2_Stonra Guard_SINGULAR,Stonra Guard,
BT2_Stonra Guard_PLURAL,Stonra Guards,
BT2_Storal Sorcerer_SINGULAR,Storal Sorcerer,
BT2_Storal Sorcerer_PLURAL,Storal Sorcerer,
BT2_Storm Giant_SINGULAR,Storm Giant,
BT2_Storm Giant_PLURAL,Storm Giants,
BT2_Summoner_SINGULAR,Summoner,
BT2_Summoner_PLURAL,Summoners,
BT2_Super Slayer_SINGULAR,Super Slayer,
BT2_Super Slayer_PLURAL,Super Slayers,
BT2_Swordsman_SINGULAR,Swordsman,
BT2_Swordsman_PLURAL,Swordsmen,
BT2_Tanderclaw_SINGULAR,Tanderclaw,
BT2_Tanderclaw_PLURAL,Tanderclaws,
BT2_Tanic Dragon_SINGULAR,Tanic Dragon,
BT2_Tanic Dragon_PLURAL,Tanic Dragons,
BT2_Target Dummy_SINGULAR,Target Dummy,
BT2_Target Dummy_PLURAL,Target Dummy,
BT2_Taskman_SINGULAR,Taskman,
BT2_Taskman_PLURAL,Taskmen,
BT2_Tazra Dragon_SINGULAR,Tazra Dragon,
BT2_Tazra Dragon_PLURAL,Tazra Dragons,
BT2_The Block Jock_SINGULAR,The Block Jock,
BT2_The Block Jock_PLURAL,The Block Jock,
BT2_The Dark Lord_SINGULAR,The Dark Lord,
BT2_The Dark Lord_PLURAL,The Dark Lord,
BT2_The Dead King_SINGULAR,The Dead King,
BT2_The Dead King_PLURAL,The Dead King,
BT2_The Princess_SINGULAR,The Princess,
BT2_The Princess_PLURAL,The Princess,
BT2_Thor_SINGULAR,Thor,
BT2_Thor_PLURAL,Thor,
BT2_Thrasher_SINGULAR,Thrasher,
BT2_Thrasher_PLURAL,Thrashers,
BT2_Thunder Dragon_SINGULAR,Thunder Dragon,
BT2_Thunder Dragon_PLURAL,Thunder Dragon,
BT2_Titan Mage_SINGULAR,Titan Mage,
BT2_Titan Mage_PLURAL,Titan Mages,
BT2_Tomb Guard_SINGULAR,Tomb Guard,
BT2_Tomb Guard_PLURAL,Tomb Guards,
BT2_Torcher_SINGULAR,Torcher,
BT2_Torcher_PLURAL,Torchers,
BT2_Toxic Giant_SINGULAR,Toxic Giant,
BT2_Toxic Giant_PLURAL,Toxic Giant,
BT2_Toy Dragon_SINGULAR,Toy Dragon,
BT2_Toy Dragon_PLURAL,Toy Dragons,
BT2_Transylvan_SINGULAR,Transylvan,
BT2_Transylvan_PLURAL,Transylvans,
BT2_Troglodyte_SINGULAR,Troglodyte,
BT2_Troglodyte_PLURAL,Troglodytes,
BT2_Troll_SINGULAR,Troll,
BT2_Troll_PLURAL,Trolls,
BT2_Troll Master_SINGULAR,Troll Master,
BT2_Troll Master_PLURAL,Troll Masters,
BT2_Troll1_SINGULAR,Monstrous Troll,
BT2_Troll1_PLURAL,Monstrous Trolls,
BT2_Troy The Dop_SINGULAR,Troy The Dop,
BT2_Troy The Dop_PLURAL,Troy The Dop,
BT2_Undead Fred_SINGULAR,Undead Fred,
BT2_Undead Fred_PLURAL,Undead Fred,
BT2_Vampire_SINGULAR,Vampire,
BT2_Vampire_PLURAL,Vampires,
BT2_Vampire Dragon_SINGULAR,Vampire Dragon,
BT2_Vampire Dragon_PLURAL,Vampire Dragon,
BT2_Vampire Lord_SINGULAR,Vampire Lord,
BT2_Vampire Lord_PLURAL,Vampire Lords,
BT2_Vampire1_SINGULAR,Wicked Vampire,
BT2_Vampire1_PLURAL,Wicked Vampires,
BT2_Vampire2_SINGULAR,Malevolent Vampire,
BT2_Vampire2_PLURAL,Malevolent Vampires,
BT2_Vandryl_SINGULAR,Vandryl,
BT2_Vandryl_PLURAL,Vandryl,
BT2_Vanquisher_SINGULAR,Vanquisher,
BT2_Vanquisher_PLURAL,Vanquishers,
BT2_Vapra Guard_SINGULAR,Vapra Guard,
BT2_Vapra Guard_PLURAL,Vapra Guards,
BT2_Viking_SINGULAR,Viking,
BT2_Viking_PLURAL,Vikings,
BT2_Viking1_SINGULAR,Aesir,
BT2_Viking1_PLURAL,Aesirs,
BT2_Void Boyd_SINGULAR,Void Boyd,
BT2_Void Boyd_PLURAL,Void Boyds,
BT2_Void Shade_SINGULAR,Void Shade,
BT2_Void Shade_PLURAL,Void Shades,
BT2_Voidian Slip_SINGULAR,Voidian Slip,
BT2_Voidian Slip_PLURAL,Voidian Slips,
BT2_Voor Dragon_SINGULAR,Voor Dragon,
BT2_Voor Dragon_PLURAL,Voor Dragons,
BT2_Vren Dragon_SINGULAR,Vren Dragon,
BT2_Vren Dragon_PLURAL,Vren Dragons,
BT2_Wacum The Wiz_SINGULAR,Wacum The Wiz,
BT2_Wacum The Wiz_PLURAL,Wacum The Wiz,
BT2_Wander Mage_SINGULAR,Wander Mage,
BT2_Wander Mage_PLURAL,Wander Mages,
BT2_War Giant_SINGULAR,War Giant,
BT2_War Giant_PLURAL,War Giants,
BT2_War Wizard_SINGULAR,War Wizard,
BT2_War Wizard_PLURAL,War Wizards,
BT2_Warlock_SINGULAR,Warlock,
BT2_Warlock_PLURAL,Warlocks,
BT2_Warrior_SINGULAR,Savage Warrior,
BT2_Warrior_PLURAL,Savage Warriors,
BT2_Warrior1_SINGULAR,Warrior,
BT2_Warrior1_PLURAL,Warriors,
BT2_Web Dragon_SINGULAR,Web Dragon,
BT2_Web Dragon_PLURAL,Web Dragons,
BT2_Weelr Deeler_SINGULAR,Weelr Deeler,
BT2_Weelr Deeler_PLURAL,Weelr Deelers,
BT2_Werewolf_SINGULAR,Werewolf,
BT2_Werewolf_PLURAL,Werewolves,
BT2_Werewolf1_SINGULAR,Revered Werewolf,
BT2_Werewolf1_PLURAL,Revered Werewolves,
BT2_What-a-dealr_SINGULAR,What-a-dealr,
BT2_What-a-dealr_PLURAL,What-a-dealrs,
BT2_Wight_SINGULAR,Wight,
BT2_Wight_PLURAL,Wights,
BT2_Will O' Wisp_SINGULAR,Will O' Wisp,
BT2_Will O' Wisp_PLURAL,Will O' Wisps,
BT2_Wind Walker_SINGULAR,Wind Walker,
BT2_Wind Walker_PLURAL,Wind Walkers,
BT2_Winged Creature_SINGULAR,Winged Creature,
BT2_Winged Creature_PLURAL,Winged Creature,
BT2_Witch King_SINGULAR,Witch King,
BT2_Witch King_PLURAL,Witch Kings,
BT2_Wizard_SINGULAR,Wizard,
BT2_Wizard_PLURAL,Wizards,
BT2_Wizard Of Iz_SINGULAR,Wizard Of Iz,
BT2_Wizard Of Iz_PLURAL,Wizard Of Iz,
BT2_Wizard Of War_SINGULAR,Wizard Of War,
BT2_Wizard Of War_PLURAL,Wizard Of War,
BT2_Wizard Of War1_SINGULAR,Wizard Of War,
BT2_Wizard Of War1_PLURAL,Wizard Of War,
BT2_Wizard Wall_SINGULAR,Wizard Wall,
BT2_Wizard Wall_PLURAL,Wizard Wall,
BT2_Wizard1_SINGULAR,Adept Wizard,
BT2_Wizard1_PLURAL,Adept Wizards,
BT2_Wize One_SINGULAR,Wize One,
BT2_Wize One_PLURAL,Wize Ones,
BT2_Wolf_SINGULAR,Wolf,
BT2_Wolf_PLURAL,Wolves,
BT2_Wolf Priest_SINGULAR,Wolf Priest,
BT2_Wolf Priest_PLURAL,Wolf Priests,
BT2_Wolfman_SINGULAR,Wolfman,
BT2_Wolfman_PLURAL,Wolfmen,
BT2_Wolfman1_SINGULAR,Wolfman,
BT2_Wolfman1_PLURAL,Wolfmen,
BT2_Wood Sprite_SINGULAR,Wood Sprite,
BT2_Wood Sprite_PLURAL,Wood Sprites,
BT2_Wraith_SINGULAR,Wraith,
BT2_Wraith_PLURAL,Wraiths,
BT2_Ybarra The Mage_SINGULAR,Ybarra The Mage,
BT2_Ybarra The Mage_PLURAL,Ybarra The Mage,
BT2_Zado Giant_SINGULAR,Zado Giant,
BT2_Zado Giant_PLURAL,Zado Giants,
BT2_Zag Giant_SINGULAR,Zag Giant,
BT2_Zag Giant_PLURAL,Zag Giants,
BT2_Zargo Din_SINGULAR,Zargo Din,
BT2_Zargo Din_PLURAL,Zargo Din,
BT2_Zealot_SINGULAR,Zealot,
BT2_Zealot_PLURAL,Zealots,
BT2_Zeeto Brag_SINGULAR,Zeeto Brag,
BT2_Zeeto Brag_PLURAL,Zeeto Brags,
BT2_Zen Master_SINGULAR,Zen Master,
BT2_Zen Master_PLURAL,Zen Master,
BT2_Zendar_SINGULAR,Zendar,
BT2_Zendar_PLURAL,Zendars,
BT2_Zombie_SINGULAR,Zombie,
BT2_Zombie_PLURAL,Zombies,
BT2_Zombie King_SINGULAR,Zombie King,
BT2_Zombie King_PLURAL,Zombie Kings,
BT2_Zombie1_SINGULAR,Withered Zombie,
BT2_Zombie1_PLURAL,Withered Zombies,
BT2_Zone Dragon_SINGULAR,Zone Dragon,
BT2_Zone Dragon_PLURAL,Zone Dragons,
BT2_Zone Golem_SINGULAR,Zone Golem,
BT2_Zone Golem_PLURAL,Zone Golems,
BT2_Zotter_SINGULAR,Zotter,
BT2_Zotter_PLURAL,Zotters,
BT3_Accursed One_SINGULAR,Accursed One,
BT3_Accursed One_PLURAL,Accursed Ones,
BT3_Aciddrooler_SINGULAR,Aciddrooler,
BT3_Aciddrooler_PLURAL,Aciddroolers,
BT3_Adept Daemon_SINGULAR,Adept Daemon,
BT3_Adept Daemon_PLURAL,Adept Daemons,
BT3_Agent Orange_SINGULAR,Agent Orange,
BT3_Agent Orange_PLURAL,Agent Oranges,
BT3_Alpha Scrambler_SINGULAR,Alpha Scrambler,
BT3_Alpha Scrambler_PLURAL,Alpha Scramblers,
BT3_Amida Monk_SINGULAR,Amida Monk,
BT3_Amida Monk_PLURAL,Amida Monks,
BT3_Ape General_SINGULAR,Ape General,
BT3_Ape General_PLURAL,Ape Generals,
BT3_Ape Grunt_SINGULAR,Ape Grunt,
BT3_Ape Grunt_PLURAL,Ape Grunts,
BT3_Ape Ranger1_SINGULAR,Ape Ranger,
BT3_Ape Ranger1_PLURAL,Ape Rangers,
BT3_Ape Ranger_SINGULAR,Ape Ranger,
BT3_Ape Ranger_PLURAL,Ape Rangers,
BT3_Ape Soldier2_SINGULAR,Ape Soldier,
BT3_Ape Soldier2_PLURAL,Ape Soldiers,
BT3_Ape Soldier_SINGULAR,Ape Soldier,
BT3_Ape Soldier_PLURAL,Ape Soldiers,
BT3_Ape Soldier3_SINGULAR,Ape Soldier,
BT3_Ape Soldier3_PLURAL,Ape Soldiers,
BT3_Ape Soldier1_SINGULAR,Ape Soldier,
BT3_Ape Soldier1_PLURAL,Ape Soldiers,
BT3_Apollo's Priest_SINGULAR,Apollo's Priest,
BT3_Apollo's Priest_PLURAL,Apollo's Priests,
BT3_Arch Dragon_SINGULAR,Arch Dragon,
BT3_Arch Dragon_PLURAL,Arch Dragons,
BT3_Arch Dragon1_SINGULAR,Arch Dragon,
BT3_Arch Dragon1_PLURAL,Arch Dragons,
BT3_Arctic Mage2_SINGULAR,Arctic Mage,
BT3_Arctic Mage2_PLURAL,Arctic Mages,
BT3_Arctic Mage1_SINGULAR,Arctic Mage,
BT3_Arctic Mage1_PLURAL,Arctic Mages,
BT3_Arctic Mage_SINGULAR,Arctic Mage,
BT3_Arctic Mage_PLURAL,Arctic Mages,
BT3_Artic Ranger_SINGULAR,Arctic Ranger,
BT3_Artic Ranger_PLURAL,Arctic Rangers,
BT3_Athenian_SINGULAR,Athenian,
BT3_Athenian_PLURAL,Athenians,
BT3_Atlantian_SINGULAR,Atlantian,
BT3_Atlantian_PLURAL,Atlantians,
BT3_Auntie Magic_SINGULAR,Auntie Magic,
BT3_Auntie Magic_PLURAL,Auntie Magics,
BT3_Avian1_SINGULAR,Avian,
BT3_Avian1_PLURAL,Avians,
BT3_Avian3_SINGULAR,Avian,
BT3_Avian3_PLURAL,Avians,
BT3_Avian2_SINGULAR,Avian,
BT3_Avian2_PLURAL,Avians,
BT3_Avian_SINGULAR,Avian,
BT3_Avian_PLURAL,Avians,
BT3_Bandit_SINGULAR,Bandit,
BT3_Bandit_PLURAL,Bandits,
BT3_Barlow_SINGULAR,Barlow,
BT3_Barlow_PLURAL,Barlows,
BT3_Basilisk1_SINGULAR,Basilisk,
BT3_Basilisk1_PLURAL,Basilisks,
BT3_Basilisk_SINGULAR,Basilisk,
BT3_Basilisk_PLURAL,Basilisks,
BT3_Bear Wani_SINGULAR,Bear Wani,
BT3_Bear Wani_PLURAL,Bear Wanis,
BT3_Big Slath_SINGULAR,Big Slath,
BT3_Big Slath_PLURAL,Big Slaths,
BT3_Biker_SINGULAR,Biker,
BT3_Biker_PLURAL,Bikers,
BT3_Black Dragon1_SINGULAR,Black Dragon,
BT3_Black Dragon1_PLURAL,Black Dragons,
BT3_Black Dragon_SINGULAR,Black Dragon,
BT3_Black Dragon_PLURAL,Black Dragons,
BT3_Black Guard_SINGULAR,Black Guard,
BT3_Black Guard_PLURAL,Black Guards,
BT3_Black Hobbit_SINGULAR,Black Hobbit,
BT3_Black Hobbit_PLURAL,Black Hobbits,
BT3_Black Paladin_SINGULAR,Black Paladin,
BT3_Black Paladin_PLURAL,Black Paladins,
BT3_Black Slayer2_SINGULAR,Black Slayer,
BT3_Black Slayer2_PLURAL,Black Slayers,
BT3_Black Slayer_SINGULAR,Black Slayer,
BT3_Black Slayer_PLURAL,Black Slayers,
BT3_Black Slayer1_SINGULAR,Black Slayer,
BT3_Black Slayer1_PLURAL,Black Slayers,
BT3_Black Wizard1_SINGULAR,Black Wizard,
BT3_Black Wizard1_PLURAL,Black Wizards,
BT3_Black Wizard3_SINGULAR,Black Wizard,
BT3_Black Wizard3_PLURAL,Black Wizards,
BT3_Black Wizard4_SINGULAR,Black Wizard,
BT3_Black Wizard4_PLURAL,Black Wizards,
BT3_Black Wizard5_SINGULAR,Black Wizard,
BT3_Black Wizard5_PLURAL,Black Wizards,
BT3_Black Wizard6_SINGULAR,Black Wizard,
BT3_Black Wizard6_PLURAL,Black Wizards,
BT3_Black Wizard_SINGULAR,Black Wizard,
BT3_Black Wizard_PLURAL,Black Wizards,
BT3_Black Wizard2_SINGULAR,Black Wizard,
BT3_Black Wizard2_PLURAL,Black Wizards,
BT3_Blackclaw_SINGULAR,Blackclaw,
BT3_Blackclaw_PLURAL,Blackclaws,
BT3_Blank Mage1_SINGULAR,Blank Mage,
BT3_Blank Mage1_PLURAL,Blank Mages,
BT3_Blank Mage2_SINGULAR,Blank Mage,
BT3_Blank Mage2_PLURAL,Blank Mages,
BT3_Blank Mage_SINGULAR,Blank Mage,
BT3_Blank Mage_PLURAL,Blank Mages,
BT3_Blank Mage3_SINGULAR,Blank Mage,
BT3_Blank Mage3_PLURAL,Blank Mages,
BT3_Blizzard Demon1_SINGULAR,Blizzard Demon,
BT3_Blizzard Demon1_PLURAL,Blizzard Demons,
BT3_Blizzard Demon_SINGULAR,Blizzard Demon,
BT3_Blizzard Demon_PLURAL,Blizzard Demons,
BT3_Blood Acolyte_SINGULAR,Blood Acolyte,
BT3_Blood Acolyte_PLURAL,Blood Acolytes,
BT3_Blood Feaster_SINGULAR,Blood Feaster,
BT3_Blood Feaster_PLURAL,Blood Feasters,
BT3_Blood Mage1_SINGULAR,Blood Mage,
BT3_Blood Mage1_PLURAL,Blood Mages,
BT3_Blood Mage_SINGULAR,Blood Mage,
BT3_Blood Mage_PLURAL,Blood Mages,
BT3_Blood Mage3_SINGULAR,Blood Mage,
BT3_Blood Mage3_PLURAL,Blood Mages,
BT3_Blood Mage2_SINGULAR,Blood Mage,
BT3_Blood Mage2_PLURAL,Blood Mages,
BT3_Blood Nefast_SINGULAR,Blood Nefast,
BT3_Blood Nefast_PLURAL,Blood Nefasts,
BT3_Bloodfiend_SINGULAR,Bloodfiend,
BT3_Bloodfiend_PLURAL,Bloodfiends,
BT3_Bloodwarrior_SINGULAR,Bloodwarrior,
BT3_Bloodwarrior_PLURAL,Bloodwarriors,
BT3_Bloody Masher_SINGULAR,Bloody Masher,
BT3_Bloody Masher_PLURAL,Bloody Mashers,
BT3_Blue Guard_SINGULAR,Blue Guard,
BT3_Blue Guard_PLURAL,Blue Guards,
BT3_Blue Mage1_SINGULAR,Blue Mage,
BT3_Blue Mage1_PLURAL,Blue Mages,
BT3_Blue Mage2_SINGULAR,Blue Mage,
BT3_Blue Mage2_PLURAL,Blue Mages,
BT3_Blue Mage_SINGULAR,Blue Mage,
BT3_Blue Mage_PLURAL,Blue Mages,
BT3_Blue Mage3_SINGULAR,Blue Mage,
BT3_Blue Mage3_PLURAL,Blue Mages,
BT3_Bone Acolyte_SINGULAR,Bone Acolyte,
BT3_Bone Acolyte_PLURAL,Bone Acolytes,
BT3_Bone Gnawer_SINGULAR,Bone Gnawer,
BT3_Bone Gnawer_PLURAL,Bone Gnawers,
BT3_Brass Basher_SINGULAR,Brass Basher,
BT3_Brass Basher_PLURAL,Brass Bashers,
BT3_Brass Clanker_SINGULAR,Brass Clanker,
BT3_Brass Clanker_PLURAL,Brass Clankers,
BT3_Brass Jaw_SINGULAR,Brass Jaw,
BT3_Brass Jaw_PLURAL,Brass Jaws,
BT3_Brass Render_SINGULAR,Brass Render,
BT3_Brass Render_PLURAL,Brass Renders,
BT3_Brilhasti_SINGULAR,Brilhasti,
BT3_Brilhasti_PLURAL,Brilhasti,
BT3_Bronze Boa_SINGULAR,Bronze Boa,
BT3_Bronze Boa_PLURAL,Bronze Boas,
BT3_Brute1_SINGULAR,Brute,
BT3_Brute1_PLURAL,Brutes,
BT3_Brute_SINGULAR,Brute,
BT3_Brute_PLURAL,Brutes,
BT3_Buddhist Monk_SINGULAR,Buddhist Monk,
BT3_Buddhist Monk_PLURAL,Buddhist Monks,
BT3_Carbon Ripper_SINGULAR,Carbon Ripper,
BT3_Carbon Ripper_PLURAL,Carbon Rippers,
BT3_Centurion_SINGULAR,Centurion,
BT3_Centurion_PLURAL,Centurions,
BT3_Chain Viper_SINGULAR,Chain Viper,
BT3_Chain Viper_PLURAL,Chain Vipers,
BT3_Chaos Fiend2_SINGULAR,Chaos Fiend,
BT3_Chaos Fiend2_PLURAL,Chaos Fiends,
BT3_Chaos Fiend_SINGULAR,Chaos Fiend,
BT3_Chaos Fiend_PLURAL,Chaos Fiends,
BT3_Chaos Fiend1_SINGULAR,Chaos Fiend,
BT3_Chaos Fiend1_PLURAL,Chaos Fiends,
BT3_Clanker_SINGULAR,Clanker,
BT3_Clanker_PLURAL,Clankers,
BT3_Clay Prince_SINGULAR,Clay Prince,
BT3_Clay Prince_PLURAL,Clay Prince,
BT3_Clay Prince1_SINGULAR,Clay Prince,
BT3_Clay Prince1_PLURAL,Clay Princes,
BT3_Collector_SINGULAR,Collector,
BT3_Collector_PLURAL,Collectors,
BT3_Commisar1_SINGULAR,Commissar,
BT3_Commisar1_PLURAL,Commissars,
BT3_Commisar_SINGULAR,Commissar,
BT3_Commisar_PLURAL,Commissars,
BT3_Converter1_SINGULAR,Converter,
BT3_Converter1_PLURAL,Converters,
BT3_Converter_SINGULAR,Converter,
BT3_Converter_PLURAL,Converters,
BT3_Copper Kraken_SINGULAR,Copper Kraken,
BT3_Copper Kraken_PLURAL,Copper Kraken,
BT3_Corrupter_SINGULAR,Corrupter,
BT3_Corrupter_PLURAL,Corrupters,
BT3_Crazy Eddie_SINGULAR,Crazy Eddie,
BT3_Crazy Eddie_PLURAL,Crazy Eddies,
BT3_Cursed Nuisance_SINGULAR,Cursed Nuisance,
BT3_Cursed Nuisance_PLURAL,Cursed Nuisances,
BT3_Cyanis_SINGULAR,Cyanis,
BT3_Cyanis_PLURAL,Cyanis,
BT3_Cyborg Squid_SINGULAR,Cyborg Squid,
BT3_Cyborg Squid_PLURAL,Cyborg Squids,
BT3_Daemongar_SINGULAR,Daemongar,
BT3_Daemongar_PLURAL,Daemongari,
BT3_Daemongari_SINGULAR,Daemongari,
BT3_Daemongari_PLURAL,Daemongaris,
BT3_Daemongari Lord_SINGULAR,Daemongari Lord,
BT3_Daemongari Lord_PLURAL,Daemongari Lord,
BT3_Daemonscion_SINGULAR,Daemonscion,
BT3_Daemonscion_PLURAL,Daemonscions,
BT3_Dark Gnome_SINGULAR,Dark Gnome,
BT3_Dark Gnome_PLURAL,Dark Gnomes,
BT3_Dark Guard_SINGULAR,Dark Guard,
BT3_Dark Guard_PLURAL,Dark Guards,
BT3_Dark Lurker_SINGULAR,Dark Lurker,
BT3_Dark Lurker_PLURAL,Dark Lurkers,
BT3_Dark Priest_SINGULAR,Dark Priest,
BT3_Dark Priest_PLURAL,Dark Priests,
BT3_Dark Stalker_SINGULAR,Dark Stalker,
BT3_Dark Stalker_PLURAL,Dark Stalkers,
BT3_Dark Warrior_SINGULAR,Dark Warrior,
BT3_Dark Warrior_PLURAL,Dark Warriors,
BT3_Dark Witch_SINGULAR,Dark Witch,
BT3_Dark Witch_PLURAL,Dark Witches,
BT3_Death Adder_SINGULAR,Death Adder,
BT3_Death Adder_PLURAL,Death Adders,
BT3_Death Imp_SINGULAR,Death Imp,
BT3_Death Imp_PLURAL,Death Imps,
BT3_Death Mage_SINGULAR,Death Mage,
BT3_Death Mage_PLURAL,Death Mages,
BT3_Death Warden_SINGULAR,Death Warden,
BT3_Death Warden_PLURAL,Death Wardens,
BT3_Death Warden1_SINGULAR,Death Warden,
BT3_Death Warden1_PLURAL,Death Wardens,
BT3_Deathclaw_SINGULAR,Deathclaw,
BT3_Deathclaw_PLURAL,Deathclaws,
BT3_Deathhound_SINGULAR,Deathhound,
BT3_Deathhound_PLURAL,Deathhounds,
BT3_Deathlion_SINGULAR,Deathlion,
BT3_Deathlion_PLURAL,Deathlions,
BT3_Dejuvenator_SINGULAR,Dejuvenator,
BT3_Dejuvenator_PLURAL,Dejuvenators,
BT3_Desert Raider_SINGULAR,Desert Raider,
BT3_Desert Raider_PLURAL,Desert Raiders,
BT3_Dirt Bag_SINGULAR,Dirt Bag,
BT3_Dirt Bag_PLURAL,Dirt Bags,
BT3_Dirtgrubber_SINGULAR,Dirtgrubber,
BT3_Dirtgrubber_PLURAL,Dirtgrubbers,
BT3_Discorian_SINGULAR,Discordian,
BT3_Discorian_PLURAL,Discordians,
BT3_Dolorian2_SINGULAR,Dolorian,
BT3_Dolorian2_PLURAL,Dolorians,
BT3_Dolorian3_SINGULAR,Dolorian,
BT3_Dolorian3_PLURAL,Dolorians,
BT3_Dolorian_SINGULAR,Dolorian,
BT3_Dolorian_PLURAL,Dolorians,
BT3_Dolorian1_SINGULAR,Dolorian,
BT3_Dolorian1_PLURAL,Dolorians,
BT3_Dragon King_SINGULAR,Dragon King,
BT3_Dragon King_PLURAL,Dragon Kings,
BT3_Druid_SINGULAR,Druid,
BT3_Druid_PLURAL,Druids,
BT3_Ebon Archmage_SINGULAR,Ebon Archmage,
BT3_Ebon Archmage_PLURAL,Ebon Archmages,
BT3_Ebon Champions_SINGULAR,Ebon Champion,
BT3_Ebon Champions_PLURAL,Ebon Champions,
BT3_Ebon Harpy_SINGULAR,Ebon Harpy,
BT3_Ebon Harpy_PLURAL,Ebon Harpies,
BT3_Ebon Ranger2_SINGULAR,Ebon Ranger,
BT3_Ebon Ranger2_PLURAL,Ebon Rangers,
BT3_Ebon Ranger1_SINGULAR,Ebon Ranger,
BT3_Ebon Ranger1_PLURAL,Ebon Rangers,
BT3_Ebon Ranger_SINGULAR,Ebon Ranger,
BT3_Ebon Ranger_PLURAL,Ebon Rangers,
BT3_Ebon Shark_SINGULAR,Ebon Shark,
BT3_Ebon Shark_PLURAL,Ebon Sharks,
BT3_Ebon Zombie1_SINGULAR,Ebon Zombie,
BT3_Ebon Zombie1_PLURAL,Ebon Zombies,
BT3_Ebon Zombie3_SINGULAR,Ebon Zombie,
BT3_Ebon Zombie3_PLURAL,Ebon Zombies,
BT3_Ebon Zombie_SINGULAR,Ebon Zombie,
BT3_Ebon Zombie_PLURAL,Ebon Zombies,
BT3_Ebon Zombie2_SINGULAR,Ebon Zombie,
BT3_Ebon Zombie2_PLURAL,Ebon Zombies,
BT3_Electric Eel_SINGULAR,Electric Eel,
BT3_Electric Eel_PLURAL,Electric Eel,
BT3_Electrum Eel_SINGULAR,Electrum Eel,
BT3_Electrum Eel_PLURAL,Electrum Eels,
BT3_Eye Cryer_SINGULAR,Eye Cryer,
BT3_Eye Cryer_PLURAL,Eye Cryers,
BT3_Eye Gotcha_SINGULAR,Eye Gotcha,
BT3_Eye Gotcha_PLURAL,Eye Gotchas,
BT3_Eye Stalker_SINGULAR,Eye Stalker,
BT3_Eye Stalker_PLURAL,Eye Stalkers,
BT3_Familiar1_SINGULAR,Familiar,
BT3_Familiar1_PLURAL,Familiars,
BT3_Familiar3_SINGULAR,Familiar,
BT3_Familiar3_PLURAL,Familiars,
BT3_Familiar_SINGULAR,Familiar,
BT3_Familiar_PLURAL,Familiars,
BT3_Familiar2_SINGULAR,Familiar,
BT3_Familiar2_PLURAL,Familiars,
BT3_Filcher_SINGULAR,Filcher,
BT3_Filcher_PLURAL,Filchers,
BT3_Flame Mage_SINGULAR,Flame Mage,
BT3_Flame Mage_PLURAL,Flame Mages,
BT3_Flying Fish_SINGULAR,Flying Fish,
BT3_Flying Fish_PLURAL,Flying Fish,
BT3_Fogger_SINGULAR,Fogger,
BT3_Fogger_PLURAL,Foggers,
BT3_Foul Stalker_SINGULAR,Foul Stalker,
BT3_Foul Stalker_PLURAL,Foul Stalkers,
BT3_Fox Kani_SINGULAR,Fox Kani,
BT3_Fox Kani_PLURAL,Fox Kanis,
BT3_Fox Maiden_SINGULAR,Fox Maiden,
BT3_Fox Maiden_PLURAL,Fox Maidens,
BT3_Free-techer1_SINGULAR,Free-techer,
BT3_Free-techer1_PLURAL,Free-techers,
BT3_Free-techer_SINGULAR,Free-techer,
BT3_Free-techer_PLURAL,Free-techers,
BT3_Freezer_SINGULAR,Freezer,
BT3_Freezer_PLURAL,Freezer,
BT3_Frost Cat_SINGULAR,Frost Cat,
BT3_Frost Cat_PLURAL,Frost Cats,
BT3_Frost Guard_SINGULAR,Frost Guard,
BT3_Frost Guard_PLURAL,Frost Guards,
BT3_Frost Mage_SINGULAR,Frost Mage,
BT3_Frost Mage_PLURAL,Frost Mages,
BT3_Frost Tiger_SINGULAR,Frost Tiger,
BT3_Frost Tiger_PLURAL,Frost Tigers,
BT3_Frostling_SINGULAR,Frostling,
BT3_Frostling_PLURAL,Frostlings,
BT3_Gargoyle_SINGULAR,Gargoyle,
BT3_Gargoyle_PLURAL,Gargoyles,
BT3_Gargoyle1_SINGULAR,Gargoyle,
BT3_Gargoyle1_PLURAL,Gargoyles,
BT3_Gargoyle2_SINGULAR,Gargoyle,
BT3_Gargoyle2_PLURAL,Gargoyles,
BT3_Geared Ranger_SINGULAR,Geared Ranger,
BT3_Geared Ranger_PLURAL,Geared Rangers,
BT3_Ghast_SINGULAR,Ghast,
BT3_Ghast_PLURAL,Ghasts,
BT3_Ghoul_SINGULAR,Ghoul,
BT3_Ghoul_PLURAL,Ghouls,
BT3_Giant Newt1_SINGULAR,Giant Newt,
BT3_Giant Newt1_PLURAL,Giant Newts,
BT3_Giant Newt_SINGULAR,Giant Newt,
BT3_Giant Newt_PLURAL,Giant Newts,
BT3_Giant Python3_SINGULAR,Giant Python,
BT3_Giant Python3_PLURAL,Giant Pythons,
BT3_Giant Python_SINGULAR,Giant Python,
BT3_Giant Python_PLURAL,Giant Pythons,
BT3_Giant Python1_SINGULAR,Giant Python,
BT3_Giant Python1_PLURAL,Giant Pythons,
BT3_Giant Python2_SINGULAR,Giant Python,
BT3_Giant Python2_PLURAL,Giant Pythons,
BT3_Giant Squid_SINGULAR,Giant Squid,
BT3_Giant Squid_PLURAL,Giant Squids,
BT3_Gila monster_SINGULAR,Gila monster,
BT3_Gila monster_PLURAL,Gila monsters,
BT3_Glacier Golem1_SINGULAR,Glacier Golem,
BT3_Glacier Golem1_PLURAL,Glacier Golems,
BT3_Glacier Golem_SINGULAR,Glacier Golem,
BT3_Glacier Golem_PLURAL,Glacier Golems,
BT3_Glacier Golem2_SINGULAR,Glacier Golem,
BT3_Glacier Golem2_PLURAL,Glacier Golems,
BT3_Gladiator_SINGULAR,Gladiator,
BT3_Gladiator_PLURAL,Gladiators,
BT3_Glaze Wolf_SINGULAR,Glaze Wolf,
BT3_Glaze Wolf_PLURAL,Glaze Wolves,
BT3_Glaze Wraith_SINGULAR,Glaze Wraith,
BT3_Glaze Wraith_PLURAL,Glaze Wraiths,
BT3_Glaze Wraith1_SINGULAR,Glaze Wraith,
BT3_Glaze Wraith1_PLURAL,Glaze Wraiths,
BT3_Gloom Bard_SINGULAR,Gloom Bard,
BT3_Gloom Bard_PLURAL,Gloom Bards,
BT3_Goblin Gulper_SINGULAR,Goblin Gulper,
BT3_Goblin Gulper_PLURAL,Goblin Gulpers,
BT3_Gold Mangler_SINGULAR,Gold Mangler,
BT3_Gold Mangler_PLURAL,Gold Manglers,
BT3_Golden Dragon_SINGULAR,Golden Dragon,
BT3_Golden Dragon_PLURAL,Golden Dragons,
BT3_Goredrooler_SINGULAR,Goredrooler,
BT3_Goredrooler_PLURAL,Goredroolers,
BT3_Goresucker_SINGULAR,Goresucker,
BT3_Goresucker_PLURAL,Goresuckers,
BT3_Gorgon_SINGULAR,Gorgon,
BT3_Gorgon_PLURAL,Gorgons,
BT3_Goth Raider_SINGULAR,Goth Raider,
BT3_Goth Raider_PLURAL,Goth Raiders,
BT3_Grand Slath_SINGULAR,Grand Slath,
BT3_Grand Slath_PLURAL,Grand Slaths,
BT3_Grave Robber1_SINGULAR,Grave Robber,
BT3_Grave Robber1_PLURAL,Grave Robbers,
BT3_Grave Robber_SINGULAR,Grave Robber,
BT3_Grave Robber_PLURAL,Grave Robbers,
BT3_Green Viper_SINGULAR,Green Viper,
BT3_Green Viper_PLURAL,Green Vipers,
BT3_Greenclaw_SINGULAR,Greenclaw,
BT3_Greenclaw_PLURAL,Greenclaws,
BT3_Gremlin2_SINGULAR,Gremlin,
BT3_Gremlin2_PLURAL,Gremlins,
BT3_Gremlin_SINGULAR,Gremlin,
BT3_Gremlin_PLURAL,Gremlins,
BT3_Gremlin1_SINGULAR,Gremlin,
BT3_Gremlin1_PLURAL,Gremlins,
BT3_Grey Wizard_SINGULAR,Grey Wizard,
BT3_Grey Wizard_PLURAL,Grey Wizards,
BT3_Gyroguard_SINGULAR,Gyroguard,
BT3_Gyroguard_PLURAL,Gyroguards,
BT3_Gyrohunter_SINGULAR,Gyrohunter,
BT3_Gyrohunter_PLURAL,Gyrohunters,
BT3_Haste Mage_SINGULAR,Haste Mage,
BT3_Haste Mage_PLURAL,Haste Mages,
BT3_Haste Mage1_SINGULAR,Haste Mage,
BT3_Haste Mage1_PLURAL,Haste Mages,
BT3_Haste Mage4_SINGULAR,Haste Mage,
BT3_Haste Mage4_PLURAL,Haste Mages,
BT3_Haste Mage2_SINGULAR,Haste Mage,
BT3_Haste Mage2_PLURAL,Haste Mages,
BT3_Haste Mage3_SINGULAR,Haste Mage,
BT3_Haste Mage3_PLURAL,Haste Mages,
BT3_Hawkslayer_SINGULAR,Hawkslayer,
BT3_Hawkslayer_PLURAL,Hawkslayer,
BT3_Hawkslayer1_SINGULAR,Hawkslayer,
BT3_Hawkslayer1_PLURAL,Hawkslayer,
BT3_Head Banger_SINGULAR,Head Banger,
BT3_Head Banger_PLURAL,Head Bangers,
BT3_Head Dicer_SINGULAR,Head Dicer,
BT3_Head Dicer_PLURAL,Head Dicers,
BT3_Hedge Lizard_SINGULAR,Hedge Lizard,
BT3_Hedge Lizard_PLURAL,Hedge Lizards,
BT3_Hell Fiend_SINGULAR,Hell Fiend,
BT3_Hell Fiend_PLURAL,Hell Fiends,
BT3_Hellhound_SINGULAR,Hellhound,
BT3_Hellhound_PLURAL,Hellhounds,
BT3_Hellhound1_SINGULAR,Hellhound,
BT3_Hellhound1_PLURAL,Hellhounds,
BT3_Hera's Priest_SINGULAR,Hera's Priest,
BT3_Hera's Priest_PLURAL,Hera's Priests,
BT3_Hera's Priest1_SINGULAR,Hera's Priest,
BT3_Hera's Priest1_PLURAL,Hera's Priests,
BT3_Herb_SINGULAR,Herb,
BT3_Herb_PLURAL,Herbs,
BT3_High Priestess_SINGULAR,High Priestess,
BT3_High Priestess_PLURAL,High Priestesses,
BT3_High Wizard_SINGULAR,High Wizard,
BT3_High Wizard_PLURAL,High Wizards,
BT3_Hobgoblin_SINGULAR,Hobgoblin,
BT3_Hobgoblin_PLURAL,Hobgoblins,
BT3_Hookfang_SINGULAR,Hookfang,
BT3_Hookfang_PLURAL,Hookfangs,
BT3_Howler_SINGULAR,Howler,
BT3_Howler_PLURAL,Howlers,
BT3_Huge Slath_SINGULAR,Huge Slath,
BT3_Huge Slath_PLURAL,Huge Slaths,
BT3_Hun_SINGULAR,Hun,
BT3_Hun_PLURAL,Huns,
BT3_Hun Warrior_SINGULAR,Hun Warrior,
BT3_Hun Warrior_PLURAL,Hun Warriors,
BT3_Hunter Nefast_SINGULAR,Hunter Nefast,
BT3_Hunter Nefast_PLURAL,Hunter Nefasts,
BT3_Ice Bear_SINGULAR,Ice Bear,
BT3_Ice Bear_PLURAL,Ice Bears,
BT3_Ice Bear1_SINGULAR,Ice Bear,
BT3_Ice Bear1_PLURAL,Ice Bears,
BT3_Ice Bear2_SINGULAR,Ice Bear,
BT3_Ice Bear2_PLURAL,Ice Bears,
BT3_Ice Reaver2_SINGULAR,Ice Reaver,
BT3_Ice Reaver2_PLURAL,Ice Reavers,
BT3_Ice Reaver1_SINGULAR,Ice Reaver,
BT3_Ice Reaver1_PLURAL,Ice Reavers,
BT3_Ice Reaver3_SINGULAR,Ice Reaver,
BT3_Ice Reaver3_PLURAL,Ice Reavers,
BT3_Ice Reaver_SINGULAR,Ice Reaver,
BT3_Ice Reaver_PLURAL,Ice Reavers,
BT3_Ice Viper_SINGULAR,Ice Viper,
BT3_Ice Viper_PLURAL,Ice Vipers,
BT3_Ice Viper1_SINGULAR,Ice Viper,
BT3_Ice Viper1_PLURAL,Ice Vipers,
BT3_Ice Warrior_SINGULAR,Ice Warrior,
BT3_Ice Warrior_PLURAL,Ice Warriors,
BT3_Imp_SINGULAR,Imp,
BT3_Imp_PLURAL,Imps,
BT3_Indigo Dragon_SINGULAR,Indigo Dragon,
BT3_Indigo Dragon_PLURAL,Indigo Dragons,
BT3_Infiltrator_SINGULAR,Infiltrator,
BT3_Infiltrator_PLURAL,Infiltrators,
BT3_Invultron_SINGULAR,Invultron,
BT3_Invultron_PLURAL,Invultron,
BT3_Iron Droid_SINGULAR,Iron Droid,
BT3_Iron Droid_PLURAL,Iron Droids,
BT3_Iron Sucker_SINGULAR,Iron Sucker,
BT3_Iron Sucker_PLURAL,Iron Suckers,
BT3_Ixtl Corsair4_SINGULAR,Ixtl Corsair,
BT3_Ixtl Corsair4_PLURAL,Ixtl Corsairs,
BT3_Ixtl Corsair2_SINGULAR,Ixtl Corsair,
BT3_Ixtl Corsair2_PLURAL,Ixtl Corsairs,
BT3_Ixtl Corsair3_SINGULAR,Ixtl Corsair,
BT3_Ixtl Corsair3_PLURAL,Ixtl Corsairs,
BT3_Ixtl Corsair1_SINGULAR,Ixtl Corsair,
BT3_Ixtl Corsair1_PLURAL,Ixtl Corsairs,
BT3_Ixtl Corsair_SINGULAR,Ixtl Corsair,
BT3_Ixtl Corsair_PLURAL,Ixtl Corsairs,
BT3_Ixtl Drone_SINGULAR,Ixtl Drone,
BT3_Ixtl Drone_PLURAL,Ixtl Drones,
BT3_Ixtl Drone1_SINGULAR,Ixtl Drone,
BT3_Ixtl Drone1_PLURAL,Ixtl Drones,
BT3_Ixtl Mage_SINGULAR,Ixtl Mage,
BT3_Ixtl Mage_PLURAL,Ixtl Mages,
BT3_Ixtl Nymph2_SINGULAR,Ixtl Nymph,
BT3_Ixtl Nymph2_PLURAL,Ixtl Nymphs,
BT3_Ixtl Nymph1_SINGULAR,Ixtl Nymph,
BT3_Ixtl Nymph1_PLURAL,Ixtl Nymphs,
BT3_Ixtl Nymph_SINGULAR,Ixtl Nymph,
BT3_Ixtl Nymph_PLURAL,Ixtl Nymphs,
BT3_Ixtl Nymph4_SINGULAR,Ixtl Nymph,
BT3_Ixtl Nymph4_PLURAL,Ixtl Nymphs,
BT3_Ixtl Nymph3_SINGULAR,Ixtl Nymph,
BT3_Ixtl Nymph3_PLURAL,Ixtl Nymphs,
BT3_Ixtl Queen_SINGULAR,Ixtl Queen,
BT3_Ixtl Queen_PLURAL,Ixtl Queens,
BT3_Ixtl Wizard3_SINGULAR,Ixtl Wizard,
BT3_Ixtl Wizard3_PLURAL,Ixtl Wizards,
BT3_Ixtl Wizard1_SINGULAR,Ixtl Wizard,
BT3_Ixtl Wizard1_PLURAL,Ixtl Wizards,
BT3_Ixtl Wizard4_SINGULAR,Ixtl Wizard,
BT3_Ixtl Wizard4_PLURAL,Ixtl Wizards,
BT3_Ixtl Wizard2_SINGULAR,Ixtl Wizard,
BT3_Ixtl Wizard2_PLURAL,Ixtl Wizards,
BT3_Ixtl Wizard_SINGULAR,Ixtl Wizard,
BT3_Ixtl Wizard_PLURAL,Ixtl Wizards,
BT3_Jack Frost1_SINGULAR,Jack Frost,
BT3_Jack Frost1_PLURAL,Jack Frost,
BT3_Jack Frost_SINGULAR,Jack Frost,
BT3_Jack Frost_PLURAL,Jack Frost,
BT3_Jaws_SINGULAR,Jaws,
BT3_Jaws_PLURAL,Jaws,
BT3_Juno's Priest_SINGULAR,Juno's Priest,
BT3_Juno's Priest_PLURAL,Juno's Priests,
BT3_Kalt Mage2_SINGULAR,Kalt Mage,
BT3_Kalt Mage2_PLURAL,Kalt Mages,
BT3_Kalt Mage3_SINGULAR,Kalt Mage,
BT3_Kalt Mage3_PLURAL,Kalt Mages,
BT3_Kalt Mage_SINGULAR,Kalt Mage,
BT3_Kalt Mage_PLURAL,Kalt Mages,
BT3_Kalt Mage1_SINGULAR,Kalt Mage,
BT3_Kalt Mage1_PLURAL,Kalt Mages,
BT3_Killer Nefast_SINGULAR,Killer Nefast,
BT3_Killer Nefast_PLURAL,Killer Nefasts,
BT3_Kinetic Kid_SINGULAR,Kinetic Kid,
BT3_Kinetic Kid_PLURAL,Kinetic Kids,
BT3_Kraken_SINGULAR,Kraken,
BT3_Kraken_PLURAL,Krakens,
BT3_Kringle Cuz_SINGULAR,Kringle Cuz,
BT3_Kringle Cuz_PLURAL,Kringle Cuz's,
BT3_Kura-okami_SINGULAR,Kura-okami,
BT3_Kura-okami_PLURAL,Kura-okamis,
BT3_Kura-yama-tsumi_SINGULAR,Kura-yama-tsumi,
BT3_Kura-yama-tsumi_PLURAL,Kura-yama-tsumi,
BT3_La Machine_SINGULAR,La Machine,
BT3_La Machine_PLURAL,La Machines,
BT3_Lamprey_SINGULAR,Lamprey,
BT3_Lamprey_PLURAL,Lampreys,
BT3_Land Reaver_SINGULAR,Land Reaver,
BT3_Land Reaver_PLURAL,Land Reavers,
BT3_Legionnaire_SINGULAR,Legionnaire,
BT3_Legionnaire_PLURAL,Legionnaires,
BT3_Lestat_SINGULAR,Lestat,
BT3_Lestat_PLURAL,Lestat,
BT3_Lochlich_SINGULAR,Lochlich,
BT3_Lochlich_PLURAL,Lochliches,
BT3_Lorini_SINGULAR,Lorini,
BT3_Lorini_PLURAL,Lorini,
BT3_Low-life_SINGULAR,Low-life,
BT3_Low-life_PLURAL,Low-lifes,
BT3_Mad Eye1_SINGULAR,Mad Eye,
BT3_Mad Eye1_PLURAL,Mad Eyes,
BT3_Mad Eye_SINGULAR,Mad Eye,
BT3_Mad Eye_PLURAL,Mad Eyes,
BT3_Mad Howler_SINGULAR,Mad Howler,
BT3_Mad Howler_PLURAL,Mad Howlers,
BT3_Mad Mage_SINGULAR,Mad Mage,
BT3_Mad Mage_PLURAL,Mad Mages,
BT3_Mad Mage1_SINGULAR,Mad Mage,
BT3_Mad Mage1_PLURAL,Mad Mages,
BT3_Mage Waster_SINGULAR,Mage Waster,
BT3_Mage Waster_PLURAL,Mage Wasters,
BT3_Mage Waster1_SINGULAR,Mage Waster,
BT3_Mage Waster1_PLURAL,Mage Wasters,
BT3_Magic Syphon_SINGULAR,Magic Syphon,
BT3_Magic Syphon_PLURAL,Magic Syphons,
BT3_Magic Syphon2_SINGULAR,Magic Syphon,
BT3_Magic Syphon2_PLURAL,Magic Syphons,
BT3_Magic Syphon1_SINGULAR,Magic Syphon,
BT3_Magic Syphon1_PLURAL,Magic Syphons,
BT3_Magic Syphon3_SINGULAR,Magic Syphon,
BT3_Magic Syphon3_PLURAL,Magic Syphons,
BT3_Magic-eater_SINGULAR,Magic-eater,
BT3_Magic-eater_PLURAL,Magic-eaters,
BT3_Magic-eater2_SINGULAR,Magic-eater,
BT3_Magic-eater2_PLURAL,Magic-eaters,
BT3_Magic-eater1_SINGULAR,Magic-eater,
BT3_Magic-eater1_PLURAL,Magic-eaters,
BT3_Magic-eater3_SINGULAR,Magic-eater,
BT3_Magic-eater3_PLURAL,Magic-eaters,
BT3_Mako Mech_SINGULAR,Mako Mech,
BT3_Mako Mech_PLURAL,Mako Mechs,
BT3_Malefia Mage_SINGULAR,Malefia Mage,
BT3_Malefia Mage_PLURAL,Malefia Mages,
BT3_Malefic Champ_SINGULAR,Malefic Champ,
BT3_Malefic Champ_PLURAL,Malefic Champs,
BT3_Man Masher_SINGULAR,Man Masher,
BT3_Man Masher_PLURAL,Man Mashers,
BT3_Marrow Sucker_SINGULAR,Marrow Sucker,
BT3_Marrow Sucker_PLURAL,Marrow Suckers,
BT3_Mask of Death1_SINGULAR,Mask of Death,
BT3_Mask of Death1_PLURAL,Mask of Death,
BT3_Mask of Death_SINGULAR,Mask of Death,
BT3_Mask of Death_PLURAL,Mask of Death,
BT3_Master Daemon_SINGULAR,Master Daemon,
BT3_Master Daemon_PLURAL,Master Daemons,
BT3_Master Summoner_SINGULAR,Master Summoner,
BT3_Master Summoner_PLURAL,Master Summoner,
BT3_Maze Fury_SINGULAR,Maze Fury,
BT3_Maze Fury_PLURAL,Maze Furies,
BT3_Mean Green_SINGULAR,Mean Green,
BT3_Mean Green_PLURAL,Mean Greens,
BT3_Mechmasher1_SINGULAR,Mechmasher,
BT3_Mechmasher1_PLURAL,Mechmashers,
BT3_Mechmasher_SINGULAR,Mechmasher,
BT3_Mechmasher_PLURAL,Mechmashers,
BT3_Mechmasher2_SINGULAR,Mechmasher,
BT3_Mechmasher2_PLURAL,Mechmashers,
BT3_Mermech_SINGULAR,Mermech,
BT3_Mermech_PLURAL,Mermechs,
BT3_Merry Man_SINGULAR,Merry Man,
BT3_Merry Man_PLURAL,Merry Men,
BT3_Metal Eel_SINGULAR,Metal Eel,
BT3_Metal Eel_PLURAL,Metal Eels,
BT3_Metal Man_SINGULAR,Metal Man,
BT3_Metal Man_PLURAL,Metal Men,
BT3_Metal Maniac_SINGULAR,Metal Maniac,
BT3_Metal Maniac_PLURAL,Metal Maniacs,
BT3_Miasmal Cur_SINGULAR,Miasmal Cur,
BT3_Miasmal Cur_PLURAL,Miasmal Curs,
BT3_Mind Mage4_SINGULAR,Mind Mage,
BT3_Mind Mage4_PLURAL,Mind Mages,
BT3_Mind Mage3_SINGULAR,Mind Mage,
BT3_Mind Mage3_PLURAL,Mind Mages,
BT3_Mind Mage1_SINGULAR,Mind Mage,
BT3_Mind Mage1_PLURAL,Mind Mages,
BT3_Mind Mage_SINGULAR,Mind Mage,
BT3_Mind Mage_PLURAL,Mind Mages,
BT3_Mind Mage2_SINGULAR,Mind Mage,
BT3_Mind Mage2_PLURAL,Mind Mages,
BT3_Mk3 Neptune_SINGULAR,Mk3 Neptune,
BT3_Mk3 Neptune_PLURAL,Mk3 Neptunes,
BT3_Mommoth_SINGULAR,Mommoth,
BT3_Mommoth_PLURAL,Mommoths,
BT3_Mongol_SINGULAR,Mongol,
BT3_Mongol_PLURAL,Mongols,
BT3_Mongol Prince_SINGULAR,Mongol Prince,
BT3_Mongol Prince_PLURAL,Mongol Princes,
BT3_Mongol Raider_SINGULAR,Mongol Raider,
BT3_Mongol Raider_PLURAL,Mongol Raiders,
BT3_Monkey Spirit_SINGULAR,Monkey Spirit,
BT3_Monkey Spirit_PLURAL,Monkey Spirits,
BT3_Mud Dragon1_SINGULAR,Mud Dragon,
BT3_Mud Dragon1_PLURAL,Mud Dragons,
BT3_Mud Dragon_SINGULAR,Mud Dragon,
BT3_Mud Dragon_PLURAL,Mud Dragons,
BT3_Mud Dragon2_SINGULAR,Mud Dragon,
BT3_Mud Dragon2_PLURAL,Mud Dragons,
BT3_Murk Mage_SINGULAR,Murk Mage,
BT3_Murk Mage_PLURAL,Murk Mages,
BT3_Mutant Biker_SINGULAR,Mutant Biker,
BT3_Mutant Biker_PLURAL,Mutant Bikers,
BT3_Myrmidon_SINGULAR,Myrmidon,
BT3_Myrmidon_PLURAL,Myrmidons,
BT3_Nazi Soldier_SINGULAR,Soldier,
BT3_Nazi Soldier_PLURAL,Soldiers,
BT3_Nazi Soldier1_SINGULAR,Soldier,
BT3_Nazi Soldier1_PLURAL,Soldiers,
BT3_Nefast_SINGULAR,Nefast,
BT3_Nefast_PLURAL,Nefasts,
BT3_Nefastmaster3_SINGULAR,Nefastmaster,
BT3_Nefastmaster3_PLURAL,Nefastmasters,
BT3_Nefastmaster2_SINGULAR,Nefastmaster,
BT3_Nefastmaster2_PLURAL,Nefastmasters,
BT3_Nefastmaster1_SINGULAR,Nefastmaster,
BT3_Nefastmaster1_PLURAL,Nefastmasters,
BT3_Nefastmaster_SINGULAR,Nefastmaster,
BT3_Nefastmaster_PLURAL,Nefastmasters,
BT3_New Ager1_SINGULAR,New Ager,
BT3_New Ager1_PLURAL,New Agers,
BT3_New Ager_SINGULAR,New Ager,
BT3_New Ager_PLURAL,New Agers,
BT3_Night Creeper_SINGULAR,Night Creeper,
BT3_Night Creeper_PLURAL,Night Creepers,
BT3_Ninja_SINGULAR,Ninja,
BT3_Ninja_PLURAL,Ninjas,
BT3_Ninja1_SINGULAR,Ninja,
BT3_Ninja1_PLURAL,Ninjas,
BT3_Norman1_SINGULAR,Norman,
BT3_Norman1_PLURAL,Normans,
BT3_Norman_SINGULAR,Norman,
BT3_Norman_PLURAL,Normans,
BT3_Norman Knight_SINGULAR,Norman Knight,
BT3_Norman Knight_PLURAL,Norman Knights,
BT3_Norman Squire_SINGULAR,Norman Squire,
BT3_Norman Squire_PLURAL,Norman Squires,
BT3_Nosferatu_SINGULAR,Nosferatu,
BT3_Nosferatu_PLURAL,Nosferatu,
BT3_Noxious Eye_SINGULAR,Noxious Eye,
BT3_Noxious Eye_PLURAL,Noxious Eyes,
BT3_Oberlieutenant_SINGULAR,Oberlieutenant,
BT3_Oberlieutenant_PLURAL,Oberlieutenant,
BT3_Octomech_SINGULAR,Octomech,
BT3_Octomech_PLURAL,Octomechs,
BT3_Octupus_SINGULAR,Octopus,
BT3_Octupus_PLURAL,Octopi,
BT3_Old Yeller_SINGULAR,Old Yeller,
BT3_Old Yeller_PLURAL,Old Yellers,
BT3_Orange Dragon_SINGULAR,Orange Dragon,
BT3_Orange Dragon_PLURAL,Orange Dragon,
BT3_Orange Ogre_SINGULAR,Orange Ogre,
BT3_Orange Ogre_PLURAL,Orange Ogres,
BT3_Orange Wizard_SINGULAR,Orange Wizard,
BT3_Orange Wizard_PLURAL,Orange Wizards,
BT3_Peasant_SINGULAR,Peasant,
BT3_Peasant_PLURAL,Peasants,
BT3_Peasant1_SINGULAR,Peasant,
BT3_Peasant1_PLURAL,Peasants,
BT3_Petrifier_SINGULAR,Petrifier,
BT3_Petrifier_PLURAL,Petrifiers,
BT3_Phantom2_SINGULAR,Phantom,
BT3_Phantom2_PLURAL,Phantoms,
BT3_Phantom_SINGULAR,Phantom,
BT3_Phantom_PLURAL,Phantoms,
BT3_Phantom1_SINGULAR,Phantom,
BT3_Phantom1_PLURAL,Phantoms,
BT3_Phantom Champ_SINGULAR,Phantom Champ,
BT3_Phantom Champ_PLURAL,Phantom Champ,
BT3_Pit Beast1_SINGULAR,Pit Beast,
BT3_Pit Beast1_PLURAL,Pit Beasts,
BT3_Pit Beast_SINGULAR,Pit Beast,
BT3_Pit Beast_PLURAL,Pit Beasts,
BT3_Pit Demon_SINGULAR,Pit Demon,
BT3_Pit Demon_PLURAL,Pit Demons,
BT3_Polar Bear_SINGULAR,Polar Bear,
BT3_Polar Bear_PLURAL,Polar Bears,
BT3_Polar Bear1_SINGULAR,Polar Bear,
BT3_Polar Bear1_PLURAL,Polar Bears,
BT3_Politician_SINGULAR,Politician,
BT3_Politician_PLURAL,Politicians,
BT3_Pooka1_SINGULAR,Pooka,
BT3_Pooka1_PLURAL,Pookas,
BT3_Pooka_SINGULAR,Pooka,
BT3_Pooka_PLURAL,Pookas,
BT3_Priest_SINGULAR,Priest,
BT3_Priest_PLURAL,Priests,
BT3_Priestess_SINGULAR,Priestess,
BT3_Priestess_PLURAL,Priestesses,
BT3_Prime Daemon_SINGULAR,Prime Daemon,
BT3_Prime Daemon_PLURAL,Prime Daemons,
BT3_Puma_SINGULAR,Puma,
BT3_Puma_PLURAL,Pumas,
BT3_Putrid Zombie_SINGULAR,Putrid Zombie,
BT3_Putrid Zombie_PLURAL,Putrid Zombies,
BT3_Putrifier_SINGULAR,Putrifier,
BT3_Putrifier_PLURAL,Putrifiers,
BT3_Pyro_SINGULAR,Pyro,
BT3_Pyro_PLURAL,Pyros,
BT3_Rachet Reaver_SINGULAR,Rachet Reaver,
BT3_Rachet Reaver_PLURAL,Rachet Reavers,
BT3_Rage Wraith_SINGULAR,Rage Wraith,
BT3_Rage Wraith_PLURAL,Rage Wraiths,
BT3_Rainbow Dragon_SINGULAR,Rainbow Dragon,
BT3_Rainbow Dragon_PLURAL,Rainbow Dragon,
BT3_Red Army Hero_SINGULAR,Red Army Hero,
BT3_Red Army Hero_PLURAL,Red Army Hero,
BT3_Red Captain_SINGULAR,Red Captain,
BT3_Red Captain_PLURAL,Red Captains,
BT3_Red Dragon_SINGULAR,Red Dragon,
BT3_Red Dragon_PLURAL,Red Dragons,
BT3_Red Eye_SINGULAR,Red Eye,
BT3_Red Eye_PLURAL,Red Eyes,
BT3_Red General_SINGULAR,Red General,
BT3_Red General_PLURAL,Red Generals,
BT3_Red Guard_SINGULAR,Red Guard,
BT3_Red Guard_PLURAL,Red Guards,
BT3_Red Mage_SINGULAR,Red Mage,
BT3_Red Mage_PLURAL,Red Mages,
BT3_Red Officer_SINGULAR,Red Officer,
BT3_Red Officer_PLURAL,Red Officers,
BT3_Redbeard_SINGULAR,Redbeard,
BT3_Redbeard_PLURAL,Redbeard,
BT3_Renegade_SINGULAR,Renegade,
BT3_Renegade_PLURAL,Renegades,
BT3_Rime Lord2_SINGULAR,Rime Lord,
BT3_Rime Lord2_PLURAL,Rime Lords,
BT3_Rime Lord1_SINGULAR,Rime Lord,
BT3_Rime Lord1_PLURAL,Rime Lords,
BT3_Rime Lord_SINGULAR,Rime Lord,
BT3_Rime Lord_PLURAL,Rime Lords,
BT3_Rock Demon_SINGULAR,Rock Demon,
BT3_Rock Demon_PLURAL,Rock Demons,
BT3_Rock Man_SINGULAR,Rock Man,
BT3_Rock Man_PLURAL,Rock Men,
BT3_Roman Guard_SINGULAR,Roman Guard,
BT3_Roman Guard_PLURAL,Roman Guards,
BT3_Roman Guard1_SINGULAR,Roman Guard,
BT3_Roman Guard1_PLURAL,Roman Guards,
BT3_Roman Guard2_SINGULAR,Roman Guard,
BT3_Roman Guard2_PLURAL,Roman Guards,
BT3_Romero_SINGULAR,Romero,
BT3_Romero_PLURAL,Romeros,
BT3_Ronin1_SINGULAR,Ronin,
BT3_Ronin1_PLURAL,Ronins,
BT3_Ronin_SINGULAR,Ronin,
BT3_Ronin_PLURAL,Ronins,
BT3_Rubble Glider_SINGULAR,Rubble Glider,
BT3_Rubble Glider_PLURAL,Rubble Gliders,
BT3_Ruski Soldier_SINGULAR,Russian Soldier,
BT3_Ruski Soldier_PLURAL,Russian Soldiers,
BT3_Sable Lich2_SINGULAR,Sable Lich,
BT3_Sable Lich2_PLURAL,Sable Liches,
BT3_Sable Lich_SINGULAR,Sable Lich,
BT3_Sable Lich_PLURAL,Sable Liches,
BT3_Sable Lich1_SINGULAR,Sable Lich,
BT3_Sable Lich1_PLURAL,Sable Liches,
BT3_Sable Lich3_SINGULAR,Sable Lich,
BT3_Sable Lich3_PLURAL,Sable Liches,
BT3_Sable Lich4_SINGULAR,Sable Lich,
BT3_Sable Lich4_PLURAL,Sable Liches,
BT3_Sable Ranger_SINGULAR,Sable Ranger,
BT3_Sable Ranger_PLURAL,Sable Rangers,
BT3_Sable Wraith_SINGULAR,Sable Wraith,
BT3_Sable Wraith_PLURAL,Sable Wraiths,
BT3_Salii_SINGULAR,Salii,
BT3_Salii_PLURAL,Salii,
BT3_Samurai_SINGULAR,Samurai,
BT3_Samurai_PLURAL,Samurai,
BT3_Samurai Lord_SINGULAR,Samurai Lord,
BT3_Samurai Lord_PLURAL,Samurai Lords,
BT3_Saxon Peasant_SINGULAR,Saxon Peasant,
BT3_Saxon Peasant_PLURAL,Saxon Peasants,
BT3_Saxon Witch_SINGULAR,Saxon Witch,
BT3_Saxon Witch_PLURAL,Saxon Witches,
BT3_Scavenger_SINGULAR,Scavenger,
BT3_Scavenger_PLURAL,Scavengers,
BT3_Sceadu_SINGULAR,Sceadu,
BT3_Sceadu_PLURAL,Sceadu,
BT3_Serpent_SINGULAR,Serpent,
BT3_Serpent_PLURAL,Serpents,
BT3_Shade Cougar3_SINGULAR,Shade Cougar,
BT3_Shade Cougar3_PLURAL,Shade Cougars,
BT3_Shade Cougar2_SINGULAR,Shade Cougar,
BT3_Shade Cougar2_PLURAL,Shade Cougars,
BT3_Shade Cougar1_SINGULAR,Shade Cougar,
BT3_Shade Cougar1_PLURAL,Shade Cougars,
BT3_Shade Cougar_SINGULAR,Shade Cougar,
BT3_Shade Cougar_PLURAL,Shade Cougars,
BT3_Shade Dog_SINGULAR,Shade Dog,
BT3_Shade Dog_PLURAL,Shade Dogs,
BT3_Shade Dog3_SINGULAR,Shade Dog,
BT3_Shade Dog3_PLURAL,Shade Dogs,
BT3_Shade Dog2_SINGULAR,Shade Dog,
BT3_Shade Dog2_PLURAL,Shade Dogs,
BT3_Shade Dog1_SINGULAR,Shade Dog,
BT3_Shade Dog1_PLURAL,Shade Dogs,
BT3_Shade Dragon_SINGULAR,Shade Dragon,
BT3_Shade Dragon_PLURAL,Shade Dragons,
BT3_Shade Ghoul_SINGULAR,Shade Ghoul,
BT3_Shade Ghoul_PLURAL,Shade Ghouls,
BT3_Shade Giant_SINGULAR,Shade Giant,
BT3_Shade Giant_PLURAL,Shade Giants,
BT3_Shade Leopard_SINGULAR,Shade Leopard,
BT3_Shade Leopard_PLURAL,Shade Leopards,
BT3_Shade Leopard1_SINGULAR,Shade Leopard,
BT3_Shade Leopard1_PLURAL,Shade Leopards,
BT3_Shade Pirahna_SINGULAR,Shade Piranha,
BT3_Shade Pirahna_PLURAL,Shade Piranhas,
BT3_Shade Warrior4_SINGULAR,Shade Warrior,
BT3_Shade Warrior4_PLURAL,Shade Warriors,
BT3_Shade Warrior3_SINGULAR,Shade Warrior,
BT3_Shade Warrior3_PLURAL,Shade Warriors,
BT3_Shade Warrior1_SINGULAR,Shade Warrior,
BT3_Shade Warrior1_PLURAL,Shade Warriors,
BT3_Shade Warrior2_SINGULAR,Shade Warrior,
BT3_Shade Warrior2_PLURAL,Shade Warriors,
BT3_Shade Warrior_SINGULAR,Shade Warrior,
BT3_Shade Warrior_PLURAL,Shade Warriors,
BT3_Shade Witch_SINGULAR,Shade Witch,
BT3_Shade Witch_PLURAL,Shade Witches,
BT3_Shade Wolf_SINGULAR,Shade Wolf,
BT3_Shade Wolf_PLURAL,Shade Wolves,
BT3_Shadow Dragon_SINGULAR,Shadow Dragon,
BT3_Shadow Dragon_PLURAL,Shadow Dragons,
BT3_Shadow Mage_SINGULAR,Shadow Mage,
BT3_Shadow Mage_PLURAL,Shadow Mages,
BT3_Shadowdrifter_SINGULAR,Shadowdrifter,
BT3_Shadowdrifter_PLURAL,Shadowdrifters,
BT3_Shaolin1_SINGULAR,Shaolin,
BT3_Shaolin1_PLURAL,Shaolins,
BT3_Shaolin_SINGULAR,Shaolin,
BT3_Shaolin_PLURAL,Shaolin,
BT3_Shinto Priest_SINGULAR,Shinto Priest,
BT3_Shinto Priest_PLURAL,Shinto Priests,
BT3_Shock Mage_SINGULAR,Shock Mage,
BT3_Shock Mage_PLURAL,Shock Mages,
BT3_Silver Droid_SINGULAR,Silver Droid,
BT3_Silver Droid_PLURAL,Silver Droids,
BT3_Silver Sam_SINGULAR,Silver Sam,
BT3_Silver Sam_PLURAL,Silver Sam,
BT3_Silver Shark_SINGULAR,Silver Shark,
BT3_Silver Shark_PLURAL,Silver Sharks,
BT3_Silver Siren_SINGULAR,Silver Siren,
BT3_Silver Siren_PLURAL,Silver Sirens,
BT3_Skeptic4_SINGULAR,Skeptic,
BT3_Skeptic4_PLURAL,Skeptics,
BT3_Skeptic1_SINGULAR,Skeptic,
BT3_Skeptic1_PLURAL,Skeptics,
BT3_Skeptic3_SINGULAR,Skeptic,
BT3_Skeptic3_PLURAL,Skeptics,
BT3_Skeptic2_SINGULAR,Skeptic,
BT3_Skeptic2_PLURAL,Skeptics,
BT3_Skeptic_SINGULAR,Skeptic,
BT3_Skeptic_PLURAL,Skeptics,
BT3_Slathbeast_SINGULAR,Slathbeast,
BT3_Slathbeast_PLURAL,Slathbeasts,
BT3_Slatus_SINGULAR,Slatus,
BT3_Slatus_PLURAL,Slatuses,
BT3_Slave_SINGULAR,Slave,
BT3_Slave_PLURAL,Slaves,
BT3_Slave2_SINGULAR,Slave,
BT3_Slave2_PLURAL,Slaves,
BT3_Slave1_SINGULAR,Slave,
BT3_Slave1_PLURAL,Slaves,
BT3_Sleet Mage3_SINGULAR,Sleet Mage,
BT3_Sleet Mage3_PLURAL,Sleet Mages,
BT3_Sleet Mage_SINGULAR,Sleet Mage,
BT3_Sleet Mage_PLURAL,Sleet Mages,
BT3_Sleet Mage2_SINGULAR,Sleet Mage,
BT3_Sleet Mage2_PLURAL,Sleet Mages,
BT3_Sleet Mage1_SINGULAR,Sleet Mage,
BT3_Sleet Mage1_PLURAL,Sleet Mages,
BT3_Sleet Mage4_SINGULAR,Sleet Mage,
BT3_Sleet Mage4_PLURAL,Sleet Mages,
BT3_Sorceress_SINGULAR,Sorceress,
BT3_Sorceress_PLURAL,Sorceresses,
BT3_Soulcrusher_SINGULAR,Soulcrusher,
BT3_Soulcrusher_PLURAL,Soulcrushers,
BT3_Spartan_SINGULAR,Spartan,
BT3_Spartan_PLURAL,Spartans,
BT3_Spartan Elite_SINGULAR,Spartan Elite,
BT3_Spartan Elite_PLURAL,Spartan Elites,
BT3_Spartan Hero_SINGULAR,Spartan Hero,
BT3_Spartan Hero_PLURAL,Spartan Heroes,
BT3_Speed Demon_SINGULAR,Speed Demon,
BT3_Speed Demon_PLURAL,Speed Demons,
BT3_Spirit Mage_SINGULAR,Spirit Mage,
BT3_Spirit Mage_PLURAL,Spirit Mages,
BT3_Spirit Serpent_SINGULAR,Spirit Serpent,
BT3_Spirit Serpent_PLURAL,Spirit Serpent,
BT3_SS Colonel_SINGULAR,Colonel,
BT3_SS Colonel_PLURAL,Colonels,
BT3_SS General_SINGULAR,General,
BT3_SS General_PLURAL,Generals,
BT3_SS Major1_SINGULAR,Major,
BT3_SS Major1_PLURAL,Majors,
BT3_SS Major_SINGULAR,Major,
BT3_SS Major_PLURAL,Majors,
BT3_SS Officer_SINGULAR,Officer,
BT3_SS Officer_PLURAL,Officers,
BT3_Steel Cyborg_SINGULAR,Steel Cyborg,
BT3_Steel Cyborg_PLURAL,Steel Cyborgs,
BT3_Steel Goblin_SINGULAR,Steel Goblin,
BT3_Steel Goblin_PLURAL,Steel Goblins,
BT3_Steel Gyro_SINGULAR,Steel Gyro,
BT3_Steel Gyro_PLURAL,Steel Gyros,
BT3_Steel Serpent_SINGULAR,Steel Serpent,
BT3_Steel Serpent_PLURAL,Steel Serpents,
BT3_Stone Ogre_SINGULAR,Stone Ogre,
BT3_Stone Ogre_PLURAL,Stone Ogres,
BT3_Stone Ogre1_SINGULAR,Stone Ogre,
BT3_Stone Ogre1_PLURAL,Stone Ogres,
BT3_Storm Demon_SINGULAR,Storm Demon,
BT3_Storm Demon_PLURAL,Storm Demons,
BT3_Storm Trooper_SINGULAR,Storm Trooper,
BT3_Storm Trooper_PLURAL,Storm Troopers,
BT3_Stout Runner_SINGULAR,Stout Runner,
BT3_Stout Runner_PLURAL,Stout Runners,
BT3_Stout Runner1_SINGULAR,Stout Runner,
BT3_Stout Runner1_PLURAL,Stout Runners,
BT3_Strikefast_SINGULAR,Strikefast,
BT3_Strikefast_PLURAL,Strikefasts,
BT3_Swamp Golem_SINGULAR,Swamp Golem,
BT3_Swamp Golem_PLURAL,Swamp Golems,
BT3_Taoist Monk_SINGULAR,Taoist Monk,
BT3_Taoist Monk_PLURAL,Taoist Monks,
BT3_Tarjan_SINGULAR,Tarjan,
BT3_Tarjan_PLURAL,Tarjan,
BT3_Tarjan Warrior_SINGULAR,Tarjan Warrior,
BT3_Tarjan Warrior_PLURAL,Tarjan Warrior,
BT3_Tarjan Warrior1_SINGULAR,Tarjan Warrior,
BT3_Tarjan Warrior1_PLURAL,Tarjan Warrior,
BT3_Tarjan's Bull_SINGULAR,Tarjan's Bull,
BT3_Tarjan's Bull_PLURAL,Tarjan's Bulls,
BT3_Tarjan's Bull1_SINGULAR,Tarjan's Bull,
BT3_Tarjan's Bull1_PLURAL,Tarjan's Bulls,
BT3_Tengu_SINGULAR,Tengu,
BT3_Tengu_PLURAL,Tengus,
BT3_Tin Man_SINGULAR,Tin Man,
BT3_Tin Man_PLURAL,Tin Men,
BT3_Titan_SINGULAR,Titan,
BT3_Titan_PLURAL,Titans,
BT3_Toaster_SINGULAR,Toaster,
BT3_Toaster_PLURAL,Toasters,
BT3_Tree Frog_SINGULAR,Tree Frog,
BT3_Tree Frog_PLURAL,Tree Frogs,
BT3_Trojan1_SINGULAR,Trojan,
BT3_Trojan1_PLURAL,Trojans,
BT3_Trojan_SINGULAR,Trojan,
BT3_Trojan_PLURAL,Trojans,
BT3_Trojan Elite_SINGULAR,Trojan Elite,
BT3_Trojan Elite_PLURAL,Trojan Elites,
BT3_Trojan Hero_SINGULAR,Trojan Hero,
BT3_Trojan Hero_PLURAL,Trojan Heroes,
BT3_Trojan Immortal_SINGULAR,Trojan Immortal,
BT3_Trojan Immortal_PLURAL,Trojan Immortal,
BT3_Trojan Priest_SINGULAR,Trojan Priest,
BT3_Trojan Priest_PLURAL,Trojan Priests,
BT3_Tslotha Garnath_SINGULAR,Tslotha Garnath,
BT3_Tslotha Garnath_PLURAL,Tslotha Garnath,
BT3_Unbeliever_SINGULAR,Unbeliever,
BT3_Unbeliever_PLURAL,Unbelievers,
BT3_Unbeliever1_SINGULAR,Unbeliever,
BT3_Unbeliever1_PLURAL,Unbelievers,
BT3_Undead Avian_SINGULAR,Undead Avian,
BT3_Undead Avian_PLURAL,Undead Avians,
BT3_Unholy Mage_SINGULAR,Unholy Mage,
BT3_Unholy Mage_PLURAL,Unholy Mages,
BT3_Unholy Terror_SINGULAR,Unholy Terror,
BT3_Unholy Terror_PLURAL,Unholy Terrors,
BT3_Urmech_SINGULAR,Urmech,
BT3_Urmech_PLURAL,Urmech,
BT3_Vampire Lord1_SINGULAR,Vampire Lord,
BT3_Vampire Lord1_PLURAL,Vampire Lords,
BT3_Vampire Lord_SINGULAR,Vampire Lord,
BT3_Vampire Lord_PLURAL,Vampire Lords,
BT3_Vampire Snake_SINGULAR,Vampire Snake,
BT3_Vampire Snake_PLURAL,Vampire Snakes,
BT3_Vandal Raider_SINGULAR,Vandal Raider,
BT3_Vandal Raider_PLURAL,Vandal Raiders,
BT3_Vanth_SINGULAR,Vanth,
BT3_Vanth_PLURAL,Vanth,
BT3_Vapor Mage_SINGULAR,Vapor Mage,
BT3_Vapor Mage_PLURAL,Vapor Mages,
BT3_Venomclaw_SINGULAR,Venomclaw,
BT3_Venomclaw_PLURAL,Venomclaws,
BT3_Vestal Virgin_SINGULAR,Vestal Virgin,
BT3_Vestal Virgin_PLURAL,Vestal Virgins,
BT3_Vile Creeper_SINGULAR,Vile Creeper,
BT3_Vile Creeper_PLURAL,Vile Creepers,
BT3_Violet Dragon_SINGULAR,Violet Dragon,
BT3_Violet Dragon_PLURAL,Violet Dragons,
BT3_Violet Guard_SINGULAR,Violet Guard,
BT3_Violet Guard_PLURAL,Violet Guards,
BT3_Viper_SINGULAR,Viper,
BT3_Viper_PLURAL,Vipers,
BT3_Visigoth_SINGULAR,Visigoth,
BT3_Visigoth_PLURAL,Visigoths,
BT3_Vlad_SINGULAR,Vlad,
BT3_Vlad_PLURAL,Vlad,
BT3_Vortex1_SINGULAR,Vortex,
BT3_Vortex1_PLURAL,Vortexes,
BT3_Vortex_SINGULAR,Vortex,
BT3_Vortex_PLURAL,Vortexes,
BT3_Vortex2_SINGULAR,Vortex,
BT3_Vortex2_PLURAL,Vortexes,
BT3_Warbot_SINGULAR,Warbot,
BT3_Warbot_PLURAL,Warbots,
BT3_Warlord_SINGULAR,Warlord,
BT3_Warlord_PLURAL,Warlords,
BT3_Water Demon_SINGULAR,Water Demon,
BT3_Water Demon_PLURAL,Water Demons,
BT3_Water Spirit_SINGULAR,Water Spirit,
BT3_Water Spirit_PLURAL,Water Spirits,
BT3_Were Cougar_SINGULAR,Were Cougar,
BT3_Were Cougar_PLURAL,Were Cougars,
BT3_Were-eel_SINGULAR,Were-eel,
BT3_Were-eel_PLURAL,Were-eels,
BT3_Werra_SINGULAR,Werra,
BT3_Werra_PLURAL,Werra,
BT3_White Wizard_SINGULAR,White Wizard,
BT3_White Wizard_PLURAL,White Wizards,
BT3_Wicked Lurker_SINGULAR,Wicked Lurker,
BT3_Wicked Lurker_PLURAL,Wicked Lurkers,
BT3_Wildcat_SINGULAR,Wildcat,
BT3_Wildcat_PLURAL,Wildcats,
BT3_Wind Daemon_SINGULAR,Wind Daemon,
BT3_Wind Daemon_PLURAL,Wind Daemons,
BT3_Wind Diver_SINGULAR,Wind Diver,
BT3_Wind Diver_PLURAL,Wind Divers,
BT3_Wind Warrior_SINGULAR,Wind Warrior,
BT3_Wind Warrior_PLURAL,Wind Warriors,
BT3_Wing Demon_SINGULAR,Wing Demon,
BT3_Wing Demon_PLURAL,Wing Demons,
BT3_Wing Envenom_SINGULAR,Wing Envenom,
BT3_Wing Envenom_PLURAL,Wing Envenoms,
BT3_Wing Slasher_SINGULAR,Wing Slasher,
BT3_Wing Slasher_PLURAL,Wing Slashers,
BT3_Witch_SINGULAR,Witch,
BT3_Witch_PLURAL,Witches,
BT3_Witch1_SINGULAR,Witch,
BT3_Witch1_PLURAL,Witches,
BT3_Wither Snake_SINGULAR,Wither Snake,
BT3_Wither Snake_PLURAL,Wither Snakes,
BT3_Yellow Dragon_SINGULAR,Yellow Dragon,
BT3_Yellow Dragon_PLURAL,Yellow Dragon,
BT3_Yeoman_SINGULAR,Yeoman,
BT3_Yeoman_PLURAL,Yeomen,
BT3_Yeti4_SINGULAR,Yeti,
BT3_Yeti4_PLURAL,Yetis,
BT3_Yeti5_SINGULAR,Yeti,
BT3_Yeti5_PLURAL,Yetis,
BT3_Yeti_SINGULAR,Yeti,
BT3_Yeti_PLURAL,Yetis,
BT3_Yeti1_SINGULAR,Yeti,
BT3_Yeti1_PLURAL,Yetis,
BT3_Yeti3_SINGULAR,Yeti,
BT3_Yeti3_PLURAL,Yetis,
BT3_Yeti2_SINGULAR,Yeti,
BT3_Yeti2_PLURAL,Yetis,
BT3_York_SINGULAR,York,
BT3_York_PLURAL,York,
BT3_Zephymage_SINGULAR,Zephymage,
BT3_Zephymage_PLURAL,Zephymages,
BT3_Zephyrlord_SINGULAR,Zephyrlord,
BT3_Zephyrlord_PLURAL,Zephyrlords,
BT3_Zombie Lord_SINGULAR,Zombie Lord,
BT3_Zombie Lord_PLURAL,Zombie Lords,
BT3_Zombie Mage_SINGULAR,Zombie Mage,
BT3_Zombie Mage_PLURAL,Zombie Mages,
Summoned_Joe the Sword_SINGULAR,Joe The Sword,
Summoned_Joe the Sword_PLURAL,Joe The Sword,
Summoned_Earth Elemental_SINGULAR,Earth Elemental,
Summoned_Earth Elemental_PLURAL,Earth Elementals,
Summoned_Ogre_SINGULAR,Ogre,
Summoned_Ogre_PLURAL,Ogres,
Summoned_Slayer_SINGULAR,Slayer,
Summoned_Slayer_PLURAL,Slayer,
Summoned_Wolf_SINGULAR,Wolf,
Summoned_Wolf_PLURAL,Wolves,
Summoned_Bulldozer_SINGULAR,Bulldozer,
Summoned_Bulldozer_PLURAL,Bulldozers,
Summoned_Blast Dragon_SINGULAR,Blast Dragon,
Summoned_Blast Dragon_PLURAL,Blast Dragons,
Summoned_Storm Giant_SINGULAR,Storm Giant,
Summoned_Storm Giant_PLURAL,Storm Giants,
Summoned_Golem_SINGULAR,Golem,
Summoned_Golem_PLURAL,Golems,
Summoned_Herb_SINGULAR,Herb,
Summoned_Herb_PLURAL,Herbs,
Summoned_Lich_SINGULAR,Lich,
Summoned_Lich_PLURAL,Liches,
Summoned_Master Wizard_SINGULAR,Master Wizard,
Summoned_Master Wizard_PLURAL,Master Wizards,
Summoned_Master Mage_SINGULAR,Master Mage,
Summoned_Master Mage_PLURAL,Master Mages,
Summoned_Molten Man_SINGULAR,Molten Man,
Summoned_Molten Man_PLURAL,Molten Men,
Summoned_Mongo_SINGULAR,Mongo,
Summoned_Mongo_PLURAL,Mongos,
Summoned_Old man_SINGULAR,Old Man,
Summoned_Old man_PLURAL,Old Men,
Summoned_Samurai_SINGULAR,Samurai,
Summoned_Samurai_PLURAL,Samurai,
Summoned_Thor_SINGULAR,Thor,
Summoned_Thor_PLURAL,Thor,
Summoned_Titan_SINGULAR,Titan,
Summoned_Titan_PLURAL,Titans,
Summoned_Vanquisher_SINGULAR,Vanquisher,
Summoned_Vanquisher_PLURAL,Vanquishers,
Summoned_Familiar_SINGULAR,Familiar,
Summoned_Familiar_PLURAL,Familiars,
Summoned_Black Death_SINGULAR,Black Death,
Summoned_Black Death_PLURAL,Black Deaths,
Summoned_One-eyed Angra_SINGULAR,One-eyed Angra,
Summoned_One-eyed Angra_PLURAL,One-eyed Angras,
Summoned_Black Slayer_SINGULAR,Black Slayer,
Summoned_Black Slayer_PLURAL,Black Slayers,
Summoned_Wraith_SINGULAR,Wraith,
Summoned_Wraith_PLURAL,Wraiths,
Summoned_Greater Demon_SINGULAR,Greater Demon,
Summoned_Greater Demon_PLURAL,Greater Demons,
Summoned_Demon Lord_SINGULAR,Demon Lord,
Summoned_Demon Lord_PLURAL,Demon Lords,
Summoned_Lesser Demon_SINGULAR,Lesser Demon,
Summoned_Lesser Demon_PLURAL,Lesser Demons,
Summoned_Demon_SINGULAR,Demon,
Summoned_Demon_PLURAL,Demons,
Summoned_Spectre_SINGULAR,Spectre,
Summoned_Spectre_PLURAL,Spectres,
Summoned_Zombie_SINGULAR,Zombie,
Summoned_Zombie_PLURAL,Zombies,
Summoned_Skeleton_SINGULAR,Skeleton,
Summoned_Skeleton_PLURAL,Skeletons,
Summoned_Fire Elemental_SINGULAR,Fire Elemental,
Summoned_Fire Elemental_PLURAL,Fire Elementals,
Summoned_Target dummy_SINGULAR,Target Dummy,
Summoned_Target dummy_PLURAL,Target Dummy,
Summoned_Kringle Brother_SINGULAR,Kringle Brother,
Summoned_Kringle Brother_PLURAL,Kringle Brothers,
Summoned_Red Dragon_SINGULAR,Red Dragon,
Summoned_Red Dragon_PLURAL,Red Dragons,
Summoned_Hero_SINGULAR,Hero,
Summoned_Hero_PLURAL,Heroes,
Summoned_Mercenary_SINGULAR,Ninja,
Summoned_Mercenary_PLURAL,Ninjas,
Summoned_Wizard Wall_SINGULAR,Wizard Wall,
Summoned_Wizard Wall_PLURAL,Wizard Wall,
BT3_Scarlet_Bard_SINGULAR,Scarlet Bard,
BT3_Scarlet_Bard_PLURAL,Scarlet Bard,
BESTIARY_PLACEHOLDER,Enter filter...,
BESTIARY_ENCOUNTERSTITLE,Encounters:,
BESTIARY_KILLSTITLE,Kills:,
BESTIARY_XPTITLE,XP:,
BESTIARY_GROUPSIZETITLE,Group Size:,
BESTIARY_ACTITLE,AC:,
BESTIARY_HPTITLE,Max HP:,
BESTIARY_SAVETITLE,Spell Save:,
BESTIARY_HITACTITLE,Can Hit AC:,
BESTIARY_WEAKNESSTITLE,Weakness:,
BESTIARY_IMMUNITYTITLE,Immunity:,
BESTIARY_LOCATIONSTITLE,Locations:,
BESTIARY_NOMONSTERS,- No Monsters Encountered -,
BESTIARY_TITLE,Bestiary,
ATTACKTYPE_UNKNOWN_HINT,This attack will unlock when a creature uses it against your party.,
ATTACKTYPE_MELEE_HINT,"Melee attacks deal damage to a single character in the first 4 rows of your party, if their AC is not low enough to resist the attack.",
ATTACKTYPE_RANGED_HINT,Ranged attacks can attack any party member from any distance.,
ATTACKTYPE_BREATH_HINT,Breath attacks do damage to all your party members that fail to magically resist.,
ATTACKTYPE_SPELL_HINT,The creature can cast this spell.,
ATTACKTYPE_UNKNOWNSPELL_HINT,"The creature can cast this spell, but you have no sufficiently skilled mages that can identify the spell.",
ATTACKTYPE_SUMMONHELP_HINT,The creature will attempt to summon more like creatures to join its group.,
ATTACKTYPE_SUMMONHELP_DEFEND,"The creature will defend for a round of combat, making them slightly harder to hit.",
MONSTERATTACK_UNKNOWN,Attack {0}:,
BESTIARY_XP_HINT,Total XP to split among all characters when this creature is killed.,
BESTIARY_GROUPSIZE_HINT,Maximum group size this creature will generally be encountered in.,
BESTIARY_AC_HINT,Armor Class for this creature determines how hard it is to hit in melee. Lower values are harder to hit.,
BESTIARY_HP_HINT,Maximum hit points this creature can have.,
BESTIARY_SPELLSAVE_HINT,Maximum spell saving roll this creature can make.,
BESTIARY_TOHIT_HINT,The lowest Armor Class this creature can successfully hit in melee.,
BESTIARY_WEAKNESS_HINT,The creature takes double damage from these types of spells.,
BESTIARY_IMMUNITY_HINT,The creature takes half damage from these types of spells.,
BESTIARY_LOCATION_HINT,Where has this creature been encountered.,
CASINO_WELCOME,Welcome wealthy ones! Your gold (no credit given) is always good here.,
CASINO_PLAY_BLACKJACK,Play BlackJack,
CASINO_WHO_WILL_SIT,Who will sit at the table...,
CASINO_SORRY_NO_CASH,"I am sorry, none of your characters are cashed up! Come back when you have some coin to play with.",
BLACKJACK,BLACKJACK,
BUST,BUST,
Player Wins,Player Wins,
Player Loses,Player Loses,
Push,Push,
BLACKJACK_DEAL,Deal,
BLACKJACK_HIT,Hit,
BLACKJACK_DOUBLE,Double Down,
BLACKJACK_LEAVE,Leave Table,
BLACKJACK_STAND,Stand,
Gold,Gold,
Bet,Bet,
BUTTON_PauseMenu,<color=#ffff22>F10</color> - Pause Menu,
BUTTON_MoreActions,More Actions,
BUTTON_WhereAmI,<color=#ffff22>?</color> - Where Am I,
BUTTON_CastSpell,<color=#ffff22>C</color> - Cast a Spell,
BUTTON_PlaySong,<color=#ffff22>B</color> - Play a Bard Song,
BUTTON_UseItem,<color=#ffff22>U</color> - Use an Item,
BUTTON_PortalUp,<color=#ffff22>Q</color> - Take Portal Up,
BUTTON_PortalDown,<color=#ffff22>Z</color> - Take Portal Down,
BUTTON_PartyAttack,<color=#ffff22>P</color> - Party Attack,
BUTTON_PartyOrder,<color=#ffff22>N</color> - New Party Order,
BUTTON_ToggleMinimap,<color=#ffff22>M</color> - Toggle Minimap,
BUTTON_ToggleJournal,<color=#ffff22>J</color> - Toggle Journal,
BUTTON_Manual,<color=#ffff22>F1</color> - Bard's Tale Trilogy Manual,
BUTTON_ClothMap,<color=#ffff22>F2</color> - Original Cloth Map,
BUTTON_Bestiary,<color=#ffff22>F3</color> - Bestiary,
BUTTON_Status,<color=#ffff22>F4</color> - Stats,
AutoSave,AutoSave,
QuickSave,QuickSave,
Load,Load,
Save,Save,
Delete,Delete,
NAME,NAME,
L,L,
V,V,
MAP,MAP,
Map,Map,
PLAY TIME,PLAY TIME,
TIMESTAMP,TIMESTAMP,
LOADING,Loading...,
Game Paused,Game Paused,
CHAPTERTITLE_0,Volume I,
CHAPTERSTORY_0,"THE LEGEND OF SKARA BRAE



Long ago in the land of Caith, when magic still prevailed, the evil wizard Mangar the Dark threatened a small but harmonious town called Skara Brae. Overnight, all the town's militiamen disappeared, and Mangar froze the surrounding countryside with a spell of Eternal Winter, totally isolating it from any possible help. 



As evil creatures oozed into the sewers to join Mangar’s shadow crusade, the future of Skara Brae hung in the balance. And who was left to resist? Only a handful of unproven young Warriors, some junior magic users, a couple of Bards barely old enough to drink, and a few out of work Rogues.



You are the leader of this ragtag group of freedom fighters. Luckily you have a Bard with you to sing your glories - if you survive - for this is the stuff of legends. 



And thus the story begins...",
INTROTEXT_BT1_0,"""The song I sing\nwill tell the tale\nof a cold and wintery day""",
INTROTEXT_BT1_1,"""When evil fled\nand brave men bled\nthe Dark One came to stay.""",
INTROTEXT_BT1_2,"""Of castle walls\nand torchlit halls\nand a price men had to pay.""",
INTROTEXT_BT1_3,"""Till men of old\nfor blood and gold\nhad rescued Skara Brae.""",
CHAPTERTITLE_1,Volume II,
CHAPTERSTORY_1,"A LETTER RECEIVED



Greetings, heroes! My name is Saradon, a wizard of some fame and little fortune. Every bard in Caith sings of your victory over Mangar and his vile horde in Skara Brae. Thus, even though we have never met, I am seeking you out.



Our land now faces a danger even greater than Mangar - an evil that could leave it open to invasion and bloody conquest. The Destiny Wand, which has kept us safe for seven hundred years, has been shattered into seven fragments by the Archmage Lagoth Zanta, and those fragments hidden all across the realm. Until you recover them, reforge the wand, and defeat Lagoth Zanta, Caith is in peril. Save her, I beg you.



Now I must hurry, for while I was attempting to glean knowledge of Zanta, he sensed my prying magic, and even now his Lestradae mercenaries approach. I care not for my own safety, but I pray my magic will keep this letter safe until it reaches your hands. May fate smile upon you... and me.",
CHAPTERTITLE_2,Volume III,
CHAPTERSTORY_2,"As I lay dying...



I leave this record so those who come after will know what horrors that the Mad God Tarjan has perpetrated, and so that they will not be lulled into believing that Skara Brae was his sole target.



We held a great festival to celebrate the victory over Mangar. Then Mangar's Master, The Mad God Tarjan, arrived... His shadow ravaged the city and foul creatures burst forth to assault fair Skara Brae. People ran, but Tarjan's minions left none untouched.

 Tarjan gloated that Skara Brae was merely one in a series of conquests that would complete his revenge. He laughed when I promised that the legendary Hawkslayer, and those who defeated Mangar, would return again to triumph. As payment for my threat, he gave a swift twist of his jewelled sword into my belly. 



Tarjan must be stopped, for upon this rests the fate of more than Skara Brae, more than Caith. Failure will mean the extinction of all life - save for the wretched Tarjan and his servile parasites. Pray for success... and life renewed.",
INTROTEXT_BT3_0,"Come hear the tale of Skara Brae -

A god returned to have his way.

Creatures of darkness, spawn of night,

The Mad One's kin destroyed the site.",
INTROTEXT_BT3_1,"Defenders fell, their bane come true,

Garth, Roscoe, Kylearan too!

As doom approached, the helpless fled.

It did no good, the streets ran red.",
INTROTEXT_BT3_2,"Survivors few, they sit and mope,

with but one final ray of hope:

Cross time and space, the legends say,

Heroes, at last! To steal the day!",
OUTROTEXT_BT3_0,"""Welcome, brave heroes. You have succeeded in destroying

the threat to all reality. As you know, to do this, you slipped

the bonds of time, and traveled forbidden routes through that

which has forever been. You pressed your struggle forward

despite danger and death, and you accomplished that which

the gods themselves were unable to do.""",
OUTROTEXT_BT3_1,"His praise washes over you like a warm ocean wave, and

you feel strength infuse your body. ""In doing what you have

done, you have proven yourself worthy of nothing less than

the ultimate reward."" He closes his eyes and raises his hands.

""The death of the gods tore reality asunder, but you bound

it up again. The gods of old are dead, therefore I accept you

as my new children. You shall be gods yourselves!""",
OUTROTEXT_BT3_2,"His eyes open again and you look upon infinity. At once you see

Skara Brae restored to its former beauty. You see beyond it

and the Six cities of the Plains. You see the whole world and 

each of its cultures, and you realize all of it is now your domain.",
OUTROTEXT_BT3_3,"""And so it came to pass that eight new stars burned in the

night sky. The least of these, the Companion star, was

named Hawkslayer after a hero of legend. The other seven,

together known as the Company of Heroes, are each

named for one of the New Gods. Each night they can be seen

is betokened a good night, and adventurers know these gods

smile especially upon them...""",
OUTROTEXT_BT3_4,"-- excerpt from The Gospel of the New Gods (Chap I, Verses 5-9)",
QUIT_NO_AUTOSAVE_SAVE_AT_GUILD,Quitting now will lose any unsaved progress because you cannot autosave outside of the Guild while Legacy Mode Save-At-Guild is active in Tales of the Unknown or The Destiny Knight. Do you wish to quit anyway?,
QUIT_NO_AUTOSAVE_SNARE,Quitting now will lose any unsaved progress because you cannot autosave during an active death snare event. Do you wish to quit anyway?,
QUIT_NO_AUTOSAVE_COMBAT,Quitting now will lose any unsaved progress because you cannot autosave during combat. Do you wish to quit anyway?,
QUIT_NO_AUTOSAVE_EVENT,"Quitting now will lose any unsaved progress because you cannot autosave during special events, or shops. Do you wish to quit anyway?",
WARNING_NO_SAVE_DURING_DEATH_SNARE,You cannot save during a death snare! They are the ultimate challenge...,
WARNING_NO_SAVE_DURING_COMBAT,You cannot save during combat,
WARNING_NO_SAVE_DURING_EVENT,"You cannot save during special events, or shops",
INDIVIDUAL_INVENTORY_HINT,"Each character has their own inventory and gold to manage. Gold and items will need to be pooled and traded between characters. Each character can hold up to 16 items at a time, less if Misc Game Differences is enabled.",
SAVE_AT_GUILD_HINT,"With Save At Guild Only enabled, saving the game will only be possible when the party are in an adventurers guild or camp. Autosave will only fire when entering a guild. With Misc Game Differences also enabled, BT3 will still allow saving anywhere, since the original game introduced a save game option.",
CHAPTER_DIFFERENCES_HINT,"Enables differences between each game. These include:

- SPECIAL SLOT for monsters only in BT1.

- No archery in BT1.

- No item charges in BT1, instead items have a small chance to disappear on each use.

- 8 slot inventory in BT1 and 10 slots in BT2.

- Wine Skins only available in BT3.

- Rogue identifying items only available in BT3.

- Items and Spells adjusted to match each game.",
XP_GRIND_HINT,"Enable the full XP requirements from the originals, and also some exploits that helped with levelling.

- Up to twice the XP needed for each level.

- Allows party attack to be initiated anywhere.

- Enabled shop buy and sell any charged item.

- All game events and battles are now redoable.",
DISABLE_AUTOMAP_HINT,"Grab some grid paper and map the levels yourself. This was a big part of the 1980s experience and why all the spinners and teleports in dungeons exist. For those that have the time and temperament, this can be a rewarding experience. If Misc Game Differences is also enabled, then the <b>Thief of Fate (BT3)</b> will still allow for a simplified journal, just showing map walls and doors, as the original game introduced an automap feature.",
SONGS_HINT,Enabling this setting restores the way song magic used to work in the originals.\n\nSongs in <b>Tales of the Unknown (BT1)</b> and <b>The Destiny Knight (BT2)</b> revert to having their strength vary with dungeon difficulty. Songs in the <b>Thief of Fate (BT3)</b> have their strength vary with level of the bard that is singing.,
USEUNEQUIPPED_HINT,"On some platforms, such as the Commodore 64 (C64), it was possible to use items, that were not equipped, in combat. This has an especially large impact on bards, choosing to blow horns, or magic users in the <b>Thief of Fate (BT3)</b> using harmonic gems. Enabling this option also removes the ability to equip or unequip items during combat.",
NOEMPTYROOM_HINT,"The remaster adds some hints and random gear rewards to be found by searching the empty houses in cities. Ticking this option will remove those and empty houses will just be for finding random groups of enemies to fight, or the occasional dungeon entrance. This makes gaining the first few character levels just a little harder.",
DELETE_SAVE_CONFIRM,Permanently delete saved game:\n\n{0}\n\nAre you sure?,
ENTER_FILENAME,Enter Filename...,
LOADINGHINT_0,"Your first three dungeons should be the sewers, the catacombs and the castle (in that order). Each is progressively tougher.",
LOADINGHINT_1,You can adjust the speed that messages scroll in combat in gameplay settings.,
LOADINGHINT_2,"Avoid traps. Higher level rogues are excellent at opening chests, but when in doubt use the 'Trapzap' spell.",
LOADINGHINT_3,Be sure that your party is fully healed before entering a new dungeon.,
LOADINGHINT_4,Remember that each succeeding level goes UP in a tower or castle and DOWN in a dungeon.,
LOADINGHINT_5,Good maps will show you the logical spots for secret doors and secret rooms.,
LOADINGHINT_6,Use your spells and Bard songs to lower the armor class of your entire party. The lower the better.,
LOADINGHINT_7,You can minimize damage by killing off all but one monster in either of the first two attacking groups.,
LOADINGHINT_8,"Treat the undead with respect. In other words, kill them quickly.",
LOADINGHINT_9,Be prepared to die a lot with level 1 and 2 characters. Especially at night. Especially when you don't have any weapons and are just walking to Garth's Shoppe.,
LOADINGHINT_10,"Monsters are smart. They usually attack your most vulnerable characters first, unless one of your members represents a significant threat.",
LOADINGHINT_11,Beware the Doppelganger monster. It enters your party and looks just like one of your members.,
LOADINGHINT_12,Develop a Sorcerer fast. They are very useful in dungeons.,
LOADINGHINT_13,Don't venture too far into any dungeon without your maximum spell points. A good rule is to leave a dungeon when you are down to one quarter of your maximum spell points.,
LOADINGHINT_14,Manage your spell points carefully. Don't waste a spell if you can accomplish the same thing without magic.,
LOADINGHINT_15,"Locate traps, second sight and sorcerer sight spells all identify traps within 30 feet.",
LOADINGHINT_16,Cast a long lasting Bard spell right before entering a tavern. It's like getting a free spell.,
LOADINGHINT_17,"Generally, the more expensive the item is, the better it works. Almost like real life.",
LOADINGHINT_18,"There are no cursed or bad items, unlike real life.",
LOADINGHINT_19,"Don't be stingy. Equip your fighters with the best armor, weapon, shield, helmet and gauntlets money can buy. After all, they can't take it with them.",
LOADINGHINT_20,Experiment with all items you find to determine their capabilities. Magical items are key to success.,
LOADINGHINT_21,"The tavern on Rakhir Street is the only tavern that serves wine. And that wine ""goes down"" easily. Good luck!",
LOADINGHINT_22,"If your spell points aren't recharging fast enough, go see Roscoe. But be prepared for electrifyingly high fees.",
LOADINGHINT_23,"Temples are divine places of resurrection and complete healing. In fact, this is the only place to cure characters who have been withered or drained of experience.",
LOADINGHINT_24,"Gold you receive in battles is pooled for the party and can be used to buy weapons, heal your wounds or regenerate your spell points.",
LOADINGHINT_25,After battles you may find items which go into a pool for anyone to use. Sell or drop items if your inventory gets too full.,
LOADINGHINT_26,Every mage should know where Roscoe's Energy Emporium is. He will regenerate your magic if the price is right.,
LOADINGHINT_27,"If you cannot kill off all the magic-using monsters, you may want to cast anti-magic spells to protect against illusions, possessions and other spells.",
LOADINGHINT_28,"It might be a good idea to stay close to a Temple at night, so you can quickly heal any wounds.",
LOADINGHINT_29,"Wizards are extremely important in advanced levels; they can summon demons, extremely powerful specials.",
LOADINGHINT_30,Items that appear in the inventory in red cannot be used by that character class.,
LOADINGHINT_31,"Don't be shy about using magic in combat. When in doubt, blast 'em with magic.",
LOADINGHINT_32,Trapzap spell disarms all traps within 30 feet.,
LOADINGHINT_33,You may wish to drop by a tavern to wet the whistle of your Bard.,
LOADINGHINT_34,Deeper dungeons require a higher Hide-In-Shadows and Critical Strike skill,
ROOMHINT_0,"There's dungeons deep underneath Skara Brae... sewers, catacombs, the castle and more, each more dangerous than the one before.",
ROOMHINT_1,"Explore and map every square in every maze. There are 'Magic Mouths' that give hints. There are 1-of-a-kind magic items and spell regeneration zones. Good maps will show you the logical spots for secret doors and secret rooms, too.",
ROOMHINT_2,"Avoid traps. Higher level rogues are excellent at opening chests, but when in doubt use the 'Trapzap' spell.",
ROOMHINT_3,You can use 'Trapzap' to disarm any traps you encounter.,
ROOMHINT_4,Be sure that your party is fully healed before entering a new dungeon.,
ROOMHINT_5,"When you are finding your bearings in a maze, remember that each succeeding level goes UP in a tower or castle and DOWN in a dungeon.",
ROOMHINT_6,Your highest dexterity character will attack earliest in combat. Target particularly nasty monsters with spells and attacks from high dexterity characters first. Your less dexterous characters may not survive long enough to get in a first strike.,
ROOMHINT_7,Use your spells and Bard songs to lower the armor class of your entire party. The lower the better.,
ROOMHINT_8,"If you are attacked by more than 2 groups of monsters, concentrate on magic users first. If you cannot kill off all the magic-using monsters, you may want to cast anti-magic spells to protect against illusions, possessions and other spells.",
ROOMHINT_9,"You can minimize damage by killing off monsters in melee range first. Non-magic users, further than 10' away, will need to advance before they can attack.",
ROOMHINT_10,"Many of the undead monsters are capable of draining experience levels, turning characters old and gray or even turning characters to stone. Treat the undead with respect. In other words, kill them quickly.",
ROOMHINT_11,"Be prepared to die a lot with level 1 and 2 characters. Especially at night. Especially when you don't have any weapons and are just walking to Garth's Shoppe. It might even be a good idea to stay close to a Temple at night, so you can quickly heal any wounds.",
ROOMHINT_12,"Monsters are smart. They usually attack your most vulnerable characters first, unless one of your members represents a significant threat.",
ROOMHINT_13,Beware the Doppelganger monster. It enters your party and looks just like one of your members.,
ROOMHINT_14,"Develop a Sorcerer fast. They are very useful in dungeons. Wizards are extremely important in advanced levels; they can summon demons, extremely powerful specials. Develop an Archmage, too. You'll need one; you'll want more.",
ROOMHINT_15,Don't venture too far into any dungeon without your maximum spell points. A good rule is to leave a dungeon when you are down to one quarter of your maximum spell points.,
ROOMHINT_16,"Manage your spell points carefully. Don't waste a spell if you can accomplish the same thing without magic. Torches, for example, often work as well as magic light spells. On the other hand, don't be shy about using magic in combat. When in doubt, blast 'em with magic.",
ROOMHINT_17,"Locate traps, second sight and sorcerer sight spells all identify traps within 30 feet. Trapzap spell disarms all traps within 30 feet.",
ROOMHINT_18,Cast a long lasting Bard spell right before entering a tavern. It's like getting a free spell.,
ROOMHINT_19,"Generally, the more expensive the item is, the better it works.",
ROOMHINT_20,There are no cursed or bad items.,
ROOMHINT_21,"Don't be stingy. Equip your fighters with the best armor, weapon, shield, helmet and gauntlets money can buy. After all, they can't take it with them.",
ROOMHINT_22,"Experiment with all items you find to determine their capabilities. Magical items are key to success. Remember that an item may only be usable for certain characters and classes, so trade items around if you have to.",
ROOMHINT_23,Seek out the Review Board. You need to visit there to be awarded new levels and spells.,
ROOMHINT_24,"By the way, the tavern on Rakhir Street is the only tavern that serves wine. And that wine ""goes down"" easily. You may wish to drop by to wet the whistle of your Bard. Good luck!",
ROOMHINT_25,"If your spell points aren't recharging fast enough, go see Roscoe. But be prepared for electrifyingly high fees.",
ROOMHINT_26,"Temples are divine places of resurrection and complete healing. In fact, this is the only place to cure characters who have been withered or turned to stone.",
ROOMHINT_27,"Gold you receive in battles is pooled for the party and can be used to buy weapons, heal your wounds or regenerate your spell points.",
ROOMHINT_28,After battles you may find items which go into a pool for anyone to use. Sell or drop items if your party inventory gets too full.,
ROOMHINT_29,Every mage should know where Roscoe's Energy Emporium is. He will regenerate your magic if the price is right.,
ROOMHINT_30,"The temples can heal your wounds, cure your illnesses and even bring back the dead for the right donation.",
ROOMHINT_31,Deeper dungeons require a higher hide-in-shadows skill. Keep upgrading your skill to 100 and beyond or you will be discovered more often.,
ROOMHINT_32,"Search all the buildings in all the towns. There is a dungeon to be found in every town, starting with Tangramayne.",
ROOMHINT_33,"The forests of the Realm hide a variety of interesting buildings, huts and strongholds (as well as a host of evildoers). Crypts can also be found in the wilderness and are worth investigating if you can gain access.",
ROOMHINT_34,Be sure to tip the bartender. He has valuable information to give you. Try giving him more money when you can afford it.,
ROOM_SEARCH,"Searching the room, you discover some parchment from the Adventurer's Guild Handbook. It reads:\n\n",
FOUND_HANDBOOK,There is a scrap of parchment from the Adventurer's Guild Handbook here. It reads:\n\n,
NOTE_READS,A note here reads:\n,
EXIT_BUILDING,Exit building,
IN_EMPTY_BUILDING,You are in an empty building.,
SEARCH_THE_ROOM,You search the room for anything useful...\n\n,
GUILD_TITLE,Thou art in the Guild of Adventurers.,
ENTER_THE_CITY,Enter the city,
GUILD_LEADER,Guild Leader,
CAMP_TITLE,Thou art in the camp of Skara Brae.,
CAMP_ENTER_WILDERNESS,Enter the wilderness,
GUILD_BEGIN_VOLUME2,Begin Volume II - The Destiny Knight,
GUILD_BEGIN_VOLUME3,Begin Volume III - Thief of Fate,
GUILD_ADD_MEMBER,Add member to party,
GUILD_REMOVE_MEMBER,Remove member from party,
GUILD_CREATE_MEMBER,Create a new member,
GUILD_DELETE_MEMBER,Delete member from roster,
GUILD_MORE_OPTIONS,More options...,
GUILD_CHOOSE_PORTRAIT,Choose new portrait,
GUILD_RENAME_MEMBER,Rename a party member,
GUILD_TALK_TO_LEADER,Talk to the guild leader,
GUILD_SAVE_PARTY,Save party to roster,
GUILD_QUIT_AND_EXIT,Quit and exit game,
GUILD_EXIT_TO_PREVIOUS,Exit to previous menu,
GUILD_CHANGE_PORTRAIT,Change portrait for which character?,
GUILD_CHOOSE_CHAR_TO_RENAME,Choose a character to rename:,
GUILD_SELECT_NEW_NAME,Select a new name for {0}:,
GUILD_NAME_IS_TAKEN,That name is already taken.,
GUILD_LEADER_KILLMANGAR,"All hail to the heroes of Skara Brae.\n\nNow that Mangar is dead, this blizzard will surely lift soon.\n\nYour work here is done. I wish you much luck in your future adventures in the land of Caith!",
GUILD_LEADER_SEVENTHWORD,"Mangar protects himself using a riddle with 7 answers, and you found them all! Your skills are without limit. You will surely be able to rid us of this evil soon!",
GUILD_LEADER_MADGOD,You found the Mad God and defeated him?! That's amazing. Our faith in you was not wasted!,
GUILD_LEADER_TARJANANSWERED,I see you've found an entrance into the catacombs. Your progress is impressive!,
GUILD_LEADER_SAMURAI,What is this? The statue turned into a Samurai and attacked you? This must be Mangar's evil magic. There are guardian statues throughout the town and some are undoubtedly even tougher to defeat!,
GUILD_LEADER_MANGAR,"An evil wizard Mangar is threatening the town. He's brought down a blizzard upon us and all manner of evil creatures are wandering about.\n\nTake a party out into town, explore everywhere for clues. You MUST find a way to stop him!",
GUILD_PARTY_FULL,Your party is full. Try removing some members before you add a new member.,
GUILD_ROSTER_EMPTY,The roster of heroes is empty. So sad...\n\nYou should go and create some new characters right away!,
GUILD_NOBODY_IN_PARTY,"There is nobody in your party, and so you cannot remove a member. Have a good day!",
GUILD_DELETE_CONFIRM,Did you mean to delete everyone in the heroes roster? Because they are all gone... forever!,
GUILD_PARTY_NOT_WORTH_SAVING,That's not a party worth saving!,
GUILD_NEED_PARTY_FOR_WILDERNESS,You need some active party members before you can enter the wilderness!,
GUILD_NEED_PARTY_FOR_CITY,You need some active party members before you can enter the city!,
GUILD_ADD_MEMBER_TO_PARTY,Add member to your party\n,
GUILD_REMOVE_MEMBER_FROM_PARTY,Remove Member from your party\n,
GUILD_ALL_MEMBERS,All members,
GUILD_PARTY_ROSTER,Party Roster,
GUILD_DELETE_MEMBER_PERMANENT,Delete member permanently,
GUILD_CANNOT_DELETE_MEMBER_IN_PARTY,You cannot delete a character that is in your Party. {0} is not amused.,
GUILD_CANNOT_DELETE_MEMBER_WITH_QUEST_ITEMS,You cannot delete a character holding quest items... you will need to empty their inventory first.,
GUILD_CONFIRM_DELETE_PARTY,Are you sure you wish to delete the party: {0}?,
GUILD_CONFIRM_DELETE_CHAR,Are you sure you wish to delete {0}?,
GUILD_CONFIRM_ACTION,This action cannot be undone.,
GUILD_CREATE_NEW_MEMBER,Create a new guild member...,
GUILD_SELECT_GENDER,Select a gender:,
GUILD_SELECT_RACE,Select a race:,
GUILD_SELECT_PROFESSION,Select a profession:,
GUILD_ROLL_ATTRIBUTES,Roll your attributes...\n,
GUILD_CLASS_DEFAULT,-- CLASS DEFAULT --,
GUILD_ENTER_NAME,Enter the new member's name:,
GUILD_CHARACTER_ALREADY_EXISTS,A character by the name of {0} already exists in the roster. Please choose a unique name!,
GUILD_ENTER_PARTY_NAME,Enter a name for your party:,
GUILD_NAME_TAKEN,That name is already taken.,
RB_1_0,Seek out Brilhasti ap Tarj beneath the Mad God's Temple!,
RB_1_1,"The old man in the Review Board scratches his head. ""Yes, you are the prophesied ones, but you have come too early. No matter.""",
RB_1_2,"""Beneath Skara Brae you will find one of Tarjan's devotees. Brilhasti ap Tarj is a foul Necromancer, and his life impedes my efforts to stave off disaster.""",
RB_1_3,"""You may enter the Catacombs under the Mad God's Temple by uttering his master's name... 'Tarjan'""",
RB_1_4,"""Destroy Brilhasti ap Tarj, then return to me for your true quest.""",
RB_2_0,"""Go to Arboria and retrieve for me Valarian's Bow and The Arrows of Life. The Chronomancer spell, Apport Arboria, cast at the Twilight Copse will get you there. The spell, Reditus Arboria, cast at the point where you arrived, will return you to Caith.""",
RB_2_1,"""Welcome ye children of the prophecy. Upon your shoulders falls a great weight, for you must embark on what will be your greatest adventure ever.""",
RB_2_2,"""That which has laid waste to Skara Brae is an ancient evil recently released. It threatens to destroy all reality and time as it has wrought havoc on Skara Brae.""",
RB_2_3,"""If you cannot stop it, it will consume the universe. If you do stop it, you will be rewarded beyond all your dreams.""",
RB_2_4,"""Prepare thyselves, and hasten to the place of trees, for it is most like the first dimension you must sojourn in to blunt the evil.""",
RB_2_5,"""Arboria, the home of Valarian the bold, is reached through using powerful magic that only a Chronomancer can control.""",
RB_2_6,"""Bring to me Valarian's Bow and The Arrows of Life if Valarian will not return here with you.""",
RB_2_7,"""Yes, and be on the lookout for an ally, for you are not the first I have sent on this quest. Though your paths are different, they may cross, and you will do well together.""",
RB_3_0,"""Use Apport Gelidia at Cold Peak to travel to Gelidia and retrieve for me the Wand of Power and the Sphere of Lanatir.""",
RB_3_1,"The old man takes the news of Valarian's death hard, but he summons a smile to his lips and breathes deeply.",
RB_3_2,"""You have done well, children, and I take well the news that Hawkslayer has survived this long. Now you are bound for a place far distant.""",
RB_3_3,"""It is the dimension of magic. It is known as Gelidia and if your Chronomancer is able, I will share the spells to get you there and back again.""",
RB_3_4,"""I shall teach there Apport Gelidia and Reditus Gelidia. Seek out Cold Peak to the north west, as they will only work there.""",
RB_3_5,"""Bring Lanatir with you, or, if you cannot convince him to come, coax from him the Wand of Power and the Sphere of Lanatir.""",
RB_4_0,"Seek out Alliria in Lucencia. The Crystal Spring in the east offers passage to Lucencia using Apport Lucencia. Recover the Crown of Truth and the Belt of Alliria!""",
RB_4_1,"The old man appears visibly shaken by the news of Lanatir's death. After a long silence he stares off into space and mumbles, ""Is it to be that way then?""",
RB_4_2,"His eyes focus upon you again, and a grim look washes over his features. ""Now you are bound for Lucencia.""",
RB_4_3,"""To this end, I will teach thee Apport Lucencia and Reditus Lucencia which you must use at the Crystal Spring to the north east.""",
RB_4_4,"""I dare not hope Alliria lives, so I want you to recover the Crown of Truth and the Belt of Alliria. Beware, for she had a jealous consort, and he will protect her as best he can.""",
RB_5_0,"""Get thee to Kinestia and recover The Hammer of Wrath and Ferofist's Helm. Your path begins in the Dwarven Mines to the south west!""",
RB_5_1,"The old man's look of grim determination withstands news of Alliria's death, but the information saps some of his strength.",
RB_5_2,"""Quickly then, my children, to distant Kinestia!""",
RB_5_3,"""Learn now, Apport Kinestia and Reditus Kinestia, which will take you to Ferofist in Kinestia if cast from the Dwarven Mines in the south west.""",
RB_5_4,"""You must return here with The Hammer of Wrath and Ferofist's Helm. I know Ferofist yet lives, but I cannot be sure of how long he will survive.""",
RB_5_5,"""Hurry, the pace quickens, and the outlook is horrible if you fail!""",
RB_6_0,"""Get to Tenebrosia! Bring me the Helm of Justice and Sceadu's Cloak. Seek the Shadow Rock!""",
RB_6_1,"The old man's eyes narrow as you tell of Ferofist's end. ""An alliance with the dark one, did he say? It is well he realized his folly in the end.""",
RB_6_2,"He pauses a second, and you see utter weariness send a tremor through him. ""Now to Tenebrosia for all of you.""",
RB_6_3,"I endow thee with the spells to travel there and return: Apport Tenebrosia and Reditus Tenebrosia. The spell must be cast at Shadow Rock, which can be seen towering in the east.""",
RB_6_4,"""Remember, in the land where night is day and day is night, nothing is as you know it to be. Paradox lives there - trust no one but yourselves.""",
RB_6_5,"""From there I require the Helm of Justice and Sceadu's Cloak.""",
RB_7_0,"""Off with you to Tarmitia, land of unceasing warfare. From the Vale to the South, thou must cast Apport Tarmitia. Recover Werra's Shield and the Strifespear.""",
RB_7_1,"""No!"" the old man cries out, ""not Sceadu as well. The dark one is utterly mad. Still,"" the old man smiles, ""he burns the chaff while I sow the seed.""",
RB_7_2,"""Off with you to Tarmitia, the land of unceasing warfare. A myriad of ages meld together there, and your success depends upon your ability to adapt.""",
RB_7_3,"""Bring me Werra's Shield and the Strifespear.""",
RB_7_4,"His eyes lose their focus. ""It is almost done, the circle is almost joined.""",
RB_8_0,The old man lies dead. His last request still plagues your memories. You must endure stench to get to Malefia and help Hawkslayer to defeat the Mad God Tarjan before he destroys all of reality.,
RB_8_1,"""I know,"" the old man gurgles, ""Werra lies dead.""\n\nBlood bubbles up on his lips and joins the dark stains on the rest of his clothing. ""I, too, have been slain by the Mad One.""",
RB_8_2,"""Gather up the prizes you have won, the special ones, those I requested. Hawkslayer has already ventured into Malefia, the land of EVIL.""",
RB_8_3,"""I have placed the prizes in the storage building near the entrance of Skara Brae.""",
RB_8_4,"""An acrid stench you must endure to reach the land of EVIL.""",
RB_8_5,"""Get yourselves hence and help him. Destroy the Mad God Tarjan before he destroys all reality!!""",
RB_8_6,"With those final words, the old man slumps over, and his body dissolves into a mist that a slight breeze stirs and blows away.",
RB_DEFEATED_BRILLHASTI,"""Yes! You defeated Brillhasti... There is now no doubt. The prophecy begins. Take this experience and let it serve you in the coming battles.""\n\nThe old man spreads his arms and your warriors are instantly advanced to level 35, while your mages are given the wisdom of a 5th level Archmage. You are now truly ready for the adventures ahead.",
RB_OLD_MAN_REWARD_XP,The old man rewards each member 600000 experience points.,
RB_OLD_MAN_REENERGIZE,"With a wave of his hand, the old man re-energizes all magic users.",
RB_REVIEW_BOARD_EMPTY,The review board lies empty... The last elder is gone and you are alone.\n\nAll that is left is the elder's last words echoing in your mind... to endure the acrid stench that leads to the land of EVIL and to find and destroy the Mad God Tarjan before he destroys all reality!,
RB_HALL_OF_WIZARDS,Thou art in the hall of wizards.\n\nWould thou like...,
RB_LAST_GUILD_ELDER,The last of the guild elders is here.\n\nWould thou like...,
RB_REVIEWED_FOR_WHAT,Wouldst thou like to be reviewed for:,
RB_ADVANCEMENT,Advancement,
RB_SPELL_AQUIRING,Spell Acquiring,
RB_CLASS_CHANGE,Class Change,
RB_BUY_A_NEW_SPELL,Buy a new spell,
RB_TALK_TO_THE_ELDER,Talk to the elder,
RB_WHO_SEEKS_KNOWLEDGE,Who seeks the special knowledge of the mystic arts?,
RB_NOT_A_SPELLCASTER,Thou art not a spell caster!,
RB_ALREADY_KNOW_SPELL,Thou already knows that spell!,
RB_CANNOT_AFFORD_SPELL,You cannot afford to learn this spell. Come back when you have at least {0} gold.,
RB_LEARN_SPELL_FOR_X_GOLD,Thou may learn {0} for {1} gold.,
RB_NOBODY_MAYBE_LATER,"Nobody, maybe later",
RB_YES_I_WANT_TO_LEARN,"Yes, I want to learn!",
RB_TITLE,Empty Review Board,
RB_CHAR_CANNOT_AFFORD_TO_LEARN,{0} cannot afford the {1} gold needed to learn this spell.,
RB_ELDERS_TEACH_LORE,The Elders teach you the lore.,
RB_GUILD_ELDER_PREPARES_TO_REVIEW,The guild elder prepares to weigh thy merits.\n\nWho shall be reviewed?,
RB_ELDERS_PREPARE_TO_REVIEW,The elders prepare to weigh thy merits.\n\nWho shall be reviewed?,
RB_GUILD_LEADERS_PREPARE_TO_REVIEW,The guild leaders prepare to weigh thy merits.\n\nWho shall be reviewed?,
RB_GUILD_ELDER_DEEMS_ADVANCE,The guild elder deems that {0} hath earned a level of advancement...\n\n,
RB_GUILD_ELDER_DEEMS_NO_ADVANCE,The guild elder deems that {0} still needeth {1} experience prior to advancement...,
RB_ELDERS_DEEM_ADVANCE,The elders deem that {0} hath earned a level of advancement...\n\n,
RB_ELDERS_DEEM_NO_ADVANCE,The elders deem that {0} still needeth {1} experience prior to advancement...,
RB_GUILD_LEADERS_ADVANCE,The guild leaders deem that {0} hath earned a level of advancement...\n\n,
RB_GUILD_LEADERS_NO_ADVANCE,The guild leaders deem that {0} still needeth {1} experience prior to advancement...,
RB_NO_MEMBERS_NEED_SPELL_LEVELS,You have no members that can be taught new spell levels.,
RB_ALREADY_MAXIMUM_SPELL_LEVEL,Thou art already at maximum spell level!,
RB_CANNOT_LEARN_NEW_SPELLS,Thou cannot learn new spells yet!,
RB_SPELL_LEVEL_COST_THEE_GOLD,{0} spell level {1} will cost thee {2} in gold.,
RB_YOU_WILL_LEARN_SPELLS,You will learn these spells:,
RB_YES_PAY,"Yes, I will pay now! Teach me...",
RB_NO_DONT_PAY,"No, I will come back later.",
RB_NEED_GOLD_FOR_NEW_SPELLS,You need {0} gold before you can be taught the new spells!,
RB_OLD_MAN_TAUGHT_LORE,The old man has taught you the lore.,
RB_SAGES_TAUGHT_LORE,The Spell Sages have taught you the lore.,
RB_MAGE_SEEKS_CLASS,Which mage seeks to change their class?,
RB_YOU_HAVE_NO_MAGES_SEEK_CLASS,You have no mages in your party that can change class!,
RB_MUST_KNOW_3_SPELL_LEVELS,You must know at least 3 spell levels in your present art first.,
RB_NO_CLASS_TO_CHANGE_TO,There is no class you can change to!,
RB_CHAR_WHAT_TO_BECOME,"{0}, what wouldst thou become?",
RB_CHAR_NEW_CLASS_LEARNT_SPELLS,{0} is now a {1} and has learnt the following spells:,
RB_UNDERSTAND_SACRIFICE,"Thee understands the sacrifice, dost thou not?\nThee will be stripped of all thy spells and knowledge thereof. Thee will be more powerful than ever before, but more vulnerable as well.\nDost thou accept this sacrifice?",
RB_ARBORIA_SPELL,"Know this, the spell to enter Arboria is invoked by uttering 'Apport Arboria' and the spell to return is 'Reditus Arboria'. Be wary, for the spells only work in one place in the land.\n\nThere is a large grove of trees just southwest of Skara Brae. The spell will work there.",
BH_DRAGONSONG,Dragon Song,
BH_DRAGONSONG_1,"Dragon, dragon,\nWhy do you lair?\nUnfurl your wings, Take to the air!\nSoar high above, Far away fly,\nOr is that where, You wish to die?",
BH_DRAGONSONG_2,"Hawkslayer, Hawkslayer,\nWhy do you ask?\nKilling me is a difficult task.\nMy claws are sharp, my fangs sharper yet,\nAnd my breath flames, let us not forget.",
BH_DRAGONSONG_3,"Dragon, dragon,\nThou art quite strong.\nYour scales are bright and talons are long,\nBut a duty I have and it is clear:\nWhatever it takes, I will drive you from here.",
BH_DRAGONSONG_4,"Hawkslayer, Hawkslayer,\nSuch a brief life.\nHave you no wish to again see your wife?\nImagine her tears and grief and despair,\nWalk away from this fight, you have not a prayer.",
BH_DRAGONSONG_5,"Dragon, dragon,\nHow wise thou art.\nA massive beast with such a kind heart.\nI do wish to kiss my wife and my heir,\nPray, fly to the mountains and await me there.",
BH_DRAGONSONG_6,"Hawkslayer, Hawkslayer,\nI thought you were brave.\nHere I await you, deep in this cave.\nCome, little man, and I'll eat your brain,\nThen ravage Lucencia again and again.",
BH_DRAGONSONG_7,"Dragon, dragon,\nGreat is your heart.\nMassive your body, but you are not smart.\nThe rumble you hear and the dust in the air?\nI've closed the cave off and trapped you in there.",
BH_DRAGONSONG_8,"Hawkslayer, Hawkslayer,\nOthers will come.\nI will wait but I will not succumb.\nHero you are, and incredibly sly,\nBut the future I know and a hero you'll die...",
BH_FLOWERSONG,Flower Ballad,
BH_FLOWERSONG_1,"He was born with the red, red rose,\nSign of his blood, was the link to the past.",
BH_FLOWERSONG_2,"In battle, he won the blue, blue rose,\nBlossom of his valor, his weapons were cast.",
BH_FLOWERSONG_3,"She was for him the yellow, yellow rose,\nHer spirit divine, his love would always last.",
BH_FLOWERSONG_4,"His pledge he made o'er the white, white rose,\nAnd she accepted it as sooth, and remained his steadfast.",
BH_FLOWERSONG_5,"So he made for her the rainbow rose,\nLike Alliria's beauty, a blossom unsurpassed.",
BH_TARJANSONG,Gale of Gods,
BH_TARJANSONG_1,"Mad god, bad god,\nThrust from the sky,\nFoolish god, ghoulish god.\nWe can't hear you cry.",
BH_TARJANSONG_2,"Rude god, crude god,\nWhy must you terrify?\nError god, terror god,\nDo not your future scry.",
BH_TARJANSONG_3,"Clever god, never god,\nYour time is nigh.\nDire god, liar god,\nWhy won't you just die?",
BH_EVILSONG,Evil's Bane,
BH_EVILSONG_1,"In the land of no time,\nThe Clock within burns like a flame,",
BH_EVILSONG_2,Locking each in his own crime:\nOne can only leave when he came.,
BH_GREETING,Welcome and be happy o'weary travellers! Step to the stage and listen to my tales.\n\nYou can:,
BH_LISTEN_TO_BARD,Listen to the bard,
BH_THESE_SONGS_I_KNOW,These are the songs I know:,
BH_NO_BARDS_THAT_DONT_KNOW_SONG,There are no bards in your party that don't already know this song.,
BH_COST_X_GOLD_FOR_SONG,"The bard smiles and says, ""That one will cost thee {0} gold, since your bards will learn the magic of my song.""\n\n",
BH_COME_BACK_WITH_GOLD,Come back when you have enough gold!,
BH_BARD_PLAYS_SONG,The bard plays the song and you memorize the lines.,
GET_OUT_CLOSED_FOR_NIGHT,"Sorry, you have to leave. We are closed for the night!",
GARTHS_WELCOME,"Welcome to Garth's Equipment Shoppe, oh wealthy travellers! Which of you is interested in my fine wares?",
GARTHS_GREETING_CHAR,Greetings {0}.\n,
GARTHS_CHAR_HAS_NO_FREE_INVENTORY,{0} has no free inventory slots.,
GARTHS_CHAR_HAS_NO_SPACE,Your party has no space for new items. You need to drop or equip something.,
CHAR_HAS_X_GOLD,{0} has {1} gold,
GARTHS_CHAR_CHOOSE_ITEM,"{0}, choose an item:",
GARTHS_NO_SPACE,You don't not have space in your inventory!,
GARTHS_NO_ITEMS_TO_SELL,You have no items to sell.,
GARTHS_HAS_GOLD_SELL_ITEM,"{0} has gold {1}, sell item:",
GARTHS_SELECT_ITEM_TO_SELL,Select item to sell:,
GARTHS_CANNOT_SELL_EQUIPPED,Cannot sell an item while it is equipped!,
GARTHS_CHAR_HAS_X_GOLD_IDENTIFY,"{0} has {1} gold, identify:",
GARTHS_SELECT_ITEM_IDENTIFY,Select item to identify:,
GARTHS_IDENTIFIED_ITEM,An unidentified {0},
GARTHS_NO_ITEMS_NEED_IDENT,You have no items that need identifying.,
GARTHS_TRY_ROSCOES,Try Roscoe's Energy Emporium if you have some magical items with unidentified special uses.,
GARTHS_ITEM_ALREADY_IDENTIFIED_TRY_MAGIC,The item is already identified! Only through magic can you learn more about it...,
GARTHS_ITEM_ALREADY_IDENTIFIED_TRY_ROSCOE,The item is already identified! Perhaps Roscoe can tell you more...,
GARTHS_PURCHASED,PURCHASED,
GARTHS_PURCHASED_EQUIPPED,PURCHASED AND EQUIPPED,
PARTY_EXPIRED,"Alas, your party has expired, and has gone to adventurer heaven.",
SORRY_BUD,"Sorry, bud",
ROSCOES_WELCOME,"Welcome, my friends, to Roscoe's Energy Emporium.",
ROSCOES_WHO_NEEDETH_POINTS,Who needeth spell points restored?,
ROSCOES_RESTORE_ALL,Restore spell points for all mages,
ROSCOES_COME_AGAIN,Come visit me when you have mages that require spell points restored.,
ROSCOES_I_PROVIDE_INSIGHTS,I can also provide insights about your magical items.,
ROSCOES_IDENTIFY_ITEM,Identify magic item,
ROSCOES_PARTY_HAS_NO_ITEMS,Your party has no items that need identifying.,
ROSCOES_CHOOSE_ITEM,Choose an item to identify:,
ROSCOES_WILL_YOU_PAY,I can identify this item for {0} gold. Who will pay?,
ROSCOES_COME_BACK_WHEN_YOU_CAN_AFFORD,My services would cost {0} gold. Be sure to come back when you can afford it.,
ROSCOES_ITEM_WAS_IDENTIFIED,Item was identified as:\n{0}\n{1},
ROSCOES_CHAR_DOES_NOT_NEED_REST,{0} does not require restoration.,
ROSCOES_CHAR_NEEDS_REST,{0} has some definite spell point problems. It will cost {1} in gold.,
ROSCOES_YES_RECHARGE,"""Yes, I want the recharge.""",
ROSCOES_NO_RECHARGE,"""No, maybe later.""",
ROSCOES_NO_CHAR_HAS_MONEY,"""I am sorry, but no character has enough gold to pay!""",
ROSCOES_ENERGIZES_CHAR,Roscoes re-energizes {0}.,
ROSCOES_MAGES_NEED_RECHARGE,Your mages do indeed have need of my spell point recharge service. My price is {0} gold.,
ROSCOES_COME_AGAIN_WITH_GOLD,Come back when you can afford my services.,
ROSCOES_YES_RECHARGE_ALL,"""Yes, recharge all my mages.""",
ROSCOES_CHAR_REENERGIZED,{0} is re-energized!,
Identify Magic Item,Identify Magic Item,
Treasure,Treasure,
TREASURE_EACH_CHAR_RECEIVES_XP,Each character receives {0} experience points for valor and battle knowledge.,
TREASURE_EACH_CHAR_RECEIVES_GOLD,Each character receives {0} pieces of gold.\n,
TREASURE_PARTY_RECEIVES_GOLD,The party receives {0} pieces of gold.\n,
BANK_SELECT_CHAR_GREETINGS,Greetings honored ones. Welcome to Bedder's Bank for the Bold.\nWho would like to do some banking?,
BANK_GREETINGS_CHAR,Greetings {0}. What can I do for you today?\n,
BANK_GREETINGS,Greetings honored ones. Welcome to Bedder's Bank for the Bold.\n,
BANK_CURRENT_DEPOSIT,Current Deposit: {0:n0} Gold,
BANK_CURRENT_ITEMS,Current Items Held: {0} / {1},
BANK_DEPOSIT_GOLD,Deposit some gold,
BANK_WITHDRAW_GOLD,Withdraw some gold,
BANK_BUY_SAFE_DEPOSIT,Buy 10 safe deposit slots ({0:n0} gold),
BANK_STORE_ITEMS,Store items,
BANK_RETRIEVE_ITEMS,Retrieve items,
BANK_END_DEALINGS,End dealings,
BANK_NOT_ENOUGH_GOLD_TO_BUY_SLOT,You do not have enough gold to buy another safety deposit slot!,
BANK_HOW_MUCH_TO_DEPOSIT,How much would you like to deposit?\n,
BANK_CARRYING_GOLD,You are carrying: {0:n0} Gold,
BANK_YOUR_GOLD_WAS_DEPOSITED,"""Your gold has been deposited. Thank you, it will be safe with us.""",
BANK_YOU_DONT_HAVE_MONEY,You don't have that much money! What are you trying to pull here buddy?,
BANK_SORRY_DONT_UNDERSTAND,"""Sorry, I don't understand you!""",
BANK_SORRY_NO_DEPOSITS,"""I'm sorry, but you don't currently have any deposits with us.""",
BANK_HOW_MUCH_TO_WITHDRAW,How much would you like to withdraw?\n,
BANK_GOLD_HAS_BEEN_WITHDRAWN,"""Your gold has been withdrawn. Thank you, we hope you'll bank with us again in the future.""",
BANK_DO_NOT_OWN_SAFTEY_SLOTS,You do not own any safety deposit slots. You will need to buy some first!,
BANK_ALL_SLOTS_ARE_FULL,I'm sorry but all your safety deposit slots are full!,
BANK_NO_ITEMS_TO_STORE,You have no items to store.,
BANK_SELECT_ITEM_TO_STORE,Select item to store:,
BANK_STORE_ITEM,Store item,
BANK_STORED,STORED,
BANK_NO_CURRENT_ITEMS,We are not currently holding any of your items!,
BANK_NO_INVENTORY_SPACE,You have no inventory space to retrieve any items from the Bank!\n\nYou should drop or sell some items first.,
BANK_SELECT_ITEM_TO_RETRIEVE,Select item to retrieve:,
BANK_RETRIEVE_ITEM,Retrieve item,
no charge,no charge,
gold,gold,
TEMPLE_WELCOME_THIEVES,Welcome to the temple of the Thieves.\n\nNo charge to guild members for our services.\n,
TEMPLE_WELCOME,"Welcome, oh weary ones, to our humble temple.\n",
TEMPLE_WHO_NEED_HEAL,Who needeth healing?,
TEMPLE_HEAL_ENTIRE_PARTY,Heal entire party?,
REQUIRES_X_GOLD,Requires {0} gold,
TEMPLE_RETURN_WHEN_NEED_HEALING,Visit us when a party member has need of healing.,
TEMPLE_EXIT,Exit the temple,
TEMPLE_CHAR_NO_REQUIRE_HEAL,{0} does not require any healing.,
TEMPLE_CHAR_IN_BAD_SHAPE,"{0} is in bad shape, indeed. Thou must offer {1} in gold to the gods.",
TEMPLE_YES_HEAL,"Yes, perform the healing.",
TEMPLE_YES_HEAL_PARTY,"Yes, heal the entire party.",
NO_IT_COSTS_TOO_MUCH,"No, it costs too much.",
TEMPLE_CHAR_NEEDS_HEALING,{0} has wounds which need tending. Thou must make an offering of {1} gold.,
TEMPLE_PARTY_NEEDS_MINOR_HEALING,"Your party requires some minor medical attention. If thou wilt offer {0} gold to the gods, we can attend to all your wounds at once.",
TEMPLE_PARTY_NEEDS_MEDIUM_HEALING,"You party has taken much damage from battle. If thou wilt offer {0} gold to the gods, we can aid thee.",
TEMPLE_PARTY_NEEDS_MAJOR_HEALING,"Your party is in bad shape, indeed. If thou wilt offer {0} gold to the gods, we shall restore all your members to full health.",
TEMPLE_LAY_HANDS_ON,The priests lay hands on {0}...,
TEMPLE_AND_IS_HEALED,... and {0} is healed!,
TEMPLE_CHAR_IS_DESTONED,{0} is destoned...,
TEMPLE_CHAR_IS_RESURRECTED,{0} is resurrected...,
TEMPLE_CHAR_IS_CURED_POISON,{0} is cured of poison...,
TEMPLE_CHAR_IS_CURED_PARALYSIS,{0} is cured of paralysis...,
TEMPLE_CHAR_IS_CURED_OLD,{0} is cured of withering...,
TEMPLE_CHAR_IS_CURED_POSSESSION,{0} is cured of possession...,
TEMPLE_CHAR_IS_CURED_INSANTY,{0} is cured of insanity...,
TEMPLE_CHAR_IS_CURED_DRAIN,{0} is cured of level drain effects...,
TEMPLE_CHAR_IS_HEALED,{0} is healed...,
TAVERN_GREETING,"Hail, Travellers! Step to the bar and I'll draw you a tankard.\n\nWho will step up to the bar?",
TAVERN_EXIT,Exit the tavern,
TAVERN_SCARLET_BARD,The Scarlet Bard,
TAVERN_SCARLET_BARD_APPROACH,You are in what seems to be the wreckage of the old Dragonbreath Inn. A bard playing solemn tunes on his lute sits in the corner. Who will approach him?,
TAVERN_SCARLET_BARD_GREET,"""Greetings, my friend. It is good to see the living amongst so much death. I am here trying to sing the ghosts of this place to rest.",
TAVERN_SCARLET_BARD_GREET_NOT_BARD,"If you were a Bard, I could possibly teach you some songs, but since you are not, I'm afraid I cannot help you.""",
TAVERN_SCARLET_BARD_GREET_BARD,"For {0} gold I could teach you some magical songs. I apologize for asking so much, but the money will go toward the refugees and (I hope) to one day help rebuild Skara Brae.""",
TAVERN_LEAVE_THE_BARD,Leave the bard for now,
TAVERN_TEACH_ME_A_SONG,Teach me a song,
TAVERN_SCARLET_BARD_NO_ENOUGH_GOLD,"I'm sorry, but I must insist on {0} gold payment in advance. Come back when you have the gold.",
TAVERN_SCARLET_BARD_CHOOSE_SONG,"Choose a song, you have {0} gold to spend...",
TAVERN_SCARLET_BARD_KNOW_ALL_SONGS,"""I'm sorry my friend but you already know all my songs.""",
TAVERN_SCARLET_BARD_TAUGHT_CHAR,The Scarlet Bard has taught {0} how to play {1}.,
TAVERN_NO_CONDITION_TO_ORDER,Thou are in no condition to order anything. Come back when you sober up a bit.,
TAVERN_GOOD_DAY,Good day to you {0}. What can I do for you today?\n,
TAVERN_SCARLET_BARD_IS_HERE,There is a red-headed bard in the corner. The locals call him 'The Scarlet Bard' and he is a master of song magic.\n,
TAVERN_APPROACH_BARD,Approach the Scarlet Bard,
TAVERN_ORDER_DRINK,Order a drink,
TAVERN_BUY_WINESKIN,Buy a wineskin,
TAVERN_TALK_TO_BARKEEP,Talk to the barkeep,
TAVERN_LEAVE_BAR,Leave the bar,
TAVERN_SCARLET_BARD_WELCOME_BT2,"Well met. Your stories precede you, my friends. We all fight in the best way we can. Would you like to hear the song I am composing of your deeds? Your example gives the people hope.\n\nI also know some magical tunes that I could sell thee.",
TAVERN_SCARLET_BARD_LISTEN,Listen to his composition,
TAVERN_SCARLET_BARD_WELCOME_BT3,Welcome my good fellows. I have travelled these lands and come to learn many great songs of legend. For the right price I could teach you some songs that might save your life one day!,
TAVERN_SCARLET_BARD_BUY_TUNES,Buy magical tunes,
TAVERN_SCARLET_BARD_RETURN,Return to the bar,
TAVERN_SBSONG_1,"Beyond the Bard's Tale, as was told,

An epic great will now unfold

And in the quest, before thy sight,

A mortal man becomes the Knight.



Of wounds this many can never die;

His lips will never, voice the cry

Which doomed another, ages gone

Who now is trapped as evil's pawn.",
TAVERN_SBSONG_2,"Of puissant might and matchless brawn

The knight's fierce fate is plainly drawn

Upon the tome of life, in fact

And in this power lies the pact.



So seek the wand, and face the snare

Yet in no way can you prepare

For Zanta's wrath and endless guile -

Now try the quest, friend... for a while.",
TAVERN_SB_SONG_NOT_BARD,"Well met, good friend. If only you were a Bard I'm sure I could teach you a thing or two.",
TAVERN_SB_SONG_NEED_GOLD,"Well met, fine Bard. I teach song magic but I fear my prices may be too steep for you. Come back when you have {0:n0} gold",
TAVERN_SB_WANT_TO_BUY_SONG,"Well met fine Bard. I know a lot of powerful song magic. For {0:n0} gold, I'll teach you one. What song would you like to know?",
TAVERN_SB_NOTHING_MORE_TO_TEACH,I'm sorry my friend but there is nothing more I can teach you.,
TAVERN_SB_TAUGHT,The Scarlet Bard has taught {0} how to play {1}.,
TAVERN_DO_YOU_WANT_WINESKIN,"I can give you a wineskin full of our best spirits.\n\nIt's 5 gold per serve, and the wineskin can hold up to 10 serves.\n\nHow many do you want?""",
TAVERN_WINESKIN_BAD_SERVES,"Listen bud, the wineskin can only hold between 1 and 10 serves. Let's try that again...",
TAVERN_WINESKIN_NO_GOLD,That'd cost {0} gold and looks like that's a bit steep for your sort. Why don't you come back when you have more coin!,
TAVERN_DONT_UNDERSTAND,"I got no idea what you said? Maybe you've had enough drink already, eh?",
DRUNK_MSG_0,You feel a little light-headed.,
DRUNK_MSG_1,You start hiccupping.,
DRUNK_MSG_2,You begin to sing 99 bottles of beer on the wall.,
DRUNK_MSG_3,You seem to have a hard time staying on the bar stool.,
DRUNK_MSG_4,You collapse on the floor.,
GIRLS_NOT_IMP_0,The girls in the tavern laugh at you.,
GIRLS_NOT_IMP_1,The girls in the tavern are not impressed!,
GIRLS_NOT_IMP_2,No-one is impressed.,
TAVERN_SEAT_THYSELF,"Seat thyself, {0}.\nWhat'll it be?",
Ale,Ale,
Beer,Beer,
Mead,Mead,
Foul spirits,Foul spirits,
Ginger Ale,Ginger Ale,
Wine,Wine,
TAVERN_NOT_BAD,Not Bad!,
TAVERN_NOT_WELL,You don't feel too well!,
TAVERN_KICK_OUT,"In fact, thy party is a disgrace...\n\nBouncers!!!",
TAVERN_ENTER_TIP,"""Talk aint cheap"" the barkeep says.\nHow much will you tip him?",
TAVERN_NEG_TIP,I don't understand... you want ME to pay YOU? That aint gonna happen bud!,
TAVERN_ZERO_TIP,"Yeah, I got a free tip for ya... Nothings for free!",
TAVERN_UNKNOWN_TIP,"What kind of tip is that? I just accept gold, bud!",
TAVERN_TO_WINE_CELLAR,"The barkeep says, ""Go down to the cellar and pick out a bottle.""",
TAVERNTIP_BT1_0,"""The guardians can be deadly"", the barkeep smirks.",
TAVERNTIP_BT1_1,"""A taste of wine might turn to ready adventure"", the barkeep chuckles.",
TAVERNTIP_BT1_2,"""Look for the Review Board on Trumpet Street"", the barkeep whispers,",
TAVERNTIP_BT1_3,"""The gates cannot be scaled, but an entrance always exists"", the barkeep stutters.",
TAVERNTIP_BT1_4,"""The Stone Golem has been spoken of twofold"", the barkeep smiles.",
TAVERNTIP_BT1_5,"""The Spectre Snare can draw in even the mightiest"", the barkeep grumbles.",
TAVERNTIP_BT2_0,"""Seek knowledge from the sage,"" the barkeep smirks.",
TAVERNTIP_BT2_1,"""The Scarlet Bard likes his ale... Some more coin might help me remember his favorite tavern..."" the barkeep chuckles.",
TAVERNTIP_BT2_2,"""The Sage charges 500 in gold for information on magical items,"" the barkeep whispers.",
TAVERNTIP_BT2_3,"""Seek the Masterkey to pass the gates,"" the barkeep stutters. ""The crypt lies in the wilderness,"" the barkeep whispers.",
TAVERNTIP_BT2_4,"""The Scarlet Bard's is often hanging around the Greysword Inn in the south end of Ephesus."" the barkeep informs you.",
TAVERNTIP_BT2_5,"""The Dreamspell can be learned from the rock,"" the barkeep grumbles.",
TAVERNTIP_BT2_6,"""Every city has one dungeon within it,"" the barkeep grumbles.",
TAVERNTIP_BT2_7,"""Traecham solved his task by chilling; he said 'F.....',"" the barkeep mutters.",
TAVERNTIP_BT2_8,"""Oscon was sorcerer to Count Waldec... until he turned coat and slew him. Rumour is he’s working with Lagoth Zanta,"" the barkeep grumbles.",
TAVERNTIP_BT2_9,"""There’s a tower in Philippi... it just appeared one day, out of nothing... Some say it comes from another realm, whatever the heck that means,"" the barkeep whispers.",
TAVERNTIP_BT3_0,"""There's a building in Skara Brae where some of the survivors stashed their goods. It may be helpful,"" smiles the bartender.",
TAVERNTIP_BT3_1,"""Be on the lookout for the magic gems, your spellcasters will need them""",
TAVERNTIP_BT3_2,"""There lies another bar in Celaria Bree, seek it. It exists only in the dimension called Lucencia.""",
TAVERNTIP_BT3_3,"""Seek out the old man in the Review Board. He keeps watch over everything.""",
TAVERNTIP_BT3_4,"""Go to the bard's hall and listen to the songs they sing. They contain useful information.""",
TAVERNTIP_BT3_5,"""There is said to be a key existing in the Violet Mountains, this will gain access to Cyanis's Tower""",
TAVERNTIP_BT3_6,"""Ack! It's not just a word, but a state of mind.""",
TAVERNTIP_BT3_7,"""The key to finding Sceadu is finding the lock.""",
TAVERNTIP_BT3_8,"""Sceadu can be found in the middle of Nowhere.""",
TAVERNTIP_BT3_9,"""Seek Werra in Tarmitia.""",
Chest,Chest,
CHEST_INTRO,There is a chest here.,
CHEST_ZANDUVAR_CARACK,"The magic sounds of the Zanduvar Carack protects you from any trap, so you open it.",
CHEST_ROGUE_AUTO_DISARM,{0} uses {1} 100% chance of disarming traps to identify the trap on this chest and disarm it.,
CHEST_CHAR_DISCOVERS_TRAP,{0} discovers a trap - {1}.\n,
CHEST_NO_TRAP_DETECTED,No-one is able to detect any traps on the chest.\n,
CHEST_WHAT_WILL_YOU_DO,What will you do?,
Disarm,Disarm,
chance,chance,
Trap Zap,Trap Zap,
spellpoints,spell points,
CHEST_OPEN_UNCHECKED,Open it unchecked,
CHEST_LEAVE_IT,Leave it,
CHEST_NO_CHARACTERS,There are no characters that can do that!,
CHEST_WHO_WILL_OPEN,Who will open it?,
CHEST_YOU_SET_OFF_TRAP,You set off the trap - {0}\n\n,
CHEST_SUCCESS,Success!!,
CHEST_CHAR_NOT_ENOUGH_SPELLPOINTS,{0} does not have enough spell points to cast Trap Zap!,
CHEST_ANTIMAGIC_AURA,An anti-magic aura in this place prevents the use of Trap Zap!,
CHEST_CHAR_DISARMS,{0} successfully disarms the trap!,
Credits,Credits,
Settings,Settings,
Graphics,Graphics,
Graphics settings,Graphics settings,
Audio,Audio,
Gameplay,Gameplay,
Gameplay Settings,Gameplay Settings,
Legacy,Legacy,
Resolution,Resolution,
Resolution_DESC,Change the resolution of the game.,
Fullscreen,Fullscreen,
SSAO,SSAO,
Shadows,Shadows,
Bloom,Bloom,
Grass,Grass,
3D View Gamma,3D View Gamma,
Text Scroll Speed,Text Scroll Speed,
Minimap Alpha,Minimap Alpha,
Large 3D (small text),Large 3D,
Inverse Mouse Look Y,Inverse Mouse Look Y,
Background Pause,Background Pause,
Party Inventory Divider,Party Inventory Divider,
Mouse Friendly Combat,Mouse Friendly Combat,
ESDF Movement Keys,ESDF Movement Keys,
Show Combat Effects,Show Combat Effects,
SETTINGS_BACKGROUND_PAUSE_TOOLTIP,The game will pause and bring up the Pause Menu whenever the game window loses focus.,
SETTINGS_INVERSE_MOUSE_TOOLTIP,Mouse look in the 3d view is reversed on the Y axis.,
SETTINGS_LARGE_VIEW,"This will use an alternative layout where the 3d view is much larger, but the player info and message scroll are smaller and use smaller text.\nNote: This is NOT supported on 4:3 aspect.",
SETTINGS_MOUSE_FRIENDLY,"Combat actions that are not available will be transparent, rather than being removed. This way the options do not move on screen between characters and are easier to click on.",
SETTINGS_ESDF_MOVEMENT,"For AZERTY keyboard users, you can now navigate the game using ESDF keys, instead of the usual WASD keys.",
SETTINGS_COMBAT_EFFECTS,Do a visual effect whenever a monster or ally is attacked in combat. You may prefer to turn this off if you want a more passive experience.,
SETTINGS_INVENTORY_DIVIDER,"Place a separator between character inventory and party inventory. This is more intuitive, though it means the UI must rebuild when items are equipped and unequipped.",
SETTINGS_FULLSCREEN_TOOLTIP,Toggles Fullscreen. Fullscreen maximises the game window to fit the screen.,
SETTINGS_SSAO_TOOLTIP,Toggles SSAO. SSAO (Screen Space Ambient Occlusion) creates advanced lighting effects for each point and how exposed it is to ambient lighting. Turning SSAO off may improve performance.,
SETTINGS_SHADOWS_TOOLTIP,Toggles Shadows. Cast shadows from sunlight or moonlight.,
SETTINGS_BLOOM_TOOLTIP,"Toggles Bloom. Bloom produces edges of light extending from the borders of bright areas, making lights brighter than what they actually appear.",
SETTINGS_GRASS_TOOLTIP,Toggles Grass. Grass is nature's carpet.,
SETTINGS_GAMMA_TOOLTIP,Adjusts in game brightness levels.,
SETTINGS_TEXTSCROLLSPEED_TOOLTIP,"Text scroll speed changes the speed that scroll text in combat gets presented and shifted up. Scroll speed can also be adjusted by its <l=""MAN_COMBAT_COMMANDS"",""shortcut keys""/>.",
SETTINGS_MINIMAPALPHA_TOOLTIP,"Minimap alpha controls the visibility of the minimap in the <l=""MAN_3D_GAME_VIEW"",""3D game view""/>.",
CREDITS_COPYRIGHT,"© 2019 inXile entertainment. All rights reserved.



The Bard’s Tale is a trademark or registered trademark of

inXile entertainment in certain countries, and is a trademark

or registered trademark of Electronic Arts Inc. in certain other

countries where it is used under license.



inXile entertainment and the inXile logo are trademarks of

inXile entertainment.",
CREDITS_TITLE,Bard's Tale,
CREDITS_THE,The,
CREDITS_TRILOGY,TRILOGY,
LEGACY_OPTIONS,Choose Legacy Options\nPlay the game like it played in the 80s,
LEGACY_OPTIONS_INGAME,Your game is using these legacy options:,
Individual Inventory,Individual Inventory,
Misc Game Differences,Misc Game Differences,
Game Specific Songs,Game Specific Songs,
Use Unequipped Items,Use Unequipped Items,
Automap Disabled,Automap Disabled,
Full XP Requirements,Full XP Requirements,
Save at Guild Only,Save at Guild Only,
No Items in Empty Houses,No Items in Empty Houses,
Game Stats,Game Stats,
Time:,Time:,
Battles Fought:,Battles Fought:,
Monsters Summoned:,Monsters Summoned:,
Damage Dealt:,Damage Dealt:,
Items Sold:,Items Sold:,
Disarmed Chests:,Disarmed Chests:,
Ranged Attacks:,Ranged Attacks:,
Blackjack Wins:,BlackJack Wins:,
Steps:,Steps:,
Battles Run:,Battles Run:,
Spells Cast:,Spells Cast:,
Damage Taken:,Damage Taken:,
Items Identified:,Items Identified:,
Disarmed Traps:,Disarmed Traps:,
Levels Attained:,Levels Attained:,
Black Jack Loses:,BlackJack Losses:,
Turns:,Turns:,
Monsters Killed:,Monsters Killed:,
Points Used:,Points Used:,
Items Bought:,Items Bought:,
Items Used:,Items Used:,
Songs Sung:,Songs Sung:,
XP Attained:,XP Attained:,
BlackJack Pushes:,BlackJack Pushes:,
Entire Trilogy,Entire Trilogy,
hrs_short,h,
min_short,m,
hrs,hrs,
min,min,
mins,mins,
secs,secs,
Enter filter...,Enter filter...,
MAN_CONJURER_SPELLS,Conjurer Spells,
MAN_MAGICIAN_SPELLS,Magician Spells,
MAN_SORCERER_SPELLS,Sorcerer Spells,
MAN_WIZARD_SPELLS,Wizard Spells,
MAN_ARCHMAGE_SPELLS,Archmage Spells,
MAN_CHRONOMANCER_SPELLS,Chronomancer Spells,
MAN_GEOMANCER_SPELLS,Geomancer Spells,
MANUAL_TITLE,Bard's Tale Trilogy Remaster Manual,
MAN_ABOUT,About,
MAN_ABOUT_TEXT,"The Bard’s Tale was originally written as trilogy of games. The release of the 3 titles was between 1985-1988.

<color=@#Heading#>

<b>Tales of the Unknown (BT1)</b>

<b>The Destiny Knight (BT2)</b>

<b>Thief of Fate (BT3)</b>

</color>

This remaster combines the three games into a single narrative. Some features from The Destiny Knight and Thief of Fate have been taken through all three games to provide a consistent gameplay experience across the 3 volumes.",
MAN_GAME_SCREEN_ELEMENTS,Game Screen Elements,
MAN_GAME_SCREEN_ELEMENTS_TEXT,"<pos=0%><sprite=55/></pos><pos=47.5f%><sprite=56/></pos><line-height=1150%>

</line-height><size=50%><pos=11.5f%><sprite=35/></pos></pos><pos=15%><sprite=37/></pos><pos=20%><sprite=38/></pos><pos=25.5f%><sprite=39/></pos><pos=30f%><sprite=40/></pos><pos=34f%><sprite=42/></pos></size><line-height=105%>

</line-height><size=80%><pos=40f%>@#AC#</pos><pos=55.5f%><color=#141414>@#HP#</color></pos><pos=78f%>@#SP#</pos><pos=95.5f%>@#CL#</pos>

<pos=0.25f%>1</pos><pos=2.5f%>@#Brian the Fist#</pos><pos=40f%>-10</pos><pos=53f%><color=#141414>108/</color><color=#F0F0F0FF>258</color></pos><pos=75f%></pos><pos=95f%>@#WA#</pos>

<pos=0f%>2</pos><pos=2.5f%>@#El Cid#</pos><pos=40f%>-8</pos><pos=53f%><color=#141414>215/</color><color=#F0F0F0FF>226</color></pos><pos=75f%></pos><pos=95f%>@#PA#</pos>

<pos=0f%>3</pos><pos=2.5f%>@#Markus#</pos><pos=40f%>-4</pos><pos=53f%><color=#141414>176/</color><color=#F0F0F0FF>198</color></pos><pos=75f%></pos><pos=95f%>@#BA#</pos>

<pos=0f%>4</pos><pos=2.5f%>@#Sir Grady#</pos><pos=40f%>-5</pos><pos=53f%><color=#141414>178/</color><color=#F0F0F0FF>215</color></pos><pos=75f%></pos><pos=95f%>@#RO#</pos>

<pos=0f%>5</pos><pos=2.5f%>@#Merlin#</pos><pos=40f%>-1</pos><pos=53f%><color=#141414>145/</color><color=#F0F0F0FF>145</color></pos><pos=75f%></pos><color=#141414>409/</color><color=#F0F0F0FF>512</color><pos=95f%>@#CO#</pos>

<pos=0f%>6</pos><pos=2.5f%>@#Omar#</pos><pos=40.5f%>2</pos><pos=53f%><color=#141414>163/</color><color=#F0F0F0FF>163</color></pos><pos=75f%></pos><color=#141414>367/</color><color=#F0F0F0FF>571</color><pos=95f%>@#MA#</pos>

<pos=0f%>7</pos></size>

The main game screen consists of 3 main sections. Each serving different but specific purposes.

<l=""MAN_3D_GAME_VIEW""/>

<l=""MAN_SCROLL""/>

<l=""MAN_PARTY_STATUS""/>",
MAN_3D_GAME_VIEW,3D Game View,
MAN_3D_GAME_VIEW_TEXT,"<pos=15%><sprite=51/></pos><line-height=1500%>

</line-height>

<color=@#SubHeading#><b>3D View</b></color>

Located in the center, framed by big stone blocks, this is the window which shows the 3D world that the party is exploring. All character, non-player-character cameos and visual effects will appear in this window. The cursor can be used inside of this window to <l=""MAN_MOVEMENT"",""move""/> the party.



<color=@#SubHeading#><b>Magic Detection Skull</b></color>

Located in the middle of the top of the stone frame is the <l=""MAN_MAGIC_DETECTION_SKULL"",""skull""/>. It changes its appearance to reflect the magic it is sensing. It helps track important information which is blessing or cursing the party.



<color=@#SubHeading#><b>Gold & Inventory</b></color>

Gold and Inventory space are displayed along the bottom of the 3D window frame.



<color=@#SubHeading#><b>Text Plate</b></color>

At the bottom of the 3D view is a black banner that details a number of things. Such as what location the party is currently in, what person or object is the focus and names of enemies and group size the party is facing. This text is changing quite frequently.



<color=@#SubHeading#><b>Minimap</b></color>

The minimap is located in the bottom right corner of the 3D view (<l=""MAN_ACTIONS"",""when active""/>). The minimap is a small map that assists navigation, like the one found in the journal. The orientation of the minimap and the player is subject to change based on the active spells and effects.



<color=@#SubHeading#><b>Left Ribbon Action Buttons</b></color>

This ribbon in the top left holds the buttons for the alternative panels -<line-height=130%>

</line-height><sprite=10/> <b><color=@#InteractionCommand#>F10</color></b> - Opens the Menu.



<sprite=11/> <b><color=@#InteractionCommand#>F1</color></b> - Opens this Manual.



<sprite=12/> <b><color=@#InteractionCommand#>F2</color></b> - Opens the Cloth Map.



<sprite=13/> <b><color=@#InteractionCommand#>F3</color></b> - Opens the Bestiary.



<sprite=14/> <b><color=@#InteractionCommand#>F4</color></b> - Opens Game Stats.



<color=@#SubHeading#><b>Right Ribbon Action Buttons</b></color>

This ribbon in the top right holds the buttons for actions -<line-height=130%>

</line-height><sprite=9/> - More Options.



<sprite=15/> @#BUTTON_WhereAmI#.



<sprite=16/> @#BUTTON_CastSpell#.



<sprite=17/> @#BUTTON_PlaySong#.



<sprite=18/> @#BUTTON_UseItem#. 



<sprite=19/> @#BUTTON_PortalUp#.



<sprite=20/> @#BUTTON_PortalDown#.



<sprite=21/> @#BUTTON_PartyAttack#.



<sprite=22/> @#BUTTON_PartyOrder#.



<sprite=23/> @#BUTTON_ToggleMinimap#.



<sprite=24/> @#BUTTON_ToggleJournal#.",
MAN_SCROLL,Scroll,
MAN_SCROLL_TEXT,"<pos=50%><sprite=34/></pos><line-height=1250%>

</line-height>This scroll contains essentially all of the changing text within the game, where majority of the in game information is read and most in game actions are decided. Information such as - Character information, Inventory and Items management, Combat text, Choices and Commands, Spell casting and even a text field for typing.



All of the options presented in the scroll can be clicked with mouse or the appropriate <color=@#InteractionCommand#>key</color> pressed on a keyboard.



@#MOUSE_SCROLL_REVIEW#",
MAN_PARTY_STATUS,Party Status,
MAN_PARTY_STATUS_TEXT,"The party status contains all of the information about the party, this includes -

Party slots and party slot numbers, all party members and their names, party member <l=""MAN_ARMOR_CLASS"",@#AC#/>, <l=""MAN_HIT_POINTS"",@#HP#/>, <l=""MAN_SPELL_POINTS"",@#SP#/>, <l=""MAN_CLASS"",@#class#/>, <l=""MAN_CHARACTER_CONDITIONS"",""conditions""/> and any active magical effect.

<pos=15%><sprite=35/></pos></pos><pos=23%><sprite=37/></pos><pos=33%><sprite=38/></pos><pos=44%><sprite=39/></pos><pos=53%><sprite=40/></pos><pos=62%><sprite=42/></pos>

<line-height=200%>

</line-height><pos=40f%>@#AC#</pos><pos=55.5f%><color=#141414>@#HP#</color></pos><pos=78f%>@#SP#</pos><pos=95.5f%>@#CL#</pos>

<pos=0.25f%>1</pos><pos=2.5f%>@#Brian the Fist#</pos><pos=40f%>-10</pos><pos=53f%><color=#141414>108/</color><color=#F0F0F0FF>258</color></pos><pos=75f%></pos><pos=95f%>@#WA#</pos>

<pos=0f%>2</pos><pos=2.5f%>@#El Cid#</pos><pos=40f%>-8</pos><pos=53f%><color=#141414>215/</color><color=#F0F0F0FF>226</color></pos><pos=75f%></pos><pos=95f%>@#PA#</pos>

<pos=0f%>3</pos><pos=2.5f%>@#Markus#</pos><pos=40f%>-4</pos><pos=53f%><color=#141414>176/</color><color=#F0F0F0FF>198</color></pos><pos=75f%></pos><pos=95f%>@#BA#</pos>

<pos=0f%>4</pos><pos=2.5f%>@#Sir Grady#</pos><pos=40f%>-5</pos><pos=53f%><color=#141414>178/</color><color=#F0F0F0FF>215</color></pos><pos=75f%></pos><pos=95f%>@#RO#</pos>

<pos=0f%>5</pos><pos=2.5f%>@#Merlin#</pos><pos=40f%>-1</pos><pos=53f%><color=#141414>145/</color><color=#F0F0F0FF>145</color></pos><pos=75f%></pos><color=#141414>409/</color><color=#F0F0F0FF>512</color><pos=95f%>@#CO#</pos>

<pos=0f%>6</pos><pos=2.5f%>@#Omar#</pos><pos=40.5f%>2</pos><pos=53f%><color=#141414>163/</color><color=#F0F0F0FF>163</color></pos><pos=75f%></pos><color=#141414>367/</color><color=#F0F0F0FF>571</color><pos=95f%>@#MA#</pos>

<pos=0f%>7</pos>



<color=@#SubHeading#><b>Light</b></color><pos=0%><sprite=43/></pos><pos=5.5f%><sprite=44/></size><line-height=125%>

</line-height><margin-left=10fem>The light icons represent if the party has a light source to guide their way. Light icons can be two different shades. Lighter for light that <u>can not</u> detect secret doors, darker for light that <u>can</u> detect secret doors.</margin>



<color=@#SubHeading#><b>Levitation</b></color><pos=0%><sprite=45/></pos><line-height=125%>

</line-height><margin-left=10fem>The levitation icon represents if the party has any form levitation in effect.</margin>



<color=@#SubHeading#><b>Sight</b></color><pos=0%><sprite=46/></pos><line-height=125%>

</line-height><margin-left=10fem>The sight icon represents if an effect is active, assisting the parties navigation.</margin>



<color=@#SubHeading#><b>Shield</b></color><pos=0%><sprite=47/></pos><line-height=125%>

</line-height><margin-left=10fem>The shield icon represents if the party has an effect that is improving their defensive capabilities.</margin>



<color=@#SubHeading#><b>Compass</b></color><pos=0%><sprite=48/></pos><pos=4f%><sprite=49/></pos><line-height=125%>

</line-height><margin-left=10fem>The compass icons represent if the party has a bearing on direction. A compass with a highlighted arrow shows which world space direction the party is facing. A rotating compass with a question mark means the party has lost their bearings.</margin>



<color=@#SubHeading#><b>Bard Song</b></color><pos=1%><sprite=50/></pos><line-height=125%>

</line-height><margin-left=10fem>The song icon represents if a bard song is being sung, providing a beneficial effect for the party.</margin>



<color=@#SubHeading#><b>Tooltip</b></color>

Hovering the mouse cursor over any magical effect icon display a tooltip that details the source and the time remaining on the effect.",
MAN_SETTINGS,Settings,
MAN_SETTINGS_TEXT,"Multiple adjustments can be made via the settings panel in the pause menu.<line-height=130%>

</line-height><sprite=10/> <b><color=@#InteractionCommand#>F10</color></b><line-height=140%>

</line-height><l=""MAN_GRAPHICS""/>

<l=""MAN_AUDIO""/>

<l=""MAN_GAMEPLAY""/>",
MAN_AUDIO,Audio,
MAN_AUDIO_TEXT,"Audio Settings.



<sprite=57/> Adjust the volume of all music in the game.





<sprite=58/> Adjust the volume of all sound effects (SFX) in the game.",
MAN_CONTROLS,Controls,
MAN_CONTROLS_TEXT,"The Bard's Tale Trilogy presents choices throughout the game. Choices are <b><color=@#InteractionCommand#>highlighted</color></b> in yellow and defines what key to press to select that choice.

<pos=1%><sprite=25/></pos>

<margin=6.25fem>The cursor can also be used to click any of the same options and buttons throughout The Bard's Tale Trilogy.</margin>",
MAN_MOVEMENT,Movement,
MAN_MOVEMENT_TEXT,"<color=@#SubHeading#><b>Keyboard</b></color>

<b><color=@#InteractionCommand#>W</color></b> - move forward.

<b><color=@#InteractionCommand#>S</color></b> - turn to face the opposite direction.

<b><color=@#InteractionCommand#>A</color></b> - turn left.

<b><color=@#InteractionCommand#>D</color></b> - turn right.



<color=@#SubHeading#><b>Mouse</b></color>

When the pointer is placed within the <l=""MAN_3D_GAME_VIEW"",""3D game view""/>, it turns into a directional arrow. As the cursor is moved, the arrow points out the various directions of can travel. Ahead, around corners, into buildings, through doors. Click to go in the direction currently indicated by the arrow.



<pos=40%><sprite=59/></pos>

<pos=31%><sprite=60/></pos><pos=48%><sprite=61/></pos>

<pos=40%><sprite=62/></pos><line-height=200%>

</line-height><b><color=@#InteractionCommand#>Up-Arrow</color></b> - move forward.

<b><color=@#InteractionCommand#>Down-Arrow</color></b> - turn around 180 degrees.

<b><color=@#InteractionCommand#>Left-Arrow</color></b> - turn left 90 degrees.

<b><color=@#InteractionCommand#>Right-Arrow</color></b> - turn right 90 degrees.

The left mouse button can also be held down to continuously move.",
MAN_ACTIONS,Actions,
MAN_ACTIONS_TEXT,"Clicking a character name plate in <l=""MAN_PARTY_STATUS"",""party status""/> or pressing (<b><color=@#InteractionCommand#>1</color></b> - <b><color=@#InteractionCommand#>7</color></b>) opens character information in the <l=""MAN_SCROLL"",""scroll""/>.<line-height=130%>

</line-height><sprite=10/>  <b><color=@#InteractionCommand#>F10</color></b> - Opens the Menu.



<sprite=11/>  <b><color=@#InteractionCommand#>F1</color></b> - Opens this Manual.



<sprite=12/>  <b><color=@#InteractionCommand#>F2</color></b> - Opens the Cloth Map.



<sprite=13/>  <b><color=@#InteractionCommand#>F3</color></b> - Opens the Bestiary.



<sprite=14/>  <b><color=@#InteractionCommand#>F4</color></b> - Opens Game Stats.



<sprite=9/> - More Options.<line-height=130%>

</line-height><indent=1.2f%>When peacefully exploring streets, cities or navigating through dungeons the more options button can be pressed to use the following buttons -</indent>



<line-height=130%><sprite=15/> @#BUTTON_WhereAmI#.

</line-height><indent=1.2f%>Learn the name of the location the party is in, and the time of day. If within a city this will also tell the street name.</indent>



<line-height=130%><sprite=16/> @#BUTTON_CastSpell#.

</line-height><indent=1.2f%>Casts a spell from a selected mage. This can also be done by pressing a magic users party slot number (<b><color=@#InteractionCommand#>1</color></b> - <b><color=@#InteractionCommand#>7</color></b>) key, or click on a magic user's name in the party status and press (<b><color=@#InteractionCommand#>S</color></b>) - to open the spell list.</indent>



<line-height=130%><sprite=17/> @#BUTTON_PlaySong#.

</line-height><indent=1.2f%>Sing a Bard's tune.</indent>



<line-height=130%><sprite=18/> @#BUTTON_UseItem#. 

</line-height><indent=1.2f%>Use an equipped item.</indent>



<line-height=130%><sprite=19/> @#BUTTON_PortalUp#.

</line-height><indent=1.2f%>Ascend <u>up</u> through a portal.</indent>



<line-height=130%><sprite=20/> @#BUTTON_PortalDown#.

</line-height><indent=1.2f%>Descend <u>down</u> through a portal.</indent>



<line-height=130%><sprite=21/> @#BUTTON_PartyAttack#.

</line-height><indent=1.2f%>Assault another member of the party, including special members.</indent>



<line-height=130%><sprite=22/> @#BUTTON_PartyOrder#.

</line-height><indent=1.2f%>Set a new party order from (<b><color=@#InteractionCommand#>1</color></b> - <b><color=@#InteractionCommand#>7</color></b>). This can also be done by dragging and dropping character names in the party status.</size></indent>



<line-height=130%><sprite=23/> @#BUTTON_ToggleMinimap#.

</line-height><indent=1.2f%>Toggles the minimap in the 3d view.</indent>



<line-height=130%><sprite=24/> @#BUTTON_ToggleJournal#.

</line-height><indent=1.2f%>Opens the journal.</indent>",
MAN_COMBAT_COMMANDS,Combat,
MAN_COMBAT_COMMANDS_TEXT,"During battle, the actions and options characters can take appear in the <l=""MAN_SCROLL"",""scroll""/>.



<color=@#SubHeading#>@#Advance ahead#</color> - Moves the party closer to the nearest group of enemies.

<color=@#SubHeading#>@#Fight bravely#</color> - Engages in combat.

<color=@#SubHeading#>@#Run away#</color> - Attempts to try and safely escape combat without having to engage.



<color=@#SubHeading#>@#Attack#</color> - Physically assaults foes any of the first 4 groups of monsters within 10'.

<color=@#SubHeading#>@#Defend#</color> - Do not interact this round - reduces chance of being hit.

<color=@#SubHeading#>@#Bard song#</color> - Plays a bard song to affect the party or groups of foes.

<color=@#SubHeading#>@#Hide in the shadows#</color> - Try to avoid combat by hiding. If successful, will not be a target of attack in the upcoming combat round.

<color=@#SubHeading#>@#Cast a spell#</color> - Casts a spell at enemies or the party.

<color=@#SubHeading#>@#Use an equipped item#</color> - Use an item or currently equipped item.

<color=@#SubHeading#>@#Ranged attack#</color> - Shoot or throw a projectile from a distance.

<color=@#SubHeading#>@#Party attack#</color> - Assault another member of the party, including special members. 

<color=@#SubHeading#>@#EQUIP_OR_UNEQUIP#</color> - The party-member will equip or unequip a single item.

<color=@#SubHeading#>@#KICK_DEAD_MONSTERS#</color> - Free up character slots during combat by removing all existing dead monsters from the party.



<sprite=26/> - increase message scrolling rate.

<sprite=27/> - decrease message scrolling rate.",
MAN_CHARACTER,Character,
MAN_CHARACTER_TEXT,"Characters can be created at the <b><l=""MAN_ADVENTURERS_GUILD"",""Adventurer's Guild""/></b> in the

<b>Tales of the Unknown (BT1)</b>, <b>The Destiny Knight (BT2)</b>, and in the <b><l=""MAN_REFUGEE_CAMP"",""refugee camp""/></b> in the <b>Thief of Fate (BT3)</b>.",
MAN_RACE,Race,
MAN_RACE_TEXT,"Humans are not the only race in the world of The Bard's Tale. There is no single best race, each has its own strengths. Some are more magically inclined, some are stronger and some are smarter. There are 7 races:

<b><l=""MAN_HUMAN""/></b>

<b><l=""MAN_ELF""/></b>

<b><l=""MAN_DWARF""/></b>

<b><l=""MAN_HOBBIT""/></b>

<b><l=""MAN_HALFELF""/></b>

<b><l=""MAN_HALFORC""/></b>

<b><l=""MAN_GNOME""/></b>",
MAN_HUMAN,Human,
MAN_HUMAN_TEXT,"While possibly being of hardier stock, this character is nonetheless like you or me. The people of this race are known for their inventiveness, hardiness, aggressiveness, and downright stubbornness in the face of adversity.



Human capable classes -

<l=""MAN_WARRIOR""/>

<l=""MAN_PALADIN""/>

<l=""MAN_ROGUE""/>

<l=""MAN_BARD""/>

<l=""MAN_HUNTER""/>

<l=""MAN_MONK""/>

<l=""MAN_CONJURER""/>

<l=""MAN_MAGICIAN""/>",
MAN_ELF,Elf,
MAN_ELF_TEXT,"These fair-haired, fair-skinned people closely resemble humans but are frequently taller, faster, and more agile due to their slim builds. The Elven people are highly skilled in the arts, especially magic and war.



Elf capable classes -

<l=""MAN_WARRIOR""/>

<l=""MAN_PALADIN""/>

<l=""MAN_ROGUE""/>

<l=""MAN_BARD""/>

<l=""MAN_MONK""/>

<l=""MAN_CONJURER""/>

<l=""MAN_MAGICIAN""/>



Not capable classes -

<l=""MAN_HUNTER""/>",
MAN_DWARF,Dwarf,
MAN_DWARF_TEXT,"The Dwarven people are short and stout, extremely strong and healthy, but not amazingly intelligent. What they lack in intelligence, they more than make up for in their fighting abilities.



Dwarf capable classes -

<l=""MAN_WARRIOR""/>

<l=""MAN_PALADIN""/>

<l=""MAN_ROGUE""/>

<l=""MAN_BARD""/>

<l=""MAN_HUNTER""/>

<l=""MAN_MONK""/>



Not capable classes -

<l=""MAN_CONJURER""/>

<l=""MAN_MAGICIAN""/>",
MAN_HOBBIT,Hobbit,
MAN_HOBBIT_TEXT,"Hobbits are slightly smaller than Dwarves but are wise, nimble, dexterous and usually very patient. It is said, if need be, a hobbit can steal the gold-purse from a shadow. Just the right makeup for a rogue.



Hobbit capable classes -

<l=""MAN_WARRIOR""/>

<l=""MAN_ROGUE""/>

<l=""MAN_BARD""/>

<l=""MAN_MONK""/>

<l=""MAN_CONJURER""/>

<l=""MAN_MAGICIAN""/>



Not capable classes -

<l=""MAN_PALADIN""/>

<l=""MAN_HUNTER""/>",
MAN_HALFELF,Half-Elf,
MAN_HALFELF_TEXT,"These people are living proof of the compatibility between humans and elves. They are fair-haired and light-skinned like elves, but gain some bulk and strength through their human ancestry.



Half-Elf capable classes -

<l=""MAN_WARRIOR""/>

<l=""MAN_ROGUE""/>

<l=""MAN_BARD""/>

<l=""MAN_MONK""/>

<l=""MAN_CONJURER""/>

<l=""MAN_MAGICIAN""/>



Not capable classes -

<l=""MAN_PALADIN""/>

<l=""MAN_HUNTER""/>",
MAN_HALFORC,Half-Orc,
MAN_HALFORC_TEXT,"Orcs are large, semi-intelligent, pig-like creatures that can usually be found working for evil wizards. Half-orcs, being half human, aren't quite as despicable as full orcs but you wouldn't want to date one.



Half-Orc capable classes -

<l=""MAN_WARRIOR""/>

<l=""MAN_ROGUE""/>

<l=""MAN_HUNTER""/>

<l=""MAN_CONJURER""/>

<l=""MAN_MAGICIAN""/>



Not capable classes -

<l=""MAN_PALADIN""/>

<l=""MAN_BARD""/>

<l=""MAN_MONK""/>",
MAN_GNOME,Gnome,
MAN_GNOME_TEXT,"These people resemble dwarves, but usually have less hair, shorter tempers, and are always better at using magic.



Gnome capable classes -

<l=""MAN_WARRIOR""/>

<l=""MAN_ROGUE""/>

<l=""MAN_HUNTER""/>

<l=""MAN_MONK""/>

<l=""MAN_CONJURER""/>

<l=""MAN_MAGICIAN""/>



Not capable classes -

<l=""MAN_PALADIN""/>

<l=""MAN_BARD""/>",
MAN_CLASS,Class,
MAN_CLASS_TEXT,"Classes represent a characters profession. They determine what gear they can were and use and what, if any, magic they can wield.",
MAN_FIGHTERS,Fighters,
MAN_FIGHTERS_TEXT,Fighters are classes best suited to physical combat.,
MAN_WARRIOR,Warrior,
MAN_WARRIOR_TEXT,"<color=@#Fighter#>Fighter</color>

Warriors are fighters. They can use nearly every weapon there is. For every 4 levels of experience after the first, warriors get an <l=""MAN_MELEE_COMBAT"",""extra attack""/> capability in combat.



Capable of becoming a <l=""MAN_GEOMANCER""/>.",
MAN_PALADIN,Paladin,
MAN_PALADIN_TEXT,"<color=@#Fighter#>Fighter</color>

Paladins are fighters who have sworn to fight all evil and uphold honor and purity in all places and situations. Paladins can use most weapons including many that other fighters can't. Paladins get <l=""MAN_MELEE_COMBAT"",""multiple attacks""/> at higher levels and also have greater resistance to evil magic.



Capable of becoming a <l=""MAN_GEOMANCER""/>.",
MAN_ROGUE,Rogue,
MAN_ROGUE_TEXT,"<color=@#Fighter#>Fighter</color>

Rogues are professional thieves with mediocre combat skills. However, rogues are experts at skulking in the shadows, as well as searching for <l=""MAN_CHEST_TRAPS"",""chest traps""/> and disarming them. Without a rogue in the ranks of the party, booty will come at an unusually high price.



When rogues successfully slip into the shadows to avoid combat, they advance 10 feet. If they are already cloaked in the shadows, they can continue to advance further and further. An attack from the shadows have a good chance of getting a <l=""MAN_MELEE_COMBAT"",""critical hit""/> because they are striking the monster from behind.",
MAN_BARD,Bard,
MAN_BARD_TEXT,"<color=@#Fighter#>Fighter</color><sprite=4/>

<width=65%>The bard is a wandering minstrel. He is always seen with a tankard of ale in front of him in even the less reputable of taverns. The rowdier the better.



Most bards are warriors who have given up the art of war for the art of <l=""MAN_BARD_SONGS"",""magical music""/>. This doesn't mean that they have forgotten how to handle warrior weapons.</width>

But because they're not true warriors, bards don't get the advantage of extra attacks during combat. Their magic is so unique, it is almost impossible to survive without one.



Any true bard has a variety of tunes on their lips, though to play them, they must have an instrument equipped and a healthy voice. When the going gets tough, the bard goes drinking.



Capable of becoming a <l=""MAN_GEOMANCER""/>.",
MAN_HUNTER,Hunter,
MAN_HUNTER_TEXT,"<color=@#Fighter#>Fighter</color>

The Hunter is an assassin, a mercenary, but also a ninja. The hunter can use most weapons, and has the ability to do <l=""MAN_MELEE_COMBAT"",""critical hits""/> in combat. As the hunter levels up so does the skill that increases critical hit chance.



Capable of becoming a <l=""MAN_GEOMANCER""/>.",
MAN_MONK,Monk,
MAN_MONK_TEXT,"<color=@#Fighter#>Fighter</color>

The monk is a martial artist. An almost inhuman fighting machine trained to fight without weapons or armor. The monk can use them, but, at higher levels particularly, often does better without. Monks do well in combat because of their ability to attack <l=""MAN_MELEE_COMBAT"",""multiple times""/>.



Capable of becoming a <l=""MAN_GEOMANCER""/>.",
MAN_MAGES,Mages,
MAN_MAGES_TEXT,"Mages are the types of classes that are best suited for magic based combat by casting <l=""MAN_SPELLS"",""spells""/>.



Casting spells uses <l=""MAN_SPELL_POINTS"",""spell points""/> and spells require different amounts spell points. Magic users qualify to learn spells in the next <l=""MAN_SPELL_LEVEL"",""spell level""/> when they are at an eligible <l=""MAN_LEVEL"",""level""/>. It takes <l=""MAN_GOLD"",""gold""/> to actually learn the new spells. Once a Magic User leaves a mage class, they can never return to it. Make sure to master each class before changing, to get full effectiveness out of a mage.



<b>Tales of the Unknown (BT1)</b> starts with the classes - <l=""MAN_CONJURER""/>, <l=""MAN_MAGICIAN""/>, <l=""MAN_SORCERER""/>, <l=""MAN_WIZARD""/>.



<b>The Destiny Knight (BT2)</b> introduces the - <l=""MAN_ARCHMAGE""/> class.



<b>Thief of Fate (BT3)</b> adds the - <l=""MAN_CHRONOMANCER""/> and <l=""MAN_GEOMANCER""/> classes.",
MAN_CONJURER,Conjurer,
MAN_CONJURER_TEXT,"<color=@#MagicUser#>Magic User</color> (<l=""MAN_CONJURER_SPELLS"",""@#MAN_SPELLS#""/>)

Conjuring deals with healing the wounded, instantaneous creation of physical phenomena and effects, through the channeling of a mage's power. Conjurer spells are potent, but not unlimited in effect, since the exercise of creation takes a large amount of energy to produce even a moderate effect. A conjurer can also produce effects that distort non-solid things to produce new effects, like the distortion of space and time required to teleport human bodies to a new location.



<sprite=0/>",
MAN_MAGICIAN,Magician,
MAN_MAGICIAN_TEXT,"<color=@#MagicUser#>Magic User</color> (<l=""MAN_MAGICIAN_SPELLS"",""@#MAN_SPELLS#""/>)

Magic, the art practiced by a Magician, deals with bestowing magical effects on common objects. The items do not become magical, but radiate fields of power for the duration of a spell. The gist of Magic is that it can increase an item's capability, give it a totally new capability, or change its form to something totally different.



<pos=2.5f%><sprite=1/></pos>",
MAN_SORCERER,Sorcerer,
MAN_SORCERER_TEXT,"<color=@#MagicUser#>Magic User</color> (<l=""MAN_SORCERER_SPELLS"",""@#MAN_SPELLS#""/>)

Sorcery does not deal with a physical, manifestation, but rather the creation and manipulation of illusion and tapping into a heightened sense of awareness.

<pos=70%><sprite=2/></pos>

<width=67.5f%>An illusion is an image envisioned by the spell caster, which they then lay over the retinas of all who watch, augmenting this with appropriate stimulation of nerve endings to fool the other four senses. The human mind, believing an illusionary creation to be real, can be hurt or even killed by it, unless it is somehow disbelieved.<width=65%> A sorcerer, with the aid of their art, can also perceive certain special things hidden from view.</width>



Due to the power of Sorcerer spells, this class is not available to newly created characters. To become a Sorcerer, the mage must first have achieved spell level 3 in one of the other magical arts.",
MAN_WIZARD,Wizard,
MAN_WIZARD_TEXT,"<color=@#MagicUser#>Magic User</color> (<l=""MAN_WIZARD_SPELLS"",""@#MAN_SPELLS#""/>)

Wizardry deals with the summoning and binding of various supernatural creatures. These creatures are not friendly to humankind and trying to control them is extremely hazardous.

<pos=1%><sprite=3/></pos>

<margin-left=25fem>The wizard has fewer spells than the other three classes, but theirs are by far the most potent. The creatures they can summon come from another plane of existence, called the negative plane. The summoned monsters will join party, and will fight until defeated. The wizard has some ability to trap and control normal monsters as well.</margin>



Due to the power of Wizard spells, this class is not available to newly created characters. To become a Wizard, the mage must first have achieved spell level 3 in two other magical arts.",
MAN_ARCHMAGE,Archmage,
MAN_ARCHMAGE_TEXT,"<color=@#MagicUser#>Magic User</color> (<l=""MAN_ARCHMAGE_SPELLS"",""@#MAN_SPELLS#""/>)

Archmage's are masters of magic. They are the most powerful form of mage because an archmage can do almost anything. These masters of magic have risen through at least three <l=""MAN_SPELL_LEVEL"",""spell levels""/> for each of the previous four magic using classes - <b><l=""MAN_CONJURER""/></b>, <b><l=""MAN_MAGICIAN""/></b>, <b><l=""MAN_SORCERER""/></b> and a <b><l=""MAN_WIZARD""/></b>.



Archmages possess the knowledge to cast all of the spells learnt from their previous classes.",
MAN_CHRONOMANCER,Chronomancer,
MAN_CHRONOMANCER_TEXT,"<color=@#MagicUser#>Magic User</color> (<l=""MAN_CHRONOMANCER_SPELLS"",""@#MAN_SPELLS#""/>)

Chronomancers are the key to distant lands. Chronomancers are the travel experts of magic users. They help the party move from dimension to dimension with their special teleport spells. They also have a number of vicious offensive spells. Before becoming a chronomancer, a magic user must be an archmage and have a spell level of 3 or higher.



When a mage becomes a chronomancer, they lose the power to use all the spells they had previously learnt. It may sound unfair, but the chronomancer needs to focus all of their attention on the important dimension teleport spells.



In <b>The Thief of Fate</b> a Chronomancer is <uppercase>necessary</uppercase> to get around.",
MAN_GEOMANCER,Geomancer,
MAN_GEOMANCER_TEXT,"<color=@#MagicUser#>Magic User</color> (<l=""MAN_GEOMANCER_SPELLS"",""@#MAN_SPELLS#""/>)

The most physically adept of all the spell casters, Geomancers can handle most weapons that fighters can. Their combative nature shows in their repertoire of predominantly offensive spells. Geomancers are fighters who want to convert to a life of magic. Once they choose to change, they can still use the armor, weapons, and magic items that the fighter classes use. Unfortunately, when a fighter becomes a geomancer, they lose some class specific traits.



<l=""MAN_WARRIOR"",""Warriors""/> lose their <l=""MAN_MELEE_COMBAT"",""multiple attacks""/>.

<l=""MAN_PALADIN"",""Paladins""/> lose their <l=""MAN_MELEE_COMBAT"",""multiple attacks""/>.

<l=""MAN_MONK"",""Monks""/> lose their <l=""MAN_MELEE_COMBAT"",""multiple attacks""/> and <l=""MAN_ARMOR_CLASS"",""armor class""/> bonus.

<l=""MAN_BARD"",""Bards""/> lose their <l=""MAN_BARD_SONGS"",""songs""/>.

<l=""MAN_HUNTER"",""Hunters""/> lose their <l=""MAN_MELEE_COMBAT"",""critical hit""/> ability.



It is a part of the trade off. To become a geomancer, a special location must be found. It is the only place the rite of passage to become a Geomancer can be performed.",
MAN_ATTRIBUTES,Attributes,
MAN_ATTRIBUTES_TEXT,"Each character has five basic attributes which define their physical and mental prowess.

<b><l=""MAN_STRENGTH""/></b>

<b><l=""MAN_INTELLIGENCE""/></b>

<b><l=""MAN_DEXTERITY""/></b>

<b><l=""MAN_CONSTITUTION""/></b>

<b><l=""MAN_LUCK""/></b>



Every character also has other <b><l=""MAN_STATISTICS"",""statistics""/></b>.



When a character is created, each attribute is randomly assigned a value from a <l=""MAN_RACE"",""races'""/> base <l=""MAN_BASE_RACIAL_ATTRIBUTES"",""racial attribute""/> value, to a maximum of 18. Higher numbers reflect higher capability. These stats can be re-rolled before confirming and applying these to the character.",
MAN_BASE_RACIAL_ATTRIBUTES,Base Racial Attributes,
MAN_BASE_RACIAL_ATTRIBUTES_TEXT,"Each <l=""MAN_RACE"",""race""/> has base value <l=""MAN_ATTRIBUTES"",""attributes""/>. These values act as a minimum value for an attribute roll and will never be less than the base value. Consider making characters races which have high base attributes that best benefit their <l=""MAN_CLASS"",""class""/>.



<size=125%><color=@#Heading#><align=""center""><b>Base Values</b></align></color></size>

<pos=14.5f%>Strength</pos><pos=30%>Intelligence</pos><pos=52%>Dexterity</pos><pos=67%>Constitution</pos><pos=85%>Luck</pos>

<b>Human</b><pos=18%>10</pos><pos=35%>6</pos><pos=56f%>8</pos><pos=72.5f%>8</pos><pos=87.5f%>5</pos>

<b>Elf</b><pos=18%>8</pos><pos=35%>9</pos><pos=56f%>9</pos><pos=72.5f%>6</pos><pos=87.5f%>6</pos>

<b>Dwarf</b><pos=18%>12</pos><pos=35f%>6</pos><pos=56f%>7</pos><pos=72.5f%>10</pos><pos=87.5f%>3</pos>

<b>Hobbit</b><pos=18%>4</pos><pos=35f%>6</pos><pos=56f%>12</pos><pos=72.5f%>5</pos><pos=87.5f%>10</pos>

<b>Half-Elf</b><pos=18%>9</pos><pos=35%>8</pos><pos=56f%>9</pos><pos=72.5f%>7</pos><pos=87.5f%>6</pos>

<b>Half-Orc</b><pos=18%>11</pos><pos=35%>3</pos><pos=56f%>8</pos><pos=72.5f%>11</pos><pos=87.5f%>4</pos>

<b>Gnome</b><pos=18%>9</pos><pos=35%>10</pos><pos=56f%>7</pos><pos=72.5f%>3</pos><pos=87.5f%>4</pos>",
MAN_STRENGTH,Strength,
MAN_STRENGTH_TEXT,"Strength is physical power and chiefly affects the amount of damage a character can do to an opponent in <l=""MAN_MELEE_COMBAT"",""melee combat""/>. Make sure <color=@#Fighter#>fighters</color> are strong.",
MAN_INTELLIGENCE,Intelligence,
MAN_INTELLIGENCE_TEXT,"Intelligence is mental power. A high intelligence rating will enable <color=@#MagicUser#>magic users</color> to get bonus <l=""MAN_SPELL_POINTS"",""spell points""/>.",
MAN_DEXTERITY,Dexterity,
MAN_DEXTERITY_TEXT,"Dexterity measures agility and nimbleness. A high Dexterity makes characters harder to hit and helps them strike the first blow in <l=""MAN_COMBAT"",""combat""/>.",
MAN_CONSTITUTION,Constitution,
MAN_CONSTITUTION_TEXT,"Constitution measures healthiness and survivability. It takes more damage to kill a character with a high constitution. Constitution is reflected with bonus <b><l=""MAN_HIT_POINTS"",""hit points""/></b>.",
MAN_LUCK,Luck,
MAN_LUCK_TEXT,"Luck is ambiguous, unpredictable, and has a number of unforeseen effects on characters' lives. Lucky characters are more likely to resist evil magic and avoid <l=""MAN_TRAPS"",""traps""/> and <l=""MAN_CHEST_TRAPS"",""chest traps""/>.",
MAN_STATISTICS,Statistics,
MAN_STATISTICS_TEXT,"Each character also has statistics dependant on <b><l=""MAN_CLASS"",""class""/></b>.

<b><l=""MAN_LEVEL""/></b>

<b><l=""MAN_HIT_POINTS""/></b>

<b><l=""MAN_SPELL_POINTS""/></b>

<b><l=""MAN_EXPERIENCE""/></b>

<b><l=""MAN_ARMOR_CLASS""/></b>",
MAN_LEVEL,Level,
MAN_LEVEL_TEXT,"Level is a general measure of achievement within a character's class.



The <b><l=""MAN_REVIEW_BOARD"",""Review board""/></b> will promote a character to higher levels based on their <b><l=""MAN_EXPERIENCE"",""experience""/></b>, but only upon the character's in-person request. Advancement in levels is very important because it generally means an increase in <b><l=""MAN_ATTRIBUTES"",""attributes""/></b>.",
MAN_EXPERIENCE,Experience (XP),
MAN_EXPERIENCE_TEXT,"Experience (XP) measures abilities gained by experience, the higher the number, the better the character. Characters are <l=""MAN_CHESTS"",""awarded""/> XP for successful combat.



XP is used to <b><l=""MAN_LEVEL"",""level""/></b> characters up. When a character has enough XP to reach the next level, an arrow will appear on the left of a character's name in the <l=""MAN_PARTY_STATUS"",""party status""/>.



<pos=40f%>@#AC#</pos><pos=55.5f%><color=#141414>@#HP#</color></pos><pos=78f%>@#SP#</pos><pos=95.5f%>@#CL#</pos>

<pos=0.25f%>1</pos><pos=2%><sprite=63/></pos><pos=5.5f%>@#Brian the Fist#</pos><pos=40f%>-10</pos><pos=53f%><color=#141414>108/</color><color=#F0F0F0FF>258</color></pos><pos=75f%></pos><pos=95f%>@#WA#</pos>

<pos=0f%>2</pos><pos=2%><sprite=63/></pos><pos=5.5f%>@#El Cid#</pos><pos=40f%>-8</pos><pos=53f%><color=#141414>215/</color><color=#F0F0F0FF>226</color></pos><pos=75f%></pos><pos=95f%>@#PA#</pos>

<pos=0f%>3</pos><pos=2%><sprite=63/></pos><pos=5.5f%>@#Markus#</pos><pos=40f%>-4</pos><pos=53f%><color=#141414>176/</color><color=#F0F0F0FF>198</color></pos><pos=75f%></pos><pos=95f%>@#BA#</pos>

<pos=0f%>4</pos><pos=2%><sprite=63/></pos><pos=5.5f%>@#Sir Grady#</pos><pos=40f%>-5</pos><pos=53f%><color=#141414>178/</color><color=#F0F0F0FF>215</color></pos><pos=75f%></pos><pos=95f%>@#RO#</pos>

<pos=0f%>5</pos><pos=2%><sprite=63/></pos><pos=5.5f%>@#Merlin#</pos><pos=40f%>-1</pos><pos=53f%><color=#141414>145/</color><color=#F0F0F0FF>145</color></pos><pos=75f%></pos><color=#141414>409/</color><color=#F0F0F0FF>512</color><pos=95f%>@#CO#</pos>

<pos=0f%>6</pos><pos=2%><sprite=63/></pos><pos=5.5f%>@#Omar#</pos><pos=40.5f%>2</pos><pos=53f%><color=#141414>163/</color><color=#F0F0F0FF>163</color></pos><pos=75f%></pos><color=#141414>367/</color><color=#F0F0F0FF>571</color><pos=95f%>@#MA#</pos>

<pos=0f%>7</pos>",
MAN_ARMOR_CLASS,Armor Class (AC),
MAN_ARMOR_CLASS_TEXT,"Armor Class reflects the level of protection a character has from physical attacks. Armor class starts at 10, the lower the armor class the better.



As the character's protection improves through armor, spells, and other means, the armor class drops to a maximum of -50.",
MAN_HIT_POINTS,Hit Points (HP),
MAN_HIT_POINTS_TEXT,"Hit Points (@#HP#) measure the damage a character can take before they are killed.



The @#HP# is represented by <color=#141414>(current health)/</color><color=#F0F0F0FF>(maximum health)</color>

<color=#141414>126/</color><color=#F0F0F0FF>258</color>



If a party members current @#HP# is 0 or less. They are <l=""MAN_CHARACTER_CONDITIONS"",""dead""/>.

<color=#141414>0/</color><color=#F0F0F0FF><uppercase>dead</uppercase></color>



@#HP# also shows any <l=""MAN_CHARACTER_CONDITIONS"",""condition""/> that the character has.



Character's details in the <l=""MAN_PARTY_STATUS"",""party status""/> will cause the party slot line of the party member, to flash a color when something is affecting them.



Being hit or taking damage - flashes red.

<pos=0.25f%>1</pos><pos=2.5f%><mark=#A100003C>@#Brian the Fist#</pos><pos=25f%>-10</pos><pos=35f%><color=#141414>108/</color><color=#F0F0F0FF>258</color></pos><pos=50f%></pos><pos=65f%>@#WA#</pos></mark>

<pos=0f%>2</pos><pos=2.5f%><mark=#A100003C>@#El Cid#</pos><pos=25f%>-8</pos><pos=35f%><color=#141414>215/</color><color=#F0F0F0FF>226</color></pos><pos=50f%></pos><pos=65f%>@#PA#</pos></mark>



Regenerating @#HP# or being healed - flashes yellow.

<pos=0.25f%>1</pos><pos=2.5f%><mark=#FFC91928>@#Brian the Fist#</pos><pos=25f%>-10</pos><pos=35f%><color=#141414>108/</color><color=#F0F0F0FF>258</color></pos><pos=50f%></pos><pos=65f%>@#WA#</pos></mark>

<pos=0f%>2</pos><pos=2.5f%><mark=#FFC91928>@#El Cid#</pos><pos=25f%>-8</pos><pos=35f%><color=#141414>215/</color><color=#F0F0F0FF>226</color></pos><pos=50f%></pos><pos=65f%>@#PA#</pos></mark>

<pos=0f%>5</pos><pos=2.5f%><mark=#FFC91928>@#Merlin#</pos><pos=25f%>-1</pos><pos=35f%><color=#141414>145/</color><color=#F0F0F0FF>145</color><pos=50f%></pos><color=#141414>409/</color><color=#F0F0F0FF>512</color><pos=50f%></pos><pos=65f%>@#CO#</pos></mark>

<pos=0f%>6</pos><pos=2.5f%><mark=#FFC91928>@#Omar#</pos><pos=25.5f%>2</pos><pos=35f%><color=#141414>163/</color><color=#F0F0F0FF>163</color></pos><pos=50f%></pos><color=#141414>367/</color><color=#F0F0F0FF>571</color><pos=65f%>@#MA#</pos></mark>



Taking damage from being <l=""MAN_CHARACTER_CONDITIONS"",""poisoned""/> - flashes green.

<pos=0f%>2</pos><pos=2.5f%><mark=#00800064>@#El Cid#</pos><pos=25f%>-8</pos><pos=35f%><color=#141414>215/</color><color=#F0F0F0FF>226</color></pos><pos=50f%></pos><pos=65f%>@#PA#</pos></mark>

<pos=0f%>6</pos><pos=2.5f%><mark=#00800064>@#Omar#</pos><pos=25.5f%>2</pos><pos=35f%><color=#141414>163/</color><color=#F0F0F0FF>163</color></pos><pos=50f%></pos><color=#141414>367/</color><color=#F0F0F0FF>571</color><pos=65f%>@#MA#</pos></mark>



Dead party members can be revived at a <l=""MAN_TEMPLE"",""temple""/>, or by <l=""MAN_SPELLS"",""spells""/>.",
MAN_SPELL_POINTS,Spell Points (SP),
MAN_SPELL_POINTS_TEXT,"Spell Points (@#SP#) are used to cast <l=""MAN_SPELLS"",""magic spells""/>. @#SP# are used up with each cast of a magic spell. Spells have a required amount of @#SP# to be cast. If a magic users @#SP# do no meet the requirements of the spell, the <color=#991A1AFF>spell name will be red</color>, it will fizzle - and not be cast.



Spell points are regenerated automatically when a magic user is in a city or out in a wilderness in the daytime. Spell points may also be regenerated in <l=""MAN_ROSCOES_ENERGY_EMPORIUM""/> or special <l=""MAN_DUNGEON_REGENERATION"",""spell point regeneration""/> tiles in some <l=""MAN_DUNGEONS"",""dungeons""/>.



The @#SP# is represented by <color=#141414>(current spell points)/</color><color=#F0F0F0FF>(maximum spell points)</color>

<color=#141414>64/</color><color=#F0F0F0FF>128</color>



A character’s party slot will flash blue when spell points are regenerated.

<pos=0f%>5</pos><pos=2.5f%><mark=#0069D22D>@#Merlin#</pos><pos=25f%>-1</pos><pos=35f%><color=#141414>145/</color><color=#F0F0F0FF>145</color><pos=50f%></pos><color=#141414>409/</color><color=#F0F0F0FF>512</color><pos=50f%></pos><pos=65f%>@#CO#</pos></mark>

<pos=0f%>6</pos><pos=2.5f%><mark=#0069D22D>@#Omar#</pos><pos=25.5f%>2</pos><pos=35f%><color=#141414>163/</color><color=#F0F0F0FF>163</color></pos><pos=50f%></pos><color=#141414>367/</color><color=#F0F0F0FF>571</color><pos=65f%>@#MA#</pos></mark>",
MAN_SPELL_LEVEL,Spell Level,
MAN_SPELL_LEVEL_TEXT,"Spell level is the highest tier of magic spells a character can use in any given school of magic. There are 7 spell levels of magic for each <l=""MAN_MAGES"",""mage class""/>. To be eligible to learn a new level of magic spells, a magic user must advance two <l=""MAN_LEVEL"",""levels""/>.<line-height=120%>

</line-height><margin=15fem>Level<pos=42%>Spell Level</pos></margin>

<margin=17em>1<pos=45.5%></pos>1

2<pos=45.5%></pos>1

3<pos=45.5%></pos>2<sprite=64/>

4<pos=45.5%></pos>2

5<pos=45.5%></pos>3<sprite=64/>

6<pos=45.5%></pos>3

7<pos=45.5%></pos>4<sprite=64/>

8<pos=45.5%></pos>4

9<pos=45.5%></pos>5<sprite=64/>

10<pos=45.5%></pos>5 

11<pos=45.5%></pos>6<sprite=64/>

12<pos=45.5%></pos>6

13+<pos=45.5%></pos>7<sprite=64/></margin><line-height=120%>

</line-height>When a character is at a level where they are eligible to advance their spell level, a star will appear on the left of a character's name in the <l=""MAN_PARTY_STATUS"",""party status""/>.



<pos=0f%>5</pos><pos=2%><sprite=64/></pos><pos=5.5f%>@#Merlin#</pos><pos=40f%>-1</pos><pos=53f%><color=#141414>145/</color><color=#F0F0F0FF>145</color></pos><pos=75f%></pos><color=#141414>409/</color><color=#F0F0F0FF>512</color><pos=95f%>@#CO#</pos>

<pos=0f%>6</pos><pos=2%><sprite=64/></pos><pos=5.5f%>@#Omar#</pos><pos=40.5f%>2</pos><pos=53f%><color=#141414>163/</color><color=#F0F0F0FF>163</color></pos><pos=75f%></pos><color=#141414>367/</color><color=#F0F0F0FF>571</color><pos=95f%>@#MA#</pos>



Mages who have learnt at least 3 spell levels (<l=""MAN_LEVEL"",""level""/> 5+) in an art may elect to change to another mage class at any time. A mage changing class will have very basic knowledge of the class they are new to learning. However they retain all current <l=""MAN_ATTRIBUTES"",""attributes""/>, <l=""MAN_STATISTICS"",""statistics""/> and all knowledge of spells they have practiced in all previous classes. 



Once a magic user leaves a mage class, they can never return to it. Make sure to master each class before changing, to get full effectiveness out of a mage.",
MAN_CHARACTER_CONDITIONS,Conditions,
MAN_CHARACTER_CONDITIONS_TEXT,"Conditions affect characters and monsters. Conditions hinder abilities in and out of battle. Conditions are inflicted by special attacks, spells, or <l=""MAN_TRAPS"",""traps""/>. Each condition has its own effect and usually lingers until they are cured at a <l=""MAN_TEMPLE"",""temple""/> or by <l=""MAN_SPELLS"",""magic spells""/>. These conditions cover the maximum health text of a character on party roster, and are abbreviated to a code no longer than 5 letters. (<color=#141414>current health</color>)/(<color=#F0F0F0FF><uppercase>cond</uppercase></color>)



<pos=0.25f%>1</pos><pos=2.5f%>@#Brian the Fist#</pos><pos=25f%>-10</pos><pos=35f%><color=#141414>108/</color><color=#F0F0F0FF>258</color></pos><pos=50f%></pos><pos=65f%>@#WA#</pos>

<pos=0f%>5</pos><pos=2.5f%>@#Merlin#</pos><pos=25f%>-1</pos><pos=35f%><color=#141414>145/</color><color=#F0F0F0FF>145</color><pos=50f%></pos><color=#141414>409/</color><color=#F0F0F0FF>512</color><pos=50f%></pos><pos=65f%>@#CO#</pos>



<smallcaps>Death</smallcaps> - <color=#F0F0F0FF>DEAD</color>

Dead - not alive. This party member has had their health drop to 0. A dead party member can not act in any way. Resurrected by - <u>Temple & Spells</u>.



<smallcaps>Poison</smallcaps> - <color=#F0F0F0FF>POIS</color>

Hit points are slowly drained. This includes while moving and after each round of combat. Cured by - <u>Temple & Spells</u>.



<smallcaps>Petrification</smallcaps> - <color=#F0F0F0FF>STON</color>

Being turned to stone effectively kills the character twice - they will drop to the bottom of the roster, and after being un-petrified they will still need to be resurrected. Cured by - <u>Temple & Spells</u>.



<smallcaps>Insanity</smallcaps> - <color=#F0F0F0FF>NUTS</color>

Insanity causes the loss of control of actions. Insane party members will perform random actions in and out of combat. It is common for the insane to attack other party members at any time. Cured by - <u>Temple & Spells</u>.



<smallcaps>Paralysis</smallcaps> - <color=#F0F0F0FF>PARA</color>

Immobilized from performing actions, including combat. Cured by - <u>Temple & Spells</u>.



<smallcaps>Possession</smallcaps> - <color=#F0F0F0FF>POSS</color>

Being possessed turns the party member against the party. In combat possessed party members will attack members within the party. When not in combat, they will initiate a party attack. Cured by - <u>Temple & Spells</u>.



<smallcaps>Drained</smallcaps> - <color=#F0F0F0FF>DRAIN</color>

The character's level is drained, reducing their level by 1 and reducing their maximum @#HP#. Cured by - <u>Temple</u>.



<smallcaps>Withering</smallcaps> - <color=#F0F0F0FF>OLD</color>

All attributes are reduced to 1. Cured by - <u>Temple & Spells</u>.



<smallcaps>Stunned</smallcaps> - <color=#F0F0F0FF>STUN</color>

Stunned party members miss a round in combat and perform no actions. Cured by - <u>Time</u>.



<smallcaps>Hidden in Shadows</smallcaps> - <color=#F0F0F0FF>HIDE</color>

Party members hidden in shadows are cloaked and practically invisible, they can not be targeted for attack. Cancelled by - <u>Performing an attack</u>.",
MAN_SPELLS,Spells,
MAN_SPELLS_TEXT,"Spells are used for a multitude of reasons, including - to damage, heal, summon, bolster, navigate, defend, explore and disarm. Spells are the primary way that <l=""MAN_MAGES"",""mages""/> inflict damage in <l=""MAN_COMBAT"",""combat""/>. In order to advance in <l=""MAN_SPELL_LEVEL"",""spell level""/>, the mage must be an appropriate <l=""MAN_LEVEL"",""level""/>.



Spells can be searched for by a spell code, through filters, or navigating and selecting with the mouse.



Spells have the ability to fizzle. Fizzling is when a spell is cast, the spell points are deducted from the mage, but the effect of the spell does not work. There are multiple reasons why a spell could fizzle.



A spell consists of - a code, cost (<l=""MAN_SPELL_POINTS"",""spell points""/>), target group, range, duration and effect.



<color=@#SPELL_HEADER_COL#><pos=0%/>Code<pos=@#COL_COST#/>Cost<pos=@#COL_RANGE#/>Target Group/Range<pos=@#COL_DURATION#/>Duration</pos></color><line-height=130%>

<color=@#SPELL_HEADER_COL#><pos=0%/>@#CODE_ARFI#<pos=@#COL_COST#/>3 @#SP#<pos=@#COL_RANGE#/>1 @#FOE# (10')<pos=@#COL_DURATION#/>@#COMBAT#</pos></color>

<b>@#SPELL_ArcFire#:</b> @#SPELL_ArcFire_DESC,1,4#",
MAN_BARD_SONGS,Bard Songs,
MAN_BARD_SONGS_TEXT,"The Bard makes magic by playing music. They need an equipped musical instrument, of course. They can play in combat or during exploration, with different <l=""MAN_BARD_SONG_EFFECTS"",""effect""/>. A Bard can play as many tunes as they have experience <l=""MAN_LEVEL"",""levels""/>, before their throat gets dry. Then they need to get a drink from any nearby <l=""MAN_TAVERN"",""tavern""/> to rejuvenate their voice. Tough duty, but someone has to do it.



A song played as the party is exploring is long-lasting and continues into <b><l=""MAN_COMBAT"",""combat""/></b> and remains after the party returns, even if other songs were played during. After combat has ended, any songs and effects gained by playing during the battle, vanish.



Songs played during combat have an abbreviated effect, creating different magical effects than the full non-combat versions. Some Bard songs can be played multiple times in combat - stacking the effect. Bard song strength varies with the bards level.



Only one Bard tune can be played at a time outside of combat. If a second one is played while the first is still playing (by the same or a different Bard), the first will end. 



@#BARD_STARTING_SONGS#",
MAN_BARD_SONG_EFFECTS,Song Effects,
MAN_INVENTORY,Inventory,
MAN_INVENTORY_TEXT,"The party has a shared inventory space of <u>40</u>. When the inventory is full, no more items will be placed in it, until spaces are available. Visit <l=""MAN_GARTHS_SHOPPE""/> to sell some wares, free up inventory space and make a little gold in the meanwhile.



An item which has been equipped is marked in white and is above the party inventory text. Items below the party inventory line are not equipped. Some items can only be used by specific characters. <l=""MAN_ITEMS"",""Unidentified items""/> and an item which can never be used by a character is marked in red.<pos=75%><sprite=30/></pos>

<color=""white"">Item</color> - Equipped Item.

<color=""black"">Item</color> - Unequipped Item.

<color=@#CantEquip#>Item</color> - Unidentified or class can not use.



<color=""white"">Weapon</color>

<color=""white"">Armor</color>

<color=""white"">Gloves</color>

<color=#664C33>@#PARTY_INVENTORY#</color>

<color=""black"">Lamp (1)</color>

<color=""black"">Lamp (1)</color>

<color=@#CantEquip#>Unidentified Item</color>

<color=@#CantEquip#>Unidentified Item</color>

<color=@#CantEquip#>Unidentified Weapon</color>",
MAN_ITEMS,Items,
MAN_ITEMS_TEXT,"There are 11 different item types. Characters have 11 item slots. Only one item of each type can be equipped for use at any one time. Item types fall under 3 categories -



<smallcaps>Offense<pos=20%>Defense</pos><pos=40%>Item</pos></smallcaps>

Weapons<pos=20%>Armor</pos><pos=40%>Instrument</pos>

Offhand<pos=20%>Helm</pos><pos=40%>General</pos>

Arrow<pos=20%>Gloves</pos><pos=40%>Figurine</pos>

<pos=20%>Ring</pos>

<pos=20%>Boots</pos>



<color=@#SubHeading#><b>Thief of Fate Specific</b></color>

There are two special item types which have special item slots in the the third of the trilogy -

Suit

Container



<color=@#SubHeading#><b>Unidentified Items & Specials</b></color>

<color=@#CantEquip#>Unidentified items</color> can be identified by a <l=""MAN_ROGUE""/> or <l=""MAN_GARTHS_SHOPPE""/>. Items that have a special power can have it identified at <l=""MAN_ROSCOES_ENERGY_EMPORIUM""/>.",
MAN_GOLD,Gold,
MAN_GOLD_TEXT,"Gold is the currency used in all of the realms. It is primarily accumulated through <l=""MAN_CHESTS"",""rewards""/> of successful combat. It can also be accumulated through selling wares at <l=""MAN_GARTHS_SHOPPE""/> or gambling at the <l=""MAN_CASINO"",""casino""/>. It can be stored at the <l=""MAN_BANK"",""bank""/>, and spent at various <l=""MAN_LOCATIONS"",""locations""/> throughout the realms.



Keep a decent portion set aside for learning new <l=""MAN_SPELL_LEVEL"",""spell levels""/> at the <l=""MAN_REVIEW_BOARD"",""review board""/>, reviving and healing characters at the <l=""MAN_TEMPLE"",""temple""/> and rejuvenating <l=""MAN_SPELL_POINTS"",""spell points""/> at <l=""MAN_ROSCOES_ENERGY_EMPORIUM""/>.



The amount of gold that the party has can be seen at the bottom of the <l=""MAN_3D_GAME_VIEW"",""3D game view""/>.<line-height=250%>

</line-height><sprite=31/>",
MAN_TIME,Time,
MAN_TIME_TEXT,"Time waits for no one. Even without keystrokes, time passes, from day to night and back again. Night time is especially nasty. The really evil monsters hit the city streets and wilderness at night.



In addition, what's worse is that spell points get used up faster, because spell points only regenerate in daylight.



Time is extremely important to keep in mind for <l=""MAN_TIMED_TRAPS"",""timed traps""/>.",
MAN_COMBAT,Combat,
MAN_COMBAT_TEXT,"Like a boxing match, combat is divided into a series of rounds. At the beginning of each round, a decision must be made for what action each character will perform in the upcoming fight. At the beginning of the round a menu of battle options will appear in the <l=""MAN_SCROLL"",""scroll""/>, displaying the actions each character can perform the following round. There are several <b><l=""MAN_COMBAT_COMMANDS"",""combat commands""/></b>, some are <b><l=""MAN_CLASS"",""class""/></b> specific.



Enemies appear within a range of 10' to 90' feet from the party. Melee range is 10’ feet. Enemies 10' feet away are in melee range and can attack or be attacked with hand-held weapons. <l=""MAN_ROGUE"",""Rogues""/> can choose to hide in shadows and, if successful, can increase their range by 10’ feet each combat round until they perform an attack.



Only the first 4 characters and the first 4 rows of monsters can be attacked physically, as long as they are within <l=""MAN_MELEE_COMBAT"",""melee range""/>. The last 3 characters can only be struck by magical and ranged attacks, and can only attack back, with magic or ranged weapons. This simulates the first 4 party-members being up on the front line of attack, with the last 3 characters acting as backup in case one of the first 4 is killed. The first 4 groups of monsters are in a similar position, they are the only enemies who can attack or be attacked physically.



Once all the choices for characters have been entered, the round begins. The most <l=""MAN_DEXTERITY"",""dexterous""/> characters or monsters usually make the first strike, but <l=""MAN_LUCK"",""luck""/>, <l=""MAN_LEVEL"",""character level""/> and <l=""MAN_CLASS"",""character class""/> also affect this. In evenly matched fights, the outcome often depends on which side gets in the first blow.



At the end of a combat round, the monsters that are killed, are removed from the foe’s ranks so their bodies don’t pile up and interfere with battle. A fresh group of monsters may also advance into the first 4 ranks to assist their fellow monsters.



If party member dies in combat, they are shuffled to the bottom of the party list.



When all of the enemies or party members in combat are dead (whichever comes first) - combat is over. Successfully defeating enemies in combat, awards each party member (characters only) <l=""MAN_EXPERIENCE"",@#XP#/>. The amount of XP awarded varies based on difficulty of the fight, the number of enemies defeated and the number of characters who survive. Surviving combat also offers the potential for the party to find a <l=""MAN_CHESTS"",""chest""/>.



Combat with enemies occurs both randomly and at set locations. Intra-party combat (Party Attack) can be initiated at almost any time, in case one of the members has become hostile.



The rate of scrolling of the combat messages can be <l=""MAN_COMBAT_COMMANDS"",""sped up or slowed down""/>.",
MAN_MELEE_COMBAT,Melee Combat,
MAN_MELEE_COMBAT_TEXT,"Melee combat is the act of physically assaulting enemies. Melee combat always takes place within 10' feet. Only the first 4 characters and the first 4 groups of monsters can be attacked physically. Melee damage can only be inflicted on enemies if they are in within melee range. Anything further than that, and the party members out of range will have to advance, throw a weapon or use an item to inflict damage. Weapons that have a range and the ability to be thrown, although they might not return. Weapons that can be thrown can still be used in melee combat (without throwing them).



<color=@#SubHeading#><b>Critical Hit</b></color>

Critical hits are an attack that hits a nerve center or other vital area which kills an opponent instantly. <l=""MAN_HUNTER"",""Hunters""/> and <l=""MAN_ROGUE"",""Rogues""/> have the ability to perform critical hits. Rogues only have the ability to do so when hidden in shadows.



<color=@#SubHeading#><b>Multiple Attacks</b></color>

Multiple attacks is the ability to attack the enemy with multiple hits within a single round of combat. <l=""MAN_WARRIOR"",""Warriors""/>, <l=""MAN_PALADIN"",""Paladins""/> and <l=""MAN_MONK"",""Monks""/> have the ability to perform multiple attacks.",
MAN_RANGED_COMBAT,Ranged Combat,
MAN_RANGED_COMBAT_TEXT,"Ranged combat is the act of attacking enemies from a distance.

Range is represented by 10' - 90' feet. 20'+ is always ranged.



Weapons that are thrown or shot are known as missile weapons and have a range in which they are effective. To use arrows, a bow must be equipped. Missile weapons are usually nonrecoverable - they can be used only once. There are, of course, exceptions to this rule. Some magical missile weapons such as Zen arrows can be reused, and at least one non magical missile weapon, the boomerang, can be reused because it returns to the one who threw it.



<l=""MAN_ITEMS"",""Weapons and items""/> will always display their maximum range.",
MAN_CHESTS,Chests,
MAN_CHESTS_TEXT,"<pos=77.5f%><sprite=29/></pos><width=75%><pos=0.0%>After defeating a group of enemies in <l=""MAN_COMBAT"",""combat""/> the party may find a chest. Chests can contain <l=""MAN_GOLD"",""gold""/> and <l=""MAN_ITEMS"",""items""/>. A chest can also be armed with a <l=""MAN_CHEST_TRAPS"",""trap""/> and may need to be disarmed, in order to retrieve its glorious plunder.</width>



Monitor how much free inventory space the party has. If the inventory is full, no items will be found in chests until there is space. Consider discarding unwanted items or selling them to <l=""MAN_GARTHS_SHOPPE""/>. It is wise to have a clean inventory before proceeding into a new dungeon.",
MAN_CHEST_TRAPS,Chest Traps,
MAN_CHEST_TRAPS_TEXT,"Traps in side chests as the same as regular <l=""MAN_TRAPS"",""traps""/>. Chest traps can be disarmed by a skilled <l=""MAN_ROGUE""/> as well as <l=""MAN_CONJURER_SPELLS"",""trap zapped""/> (<smallcaps><color=@#SPELL_HEADER_COL#>TRZP</color></smallcaps>) by a <l=""MAN_MAGES"",""mage""/>. The disarm chance of a rogue is dependant on their level and the difficulty of the traps within a dungeon. <color=@#SPELL_HEADER_COL#>TRZP</color> has a <u>100%</u> chance of disarming a trap.



In the event that a trap has not been disarmed and the party continues to try and retrieve the contents within, the trap will unleash its trap on the party. If the character opening it is <l=""MAN_LUCK"",""lucky""/> enough, they may avoid what the trap releases.



Beware<size=100%>.<size=90%>.<size=80%>. <size=100%>traps can be extremely dangerous and potentially deadly. The party can always walk away from a chest. The loot retrieved may be less than what it costs to revive or heal those unfortunate enough to be subject to the traps effect.",
MAN_LOCATIONS,Locations,
MAN_LOCATIONS_TEXT,There are many locations to explore within the world of 'The Bard's Tale' which all serve different purposes.,
MAN_ADVENTURERS_GUILD,The Adventurer's Guild,
MAN_ADVENTURERS_GUILD_TEXT,"The Guild is like a union hall where adventurers hang out, hoping to join a party. This is where a party is formed and where all adventures begin.



A party can have a total roster of 7 characters. Characters can also be added, removed, renamed, change their portrait, or permanently delete them. Entire parties can also be saved or deleted. There is a pre-built party - <b>The A-TEAM</b>, ready to jump straight into gameplay. They might not have the best <l=""MAN_ATTRIBUTES"",""attributes""/> or <l=""MAN_STATISTICS"",""statistics""/> but they get the job done.



In <b>Tales of the Unknown (BT1)</b>, and <b> The Destiny Knight (BT2)</b>, the game starts in the <b>Adventurer's Guild</b>. In <b>Thief of Fate (BT3)</b>, the game starts in the <b><l=""MAN_REFUGEE_CAMP"",""refugee camp""/></b>.



The Adventurer's Guild and the refugee camp are the <u>only</u> spots a party can be formed, characters created, and parties saved.



If an entire party roster dies while out and about, they will be transported, <u>still dead</u>, to the guild. By creating and adding a live character, the new very much alive character can then ferry the dead characters to a <l=""MAN_TEMPLE"",""temple""/> to resurrect them, or just remove or delete them and create new characters.



Visiting an Adventurer's Guild makes time seem like it's flying by. When exiting, it always turns night to day.



The Adventurer's Guild is <u>always open</u>.",
MAN_REFUGEE_CAMP,Refugee Camp,
MAN_REFUGEE_CAMP_TEXT,"Once, there was a home to travellers called the <b><l=""MAN_ADVENTURERS_GUILD"",""Adventurer's Guild""/></b>. Wayfarers stopped there when they wanted to slake a thirst, engage in merriment, or just rest their weary feet. Now that the plague has descended and Skara Brae has been shattered, the Refugee Camp serves as the gathering point for travellers.



The Refugee Camp is the same as the Adventurer's Guild, although lacking the niceties like tables, heating and vermin-free bedding, they do the same things.



If an entire party roster dies while out and about, they will be transported, <u>still dead</u>, to the camp. By creating and adding a live character, the new very much alive character can then ferry the dead characters to a <l=""MAN_TEMPLE"",""temple""/> to resurrect them, or just remove or delete them and create new characters.



Visiting the refugee camp, it will make time seem like it's flying by. When exiting, it always turns night to day.



The refugee camp is <u>always open</u>.",
MAN_REVIEW_BOARD,Review Board,
MAN_REVIEW_BOARD_TEXT,"The Review Board is a group of high level representatives from all 13 different <b><l=""MAN_CLASS"",""classes""/></b>.



Upon an in person request, the board will determine whether a character has accumulated enough experience points for advancement to higher <l=""MAN_LEVEL"",""levels""/>. The board teaches new <l=""MAN_SPELLS"",""spells""/> to magic users who qualify for higher <b><l=""MAN_SPELL_LEVEL"",""spell levels""/></b> too, but charges for this training.



Review Boards are <u>closed</u> at night.",
MAN_GARTHS_SHOPPE,Garth's Shoppe,
MAN_GARTHS_SHOPPE_TEXT,"Garth is one of yesterday's almost forgotten heroes, now retired from active adventuring to supply tomorrow's would-be greats. At Garth's shoppe characters can buy armor and weapons, sell items, have items identified, or pool all the party's gold for buying expensive items.



Due to a deal with the city blacksmith, Garth has an infinite supply of basic armor and supplies. But unique Items found in labyrinths, even if sold to Garth, remain in his inventory only until they are sold. Occasionally an item won in combat will remain unidentified. This means that its general type might be apparent such as a shield or ring, but not which exact type, like a dragon shield or ring of power.



Garth can identify items... for a price.



Garth's shop is <u>closed</u> at night.",
MAN_ROSCOES_ENERGY_EMPORIUM,Roscoe's Energy Emporium,
MAN_ROSCOES_ENERGY_EMPORIUM_TEXT,"If spell points aren't re-charging fast enough, visit Roscoe's energy emporium. Roscoe will replenish a single or all magic users spell points for a fee. But be prepared for electrifyingly high fees. 



Roscoe can identify specials traits of weapons, armor and items... for a price.



Roscoes is <u>open</u> at night.",
MAN_TAVERN,Tavern,
MAN_TAVERN_TEXT,"Taverns are favorite places to obtain refreshment and gossip. Watch <b><l=""MAN_BARD"",""Bards""/></b> in taverns - they have a tendency to over tip the bartender and - tip over the barmaid.



Order a drink for a bard to refresh the amount <l=""MAN_BARD_SONGS"",""songs""/> they can sing.



Taverns are <u>open</u> at night.",
MAN_TEMPLE,Temple,
MAN_TEMPLE_TEXT,"Temples are divine places of resurrection and complete healing.



A resurrected character retains all the items, gold and experience points they had before dying, but comes back to life with only 1 hit point.



When they finds out how much it cost to be resurrected, they may turn over their grave.



Temples are <u>open</u> at night.",
MAN_BANK,Bank,
MAN_BANK_TEXT,"<width=71f%>Bedder - an old half-elf who reportedly sold his mother to a band of lonely orcs in order to finance his first branch - will deposit gold for safekeeping at any of his bank's branches throughout the realm. Although stingy old Bedder doesn't pay interest on gold deposits, his bank is never robbed and gold can be withdrawn at any time, at any branch.</width><pos=72.5f%><sprite=28/></pos>



Bedder's Bank for the Bold can also safely store some items the party has accumulated through adventuring in the banks safety deposit slots. Unfortunately, Bedder charges a hefty fee to purchase these safety deposit slots. For 10,000 gold he will safely store 10 items. With another 50,000 gold Bedder's bank will store an additional 10 items.



60,000 gold for 20 safety deposit boxes may not be the cheapest thing in the realm, but it is handy.



Banks are <u>closed</u> at night.",
MAN_CASINO,Casino,
MAN_CASINO_TEXT,"Casino gambling is a favorite way to relax after a hard day of battling orcs, and casinos are found in almost all of the Realm's cities. The casinos play a game whose closest equivalent is BlackJack.



Casinos are <u>closed</u> at night.",
MAN_UNMARKED_BUILDINGS,Unmarked Buildings,
MAN_UNMARKED_BUILDINGS_TEXT,"Most buildings are unmarked, but some of them are inhabited by corrupt creatures who have skulked in. Don't be afraid to kick in a few doors and find them. Remember that fighting is good for the party, it's the only way to build up enough experience to challenge the more and more difficult enemies.



There are also handy tips in a few of these.",
MAN_DUNGEONS,Dungeons & Towers,
MAN_DUNGEONS_TEXT,"Dungeons take a variety of forms such as catacombs, tombs, underwater palaces and pits. Towers also take a variety of forms such as keeps, castles and towers. Both dungeons and towers can have a varied number of levels.



Levels higher or lower than the parties current level, can be navigated to by using <b><l=""MAN_STAIRS"",""stairways""/></b>, <b><l=""MAN_PORTAL"",""portals""/></b>, or <l=""MAN_TELEPORTATION"",""teleportation""/> - whichever is more convenient or readily available. 



All noteworthy tiles are marked in the journal and have a respective icon.",
MAN_STAIRS,Stairs,
MAN_STAIRS_TEXT,"Stairways are not visible from a distance. But when the party moves onto one, a prompt will appear in the <l=""MAN_SCROLL"",""scroll""/> asking whether to ascend or descend.



Each <u>succeeding</u> level goes <u><b><smallcaps>up</smallcaps></b></u> in a tower, and <u><b><smallcaps>down</smallcaps></b></u> in a dungeon.",
MAN_PORTAL,Portals,
MAN_PORTAL_TEXT,"Portals are holes in the floors and ceilings, and are visible from a distance. The party will not go through a portal merely by standing on it. They must first be instructed to do so. If they jump down through a portal, they will be damaged from the fall unless a levitation spell is active, or an item that conjures the magical equivalent. The only way to go <smallcaps><b><u>up</u></b></smallcaps> through a portal is by levitation.



A basic levitation (<color=@#SPELL_HEADER_COL#>LEVI</color>) spell is learnt by a <b><l=""MAN_CONJURER""/></b> with a <b><l=""MAN_SPELL_LEVEL"",""spell level""/></b> of 3 or higher.



<line-height=130%><sprite=19/> <b><color=@#InteractionCommand#>Q</color></b> - Portal Up.

</line-height><indent=1.2f%>Ascend up through a portal.</indent>



<line-height=130%><sprite=20/> <b><color=@#InteractionCommand#>Z</color></b> - Portal Down.

</line-height><indent=1.2f%>Descend down through a portal.</indent>



Each <u>succeeding</u> level goes <u><b><smallcaps>up</smallcaps></b></u> in a tower, and <u><b><smallcaps>down</smallcaps></b></u> in a dungeon.",
MAN_PORTAL_JOYPAD,Portals,
MAN_PORTAL_JOYPAD_TEXT,"Portals are holes in the floors and ceilings, and are visible from a distance. The party will not go through a portal merely by standing on it. They must first be instructed to do so. If they jump down through a portal, they will be damaged from the fall unless a levitation spell is active, or an item that conjures the magical equivalent. The only way to go <smallcaps><b><u>up</u></b></smallcaps> through a portal is by levitation.



A basic levitation (<color=@#SPELL_HEADER_COL#>LEVI</color>) spell is learnt by a <b><l=""MAN_CONJURER""/></b> with a <b><l=""MAN_SPELL_LEVEL"",""spell level""/></b> of 3 or higher.



Each <u>succeeding</u> level goes <u><b><smallcaps>up</smallcaps></b></u> in a tower, and <u><b><smallcaps>down</smallcaps></b></u> in a dungeon.",
MAN_MAGIC_DETECTION_SKULL,Magic Detection Skull,
MAN_MAGIC_DETECTION_SKULL_TEXT,"The skull at the top of the <l=""MAN_3D_GAME_VIEW,"",""3D game view""/>, shows information related to the current effects on the party within dungeons.



When the skull's eyes are <u>not</u> glowing, the dungeon has no aura and the party is in a harm free space.



When the skull's eyes <b>are</b> glowing, it is in a state where it has information about something in the dungeon that is causing an effect on the party.



<color=#e50b0b>Red</color> - only a curse, active aura, event timer or general harm is affecting the party.

<color=#0b7cef>Blue</color> - only a blessing is affecting the party.

<color=#9d10e5>Purple</color> - a combination of blessings and curses.

<pos=20%><sprite=52/></pos><pos=45%><sprite=54/></pos><pos=70%><sprite=53/></pos><line-height=350%>

</line-height>

<color=@#SubHeading#><b>Curses</b></color>

A curse is a magical effect that is inflicted upon the party to hinder their ability to navigate. Curses can impair vision, stop bard songs and even stop the use of magic. Curses are commonly documented as <l=""MAN_DUNGEON_HAZARDS"",""hazardous""/> locations.



<color=@#SubHeading#><b>Blessings</b></color>

Blessings are a magical effect that benefit party members. Blessings are commonly documented as locations of <l=""MAN_DUNGEON_REGENERATION"",""regeneration""/>.



<color=@#SubHeading#><b>Active Aura</b></color>

An aura is an invisible magical essence that lurks within the dungeon. The aura can also be built directly into the dungeons structure. Auras can cause anti-magic, anti-apport or anti-phasedoor.



<color=@#SubHeading#><b>Event Timers</b></color>

<l=""MAN_TIMED_TRAPS"",""Timed traps""/> are time based events. The magic detection skull keeps track of the time left in these events.



<color=@#SubHeading#><b>General Harm</b></color>

Sometimes the party gets into a bit of trouble, the magic detection skull also shows if the party is drowning or freezing.",
MAN_TELEPORTATION,Teleportation,
MAN_TELEPORTATION_TEXT,"Teleportation requires the Apport Arcane (<color=@#SPELL_HEADER_COL#>APAR</color>) spell.



<color=@#SPELL_HEADER_COL#>APAR</color> can be cast from a magic user that has been, or is a <b><l=""MAN_CONJURER""/></b> with a <b><l=""MAN_SPELL_LEVEL"",""spell level""/></b> of 7 or higher.



<color=@#SPELL_HEADER_COL#>APAR</color> teleports from the parties <u><smallcaps>current</smallcaps></u> location. <color=@#SPELL_HEADER_COL#>APAR</color> always travels in the worlds North, East, South and West directions. Not the relative direction of the party.

Scry Sight (<color=@#SPELL_HEADER_COL#>SCSI</color>) is a helpful spell to identify which direction the party is facing. The direction is also pointed out in the journal, minimap and <l=""MAN_PARTY_STATUS"",""party status""/> compass if the appropriate spells are active.",
MAN_DUNGEON_HAZARDS,Hazards,
MAN_DUNGEON_HAZARDS_TEXT,"Hazards come in many shapes and forms. They are scattered throughout <l=""MAN_DUNGEONS"",""dungeons & towers""/> in 'The Bard’s Tale'. All of these tiles have a corresponding icon within the journal.



<color=@#TrapHazard#><smallcaps>Darkness</smallcaps></color>

Cancels any light from the party. Including light or vision improving effect produced by <l=""MAN_SPELLS"",""spells""/>, <l=""MAN_ITEMS"",""items""/> and <l=""MAN_BARD_SONGS"",""Bard songs""/>.



<color=@#TrapHazard#><smallcaps>Trap</smallcaps></color>

Trap tiles can contain any random <l=""MAN_TRAPS"",""trap""/>.



<color=@#TrapHazard#><smallcaps>Encounter</smallcaps></color>

Forces the party into <l=""MAN_COMBAT"",""combat""/> with a random group of enemies.



<color=@#TrapHazard#><smallcaps>Spinner</smallcaps></color>

Spins the party to face a random direction when landing on the trap, and after executing an action. Some <l=""MAN_ITEMS"",""items""/>, <l=""MAN_SPELLS"",""spells""/> or <l=""MAN_BARD_SONGS"",""Bard songs""/> may help reduce the possibility of being spun.



<color=@#TrapHazard#><smallcaps>Anti-Magic</smallcaps></color>

A field which causes <b><u>all</u></b> magical <l=""MAN_SPELLS"",""spells""/> being cast, to fizzle. <l=""MAN_ITEMS""/> can still be used in this field.

<pos=80%><sprite=33/></pos>

<width=77.5f%><color=@#TrapHazard#><smallcaps>Health Drain</smallcaps></color>

Drains an amount of <l=""MAN_HIT_POINTS"",""hit points""/> (@#HP#) from every party member after a short period of time.</width>

<pos=80%><sprite=32/></pos>

<width=77.5f%><color=@#TrapHazard#><smallcaps>Magic Drain</smallcaps></color>

Drains an amount of <l=""MAN_SPELL_POINTS"",""spell points""/> (@#SP#) from every party member after a short period of time.</width>



<color=@#TrapHazard#><smallcaps>Silence</smallcaps></color>

Stops all <l=""MAN_BARD_SONGS"",""Bard songs""/> currently being played, and stops any bard songs from being sung.



<color=@#TrapHazard#><smallcaps>Turncoat</smallcaps></color>

Turns a random monster in the party against the team. Initiating intra-party <l=""MAN_COMBAT"",""combat""/>.



<color=@#TrapHazard#><smallcaps>Smoke</smallcaps></color>

Reduces visibility of the in game <l=""MAN_3D_GAME_VIEW"",""3D game view""/>.



<color=@#TrapHazard#><smallcaps>Explosive Gas</smallcaps></color>

Explodes when coming into contact with any open flame, dealing damage to each party member, just like a <l=""MAN_TRAPS"",""trap""/>.



<color=@#TrapHazard#><smallcaps>Anti-Apport Arcane</smallcaps></color>

Stops any attempt to <l=""MAN_TELEPORTATION"",""teleport""/> to or from this tile.



<color=@#TrapHazard#><smallcaps>Magic Chains</smallcaps></color>

Temporarily immobilizes the party from moving forward. Moving lots might break the effects of magic chains.",
MAN_TRAPS,Traps,
MAN_TRAPS_TEXT,"Beware<size=100%>.<size=90%>.<size=80%>. <size=100%>traps can be extremely dangerous and potentially deadly. Traps can be disarmed by <l=""MAN_CONJURER_SPELLS"",""trap zapping""/> (<color=@#SPELL_HEADER_COL#>TRZP</color>) them. <color=@#SPELL_HEADER_COL#>TRZP</color> has a <u>100%</u> chance of disarming a trap. If leading party member has a high level of <l=""MAN_LUCK"",""luck""/>, they may cause the party to avoid what the trap releases.



Traps can affect a <smallcaps>single party member</smallcaps> or the <smallcaps>entire party</smallcaps>. Traps can inflict <smallcaps>damage</smallcaps>, <smallcaps>conditions</smallcaps>, or both. Characters get a saving roll to avoid the trap.",
MAN_DUNGEON_REGENERATION,Regeneration,
MAN_DUNGEON_REGENERATION_TEXT,"Scattered throughout <l=""MAN_DUNGEONS"",""dungeons & towers""/> are regeneration tiles. All of these tiles have a corresponding icon within the journal.

<sprite=33/>

<margin-left=16fem><color=@#TrapHazard#><smallcaps>Health Regeneration</smallcaps></color>

Regenerates an amount of Hit Points (@#HP#) to every party member after a short period of time. The amount of @#HP# regenerated will benefit from <l=""MAN_ITEMS"",""items""/> and <l=""MAN_BARD_SONGS"",""Bard songs""/>.</margin>

<sprite=32/>

<margin-left=16fem><color=@#TrapHazard#><smallcaps>Magic Regeneration</smallcaps></color>

Regenerates an amount of Spell Points (@#SP#) to every party member after a short period of time. The amount of @#SP# regenerated will benefit from <l=""MAN_ITEMS"",""items""/> and <l=""MAN_BARD_SONGS"",""Bard songs""/>.</margin>",
MAN_TIMED_TRAPS,Timed Traps,
MAN_TIMED_TRAPS_TEXT,"Dungeons can contain timed traps which operate in real world seconds. Pausing the game will not stop these timers and the game can not be saved whilst in one.



<color=@#SubHeading#><b>Death Snare</b></color>

Snares are special areas, that once entered - must have a puzzle solved within a time frame, in order to exit. Keep a close eye on the amount of time remaining to solve a Death Snare, dreadful things happen once it reaches zero. Death snares are specific to <b>The Destiny Knight (BT2)</b>.



<color=@#SubHeading#><b>Tripwire</b></color>

Tripwires are special traps, that once triggered - is a race to get as far away as possible, as fast as possible. Disarming a tripwire requires the party to move onto a specific, but hidden location. Once the trap goes off, those standing near enough don't fare too well.



Time remaining for death snares and tripwires can be monitored by the <l=""MAN_MAGIC_DETECTION_SKULL"",""magic detection skull""/>.",
MAN_LEGACY_MODE,Legacy Mode,
MAN_LEGACY_MODE_TEXT,"Legacy Mode will revert new features in the remaster and try to behave more like the original 1980's titles. This includes things such as changing how features have been merged across the three games.



Legacy settings can be toggled on and off to suit a variety of different play styles and desires. These settings are -

<l=""MAN_INDIVIDUAL_INVENTORY""/>

<l=""MAN_MISC_GAME_DIFFERENCES""/>

<l=""MAN_GAME_SPECIFIC_SONGS""/>

<l=""MAN_USE_UNEQUIPPED_ITEMS""/>

<l=""MAN_AUTOMAP_DISABLED""/>

<l=""MAN_FULL_XP_REQUIREMENTS""/>

<l=""MAN_SAVE_AT_GUILD_ONLY""/>

<l=""MAN_NO_ITEMS_IN_EMPTY_HOUSES""/>



Any save game with a legacy option on, will have an icon in the load and save file menus.

<sprite=65/>",
MAN_INDIVIDUAL_INVENTORY,Individual Inventory,
MAN_INDIVIDUAL_INVENTORY_TEXT,"@#INDIVIDUAL_INVENTORY_HINT#



<color=@#SubHeading#><b>Gold</b></color>

Gold is displayed on each party members character information sheet, along with their used inventory space and inventory capacity. (Used space / Capacity)

To pool gold or trade gold, open a party members character information sheet.

Pool gold - All of the gold that each party member has gets given to this character.

Trade gold - Give gold to a selected party member.



<color=@#SubHeading#><b>Items</b></color>

To trade items, open a characters inventory.

Trade item to another party member - Sends the selected item to the chosen party member.",
MAN_MISC_GAME_DIFFERENCES,Misc Game Differences,
MAN_MISC_GAME_DIFFERENCES_TEXT,"Misc Game Differences contains a number of differences between each game but apply all of the listed changes.



<align=""center""><color=@#Heading#><b>Differences - Summarized</b></color></align>

<smallcaps><b>All Games</b></smallcaps><size=85%>

- Items & spells adjusted to match each game.</size>

<smallcaps><b>Tales of the Unknown (BT1)</b></smallcaps><size=85%>

- Special slot for monsters and summoned creatures.

- No archery.

- No item charges. Instead items have a small chance to disappear on each use.

- Individual inventory provides <u>8</u> inventory slots per character.</size>

<smallcaps><b>The Destiny Knight (BT2)</b></smallcaps><size=85%>

- Individual inventory provides <u>10</u> inventory slots per character.</size>

<smallcaps><b>Thief of Fate (BT3)</b></smallcaps><size=85%>

- Exclusive wine skins.

- Exclusive identifying items through Rogues.</size>



<align=""center""><color=@#Heading#><b>Differences - Detailed</b></align>

<color=@#SubHeading#><b>Adjusted Items & Spells</b></color>

Each game within the trilogy has their own set of items and spells. In the remaster all generic (not specialised) items and spells have been merged to be found across all three volumes of the trilogy. This option reverts all items and spells to be specific to the games they were originally found in.



<color=@#SubHeading#><b>Special Slot</b></color>

Special slot (S) is a slot in the party roster specifically for monsters and summoned creatures. No other party member or character can be in this slot. Having misc game differences toggled <b><u>on</u></b> will add a special slot to front the party roster leaving 6 spaces for characters - exclusively in Tales of the Unknown. Having this option turned off will maintain the party roster having 7 available spaces for characters, monsters and summoned creatures across all three games of the trilogy.



<pos=0f%>S</pos><pos=2.5f%>Summoned Wolf</pos><pos=25.5f%>2</pos><pos=37.25f%><color=#141414>11/</color><color=#F0F0F0FF>13</color></pos><pos=53f%></pos><color=#141414>?/</color><color=#F0F0F0FF>?</color><pos=65f%>IL</pos>

<pos=0.25f%>1</pos><pos=2.5f%>@#Brian the Fist#</pos><pos=25f%>-10</pos><pos=35f%><color=#141414>108/</color><color=#F0F0F0FF>258</color></pos><pos=50f%></pos><pos=65f%>@#WA#</pos>

<pos=0f%>2</pos><pos=2.5f%>@#El Cid#</pos><pos=25f%>-8</pos><pos=35f%><color=#141414>215/</color><color=#F0F0F0FF>226</color></pos><pos=50f%></pos><pos=65f%>@#PA#</pos>

<pos=0f%>3</pos><pos=2.5f%>@#Markus#</pos><pos=25f%>-4</pos><pos=35f%><color=#141414>176/</color><color=#F0F0F0FF>198</color></pos><pos=50f%></pos><pos=65f%>@#BA#</pos>

<pos=0f%>4</pos><pos=2.5f%>@#Sir Grady#</pos><pos=25f%>-5</pos><pos=35f%><color=#141414>178/</color><color=#F0F0F0FF>215</color></pos><pos=50f%></pos><pos=65f%>@#RO#</pos>

<pos=0f%>5</pos><pos=2.5f%>@#Merlin#</pos><pos=25f%>-1</pos><pos=35f%><color=#141414>145/</color><color=#F0F0F0FF>145</color><pos=50f%></pos><color=#141414>409/</color><color=#F0F0F0FF>512</color><pos=50f%></pos><pos=65f%>@#CO#</pos>

<pos=0f%>6</pos><pos=2.5f%>@#Omar#</pos><pos=25.5f%>2</pos><pos=35f%><color=#141414>163/</color><color=#F0F0F0FF>163</color></pos><pos=50f%></pos><color=#141414>367/</color><color=#F0F0F0FF>571</color><pos=65f%>@#MA#</pos>



Specials cannot be controlled in battle. They choose their own attack mode and generally go after the primary group of monsters the party is facing. Specials are removed from the S slot when killed. Illusionary specials (created by a <l=""MAN_MAGES"",""mage""/>) are removed if any foe disbelieve them. If a non-illusionary special is attacked by another member of the party for any reason, it will turn hostile immediately and fight until defeated.



<color=@#SubHeading#><b>No Archery</b></color>

Removes all forms of Archery and archery specific items that were not in the original Tales of the Unknown.



<color=@#SubHeading#><b>No Item Charges</b></color>

Items no longer have a specific amount of charges (uses) and are now reverted to being potentially infinite with a small chance to disappear on each use.



<color=@#SubHeading#><b>Different Game Sized Inventories</b></color>

Each character has their own inventory and holds their own gold, the same as <l=""MAN_INDIVIDUAL_INVENTORY"",""individual inventory""/>. But each game has different sized inventories instead of the consistent 16 across all 3 of the trilogy.



<color=@#Heading#><b>Tales of the Unknown (BT1)</b></color> - Each member has <u>8</u> inventory slots.

<color=@#Heading#><b>The Destiny Knight (BT2)</b></color> - Each member has <u>10</u> inventory slots.

<color=@#Heading#><b>Thief of Fate (BT3)</b></color> - Each member has <u>16</u> inventory slots.



<color=@#SubHeading#><b>Exclusive Wineskins</b></color>

Wine skins become exclusive again to the Thief of Fate within the trilogy, no longer being accessible from Tales of the Unknown or The Destiny Knight.



<color=@#SubHeading#><b>Exclusive Item Identification</b></color>

Item identification through a Rogues abilities becomes restricted to the Thief of Fate and no longer available in Tales of the Unknown or The Destiny Knight.",
MAN_GAME_SPECIFIC_SONGS,Game Specific Songs,
MAN_GAME_SPECIFIC_SONGS_TEXT,"@#SONGS_HINT#



3 Songs from <l=""MAN_THE_DESTINY_KNIGHT"",""The Destiny Knight (BT2)""/> revert to having their original effect.

<color=@#SPELL_HEADER_COL#><smallcaps><b>@#SONG_SpellSong#</b></smallcaps></color>

<color=@#SPELL_HEADER_COL#><smallcaps><b>@#SONG_SanctuaryScore#</b></smallcaps></color>

<color=@#SPELL_HEADER_COL#><smallcaps><b>@#SONG_WatchwoodMelody#</b></smallcaps></color>",
MAN_TALES_OF_THE_UNKNOWN,Tales Of The Unknown,
MAN_TALES_OF_THE_UNKNOWN_TEXT,"Songs available in <b>Tales of the Unknown (BT1)</b>.



<color=@#SPELL_HEADER_COL#><smallcaps><b>@#SONG_FalkentynesFury#</b></smallcaps></color>

@#SONG_FalkentynesFury_DESC#



<color=@#SPELL_HEADER_COL#><smallcaps><b>@#SONG_SeekersBallad#</b></smallcaps></color>

@#SONG_SeekersBallad_DESC#



<color=@#SPELL_HEADER_COL#><smallcaps><b>@#SONG_WaylandsWatch#</b></smallcaps></color>

@#SONG_WaylandsWatch_DESC#



<color=@#SPELL_HEADER_COL#><smallcaps><b>@#SONG_BadhrKilnfest#</b></smallcaps></color>

@#SONG_BadhrKilnfest_DESC#



<color=@#SPELL_HEADER_COL#><smallcaps><b>@#SONG_TravellersTune#</b></smallcaps></color>

@#SONG_TravellersTune_DESC#



<color=@#SPELL_HEADER_COL#><smallcaps><b>@#SONG_Lucklaran#</b></smallcaps></color>

@#SONG_Lucklaran_DESC#",
MAN_THE_DESTINY_KNIGHT,The Destiny Knight,
MAN_THE_DESTINY_KNIGHT_TEXT,"Songs available in <b>The Destiny Knight (BT2)</b>.



<color=@#SPELL_HEADER_COL#><smallcaps><b>@#SONG_ArchersTune#</b></smallcaps></color>

@#SONG_ArchersTune_DESC#



<color=@#SPELL_HEADER_COL#><smallcaps><b>@#SONG_SpellSong#</b></smallcaps></color>

@#SONG_SpellSong_DESC_BT2#



<color=@#SPELL_HEADER_COL#><smallcaps><b>@#SONG_SanctuaryScore#</b></smallcaps></color>

@#SONG_SanctuaryScore_DESC_BT2#



<color=@#SPELL_HEADER_COL#><smallcaps><b>@#SONG_MeleeMarch#</b></smallcaps></color>

@#SONG_MeleeMarch_DESC#



<color=@#SPELL_HEADER_COL#><smallcaps><b>@#SONG_ZanduvarCarack#</b></smallcaps></color>

@#SONG_ZanduvarCarack_DESC#



<color=@#SPELL_HEADER_COL#><smallcaps><b>@#SONG_RhymeOfDuotime#</b></smallcaps></color>

@#SONG_RhymeOfDuotime_DESC#



<color=@#SPELL_HEADER_COL#><smallcaps><b>@#SONG_WatchwoodMelody#</b></smallcaps></color>

@#SONG_WatchwoodMelody_DESC_BT2#",
MAN_THIEF_OF_FATE,Thief Of Fate,
MAN_THIEF_OF_FATE_TEXT,"Songs available in <b>Thief Of Fate (BT3)</b>.



<color=@#SPELL_HEADER_COL#><smallcaps><b>@#SONG_SirRobinsTune#</b></smallcaps></color>

@#SONG_SirRobinsTune_DESC#



<color=@#SPELL_HEADER_COL#><smallcaps><b>@#SONG_SafetySong#</b></smallcaps></color>

@#SONG_SafetySong_DESC#



<color=@#SPELL_HEADER_COL#><smallcaps><b>@#SONG_SanctuaryScore#</b></smallcaps></color>

@#SONG_SanctuaryScore_DESC#



<color=@#SPELL_HEADER_COL#><smallcaps><b>@#SONG_BringaroundBallad#</b></smallcaps></color>

@#SONG_BringaroundBallad_DESC#



<color=@#SPELL_HEADER_COL#><smallcaps><b>@#SONG_RhymeOfDuotime#</b></smallcaps></color>

@#SONG_RhymeOfDuotime_DESC#



<color=@#SPELL_HEADER_COL#><smallcaps><b>@#SONG_KielsOverture#</b></smallcaps></color>

@#SONG_KielsOverture_DESC#



<color=@#SPELL_HEADER_COL#><smallcaps><b>@#SONG_MinstrelShield#</b></smallcaps></color>

@#SONG_MinstrelShield_DESC#",
MAN_USE_UNEQUIPPED_ITEMS,Use Equipped Items,
MAN_USE_UNEQUIPPED_ITEMS_TEXT,@#USEUNEQUIPPED_HINT#,
MAN_AUTOMAP_DISABLED,Automap Disabled,
MAN_AUTOMAP_DISABLED_TEXT,@#DISABLE_AUTOMAP_HINT#,
MAN_FULL_XP_REQUIREMENTS,Full XP Requirements,
MAN_FULL_XP_REQUIREMENTS_TEXT,"@#XP_GRIND_HINT#



<color=@#SubHeading#><b>Double XP Requirements</b></color>

Up to twice the XP is needed for each level.



<color=@#SubHeading#><b>Un-restricted Party Attack</b></color>

Allows party attack to be initiated anywhere.



<color=@#SubHeading#><b>Shop Charged Items</b></color>

Enabled shop buy and sell any charged item.



<color=@#SubHeading#><b>Repeatable Events and Battles</b></color>

All game events and battles are now repeatable.",
MAN_SAVE_AT_GUILD_ONLY,Save At Guild Only,
MAN_SAVE_AT_GUILD_ONLY_TEXT,@#SAVE_AT_GUILD_HINT#,
MAN_NO_ITEMS_IN_EMPTY_HOUSES,No Items In Empty Houses,
MAN_NO_ITEMS_IN_EMPTY_HOUSES_TEXT,@#NOEMPTYROOM_HINT#,
MAN_FINISHING_A_VOLUME,Finishing A Volume,
MAN_FINISHING_A_VOLUME_TEXT,"When a volume of the trilogy has been completed and there is nothing of value left to do, head to any <l=""MAN_ADVENTURERS_GUILD"",""Adventurer's Guild""/>. A new option will be present which will advance the game to the next volume in the trilogy. This option will only occur in <b>Tales of the Unknown (BT1)</b> and <b>The Destiny Knight (BT2)</b>.



Finishing <b>Tales of the Unknown</b> will present -

Begin Volume II - The Destiny Knight.



Finishing <b>The Destiny Knight</b> will present -

Begin Volume III - Thief of Fate.



Finishing a volume does not require forming a new party, losing all gold and emptying all inventories. A <l=""MAN_CHARACTER_TRANSFER"",""character transfer""/> option is available.



Characters can always be left behind at a guild and new ones created to take their place if the party needs a bit of a different composition. Alternatively - exit to the main menu and start an entirely fresh save for the new volume.



It is recommended to create a save file before transferring to a new volume.",
MAN_CHARACTER_TRANSFER,Character Transfer,
MAN_CHARACTER_TRANSFER_TEXT,"When advancing to a new volume, there are 3 different options that allow characters to be transferred at different power levels and to retain different amounts of loot.



<color=@#SubHeading#><b>Full Power Transfer</b></color>

Bring over all characters exactly as they are with all experience and items. All inventories will be preserved.



<color=@#SubHeading#><b>Moderate Power Transfer</b></color>

Characters will be levelled down to a suitable level for the content. All inventories will be preserved.



<color=@#SubHeading#><b>Full Reset</b></color>

All characters will be reset to level 1. All inventories will be cleared.



Transferring characters across volumes will also transfer characters in the guild roster.



It is recommended to create a save file before transferring to a new volume.",
Brian the Fist,Brian the Fist,
El Cid,El Cid,
Markus,Markus,
Sir Grady,Sir Grady,
Merlin,Merlin,
Omar,Omar,
MOUSE_SCROLL_REVIEW,You can also use the mouse scroll wheel to review text that has been written to the scroll during combat.,
BARD_STARTING_SONGS,"A newly created Bard will know only a handful of songs, determined by the current volume being played. Bards may learn songs from previous game volumes if they can find someone to teach them.",
SUMMON,SUMMON,
PORTRAIT_Warrior Barbarian,Warrior Barbarian,
PORTRAIT_Experienced Paladin,Experienced Paladin,
PORTRAIT_Vampire Lord,Vampire Lord,
PRESS_XX_TO_CONTINUE,Press <color=#ffff22>{0}</color> to continue...,
CHOOSE_CHAR_TO_VIEW,Choose a character to view:,
XB_ToggleHelp,Toggle Help,
XB_ToggleMinimap,Toggle Minimap,
XB_OpenJournal,Open Journal,
XB_Menu,Pause Menu,
XB_CommandsPopup,Commands Popup,
XB_WhereAmI,Where Am I,
XB_ViewChar,View Char,
XB_CastSpell,Cast Spell,
XB_PlaySong,Play Song,
XB_UseItem,Use Item,
XB_LookAround,Look Around 3D,
XB_Move,Move Around 3D,
XB_SwitchProfiles,Switch Profiles,
USER_SIGNED_OUT,User Signed Out,
SIGNED_IN_AS,Signed in as:,
SFX,SFX,
Music,Music,
ACTIVE_AURA_TITLE,"Active Auras, Timers and Spell Effects",
COMMAND_PortalUp,Take Portal Up,
COMMAND_PortalDown,Take Portal Down,
COMMAND_PartyAttack,Party attack,
COMMAND_PartyOrder,New Party Order,
COMMAND_Manual,Bard's Tale Trilogy Manual,
COMMAND_ClothMap,Original Cloth Map,
COMMAND_Bestiary,Bestiary,
COMMAND_Stats,Statistics,
COMMAND_Controls,View Controls,
Accept,Accept,
TRANSFER_FULL_DESC,"Bring over your characters exactly as they are with all experience and items.

All inventories will be preserved.",
TRANSFER_PARTIAL_DESC,"Characters will be levelled down to a suitable level for the content.

All inventories will be preserved.",
TRANSFER_RESET_DESC,"All characters will be reset to level 1.

All inventories will be cleared.",
DESTINY_KNIGHT_HINT,"The Destiny Knight is immune to all status conditions and cannot be turned to stoned or killed with a critical hit. Any damage to the Destiny Knight that would normally kill them, will instead reduce a small amount of their spell points. If they run out of magic, they can still die!",
BANK_RETRIEVED,RETRIEVED,
CONTROLLER_REMOVED,Please reconnect the controller or connect a different controller.,
PORTRAIT_Sneaky Rogue,Sneaky Rogue,
PORTRAIT_Virtuoso Bard,Virtuoso Bard,
PORTRAIT_Deadly Hunter,Deadly Hunter,
PORTRAIT_Adept Conjurer,Adept Conjurer,
PORTRAIT_Master Magician,Master Magician,
PORTRAIT_Runic Wizard,Runic Wizard,
Song List,Song List,
Spell List,Spell List,
GAME_QUICKSAVED,Game has been quick-saved.,
Breath Attack,Breath Attack,
CHEST_Poison Needle,Poison Needle,
CHEST_Blades,Blades,
CHEST_Darts,Darts,
CHEST_Gas Cloud,Gas Cloud,
CHEST_Shocker,Shocker,
CHEST_Crazy Cloud,Crazy Cloud,
CHEST_Mind Trap,Mind Trap,
CHEST_Poison Blades,Poison Blades,
CHEST_Shock Wave,Shock Wave,
CHEST_Vortex,Vortex,
CHEST_Shocks,Shocks,
CHEST_Poison Darts,Poison Darts,
CHEST_Acid Burst,Acid Burst,
CHEST_Poison Spikes,Poison Spikes,
CHEST_Mind Blast,Mind Blast,
CHEST_Mind Jab,Mind Jab,
CHEST_Basilisk Snare,Basilisk Snare,
CHEST_Death Blades,Death Blades,
CHEST_Codger Bomb,Codger Bomb,
CHEST_Swindler,Swindler,
CHEST_Hammer,Hammer,
MAP_Pit,pit!,
MAP_Spiked Pit,spiked pit!,
MAP_Warstrike,timed Warstrike spell!,
MAP_Gas Cloud,poison gas cloud!,
MAP_Darts,"tripwire, which caused poison darts to shoot!",
MAP_Stone Block,"tripwire, which caused a stone block to fall!",
MAP_Crossbows,"tripwire, which caused several crossbows to fire at you!",
MAP_Basilisk Snare,Basilisk snare!,
MAP_BT3_Stone Block,stone block!,
MAP_Tripwire,tripwire!,
MAP_Stakes,punji stakes!,
MAP_BT3_Crossbows,crossbow bolts!,
MAP_Shock Wave,shock wave!,
MAP_Acid,acid bath!,
MAP_Mind Zap,mind zap!,
MAP_Poison Spray,poison spray!,
MAP_Poison Spiked Pit,poison spiked pit!,
MAP_Mage Zap,mage zap!,
MAP_Decapitator,decapitator!,
MAP_BT3_Warstrike,timed warstrike!,
MAP_Shock Sphere,shock sphere!,
MAP_Crushing Walls,crushing walls!,
MAP_Rolling Ball,rolling ball!,
MAP_BT3_Basilisk Snare,basilisk snare!,
MAP_Wither Strike,wither strike!,
MAP_SledgeHammer,sledgehammer!,
MAP_Earthquake,earthquake!,
MAP_Deathstrike,deathstrike!,
MAP_Bonkers,bonkers!,
All Classes,All Classes,
All Melee,All Melee,
All Mages,All Mages,
Empty Slot,Empty Slot,
XB1GuestUserConfirm,Guest Users cannot save or load. Switch Profiles to save or load.,
XB1NewGameGuest,Game progress is not saved for Guest Users.,
RESUME_TEXT_SIGNEDIN,Active User,
RESUME_TEXT_WHO,Who are you,
SONG_SanctuaryScore_DESC,"Provides general protection for your party. Lowers their AC, and increases the chance to run from combat, dodge missiles, resist spells and avoid traps.",
GR_Signing_In,Signing In,
GR_Loading_Profile,Loading Profile,
GR_Caching_Saves,Caching Saves,
GR_Checking_License,Checking License,
GR_Checking_Updates,Checking For Updates,
GR_Signed_In,Signed In,
GR_Storage_Failed,Storage Init Failed,
GR_License_Failed_Not_Trial_Owner,License Failed\nNot Trial Owner,
GR_License_Failed_Trial_Expired,License Failed\nTrial Expired,
GR_License_Failed_General,License Failed\nGeneral Failure,
GR_Downloading,Downloading Updates,
GR_Installing,Installing Updates,
SPELLFILTER_RecentSpells_Heading,Recent Spells,
SPELLFILTER_RecentSpells,Lists the most recently used spells by this character.,
Sign_In,Sign In,
CASTER,CASTER,
AnswerThisRiddle,Answer this riddle to pass:,
GARTHS_CLOSED_AT_NIGHT,The shoppe is closed at night.,
REVIEWBOARD_CLOSED_AT_NIGHT,The Review Board is closed for the evening. The guild leaders will meet with you in the morning.,
BANK_CLOSED_AT_NIGHT,Bank business hours are between dawn and dusk.,
CASINO_CLOSED_AT_NIGHT,The casino is closed at night.,
ROOMHINT_35,Looking for adventure? Seek the dungeon on the east side of Tangramayne.,
ROOMHINT_36,"Your spell casters are able to identify what spells an enemy magic user is casting, if they know the spell themselves.",
ROOMHINT_37,It's possible for Bards to learn more songs. But first you need to find someone who will teach you. This is something a Bartender might be able to help you with.,
ROOMHINT_38,"Some places have a natural malevolence to them which may turn monsters against you. There is said to be a set of Bracers that, when equipped, will keep a monster calm. If you can't find one, there is always magic.",
Accept Changes?,Accept Changes?,
Please Wait,Please Wait,
GR_Update_Failed,Update Failed,
GR_Update_Success,Update Success,
GR_Update_Required,Update Required\nPlease Update in the store.,
GR_Signed_Out,User Signed Out\nPress Ok to exit.,
OriginInitFailed,Something Went Wrong\nEnsure Origin client is loaded.,
XB_CommandBarHelp,Help,
XB_CommandBarJournal,Journal,
XB_CommandBarPause,Pause,
XB_CommandBarCommands,Commands,
