KEY (參考用),English (遊戲原文),Chinese (請填寫中文)
Bard's Tale,Bard's Tale,冰城傳奇
The,The,The
TRILOGY,TRILOGY,三部曲
BT1ChapterDesc,Tales of the Unknown,未知傳奇
BT2ChapterDesc,The Destiny Knight,天命勇士
BT3ChapterDesc,Thief of Fate,命運之賊
NewGameConfirm,Starting a new game will overwrite your existing AutoSave. Are you sure you wish to proceed?,開始新遊戲將會覆蓋現有的自動存檔。你確定要繼續嗎？
BeginBT1,Begin Tales of the Unknown,開始未知傳奇
BeginBT2,Begin The Destiny Knight,開始天命勇士
BeginBT3,Begin Thief of Fate,開始命運之賊
ComingSoon,Coming Soon,即將推出
New Game,New Game,新遊戲
Load Game,Load Game,讀取遊戲
Options,Options,選項
Quit Game,Quit Game,離開遊戲
Chapter1,VOLUME I,第一卷
Chapter2,VOLUME II,第二卷
Chapter3,VOLUME III,第三卷
BEGIN,BEGIN,開始
LEGACY MODE,LEGACY MODE,傳承模式
YES,YES,是
NO,NO,否
Yes,Yes,是
No,No,否
Cancel,Cancel,取消
OK,OK,確定
Start Game,Start Game,開始遊戲
Back,Back,返回
Resume,Resume,繼續
Close,Close,關閉
Main Menu,Main Menu,主選單
SPACE_TO_CONTINUE,<color=#ffff22>SPACE</color> to continue...,<color=#ffff22>空白</color> 繼續...
LEVEL_X_SPELLS,Level {0} Spells,等級 {0} 法術
CODE,CODE,代碼
COST,COST,消耗
RANGE,RANGE,射程
DURATION,DURATION,持續時間
FOE,FOE,敵人
COMBAT,COMBAT,戰鬥
ALL FOES,ALL FOES,全體敵人
GROUP,GROUP,群組
PARTY,PARTY,隊伍
CHAR,CHAR,角色
LONG,LONG,長
MEDIUM,MEDIUM,中
SHORT,SHORT,短
Spells,Spells,法術
SPECIAL_SLOT,S,S
PARTY_NO_SPELLCASTERS,Your party has no spell casters.,你的隊伍中沒有施法者。
NEW_PARTY_ORDER,New Party Order:,新隊伍順序：
WHO_WILL_CAST,Who will cast a spell?,誰要施放法術？
WHO_WILL_PLAY,Who will play a song?,誰要演奏歌曲？
WHO_WILL_USE,Who will use an item?,誰要使用物品？
NO_NEED_PARTY_COMBAT,There is no need for party combat.,沒有必要進行隊伍戰鬥。
PARTY_HAS_NO_BARDS,Your party has no bards.,你的隊伍中沒有吟遊詩人。
PARTY_HAS_NO_USABLE_TIMES,Your party has no members with equipped non-combat usable items.,你的隊伍中沒有成員裝備了非戰鬥可用的物品。
ALWAYS_DAYLIGHT,It always seems to be daylight here!,這裡似乎永遠是白天！
ALWAYS_NIGHT,It always seems to be night here!,這裡似乎永遠是夜晚！
TIME_OF_DAY_0,It's now midnight,現在是午夜
TIME_OF_DAY_1,It's now after midnight,現在已過午夜
TIME_OF_DAY_2,It's now early morning,現在是清晨時分
TIME_OF_DAY_3,It's now mid-morning,現在是上午時分
TIME_OF_DAY_4,It's now noon,現在是正午時分
TIME_OF_DAY_5,It's now afternoon,現在是下午時分
TIME_OF_DAY_6,It's now dusk,現在是黃昏時分
TIME_OF_DAY_7,It's now evening,現在是傍晚時分
PARTY_STOPS_FOR_A_MOMENT,"Your party stops for a moment and takes a good look around...\n\n{0}, facing {1}.\n\n{2}",你的隊伍稍作停留，仔細環顧四周……\n\n{0}，面向 {1}。\n\n{2}
TAKE_TIME_TO_LOOK_AROUND,You take the time to look around...,你花時間環顧四周……
CHAR_MUST_DROP_ITEM,{0} must drop an item to make space for {1}:,{0} 必須丟棄一件物品，才能為 {1} 騰出空間：
INV_FULL_DROP_ITEM,Your inventory is full. Drop an item to make space for {0}:,你的道具欄已滿。請丟棄一件物品，為 {0} 騰出空間：
ITEM_TOO_IMPORTANT,You feel this item is too important to discard!,你覺得這件物品太重要了，不能丟棄！
CHOOSE_DIFF_CHAR,Choose different character,選擇不同角色
JOURNAL_ENCOUNTER,We encountered:,我們遭遇了：
CHAR_GOT_THE_ITEM,{0} got the {1}.,{0} 獲得了 {1}。
ITEM_ADDED_TO_INV,{0} has been added to the party inventory.,{0} 已加入隊伍庫存。
STAIRS_UP,"There are stairs here, going up.\nDo you wish to take them?",這裡有樓梯，通往上方。\n你要走上去嗎？
STAIRS_DOWN,"There are stairs here, going down.\nDo you wish to take them?",這裡有樓梯，通往下方。\n你要走下去嗎？
SAGE_KNOWS_THIS,I know of this... but the knowledge will cost thee {0} gold.,我知曉此事……但這知識要價 {0} 金幣。
SAGE_COME_BACK_WITH_GOLD,Come back when you can afford my wisdom.,等你付得起我的智慧時再來吧。
SAGE_YES,"Yes, I will pay.",是，我願意付錢。
SAGE_NO,"No, it is too much.",不，太貴了。
PARTY_FINDS_UNIDENTIFIED_ITEM,The party finds an unidentified {0}.\n,隊伍發現了一件未鑑定的 {0}。\n
PARTY_FINDS_ITEM,The party finds a {0}.\n,隊伍發現了一件 {0}。\n
CHAR_FINDS_UNIDENTIFIED_ITEM,{0} found an unidentified {1}.\n,{0} 發現了一件未鑑定的 {1}。\n
CHAR_FINDS_ITEM,{0} found a {1}.\n,{0} 發現了一件 {1}。\n
CHAR_READY_TO_LEVEL_UP,{0} is ready to level up. Find the Review Board.,{0} 已準備好升級。請前往仲裁委員會。
CHAR_READY_TO_LEARN_NEW_SPELL,{0} is ready to learn level {1} {2} spells. Find the Review Board and bring {3} in gold.,{0} 已準備好學習 {1} 級 {2} 法術。請前往仲裁委員會，並攜帶 {3} 金幣。
CHAR_JUMPED_OUT_OF_WAY,{0} jumped out of the way!\n,{0} 跳開了！\n
CHAR_TAKE_CHEST_DAMAGE,{0} took {1} damage,{0} 承受了 {1} 點傷害
STAIRS_NEAR,There are stairs near.,附近有樓梯。
TRAP_NEAR,There is a trap near.,附近有陷阱。
PORTAL_NEAR,There is a portal near.,附近有傳送門。
SPELLS_WAVER,Your spells waver.,你的法術搖曳不定。
SPINNER_AHEAD,You sense a spinner ahead.,你感覺到前方有迷向器。
SOMETHING_SPECIAL_NEAR,There is something special near.,附近有特殊的東西。
DETECT_MOVEMENT_AHEAD,You detect some movement ahead.,你察覺到前方有動靜。
PORTAL_BELOW,There is a portal below you.,你腳下有傳送門。
PORTAL_ABOVE,There is a portal above you.,你頭頂上有傳送門。
HIT_A_TRAP,TRAP! You've hit a {0},陷阱！你觸發了 {0}
None,None,無
Melee,Melee,近戰
Breath,Breath,吐息
Range,Range,遠程
Summon Help,Summon Help,召喚援軍
Chance,Chance,機率
Defend,Defend,防禦
Spell,Spell,法術
Unknown Spell,Unknown Spell,未知法術
Exit to town,Exit to town,返回城鎮
Damage,Damage,傷害
Items,Items,物品
KICK_CHAR_FROM_PARTY,Kick {0} from the party.,將 {0} 踢出隊伍。
Damage_Poison,Poison,中毒
Damage_Drain,Level Drain,等級吸取
Damage_Insane,Insanity,瘋狂
Damage_Wither,Wither,衰老
Damage_Possess,Possess,附身
Damage_Stoned,Petrify,石化
Damage_Critical,Critical Hit,暴擊
Damage_UnequipItems,Unequip Items,卸下裝備
Damage_SpellDrain,Spell Drain,法術吸取
Cond_Poisoned,Poisoned,中毒
Cond_Old,Withered,衰老
Cond_Dead,Dead,死亡
Cond_Stoned,Stoned,石化
Cond_Paralyzed,Paralyzed,麻痺
Cond_Possessed,Possessed,附身
Cond_Insane,Insane,瘋狂
Cond_Drained,Drained,耗盡
Injured,Injured,受傷
Normal,Normal,正常
Item,Item,物品
Electric,Electric,閃電
Cold,Cold,冰霜
Holy,Holy,神聖
Water,Water,水系
Fire,Fire,火焰
STONED,STONED,石化
DEAD,DEAD,死亡
Level,Level,等級
STUN,STUN,暈眩
NUTS,NUTS,瘋狂
POSS,POSS,附身
HIDE,HIDE,隱藏
ANIMATE,ANIMATE,活化
PARA,PARA,麻痺
POIS,POIS,中毒
OLD,OLD,衰老
DRAIN,DRAIN,吸取
WA,WA,戰士
PA,PA,聖騎士
MO,MO,武僧
RO,RO,盜賊
HU,HU,獵人
BA,BA,吟遊詩人
CO,CO,咒術師
MA,MA,幻術師
SO,SO,術士
WI,WI,巫師
AM,AM,大法師
CH,CH,時空術士
GE,GE,大地術士
HP,HP,生命值
SP,SP,法術點數
CL,CL,等級
AC,AC,防禦
HIT POINTS,HIT POINTS,生命值
SPELL POINTS,SPELL POINTS,法術點數
CLASS,CLASS,職業
class,class,職業
Lv,Lv,等級
XP,XP,經驗值
Str,Str,力量
Int,Int,智力
Dex,Dex,敏捷
Con,Con,體質
Lck,Lck,幸運
Light,Light,光源
LightDetect,Light (Detect Secret Doors),光源（偵測密門）
Sight,Sight,視野
Levitation,Levitation,漂浮
Compass,Compass,指南針
Song,Song,歌曲
Duration,Duration,持續時間
End of Combat,End of Combat,戰鬥結束
Bard Song,Bard Song,吟遊詩人之歌
ACTIVESPELL_DISORIENTED,"Disoriented\nWithout a compass, we cannot orient our maps!",迷失方向\n沒有指南針，我們無法繪製地圖！
Persistent,Persistent,持續性
Combat Round,Combat Round,戰鬥輪
Mage,Mage,法師
Undead,Undead,亡靈
Demon,Demon,惡魔
Stone,Stone,石化
Magic User,Magic User,法師
Warrior,Warrior,戰士
Warrior_DESC,"The base fighter-type in The Bard's Tale, warriors can use nearly every weapon there is. For every 4 levels of experience after the 1st, Warriors get an extra attack ability in combat.",戰士是《冰城傳奇》中的基礎戰鬥型職業，幾乎能使用所有武器。從第1級之後，每提升4級經驗等級，戰士在戰鬥中就會獲得一次額外攻擊能力。
Paladin,Paladin,聖騎士
Paladin_DESC,Paladins are fighters who have sworn to abstain from all evil and to uphold honor and purity in all places. They can use most weapons and some that no other fighters can. They get multiple attacks at higher levels. They also have a greatly increased resistance to evil magic.,聖騎士是宣誓摒棄一切邪惡、在所有地方堅守榮譽與純潔的戰士。他們能使用大多數武器，甚至包括其他戰士無法使用的某些武器。在高等級時可獲得多次攻擊。他們對邪惡魔法也有極高的抗性。
Rogue,Rogue,盜賊
Rogue_DESC,"A professional thief with so-so combat ability, the rogue can hide in shadows, and leap out at distant enemies to land critical hits. They can also search for traps and disarm them. Without a rogue your party will pay very dearly for the booty it wins.",盜賊是戰鬥能力平平的專業小偷，能隱藏在陰影中，並躍出攻擊遠處的敵人造成暴擊。他們還能搜尋陷阱並將其解除。沒有盜賊，你的隊伍將為獲得的戰利品付出極其慘痛的代價。
Bard,Bard,吟遊詩人
Bard_DESC,The Bard is a wandering minstrel. You'll see them with a tankard of ale in front of them in the less reputable taverns -- the rowdier the better. Their song magic can help your party immensely in and out of combat.,吟遊詩人是流浪的樂手。你會在名聲較差的酒館裡看到他們，面前擺著一杯麥芽酒——越吵鬧的地方越好。他們的歌曲魔法能在戰鬥內外極大地幫助你的隊伍。
Hunter,Hunter,獵人
Hunter_DESC,"An assassin, a mercenary, a ninja. The hunter can use most weapons, and has the ability (which grows with experience) to do critical hits in combat (i.e., to attack a nerve center or other vital area and instantly kill an opponent). A good skill.",刺客、傭兵、忍者。獵人能使用大多數武器，並擁有隨經驗成長的能力，可在戰鬥中造成暴擊（即攻擊神經中樞或其他要害部位，瞬間殺死對手）。這是個好技能。
Monk,Monk,武僧
Monk_DESC,"A martial artist, an almost inhuman fighting machine trained to fight without weapons or armor. The monk can use them, but, at higher levels particularly, often does better without.",武僧是武術家，一種近乎非人的戰鬥機器，受過訓練能在不攜帶武器或盔甲的情況下戰鬥。武僧可以使用它們，但在高等級時，通常不裝備反而表現更好。
Conjurer,Conjurer,咒術師
Conjurer_DESC,"Conjurers deal in the physical creation and manifestation of real things (like fire, light, healing).",咒術師擅長實際創造與顯化真實事物（例如火焰、光線、治療）。
Magician,Magician,幻術師
Magician_DESC,"Magicians deal with magic as it affects physical objects (i.e., enchanting a sword, making armor stronger, making a dungeon wall disappear).",幻術師處理影響實體物品的魔法（例如附魔劍、強化盔甲、讓地下城牆壁消失）。
Sorcerer,Sorcerer,術士
Sorcerer_DESC,"Sorcerers are magic users who deal with the creation and manipulation of illusion. Due to the power of sorcerer spells, this class is not available to newly created characters.",術士是擅長創造與操控幻象的魔法使用者。由於術士法術的強大力量，這個職業不開放給新創建的角色。
Wizard,Wizard,巫師
Wizard_DESC,Wizards are magic users who are dedicated to the summoning and binding of various supernatural creatures. These creatures are not friendly to humankind and trying to control them is extremely hazardous. The Wizard-class is not available to new characters either.,巫師是專注於召喚與束縛各種超自然生物的魔法使用者。這些生物對人類並不友善，試圖控制它們極其危險。巫師職業也不開放給新角色。
Archmage,Archmage,大法師
Archmage_DESC,"These magic users have learned at least three levels for each of the previous four magic user classes. The Archmage is one of the most powerful and important characters in The Destiny Knight because an Archmage can do almost anything. Remember, Lagoth Zanta is an Archmage... fight fire with fire.",這些魔法使用者已精通前四個魔法職業類別中每個至少三級。大法師是《天命勇士》中最強大且最重要的角色之一，因為大法師幾乎無所不能。記住，Lagoth Zanta 就是一位大法師……以火攻火。
Chronomancer,Chronomancer,時空術士
Chronomancer_DESC,"Chronomancers are the travel experts of the magic users. Before becoming one, a magic user must master all the spells of any three mage classes. And once you become a Chronomancer, you lose the power to use all the spells you previously learned. It may sound unfair, but the Chronomancer needs to focus all of his or her attention on the important dimension teleport spells. Don't think you can get around without this spellcaster, because you just can't.",時空術士是法師當中的旅行專家。在成為時空術士之前，法師必須精通任三種法師職業的所有法術。而一旦成為時空術士，你將失去使用先前所學所有法術的能力。這聽起來或許不公平，但時空術士必須將全部心力專注於重要的次元傳送法術。別以為少了這個施法者也能過關，因為你絕對辦不到。
Geomancer,Geomancer,大地術士
Geomancer_DESC,"Fighters who want to convert to a life of a magic can become Geomancers. Once they choose to change, they can still use the armor, weapons, and magic items that the fighter classes use. Beware: Bards lose their songs, Warriors lose their multiple attacks, Hunters lose their critical hit ability, and Monks lose their armor class bonus and multiple attacks. It's part of the trade off. To become a Geomancer, you must find the one special location that performs the rite of passage to this mage class.",想要轉換成魔法生活的戰士可以成為大地術士。一旦他們選擇轉變，仍然可以使用戰士職業適用的護甲、武器與魔法物品。請注意：吟遊詩人會失去他們的歌曲，戰士會失去多重攻擊，獵人會失去暴擊能力，武僧則會失去防禦等級加值與多重攻擊。這是取捨的一部分。要成為大地術士，你必須找到某個特殊地點，進行晉升此法師職業的入門儀式。
Monster,Monster,怪物
Illusion,Illusion,幻象
Human,Human,人類
Human_DESC,"While possibly being of hardier stock, this character is nonetheless like you or me.",雖然體格可能較為強健，但這個角色終究與你我無異。
Elf,Elf,精靈
Elf_DESC,"Patterned after the Tolkien elf, the elf is slight of build, frequently taller and nimbler than a human, and very inclined to magic.",以托爾金筆下的精靈為藍本，精靈身形纖細，通常比人類更高挑、更敏捷，且極具魔法天賦。
Dwarf,Dwarf,矮人
Dwarf_DESC,"The Dwarven people are short and stout, extremely strong and healthy, but not amazingly intelligent (i.e. excellent fighters).",矮人族身材矮壯，極其強壯健康，但智力並不特別出眾（也就是說，他們是出色的戰士）。
Hobbit,Hobbit,哈比人
Hobbit_DESC,Hobbits are slightly smaller than Dwarves but are nimble and dexterous. Just the right make-up for a rogue.,哈比人比矮人略小，但身手矯健靈巧。正是當盜賊的料。
HalfElf,Half-Elf,半精靈
HalfElf_DESC,"These crossbreeds are usually blond and fair-skinned, like elves, and get some added size and strength from their human ancestry.",這些混血兒通常像精靈一樣金髮白膚，並從人類血統中獲得了一些體型和力量上的加成。
HalfOrc,Half-Orc,半獸人
HalfOrc_DESC,"An orc is a large, goblin-like creature often found working for evil wizards. The Half-orc, being half human, is not quite as despicable as his orc parent, but you wouldn't want to date one. They are tough but incredibly stupid.",獸人是體型龐大、類似哥布林的生物，常為邪惡巫師效力。半獸人因具有一半人類血統，不像其獸人親族那般可憎，但你絕對不會想跟牠約會。牠們強悍但極度愚蠢。
Gnome,Gnome,地侏
Gnome_DESC,"Gnomes closely resemble dwarves, but have less hair and even shorter tempers. They are also more magically inclined, as a rule. Highly intelligent but not very robust.",地侏與矮人極為相似，但毛髮較少，脾氣也更暴躁。一般來說，他們也更傾向於魔法。智力極高，但體魄不算強健。
Male,Male,男性
Female,Female,女性
Strength,Strength,力量
Strength_DESC,Strength is physical power and chiefly affects the amount of damage a character can do to an opponent in hand-to-hand combat. Make sure your fighting characters are strong.,力量代表體能，主要影響角色在近身戰鬥中能對敵人造成的傷害量。請確保你的戰鬥型角色擁有足夠的力量。
Intelligence,Intelligence,智力
Intelligence_DESC,Intelligence is mental power. A high intelligence will enable your magic users to get bonus spell points.,智力代表心智能力。高智力能讓你的魔法使用者獲得額外的法術點數。
Dexterity,Dexterity,敏捷
Dexterity_DESC,Measures agility & nimbleness. A high score makes your characters harder to hit and helps them strike the first blow in combat.,衡量靈巧與敏捷度。高敏捷值能讓你的角色更難被擊中，並有助於在戰鬥中搶先出手。
Constitution,Constitution,體質
Constitution_DESC,"Measures healthiness. It takes more damage to kill a character with a high constitution score. This is reflected in bonus ""hit points"", the character's life span.",衡量健康程度。體質高的角色需要承受更多傷害才會死亡。這體現在額外的「生命值」上，也就是角色的壽命。
Luck,Luck,幸運
Luck_DESC,"Luck is an ambiguous attribute, as it has a number of unseen effects on gameplay. For example, lucky characters are more likely to resist evil magic and avoid nasty traps.",幸運是一個模糊的屬性，對遊戲有許多看不見的影響。例如，幸運的角色更容易抵抗邪惡魔法並避開惱人的陷阱。
Hit Points,Hit Points,生命值
Hit Points_DESC,"Hit Points measure the damage a character can take before they are killed. The current status is shown in the characters status bar, followed by their current maximum potential.",生命值衡量角色在死亡前能承受的傷害。當前狀態顯示在角色狀態列中，後方則為目前的最大潛力值。
Spell Points,Spell Points,法術點數
Spell Points_DESC,"This shows current spell point status. Points are used up with each cast of a magic spell. If a Conjurer has 20 spell points and casts a Mage Flame spell at a cost of 2 spell points, his new total would be 18. The characters status line lists both their current and maximum spell points.",此處顯示目前的法術點數狀態。每次施展法術都會消耗法術點數。如果咒術師有20點法術點數，並施展消耗2點法術點數的「法師火焰」法術，那麼新的總數將變為18。角色的狀態列會同時列出目前與最大法術點數。
Reroll,Reroll,重新擲骰
Accept Character,Accept Character,接受角色
Disarm Skill,Disarm Skill,解除陷阱技能
Identify Skill,Identify Skill,鑑定技能
Hide in Shadows Skill,Hide in Shadows Skill,陰影躲藏技能
Critical Hit,Critical Hit,暴擊
Attack,Attack,攻擊
Refugee Camp,Refugee Camp,難民營
Adventurer's Guild,Adventurer's Guild,冒險者公會
AFTER_X_HALF_DAMAGE,After {1}' the spell does half damage.,在 {1} 之後，該法術只造成一半傷害。
Experience,Experience,經驗值
Melee Damage,Melee Damage: {0} to {1},近戰傷害：{0} 至 {1}
Rogue Abilities,Rogue Abilities,盜賊能力
Disarm Traps,Disarm Traps,解除陷阱
Bard Abilities,Bard Abilities,吟遊詩人能力
Songs Remaining,Songs Remaining,剩餘歌曲
SongsRemainCount,Songs Remaining: {0},剩餘歌曲：{0}
Inventory,Inventory,道具欄
Trade Gold,Trade Gold,交易金幣
No Spin,No Spin,不旋轉
Calm Monster,Calm Monster,安撫怪物
Hide Bonus,Hide Bonus,隱匿加成
Half Spell Cost,Half Spell Cost,半價法術消耗
Regen Hitpoints,Regen Hitpoints,生命值回復
Regen Spellpoints,Regen Spellpoints,法術點數回復
Unlimited Songs,Unlimited Songs,無限歌曲
Luck Bonus,Luck Bonus,幸運加成
Breath Protection,Breath Protection,呼吸防護
Bonus to Run,Bonus to Run,奔跑加成
Double Spell Regen,Double Spell Regen,雙倍法術恢復
Quarter Spell Cost,Quarter Spell Cost,四分之一法術消耗
Resurrection,Resurrection,復活
Item_DIVIDER,Items,物品
Weapon,Weapon,武器
Weapon_DIVIDER,Weapons,武器
Shield,Shield,盾牌
Shield_DIVIDER,Shields,盾牌
Armor,Armor,護甲
Armor_DIVIDER,Armor,護甲
Helm,Helm,頭盔
Helm_DIVIDER,Helms,頭盔
Gloves,Gloves,手套
Gloves_DIVIDER,Gloves,手套
Instrument,Instrument,樂器
Instrument_DIVIDER,Instruments,樂器
Figurine,Figurine,雕像
Figurine_DIVIDER,Figurines,雕像
Ring,Ring,戒指
Ring_DIVIDER,Rings,戒指
Wand,Wand,魔杖
Wand_DIVIDER,Wands,魔杖
Offhand,Offhand,副手
Offhand_DIVIDER,Offhand Items,副手物品
Arrow,Arrow,箭矢
Arrow_DIVIDER,Arrows,箭矢
Bow,Bow,弓
Bow_DIVIDER,Bows,弓
Suit,Suit,套裝
Suit_DIVIDER,Suits,套裝
Container,Container,容器
Container_DIVIDER,Containers,容器
Boots,Boots,靴子
Boots_DIVIDER,Boots,靴子
PARTY_INVENTORY,Party Inventory,隊伍庫存
Unidentified,Unidentified,未鑑定
Slot,Slot,欄位
Equipped,Equipped,已裝備
Unarmed Combat,Unarmed Combat,徒手戰鬥
Damage Min,Damage Min,最小傷害
Damage Max,Damage Max,最大傷害
Ranged Damage Min,Ranged Damage Min,遠程最小傷害
Ranged Damage Max,Ranged Damage Max,遠程最大傷害
Bonus to Hit,Bonus to Hit,命中加成
To Hit,To Hit,命中
CANNOT_USE_UNIDENTIFIED,Cannot use unidentified item!,無法使用未鑑定物品！
On Hit,On Hit,命中時
Passive,Passive,被動
On Use,On Use,使用時
Unidentified Special,Unidentified Special,未鑑定特殊效果
Classes,Classes,職業
GARTHS_ITEM_INFERIOR_WARNING,<color=#115511>Item is missing {0} charge(s). Garth will not keep it once you leave the shop.</color>,<color=#115511>物品缺少 {0} 次充能。一旦你離開商店，Garth 將不會保留它。</color>
Summon,Summon,召喚
Spirits,Spirits,靈魂
WaterOfLife,Water Of Life,生命之水
DragonBlood,Dragon Blood,龍血
MoltenTar,Molten Tar,熔融焦油
empty,empty,空的
Would you like to:,Would you like to:,您想要：
Buy an item,Buy an item,購買物品
Buy item,Buy item,購買物品
Sell an item,Sell an item,販賣物品
Identify an item,Identify an item,鑑定物品
View inventory,View inventory,檢視道具欄
Pool Gold,Pool Gold,集中金幣
Sell item,Sell item,販賣物品
Identify item,Identify item,鑑定物品
Done,Done,完成
SOLD,SOLD,已售出
YOU_HAVE_X_GOLD,You have {0} Gold,您有 {0} 枚金幣
CHAR_NOT_ENOUGH_GOLD,{0} does not have enough gold!,{0} 的金幣不足！
You can:,You can:,您可以：
NOT_ENOUGH_GOLD,"I'm sorry, you don't have enough gold!",抱歉，您的金幣不夠！
DO_YOU_WISH_TO_PAY,Do you wish to pay?,您要支付嗎？
SAGE_COME_BACK_LATER,Come back when you can afford my wisdom.,等您付得起我的智慧時再來吧。
WILL_YOU_PAY,Will you pay?,您願意支付嗎？
WHO_WILL_PAY,Who will pay?,誰要支付？
WHO_GETS_THE_ITEM,Who gets the {0}?,誰獲得 {0}？
WHO_WILL_PAY_X_GOLD,Who will pay {0} gold?,誰要支付 {0} 枚金幣？
OVERWRITE_FILE,Overwrite saved game:\n\n{0}\n\nAre you sure?,覆蓋存檔：\n\n{0}\n\n您確定嗎？
CANNOT_OVERWRITE_AUTOSAVE,You cannot overwrite AutoSave or QuickSave files,您無法覆蓋自動存檔或快速存檔檔案
NO_CHAR_HAS_ENOUGH_GOLD,"I am sorry, but no character has enough gold to pay!",很抱歉，沒有任何角色有足夠的金幣可以支付！
All Foes,All Foes,所有敵人
Party,Party,隊伍
Single Group,Single Group,單一群組
Single Target,Single Target,單一目標
Single Ally,Single Ally,單一盟友
TELEPORT_OUTSIDE_DUNGEONS,"Outside of dungeons, this will teleport you between cities you have visited.",在地城之外，這會將你傳送到你曾造訪過的城市之間。
Cost reduced by item(s),Cost reduced by item(s),消耗因物品而減少
No enemies in range,No enemies in range,範圍內沒有敵人
Not enough spell points,Not enough spell points,法術點數不足
Combat only spell,Combat only spell,僅限戰鬥中使用的法術
LEVEL_1,Lv1,Lv1
LEVEL_2,Lv2,Lv2
LEVEL_3,Lv3,Lv3
LEVEL_4,Lv4,Lv4
LEVEL_5,Lv5,Lv5
Hide in Shadows,Hide in Shadows,藏身陰影
Stop Singing,Stop Singing,停止歌唱
STOP_SINGING_HINT,Stop singing the current song,停止目前正在演唱的歌曲
CHOOSE_SONG,Choose a song to play,選擇一首歌曲來演奏
CANNOT_PLAY_SONGS,Cannot play any songs at the moment.,目前無法演奏任何歌曲。
CANNOT_CAST_SPELLS,Cannot cast any spells at the moment.,目前無法施展任何法術。
CANNOT_KICK_CHAR_WITH_QUEST_ITEMS,You cannot kick {0} from the party as they have important quest items in their inventory!,你無法將 {0} 踢出隊伍，因為他們的道具欄中有重要的任務物品！
TRANSFER_GOLD,Transfer gold to whom?,要將金幣轉移給誰？
CANNOT_TRANSFER_GOLD_TO_MONSTER,"You cannot transfer gold to a monster or NPC, they are just not trustworthy enough!",你不能將金幣轉移給怪物或 NPC，他們實在太不值得信賴了！
TRANSFER_HOW_MUCH_GOLD,Transfer how much gold?,要轉移多少金幣？
NOT_ENOUGH_GOLD_TO_TRANSFER,You don't have that much gold to transfer!,你沒有那麼多金幣可以轉移！
MUST_ENTER_GREATER_THAN_0,You need to enter a number greater than 0. Try again...,你需要輸入一個大於 0 的數字。請再試一次……
INVENTORY_EMPTY,Inventory is empty.,道具欄是空的。
Stack items,Stack items,堆疊物品
TRADE_ITEM,Trade item to another party member,將物品交易給其他隊伍成員
Drop item,Drop item,丟棄物品
EQUIP_UNEQUIP,Equip/Unequip,裝備／卸下
SPACE,SPACE,空白鍵
Identify,Identify,鑑定
Use item,Use item,使用物品
NO_PERSONAL_ROOM_TO_EQUIP,No room in personal inventory to equip more items. You must unequip something.,個人道具欄已滿，無法裝備更多物品。你必須先卸下一些裝備。
NO_PARTY_ROOM_TO_ADD,No room in the party inventory for another item. You'll need to drop something first.,隊伍道具欄已滿，無法再放入物品。你需要先丟棄一些東西。
CANNOT_DROP_EQUIPPED,You cannot drop equipped items. You must unequip them first.,你無法丟棄已裝備的物品。你必須先卸下它們。
ITEM_TOO_IMPORTANT_TO_DROP,You have a feeling this item is too important to throw away!,你感覺這件物品太重要了，不能隨便扔掉！
ITEM_ALREADY_IDENTIFIED_TRY_MAGIC,The item is already identified! Only through magic can you learn more about it...,該物品已鑑定！只有透過魔法才能進一步了解它……
ITEM_ALREADY_IDENTIFIED_TRY_ROSCOE,The item is already identified! Perhaps Roscoe can tell you more...,該物品已鑑定！或許 Roscoe 能告訴你更多……
PARTY_ALREADY_IDENTIFIED_THIS,Your party has already tried to identify this and failed!,你的隊伍已經嘗試過鑑定此物品，但失敗了！
CHAR_IDENTIFIES_ITEM,{0} takes a close look and identifies the item as {1}.,{0} 仔細端詳，鑑定出該物品為 {1}。
CHAR_UNABLE_TO_IDENTIFY_ITEM,{0} takes a close look but is unable to identify the item.,{0} 仔細端詳，但無法鑑定該物品。
FIND_ANOTHER_WAY_TO_IDENTIFY,"You'll need to find another way to identify this item, or just discard it!",你需要另尋他法來鑑定此物品，或者直接丟棄它！
TAKE_TO_GARTHS,You'll have to take it to Garth's to identify it.,你必須把它帶到 Garth 的店裡去鑑定。
ITEM_NOT_USABLE_BY_CHAR,That item is not usable by {0}!,該物品無法由 {0} 使用！
ITEM_CANNOT_BE_USED_OUTSIDE_COMBAT,{0} cannot be used outside of combat...,{0} 不能在戰鬥外使用……
ITEM_NOT_USABLE,{0} is not a usable item...,{0} 不是一件可使用的物品……
CANNOT_TRADE_EQUIPPED_ITEMS,You cannot trade equipped items. You must unequip them first.,你無法交易已裝備的物品。你必須先卸下它們。
TRADE_ITEM_TO,Trade {0} to:,將 {0} 交易給：
CHAR_HAS_NO_INV_SPACE,{0} has no inventory space available.,{0} 的道具欄已無空間。
CHOOSE_SPELL_TO_CAST,Choose a spell to cast:,選擇一個法術來施放：
CANNOT_APPORT_ARCANE_HERE,You can't cast Apport Arcane here!,你無法在這裡施放「秘法傳送」！
ENTER_N_E_U,Enter 'north east up' coordinates:,請輸入「北 東 上」座標：
CHOOSE_DEST,Choose a destination:,選擇一個目的地：
MUST_ENTER_3_COORDS,You must enter 3 coordinates for apport arcane!,你必須為秘法傳送輸入 3 個座標！
ITEM_IDENTIFIED_AS,Item was identified as:,物品被鑑定為：
CHAR_CASTS_SPELL_ON,{0} casts {1} on:,{0} 對 {1} 施放了：
CHAR_USES_ITEM_ON,{0} uses {1} on:,{0} 對 {1} 使用了：
CHAR_USES_ITEM_ON_CHAR,{0} uses {1} on {2},{0} 對 {2} 使用了 {1}
CHAR_USES_CHAR,{0} uses {1},{0} 使用了 {1}
CHAR_DRINK_FROM_EMPTY_CONTAINER,{0} tried to drink from {1} but it is empty!,{0} 試圖從 {1} 中飲用，但裡面是空的！
ITEM_CANNOT_BE_USED_HERE,{0} cannot be used here.,{0} 無法在這裡使用。
CHAR_CASTS_SPELL_BUT_FIZZLES_COZ_COMBAT_ONLY,{0} casts {1} but it fizzles because it is a combat only spell.,{0} 施放了 {1}，但因為這是僅限戰鬥使用的法術，所以失效了。
SKULL_ANTIMAGIC,Anti-Magic Aura,反魔法力場
SKULL_NO_APPORT,Apport Arcane cannot target here,無法在此處施展異界傳送術
SKULL_NO_PHASE_DOOR,Phase Door cannot be cast,無法施展相位門
SKULL_X_SECONDS_LEFT,{1} Seconds Left,剩餘 {1} 秒
SKULL_MAPPING_REPRESSED,Mapping repressed,地圖繪製被壓制
SKULL_SMOKE,Smoke in your eyes!,煙霧迷眼！
SKULL_MALEVOLENCE,Feeling of Malevolence,惡意之感
SKULL_DROWNING,Drowning!,溺水！
SKULL_DROWNING_IN_X,Drowning in {0} moves!,將在 {0} 步內溺水！
SKULL_AREA_CURSES,Area Curses Detected,偵測到區域詛咒
SKULL_AREA_BLESSINGS,Area Blessings Detected,偵測到區域祝福
SKULL_FREEZING,Freezing!,凍結！
SKULL_FREEZING_IN_X,Freezing in {0} moves!,將在 {0} 步內凍結！
CHAR_TURNS_HOSTILE,{0} turns hostile...,{0} 轉為敵對...
LIGHT_IGNITES_GAS,Your light ignites the gas in this area!\n\nBOOM!\n\n,你的光源點燃了此區域的氣體！\n\n轟！\n\n
CHAR_TOOK_X_DAMAGE,{0} took {1} damage!,{0} 受到 {1} 點傷害！
OUCH_BLOCKED,Ouch... Blocked!\n,噢...被擋下了！\n
Ouch,Ouch,噢
STUCK,Stuck...\n,卡住了...\n
TRANSFER_FULL,Full Power Transfer,完全能量傳輸
TRANSFER_PARTIAL,Moderate Power Transfer,中度能量傳輸
TRANSFER_RESET,Full Reset,完全重置
Party (No Compass),Party (No Compass),隊伍（無指南針）
Wall,Wall,牆壁
Door,Door,門
Secret Door,Secret Door,暗門
Hint,Hint,提示
Journal Entry,Journal Entry,日誌條目
Combat,Combat,戰鬥
Trap,Trap,陷阱
Spinner,Spinner,迷向器
Spell Points Regeneration,Spell Points Regeneration,法術點數恢復
Spell Points Drain,Spell Points Drain,法術點數吸取
Teleport Destination,Teleport Destination,傳送目的地
Teleport Source,Teleport Source,傳送來源
Magic Chains,Magic Chains,魔法鎖鏈
Malevolence,Malevolence,惡意
Smoke,Smoke,煙霧
LEGEND,LEGEND,傳說
Something Odd,Something Odd,異樣之物
Hit Points Drain,Hit Points Drain,生命值吸取
Hit Points Regeneration,Hit Points Regeneration,生命值恢復
Portal Down,Portal Down,傳送門向下
Portal Up,Portal Up,傳送門向上
Stairs Down,Stairs Down,樓梯向下
Stairs Up,Stairs Up,樓梯向上
Silence,Silence,沉默
Tree,Tree,樹木
Inn,Inn,旅館
Large Rock,Large Rock,巨石
Small Rocks,Small Rocks,碎石堆
Temple,Temple,神廟
Gate,Gate,大門
Ignitable Gas,Ignitable Gas,可燃氣體
Darkness,Darkness,黑暗
Antimagic,Antimagic,反魔法
Empty House,Empty House,空屋
Empty Hut,Empty Hut,空茅屋
Bard's Hall,Bard's Hall,吟遊詩人大廳
Wizard's Guild,Wizard's Guild,巫師公會
Hut,Hut,小屋
Tower,Tower,高塔
Large Tree,Large Tree,大樹
Obelisk,Obelisk,方尖碑
Review Board,Review Board,仲裁委員會
The Adventurer's Guild,The Adventurer's Guild,冒險者公會
Garth's Shoppe,Garth's Shoppe,加斯的商店
The Review Board,The Review Board,仲裁委員會
Roscoe's Energy Emporium,Roscoe's Energy Emporium,羅斯柯的能量商行
Bank,Bank,銀行
Casino,Casino,賭場
An Iron Gate,An Iron Gate,一扇鐵門
An empty hut,An empty hut,一間空蕩的小屋
An unexplored hut,An unexplored hut,一間未探索的小屋
An empty house,An empty house,一間空蕩的房子
An unexplored house,An unexplored house,一間未探索的房子
AUTOMAP_APPORT_TO_WHICH_TOWN,Which town will you Apport Arcane to?,你要將祕法傳送送往哪個城鎮？
AUTOMAP_WHO_CAST_SPELL,Who will cast {0}?,誰要施展 {0}？
AUTOMAP_SCRY_SIGHT_HINT,A caster in your party will cast Scry Sight to reveal your location on the map.,隊伍中的一名施法者將施展「天眼通」，在地圖上揭示你的所在位置。
AUTOMAP_APPORT_ARCANE_HINT,A caster in your party will cast Apport Arcane to teleport to anywhere on any level of the current dungeon. Does not work in cities and you cannot teleport between different dungeons.,隊伍中的一名施法者將施展「祕法傳送」，傳送到當前地下城任何樓層的任何位置。無法在城鎮中使用，也無法在不同地下城之間傳送。
AUTOMAP_CHANGE_TO_NEXT_CITY,Change to next city or dungeon map.,切換至下一個城鎮或地下城地圖。
AUTOMAP_CHANGE_TO_PREVIOUS_CITY,Change to previous city or dungeon map.,切換至上一個城鎮或地下城地圖。
AUTOMAP_GO_UP_LEVEL,Go up one level in current dungeon.,在當前地下城往上一層。
AUTOMAP_GO_DOWN_LEVEL,Go down one level in current dungeon.,在當前地下城往下一層。
North,North,北
East,East,東
Up,Up,上
N,N,北
E,E,東
Up2,Up,上
Stairs going up,Stairs going up,向上的階梯
Stairs going down,Stairs going down,向下的階梯
A portal going up,A portal going up,向上的傳送門
A portal going down,A portal going down,向下的傳送門
We encountered a trap here!,We encountered a trap here!,我們在此處觸發了陷阱！
A magical spinner!,A magical spinner!,一個魔法迷向器！
Smoke in our eyes!,Smoke in our eyes!,煙霧迷了我們的眼睛！
Magic chains!,Magic chains!,魔法鎖鏈！
Ignitable gas!,Ignitable gas!,可燃氣體！
A feeling of malevolence!,A feeling of malevolence!,一股惡意襲來！
An aura of anti-magic!,An aura of anti-magic!,一股反魔法力場！
Something draining our health!,Something draining our health!,有什麼東西在吸取我們的生命值！
Our music was silenced!,Our music was silenced!,我們的音樂被靜默了！
Our spellpoints slowly regenerated!,Our spell points slowly regenerated!,我們的法術點數緩慢恢復了！
Our health slowly regenerated!,Our health slowly regenerated!,我們的生命值緩慢恢復了！
Monsters lurk here!,Monsters lurk here!,此處潛伏著怪物！
TELEPORT_TO_N_E,"Teleported to N {0}, E {1}","傳送至 N {0}, E {1}"
TELEPORT_TO_MAP_N_E,"Teleported to {0}, N {1}, E {2}","傳送至 {0}, N {1}, E {2}"
LOST_BEARINGS,We lost our bearings here. We should use Scry Site next time it happens.,我們在此處迷失了方向。下次發生時應使用「偵測地點」。
CHAR_HAS_LOST_VOICE,{0} has lost their voice!,{0} 失去了聲音！
CHAR_PLAYS_SONG_BUT_IS_PREVENTED,"{0} tries to play a song, but is prevented by a mysterious aura!",{0} 試圖演奏一首歌，但被一股神祕的力場阻止了！
CHAR_PLAYS_SONG,{0} plays {1}.,{0} 演奏了 {1}。
CHAR_PLAYS,{0} plays,{0} 演奏
CHAR_HAS_NO_INST_EQUIPPED,{0} has no instrument equipped.,{0} 沒有裝備任何樂器。
SONG_FalkentynesFury,Falkentyne's Fury,法肯泰恩之怒
SONG_FalkentynesFury_DESC,"This tune increases the damage your party will do in combat, by driving them into a berserker rage.",這首曲調能讓你的隊伍陷入狂戰士之怒，提升戰鬥中的傷害輸出。
SONG_SeekersBallad,Seeker's Ballad,尋覓者之歌
SONG_SeekersBallad_DESC,"This song will produce light when exploring, and during combat it will increase the party's chance of hitting a foe with a weapon.",這首歌能在探索時產生光源，戰鬥時則能提升隊伍以武器命中敵人的機率。
SONG_WaylandsWatch,Wayland's Watch,韋蘭德之守護
SONG_WaylandsWatch_DESC,"This song will soothe your savage foes, making them do less damage in combat.",這首歌能安撫你兇猛的敵人，使他們在戰鬥中造成的傷害降低。
SONG_BadhrKilnfest,Badh'r Kilnfest,Badh'r Kilnfest
SONG_BadhrKilnfest_DESC,"This is an ancient Elven melody, which will heal the Bard's wounds during travelling, and heal the party's wounds during combat.",這是一首古老的精靈旋律，能在旅行時治療吟遊詩人的傷口，並在戰鬥中治療隊伍的傷勢。
SONG_TravellersTune,Traveller's Tune,旅者之歌
SONG_TravellersTune_DESC,"This melody makes the members of your party more dexterous and agile, and thus more difficult to hit.",這首旋律能讓你的隊伍成員更加靈巧敏捷，因此更難被擊中。
SONG_Lucklaran,Lucklaran,Lucklaran
SONG_Lucklaran_DESC,"This song sets up a partial ""anti-magic"" field, which gives party members some increased protection against spell casting.",這首歌會建立一個部分「反魔法」力場，為隊伍成員提供額外的法術防護。
SONG_ArchersTune,Archer's Tune,射手之歌
SONG_ArchersTune_DESC,"Doubles the party's missile damage, and cuts the missile damage inflicted by a foe in half. Missile weapons are those weapons that are thrown or shot such as arrows, spears, and axes.",使隊伍的遠程傷害加倍，並將敵人造成的遠程傷害減半。遠程武器是指那些投擲或射出的武器，例如箭矢、長矛和飛斧。
SONG_SpellSong,Spell Song,法術之歌
SONG_SpellSong_DESC,Spells do increased damage to monsters in close range and reduces the damage done by enemy spells.,法術對近距離的怪物造成更多傷害，並減少敵方法術造成的傷害。
SONG_SpellSong_DESC_BT2,Bonus to saving roll. This means the party is less likely to be damaged by magic and traps.,豁免檢定加成。這意味著隊伍較不容易受到魔法和陷阱的傷害。
SONG_SanctuaryScore,Sanctuary Score,庇護之曲
SONG_SanctuaryScore_DESC_BT2,Lowers the Armor Class for all party members.,降低所有隊伍成員的防禦等級。
SONG_MeleeMarch,Melee March,近戰進行曲
SONG_MeleeMarch_DESC,"Increases the effectiveness of your party's melee combat, reducing damage taken and also increases the damage points inflicted on enemies.",提升隊伍近戰的效能，減少受到的傷害，並增加對敵人造成的傷害點數。
SONG_ZanduvarCarack,Zanduvar Carack,Zanduvar Carack
SONG_ZanduvarCarack_DESC,"Protection from traps when played under normal conditions, but heals during combat.",在一般情況下演奏可防護陷阱，但在戰鬥中則會治療傷勢。
SONG_RhymeOfDuotime,Rhyme of Duotime,雙時韻律
SONG_RhymeOfDuotime_DESC,"Regenerates spell points at twice the normal speed when played under normal conditions, and provides extra attacks during combat.",在一般情況下演奏時，法術點數恢復速度加倍；在戰鬥中則提供額外攻擊次數。
SONG_WatchwoodMelody,Watchwood Melody,守望林旋律
SONG_WatchwoodMelody_DESC,"Creates light. May work even in anti-magic zones. The party will be resistant to disorientation, allowing them to automap when they have been teleported, and spinners won't affect them when they are turning.",產生光源。即使在反魔法區域也可能生效。隊伍將對迷向效果具有抗性，使他們在被傳送後仍能自動繪製地圖，且轉向時不受迷向器影響。
SONG_WatchwoodMelody_DESC_BT2,Creates light. May work even in anti-magic zones.,產生光源。即使在反魔法區域也可能生效。
SONG_SirRobinsTune,Sir Robin's Tune,羅賓爵士之歌
SONG_SirRobinsTune_DESC,"This lets you run away from attackers as long as the combat has not yet begun. During combat, this keeps the monsters from calling for additional help.",只要戰鬥尚未開始，這首歌能讓你逃離攻擊者。在戰鬥中，這首歌能阻止怪物呼叫更多援軍。
SONG_SafetySong,Safety Song,安全之歌
SONG_SafetySong_DESC,"Sets up an anti-monster aura, so foes won't randomly attack you.",建立一個反怪物光環，使敵人不會隨機攻擊你。
SONG_BringaroundBallad,Bringaround Ballad,迴旋敘事曲
SONG_BringaroundBallad_DESC,"In non-combat situations, this rejuvenates the Bard's hit points. During combat, this song will affect everyone in your party, including the Bard.",在非戰鬥情況下，這首歌能恢復吟遊詩人的生命值。在戰鬥中，這首歌會影響隊伍中的每個人，包括吟遊詩人。
SONG_KielsOverture,Kiel's Overture,基爾序曲
SONG_KielsOverture_DESC,"In non-combat situations, this calls up a compass so you can get your bearings. During combat, this casts the monster-frying Trebuchet spell for one round.",在非戰鬥情況下，這首歌會召喚一個指南針，讓你能夠辨別方向。在戰鬥中，這首歌會施放一回合的「投石機」法術來轟炸怪物。
SONG_MinstrelShield,Minstrel Shield,吟遊詩人盾牌
SONG_MinstrelShield_DESC,"In non-combat situations, this lowers your armor class. During combat, it also partially shields your party so they only take half damage from monster attacks.",在非戰鬥狀態下，此盾牌能降低你的防禦等級。戰鬥時，它還能部分遮蔽你的隊伍，使他們只承受怪物攻擊的一半傷害。
CHAR_TAKES_POISON_DAMAGE,{0} takes some poison damage,{0} 受到了一些毒素傷害
Faster,Faster...,加速中...
Slower,Slower...,減速中...
CHAR_ATTACKS_MISS,"{0} attacks {1}, but misses.",{0} 攻擊 {1}，但落空了。
CHAR_ATTACK_FROM_SHADOWS_CHAR_AND_HITS,"{0} leaps out of the shadows and attacks {1}, critically hitting for {2} points of damage.",{0} 從陰影中躍出攻擊 {1}，造成暴擊，傷害 {2} 點。
CHAR_ATTACKS_CHAR_AND_HITS,"{0} attacks {1}, and hits for {2} points of damage.",{0} 攻擊 {1}，命中並造成 {2} 點傷害。
CHAR_ATTACKS_CHAR_AND_HITS_MULTIPLE_TIMES,"{0} attacks {1}, and hits {2} times for {3} points of damage.",{0} 攻擊 {1}，命中 {2} 次，造成 {3} 點傷害。
CHAR_RECOVER_FROM_STUN,{0} recovers from being stunned...,{0} 從暈眩中恢復...
JOIN_WANDERING_CREATURE,A wandering creature offers to join your party. You can:,一個遊蕩的生物提議加入你的隊伍。你可以：
JOIN_ALLOW,Allow it to join,允許牠加入
JOIN_FIGHT,Fight it,與牠戰鬥
JOIN_LEAVE,Leave it in peace,讓牠離去
MONSTER_JOIN_PARTY,{0} joined our party.,{0} 加入了我們的隊伍。
NO_SPACE_FOR_MONSTER,"You have no space in your party for another monster. Next time, you are at the Adventurer's Guild you should leave a slot free for monsters to join.",你的隊伍中沒有空間容納另一個怪物。下次在冒險者公會時，你應該留一個空位讓怪物加入。
MONSTER_TRIED_TO_JOIN_BUT_WAS_FOUGHT,"{0} joined tried to join our party, but we fought it instead.",{0} 試圖加入我們的隊伍，但我們選擇與牠戰鬥。
MONSTER_TRIED_TO_JOIN_BUT_WERE_DECLINED,"{0} tried to join our party, but we declined and left it in peace.",{0} 試圖加入我們的隊伍，但我們婉拒並讓牠離去。
DISSENTION_IN_RANKS,There is dissention in your ranks...,你的隊伍中出現了分歧...
NO_MORE_HOSTILES_IN_THE_PARTY,There are no more hostiles in your party. Do you wish to continue?,你的隊伍中已無敵對生物。你是否要繼續？
YOU_STILL_FACE,You still face,你仍面對著
Advance ahead,Advance ahead,向前推進
Fight bravely,Fight bravely,英勇作戰
Run away,Run away,逃跑
CHAR_STUNNED_MISS_TURN,{0} is stunned and will miss this turn.,{0} 陷入暈眩，將錯過此回合。
CHAR_HAS_BATTLE_OPTIONS,{0} has these options this battle round:\n,{0} 在此戰鬥回合中有以下選項：\n
ATTACK_FOES_RANGE,Attack foes up to {0}',攻擊前方最多 {0} 個敵人
Attack from shadows,Attack from shadows,從陰影中攻擊
Attack foes,Attack foes,攻擊敵人
Cast a spell,Cast a spell,施放法術
Bard song,Bard song,吟遊詩人之歌
Use an item,Use an item,使用物品
Use an equipped item,Use an equipped item,使用已裝備物品
Ranged attack,Ranged attack,遠程攻擊
Hide in the shadows,Hide in the shadows,躲入陰影
Party attack,Party attack,隊伍攻擊
KICK_DEAD_MONSTERS,Kick dead monsters from the party!,將死亡怪物踢出隊伍！
EQUIP_OR_UNEQUIP,Equip or Unequip a single item,裝備或卸下單一物品
USE_ATTACK_COMMANDS,Use these attack commands?,要使用這些攻擊指令嗎？
CMD_CHAR_ADVANCES,{0} advances.,{0} 升級了。
PARTY_ADVANCES,The party advances!,隊伍向前推進了！
CMD_CHAR_ATTACKS_CHAR,{0} attacks {1}.,{0} 攻擊 {1}。
CMD_CHAR_IS_STUNNED,{0} is stunned.,{0} 陷入暈眩。
CMD_CHAR_PLAYS_SONG,{0} plays {1},{0} 演奏 {1}
CMD_CHAR_DEFENDS,{0} defends.,{0} 進行防禦。
CMD_CHAR_HIDES_IN_SHADOWS,{0} hides in the shadows.,{0} 躲入陰影。
CMD_CHAR_KICKS_DEAD_MONSTERS,{0} kicks dead monsters.,{0} 踢開死亡怪物。
CHAR_UNEQUIPS_CHAR,{0} unequips {1},{0} 卸下 {1}
CHAR_EQUIPS_CHAR,{0} equips {1},{0} 裝備 {1}
ATTACK_MEMBER_OF_PARTY,Attack member of your party:,攻擊隊伍中的成員：
CHAR_ATTACKS,{0} attacks:,{0} 攻擊：
PARTY_DISBELIEVES_MONSTER,Your party disbelieves {0},你的隊伍不相信 {0}
INVENTORY_IS_EMPTY,Inventory is empty. ESCAPE to go back...,道具欄是空的。按 ESCAPE 返回……
CHAR_CHANGE_EQUIPPED_ITEM,{0} change an equipped item:,{0} 更換已裝備物品：
CHAR_REMAINS_HIDDEN,{0} remains hidden...,{0} 保持隱藏……
CHAR_REMAINS_HIDDEN_AND_ADVANCES,{0} remains hidden and advances...,{0} 保持隱藏並前進……
CHAR_IS_DISCOVERED,{0} is discovered while hiding in the shadows!,{0} 在躲入陰影時被發現了！
CHAR_JUMPS_IN_SHADOWS,{0} successfully jumps into the shadows...,{0} 成功跳入陰影……
CHAR_JUMPS_IN_SHADOWS_FAILS,"{0} attempts to hide in the shadows, but is discovered!",{0} 試圖躲入陰影，但被發現了！
CHAR_CANNOT_KICK_CHAR_FROM_PARTY_QUEST_ITEMS,{0} cannot kick {1} from the party because of important quest items in their inventory!,{0} 無法將 {1} 踢出隊伍，因為其道具欄中有重要任務物品！
CHAR_KICKS_CHAR_FROM_PARTY,{0} kicks {1} from the party!,{0} 將 {1} 踢出了隊伍！
CHAR_USE_ITEM_BUT_SAVE_LAST_ARROW,{0} tries to use {1} but decides to save the last arrow for the old man in Skara Brae...,{0} 試圖使用 {1}，但決定為斯卡拉布雷的老頭保留最後一支箭……
CHAR_USE_ITEM_BUT_EMPTY,{0} tries to use {1} but it is empty,{0} 試圖使用 {1}，但它是空的
the party,the party,冒險隊伍
COMBAT_START_0,"Before you, you see",在你面前，你看見
COMBAT_START_1,The sudden scream of battle brings your party to a halt. You face,突如其來的戰鬥吶喊，讓你的隊伍停了下來。前方出現
COMBAT_START_2,The denizens of this mystic place assault you without warning. You see,這神秘之地的居民，毫無預警地向你襲來。你看見
COMBAT_START_3,"You face death itself, in the form of",死亡化成了實體，在你面前出現了
COMBAT_START_4,"""Give me blood!"" you scream, as you face",「給我血！」你吶喊並面對著
COMBAT_START_5,"Your foes seem endless, their tales unknown. You face",你的敵人似乎無窮無盡，他們的故事無人知曉。你面對著
COMBAT_START_6,"""Death and drek!"" you curse, as you see",「死亡與穢物！」你咒罵著，前方出現
COMBAT_START_7,Snarls of defiance are heard from,前方傳來了陣陣咆哮聲，你遭遇了
COMBAT_START_8,"""Will there ever be an end to them?"" you shout. You see",「他們會有終結的一天嗎？」你大喊，你看到
COMBAT_START_9,"""Enjoy your next life!"" you snarl. You see",「享受你的下一世吧！」你咆哮著，你看到
COMBAT_START_10,Your battlecry is heard by all as you face,你的戰吼響徹四方，你面對
COMBAT_START_11,"Your onslaught is greeted with laughter, you face",你的猛攻迎來了嘲笑，你面對
COMBAT_START_12,"""Not again!"" you moan as you face",「又來了！」你哀嚎著，前方出現
COMBAT_START_13,"""Gimme a break! Where do they come from?"" You see",「饒了我吧！他們是從哪冒出來的？」你看見
SPELLFILTER_All_Heading,All,全部
SPELLFILTER_Exploration_Heading,Exploration,探索
SPELLFILTER_Healing_Heading,Healing,治療
SPELLFILTER_Buffs_Heading,Buffs,增益
SPELLFILTER_SingleTarget_Heading,Single Target,單一目標
SPELLFILTER_MultipleTargets_Heading,Multiple Targets,多重目標
SPELLFILTER_Curses_Heading,Curses,詛咒
SPELLFILTER_Summoning_Heading,Summoning,召喚
SPELLFILTER_All,<color=#ffff80>All</color>\nShow all the spells that this caster currently knows. Filter them further by typing keywords below.,<color=#ffff80>全部</color>\n顯示施法者目前已知的所有法術。可在下方輸入關鍵字進一步篩選。
SPELLFILTER_Exploration,"<color=#ffff80>Exploration</color>\nSpells that help the party during their travels, such as creating light, detecting the unseen, aid in movement or disarm traps.",<color=#ffff80>探索</color>\n在旅途中幫助隊伍的法術，例如創造光源、偵測隱藏事物、輔助移動或解除陷阱。
SPELLFILTER_Healing,"<color=#ffff80>Healing</color>\nSpells that replenish hit points, cure status conditions, remove curses or resurrect the party members.",<color=#ffff80>治療</color>\n恢復生命值、治癒狀態異常、解除詛咒或復活隊伍成員的法術。
SPELLFILTER_Buffs,"<color=#ffff80>Buffs</color>\nSpells that increase the strength, armor or general battle skills of individuals or the entire the party.",<color=#ffff80>增益</color>\n提升個人或整個隊伍的力量、防禦或一般戰鬥技能的法術。
SPELLFILTER_SingleTarget,<color=#ffff80>Single Target</color>\nSpells that do direct damage to a single enemy.,<color=#ffff80>單一目標</color>\n對單一敵人造成直接傷害的法術。
SPELLFILTER_MultipleTargets,<color=#ffff80>Multiple Targets</color>\nSpells that do damage to one or more groups of enemies.,<color=#ffff80>多重目標</color>\n對一個或多個敵人群組造成傷害的法術。
SPELLFILTER_Curses,"<color=#ffff80>Curses</color>\nSpells that reduce the combat effectiveness of enemies, or inflict negative status conditions on the enemies such as poison.",<color=#ffff80>詛咒</color>\n降低敵人戰鬥效能，或對敵人施加中毒等負面狀態的法術。
SPELLFILTER_Summoning,<color=#ffff80>Summoning</color>\nSpells that summon monsters or allies to join your party.,<color=#ffff80>召喚</color>\n召喚怪物或盟友加入你隊伍的法術。
DRINK_LESS_THIRSTY,{0} drinks and feels less thirsty.,{0} 喝了一口，感覺沒那麼渴了。
DRINK_CHAR_IS_READY_TO_SING,{0} drinks and feels (hic) happier and ready to sing!,{0} 喝了一口，感覺（嗝）更快樂了，準備好要唱歌了！
DRINK_CHAR_IS_HAPPIER,{0} drinks and feels (hic) happier.,{0} 喝了一口，感覺（嗝）更快樂了。
DRINK_CHAR_IS_REFRESHED,{0} drinks and feels refreshed.,{0} 喝了一口，精神為之一振。
DRINK_CHAR_IS_TERRIBLE,{0} drinks and feels terrible!,{0} 喝了一口，感覺糟透了！
DRINK_CHAR_IS_DRUNK,{0} is drunk as a skunk!,{0} 醉得一塌糊塗！
SCRYSITE_FACE_X_IN_CITY,You face {0} and are in {1}.,你面對著 {0}，身處 {1}。
SCRYSITE_LEVEL_A_FACE_N_AT_COORDS_Z_X,"You are on level {0}, facing {1} and are at coordinates {2}, {3}","你在第 {0} 層，面向 {1}，座標為 {2}, {3}"
South,South,南
West,West,西
YOUR_MONSTER_IS_DISBELIEVED,Your {0} is disbelieved!,你的 {0} 被識破了！
CHAR_IS_REVEALED_TO_BE_CREATURE,{0} is revealed to be a {1},{0} 被揭露為 {1}
CHAR_JUMPS_INTO_THE_PARTY,{0} jumps into the party!,{0} 跳進了隊伍！
CHAR_CASTS_SPELL_AND_PUSHES_EVERYONE,{0} casts {1} and pushes everyone away!,{0} 施展了 {1}，把所有人都推開了！
CHAR_USES_ITEM,{0} uses {1},{0} 使用了 {1}
CHAR_USES_ITEM_ON_GROUP,{0} uses {1} on {2}.,{0} 對 {2} 使用了 {1}。
CHAR_BREATHES_ON_GROUP,{0} breathes on {1}.,{0} 對 {1} 吐息。
CHAR_FIRES_AT_GROUP,{0} fires at {1}.,{0} 對 {1} 射擊。
CHAR_BREATHES_ON_PARTY,{0} breathes on the party.,{0} 對隊伍吐息。
CHAR_CASTS,{0} casts:,{0} 施展了：
CHAR_CASTS_SPELL,{0} casts {1},{0} 施展了 {1}
CHAR_CASTS_SPELL_ON_CHAR,{0} casts {1} on {2},{0} 對 {2} 施展了 {1}
CHAR_CASTS_SPELL_ON_PARTY,{0} casts {1} on the party.,{0} 對隊伍施展了 {1}
CHAR_CASTS_UNKNOWN_SPELL,{0} casts a spell.,{0} 施展了一個法術。
CHAR_CASTS_UNKNOWN_SPELL_ON_CHAR,{0} casts a spell on {1}.,{0} 對 {1} 施展了一個法術。
CHAR_CASTS_UNKNOWN_SPELL_ON_PARTY,{0} casts a spell on the party.,{0} 對隊伍施展了一個法術。
CHAR_HIT_FOR_DAMAGE,{0} is hit for {1} damage.,{0} 受到 {1} 點傷害。
EARTH_SWALLOWS_GROUP,The earth swallows them up.,大地將他們吞噬。
CHAR_USES_DORK_RING,{0} tries to use the Dork Ring. It does absolutely nothing of use to anyone.,{0} 試圖使用呆瓜戒指。它對任何人都毫無用處。
CHAR_USES_ITEM_MANA_RESTORED,{0} uses the {1} and has their mana restored.,{0} 使用了 {1}，恢復了法力。
PARTY_IS_HEALED_ILLUSIONS_FLESH,"The party is healed, and illusions are turned to flesh!",隊伍被治癒，幻影化為血肉！
PARTY_IS_SHIELDED_AND_STRENGTHENED,The party is shielded and strengthened!,隊伍獲得護盾與強化！
CHAR_CASTS_SPELL_BUT_DUNGEON_PROTECTED,"{0} tries to cast {1}, but the dungeon level appears to be magically protected!",{0} 試圖施展 {1}，但地下城樓層似乎受到魔法保護！
CHAR_TRIES_TO_CAST_SPELL_BUT_FIZZLES,"{0} tries to cast {1}, but it fizzles!",{0} 試圖施展 {1}，但法術失效了！
CHAR_TAKES_DAMAGE,{0} takes {1} damage.,{0} 受到 {1} 點傷害。
CHAR_KILLED,Killed!,死亡！
CHAR_POISONED,Poisoned!,中毒！
CHAR_PETRIFIED,Petrified!,石化！
CHAR_INSANE,Insane!,瘋狂！
CHAR_POSSESSED,Possessed!,附身！
CHAR_WITHERED,Withered!,衰老！
CHAR_DRAINED,Drained of experience!,經驗被吸取！
CHAR_SPELL_DRAINED,Drained of spell points!,法術點數被吸取！
CHAR_UNEQUIPPED,Items have been unequipped!,物品已被卸下裝備！
CHAR_CRITICALLY_HIT,{0} is critically hit and killed!,{0} 遭到暴擊而死亡！
CHAR_CALMED,{0} is calmed!,{0} 被安撫了！
GROUP_PULLED_CLOSER,{0} is pulled closer.,{0} 被拉近了。
GROUP_PUSHED_AWAY,{0} is pushed away.,{0} 被推開了。
CHAR_RESISTS_SPELL,{0} resists.,{0} 抵抗了。
EVERYONE_RESISTS,Everyone resists it.,所有人都抵抗了。
SPELL_RESISTED,The spell is resisted.,法術被抵抗了。
SPELL_FIZZLES,The spell fails.,法術失敗了。
CHAR_BLOCKS_ATTACK,{0} blocks the attack.,{0} 擋下了攻擊。
CHAR_IS_OUT_OF_RANGE,{0} is out of range.,{0} 超出範圍。
CHAR_DODGES_THE_ATTACK,{0} dodges the attack.,{0} 閃避了攻擊。
SPELL_HITS,{0} is hit for {1} damage.,{0} 受到 {1} 點傷害。
SPELL_HITS_AND_KILLS,{0} is hit for {1} damage and is killed.,{0} 受到 {1} 點傷害，當場死亡。
SPELL_OUT_OF_RANGE,The spell doesn't reach.,法術未能觸及目標。
CHAR_PLAYS_OVERTURE_AT_GROUP,{0} plays Kiel's Overture at {1}...,{0} 對 {1} 演奏了基爾序曲……
SUMMONED,Summoned:,召喚成功：
CHAR_IS_REVEALED_TO_BE_CHAR,{0} is revealed to be a {1},{0} 的真實身分是 {1}
CHAR_SUMMON_BLACK_SLAYERS_BLOCKED,{0} tries to summon some Black Slayers but summoning has been blocked!,{0} 試圖召喚黑殺者，但召喚術已被阻擋！
CHAR_SUMMONS_MINIONS,{0} summons some minions...,{0} 召喚了一些嘍囉……
SUMMON_ONE_IS_BLOCKED,... one is blocked by magic!,……其中一個被魔法擋下了！
BLACK_SLAYER_ARRIVES,... a Black Slayer arrives!,……一名黑殺者降臨了！
SUMMON_NO_MORE_SPACE,... there is no more space!,……沒有更多空間了！
CHAR_CALLS_FOR_HELP_NOTHING_HAPPENS,{0} calls for help but nothing happens!,{0} 呼叫援軍，但什麼也沒發生！
CHAR_CALLS_FOR_HELP_ANOTHER_ARRIVES,{0} calls for help and another arrives!,{0} 呼叫援軍，另一名敵人抵達了！
SPELL_AirArmor,Air Armor,空氣護甲
SPELL_AirArmor_DESC,"This spell will make the air around the spell caster bind itself into a weightless suit of ""armor"".",此法術會讓施法者周圍的空氣凝聚成一套無重量的「護甲」。
SPELL_AnimatedSword,Aker's Animated Sword,阿克的活化劍
SPELL_AnimatedSword_DESC,A magical sword will appear and fight like a summoned monster in defense of the party.,一把魔法劍會憑空出現，像召喚怪物一樣為隊伍作戰。
SPELL_AnimateDead,Animate Dead,活化亡靈
SPELL_AnimateDead_DESC,"Gives a dead character undead strength, making them attack your enemies as though they were truly alive.",賦予一名死亡的隊友亡靈之力，讓他們像活著時一樣攻擊你的敵人。
SPELL_AntiMagic,Anti-Magic,反魔法
SPELL_AntiMagic_DESC,"Causes the ground to absorb a portion of the magical energies cast at the party, frequently allowing the members to escape all damage. Also aids in disbelieving illusions and in turning back magical fire, like a dragon's breath.",讓地面吸收一部分朝隊伍施放的魔法能量，經常能使隊員完全免於傷害。同時有助於看破幻象，以及抵擋龍息之類的魔法火焰。
SPELL_TeleportArbo,Apport Arboria,傳送：亞柏利亞
SPELL_TeleportArbo_DESC,Teleport the party from the Wilderness to Arboria. Must be cast at the Twilight Copse.,將隊伍從荒野傳送至亞柏利亞。必須在暮光林地施放。
SPELL_ApportArcane,Apport Arcane,傳送：奧秘
SPELL_ApportArcane_DESC,"Allows the party to teleport anywhere within a dungeon, except for places protected by teleportation shields.",讓隊伍能傳送到地下城內的任何地方，但受傳送護盾保護的區域除外。
SPELL_TeleportGeli,Apport Gelidia,傳送：格利迪亞
SPELL_TeleportGeli_DESC,Teleport the party from the Wilderness to Gelidia. Must be cast at the Cold Peak.,將隊伍從荒野傳送至格利迪亞。必須在冷峰施放。
SPELL_TeleportKine,Apport Kinestia,傳送：基內斯提亞
SPELL_TeleportKine_DESC,Teleport to Kinestia from the Wilderness. Must be cast at the Dwarven Mines.,從荒野傳送至基內斯提亞。必須在矮人礦坑施放。
SPELL_TeleportLuce,Apport Lucencia,傳送：盧森西亞
SPELL_TeleportLuce_DESC,Teleport to Lucencia from the Wilderness. Must be cast at Crystal Springs.,從荒野傳送至盧森西亞。必須在晶泉施放。
SPELL_TeleportEvil,Apport Malefia,阿波特·瑪菲亞
SPELL_TeleportEvil_DESC,Teleport to Malefia from the Wilderness. Must be cast at Sulphur Springs.,從荒野傳送至瑪菲亞。必須在硫磺泉施放。
SPELL_TeleportAece,Apport Tarmitia,阿波特·塔米提亞
SPELL_TeleportAece_DESC,Teleport the party from the Wilderness to Tarmitia. Must be cast at the Vale of Warriors.,將隊伍從荒野傳送至塔米提亞。必須在戰士谷施放。
SPELL_TeleportOluk,Apport Tenebrosia,阿波特·泰尼布羅西亞
SPELL_TeleportOluk_DESC,Return to the Wilderness to Tenebrosia. Must be cast at Shadow Rock.,從荒野返回泰尼布羅西亞。必須在暗影岩施放。
SPELL_ArcFire,Arc Fire,弧火
SPELL_ArcFire_DESC,"A fan of blue flames will shoot from the caster's fingers, doing {0}-{1} points of damage to a select opponent, times caster's level.",一道藍色火焰扇從施法者指尖射出，對選定目標造成{0}-{1}點傷害，乘以施法者等級。
SPELL_Magestar,Arcyne's Magestar,阿賽恩的魔法之星
SPELL_Magestar_DESC,"A bright flare will ignite in front of a group of your enemies, temporarily blinding them and causing them to miss the next combat round.",一道明亮的閃光會在敵方群組前方引爆，暫時致盲他們，使其錯過下一輪戰鬥。
SPELL_AreaEnchant,Area Enchant,區域附魔
SPELL_AreaEnchant_DESC,"This spell will cause the dungeon walls within 30 feet of a stairway to call out, if the party is travelling toward it.",此法術會使樓梯三十呎內的地城牆壁發出呼喚，若隊伍正朝其前進。
SPELL_Ranged00Arrow,Arrows0,箭矢0
SPELL_Ranged00Arrow_DESC,Fires some arrows,發射數支箭矢
SPELL_Batchspell,Batchspell,批量法術
SPELL_Batchspell_DESC,"Performs the following multiple spells: GREATER REVELATION, YBARRA'S MYSTICAL COAT OF ARMOR, SORCERER SIGHT, MAJOR LEVITATION, and KIEL'S MAGIC COMPASS.",執行以下多重法術：高等啟示、伊巴拉的神秘護甲、術士之眼、高等漂浮、以及基爾的魔法指南針。
SPELL_Battleskill,Battleskill,戰鬥技巧
SPELL_Battleskill_DESC,"This spell increases one of your party member's skill with weapons, increasing the accuracy and ferocity of their attacks.",此法術提升隊伍中一名成員的武器技巧，增加其攻擊的準確度與兇猛程度。
SPELL_SpellBind,Baylor's Spell Bind,貝勒的法術束縛
SPELL_SpellBind_DESC,"This spell if successful possesses the mind of an enemy, forcing them to join your party and fight in its defense.",此法術若成功，將佔據一名敵人的心智，強迫其加入你的隊伍並為其防禦而戰。
SPELL_BeyondDeath,Beyond Death,超越死亡
SPELL_BeyondDeath_DESC,This spell will restore life and one hit point to a character.,此法術將復活一名角色，並恢復一點生命值。
SPELL_Camaraderie,Camaraderie,同袍情誼
SPELL_Camaraderie_DESC,Has a 50% chance of calming any or all monsters in your party that have turned hostile.,有50%機率安撫隊伍中任何或所有已轉為敵對的怪物。
SPELL_CatEyes,Cat Eyes,貓眼
SPELL_CatEyes_DESC,"The members of the mage's party will all receive perfect night-vision, which will last indefinitely. Your keen sight will also allow you to identify secret doors.",法師隊伍中的所有成員將獲得完美的夜視能力，效果永久持續。你的敏銳視力也將讓你能夠辨識祕門。
SPELL_CurseWithFear,Curse,詛咒
SPELL_CurseWithFear_DESC,"Causes a group of your enemies to fear you greatly, lessening their morale and their ability to hit and damage you.",使一群敵人對你極度恐懼，降低他們的士氣以及命中與傷害你的能力。
SPELL_DeathStrike,Death Strike,死亡一擊
SPELL_DeathStrike_DESC,"This incantation is very likely to instantly kill one selected enemy, big or small.",此咒語極有可能立即殺死一名選定的敵人，無論大小。
SPELL_DemonBane,Demon Bane,惡魔剋星
SPELL_DemonBane_DESC,This spell will do {0}-{1} points of damage to a single demon. The power to summon is the power to destroy.,此法術將對單一惡魔造成 {0} 至 {1} 點傷害。召喚之力即毀滅之力。
SPELL_DemonStrike,Demon Strike,惡魔猛擊
SPELL_DemonStrike_DESC,"This spell works like Demon Bane, but it will affect an entire group of demons.",此法術效果與惡魔剋星相同，但會影響一整群惡魔。
SPELL_Disbelieve,Disbelieve,識破幻象
SPELL_Disbelieve_DESC,"This spell will reveal the true nature of any illusion attacking the party, causing it to instantly vanish.",此法術將揭露任何攻擊隊伍的幻象的真實本質，使其瞬間消失。
SPELL_Dispossess,Dispossess,驅魔淨化
SPELL_Dispossess_DESC,This spell will make any possessed party member return to their normal state.,此法術將使任何被附身的隊伍成員恢復正常狀態。
SPELL_DisruptIllusion,Disrupt Illusion,破除幻象
SPELL_DisruptIllusion_DESC,"This spell will destroy any illusion fighting the party, and any new illusions created later in the combat. It will also point out any doppelgangers in the party.",此法術將摧毀任何與隊伍作戰的幻象，以及在戰鬥中後續產生的新幻象。它也會指出隊伍中的任何變形怪。
SPELL_DivineIntervention,Divine Intervention,神聖干預
SPELL_DivineIntervention_DESC,"This powerful spell earns its name by doing the following: 1) Turns illusionary characters into real characters; 2) Cures characters of all illnesses but age; and 3) Restores all hit points to the party. If you're in combat, it also does the following: 1) Lowers your armor class, saving throw, to hit, and damage by 20 points; 2) Increases your attack by eight points; and 3) Casts Mangar's Mallet.",這個強大的法術名副其實，效果如下：1) 將幻影角色轉變為真實角色；2) 治癒角色所有疾病（衰老除外）；3) 恢復隊伍所有生命值。若在戰鬥中使用，還會：1) 降低你的防禦等級、豁免檢定、命中與傷害20點；2) 提升你的攻擊力8點；3) 施展「曼加的槌子」。
SPELL_DragonBreath,Dragon Breath,龍息術
SPELL_DragonBreath_DESC,"Allows the mage to breathe fire at a group of foes, doing {0}-{1} points of damage to each.",讓法師能對一群敵人噴吐火焰，對每個目標造成 {0} 至 {1} 點傷害。
SPELL_DreamSpell,DreamSpell,夢境法術
SPELL_DreamSpell_DESC,"This powerful spell earns its name by doing the following: 1) Turns illusionary characters into real characters; 2) Cures characters of all illnesses but age; and 3) Restores all hit points to the party. If you're in combat, it also does the following: 1) Lowers your armor class, saving throw, to hit, and damage by 20 points; 2) Increases your attack by eight points; and 3) Casts Mangar's Mallet. When used out of combat, the Dreamspell can be used to escape the current dungeon.",這個強大的法術名副其實，效果如下：1) 將幻影角色轉變為真實角色；2) 治癒角色所有疾病（衰老除外）；3) 恢復隊伍所有生命值。若在戰鬥中使用，還會：1) 降低你的防禦等級、豁免檢定、命中與傷害20點；2) 提升你的攻擊力8點；3) 施展「曼加的槌子」。若在非戰鬥狀態下使用，夢之法術可用來逃離當前的地下城。
SPELL_EarthDagger,Earth Dagger,大地匕首
SPELL_EarthDagger_DESC,Cuts down the enemy with holy daggers for 200 to 800 points of damage.,以神聖匕首斬殺敵人，造成 200 至 800 點傷害。
SPELL_EarthElemental,Earth Elemental,土元素
SPELL_EarthElemental_DESC,"Summons an Earth Elemental, which is a creature created from the raw elements of the earth.",召喚一個土元素，這是由大地原始元素構成的生物。
SPELL_EarthMaw,Earth Maw,大地之口
SPELL_EarthMaw_DESC,"Commands the ground beneath the enemy's feet to open wide and drop the foes in, so they're never seen again.",命令敵人腳下的地面裂開大洞，將敵人吞沒，使其永不見天日。
SPELL_EarthSong,Earth Song,大地之歌
SPELL_EarthSong_DESC,Reveals all booby-trapped areas that can injure the party.,揭露所有可能傷害隊伍的陷阱區域。
SPELL_EarthWard,Earth Ward,大地結界
SPELL_EarthWard_DESC,Casts the Trap Zap spell on the entire level.,對整個樓層施放陷阱電擊法術。
SPELL_InstantOgre,Elik's Instant Ogre,艾利克的即時食人魔
SPELL_InstantOgre_DESC,This incantation will cause a real ogre to appear and join the party.,此咒語將召喚一個真實的食人魔出現並加入隊伍。
SPELL_InstantSlayer,Elik's Instant Slayer,艾利克的即時屠殺者
SPELL_InstantSlayer_DESC,Materializes a slayer who joins your party. What's a slayer? The name speaks for itself...,實體化一個屠殺者加入你的隊伍。什麼是屠殺者？顧名思義……
SPELL_InstantWolf,Elik's Instant Wolf,艾利克的即時狼
SPELL_InstantWolf_DESC,"With this spell the caster can make a real wolf appear and join the party, fighting in its defense.",施法者藉由此法術能讓一頭真實的狼出現並加入隊伍，為其戰鬥防禦。
SPELL_ForceFocus,Fanskar's Force Focus,凡斯卡之力場聚焦
SPELL_ForceFocus_DESC,"Lands a cone of gravitational energy on a group of your foes, inflicting {0}-{1} points of damage.",對一群敵人釋放圓錐狀的重力能量，造成 {0} 至 {1} 點傷害。
SPELL_NightLance,Fanskar's Night Lance,凡斯卡之夜矛
SPELL_NightLance_DESC,"Launches a chilling ice missile against a group of foes, inflicting 100-400 damage points.",對一群敵人發射冰冷的寒冰飛彈，造成 100 至 400 點傷害。
SPELL_FarDeath,Far Death,遠距即死
SPELL_FarDeath_DESC,A long-range spell that drops a distant foe dead in its tracks.,一種長程法術，能讓遠處的敵人當場斃命。
SPELL_FarFoe,Far Foe,遠距退敵
SPELL_FarFoe_DESC,"Pushes a group of foes 40 feet further away from your party, up to a total distance of 90 feet.",將一群敵人推離你的隊伍 40 英尺，最遠可達 90 英尺。
SPELL_FatalFist,Fatal Fist,致命重拳
SPELL_FatalFist_DESC,Crushes the enemy under an unearthly gravitational force for 400-1500 points of damage.,以超凡的重力碾碎敵人，造成 400 至 1500 點傷害。
SPELL_FlameColumn,Flame Column,烈焰柱
SPELL_FlameColumn_DESC,Creates a cyclone of flame that lashes out and delivers {0}-{1} points of damage to a group of your foes.,創造一道火焰旋風，猛烈襲擊一群敵人，造成 {0} 至 {1} 點傷害。
SPELL_FleshAnew,Flesh Anew,血肉重生
SPELL_FleshAnew_DESC,"This spell behaves like the ""Flesh Restore"" spell, except that it will affect every member of the party.",此法術效果如同「血肉復原」，但會影響隊伍中的每一位成員。
SPELL_FleshRestore,Flesh Restore,血肉復原
SPELL_FleshRestore_DESC,This powerful healing spell will restore {0}-{1} hit points to a party member and cure poisoning and insanity.,這個強大的治療法術能恢復一名隊伍成員 {0} 至 {1} 點生命值，並治癒中毒與瘋狂狀態。
SPELL_ForceOfTarjan,Force Of Tarjan,塔揚之力
SPELL_ForceOfTarjan_DESC,Casts Witherfist and Sandstorm for a double offensive punch.,同時施展枯萎拳與沙塵暴，形成雙重攻勢。
SPELL_FreezeFoes,Freeze Foes,凍結敵人
SPELL_FreezeFoes_DESC,"This spell binds your enemies with a magical force, slowing their movements and making them easier to hit.",此法術以魔法力量束縛你的敵人，減緩其行動速度，使其更容易被擊中。
SPELL_FrostForce,Frost Force,冰霜之力
SPELL_FrostForce_DESC,Blasts the enemy with a deadly frost for 50 to 400 points of damage.,以致命的寒霜轟擊敵人，造成 50 至 400 點傷害。
SPELL_GateWraith,Gate,召喚之門
SPELL_GateWraith_DESC,Bids a shadowy wraith to unwillingly join your party.,強迫一名陰影幽靈不情願地加入你的隊伍。
SPELL_GiantStrength,Giant Strength,巨人力量
SPELL_GiantStrength_DESC,"Instills tremendous power in your party, increasing their strike ability by 10.",為你的隊伍注入龐大力量，使其打擊能力提升 10 點。
SPELL_GillesGills,Gilles Gills,吉爾之鰓
SPELL_GillesGills_DESC,This survival spell lets your party breathe under water. It is cumulative in effect; casting it more than once will extend the amount of time you can spend underwater.,這個生存法術讓你的隊伍能在水下呼吸。效果可累積；多次施展能延長你待在水下的時間。
SPELL_GlacierStrike,Glacier Strike,冰川猛擊
SPELL_GlacierStrike_DESC,"Impales the enemy with an icy stalagmite, causing 400 to 1600 points of damage.",以冰錐刺穿敵人，造成 400 至 1600 點傷害。
SPELL_GodFire,God Fire,神之火
SPELL_GodFire_DESC,A holy spell where blazing red fires are sent from the angry gods to roast the enemy for 60 to 240 damage points.,一道神聖法術，憤怒諸神降下熾紅烈焰灼燒敵人，造成 60 至 240 點傷害。
SPELL_Gotterdamurung,Götterdämmerung,諸神黃昏
SPELL_Gotterdamurung_DESC,"The finest in offensive obliteration, this spell annihilates the opponent for around 2000 damage points.",最頂尖的攻擊性毀滅法術，能徹底消滅對手，造成約 2000 點傷害。
SPELL_GraveRobber,Grave Robber,盜墓者
SPELL_GraveRobber_DESC,Casts Beyond Death and Regeneration for a life-giving combination of spells.,同時施展「超越死亡」與「再生」，形成賦予生命的複合法術組合。
SPELL_GreaterRevelation,Greater Revelation,大啟示
SPELL_GreaterRevelation_DESC,"Like a ""Lesser Revelation"" spell, only it illuminates a wider area.",如同「小啟示」法術，但能照亮更廣闊的區域。
SPELL_GreaterSummon,Greater Summoning,大召喚術
SPELL_GreaterSummon_DESC,This spell will gate a greater demon into our universe and bind him to the party.,此術將召喚一名大惡魔進入我們的世界，並使其聽命於冒險隊伍。
SPELL_HealAll,Heal All,全體治癒
SPELL_HealAll_DESC,"A Beyond Death spell that resurrects every dead party member (except those turned to stone), and heals all wounds, paralysis, and insanity.""",一種「超越死亡」法術，能復活所有死亡的隊伍成員（石化者除外），並治癒所有傷勢、麻痺與瘋狂。
SPELL_HolyWater,Holy Water,聖水
SPELL_HolyWater_DESC,"A spray of water will emanate from the mage's fingers, doing 6-24 points of damage to any undead foe (e.g. skeleton, zombie, vampire).",法師指尖噴射出聖水，對任何不死敵人（如骷髏、殭屍、吸血鬼）造成 6 至 24 點傷害。
SPELL_HypnoticImage,Hypnotic Image,催眠幻象
SPELL_HypnoticImage_DESC,"If successfully cast, this spell will make a group of your enemies miss the next combat round.",若成功施放，此術將使一群敵人在下一回合戰鬥中無法行動。
SPELL_IceStorm,Ice Storm,冰風暴
SPELL_IceStorm_DESC,"Pummels a group of monsters with chunks of ice, causing 20-80 points of damage.",以冰塊猛擊一群怪物，造成 20 至 80 點傷害。
SPELL_Identify,Identify,鑑定術
SPELL_Identify_DESC,Cast this spell on something to find out just what the heck it is.,對某物施放此術，以查明它到底是什麼玩意兒。
SPELL_JoltBolt,Jolt Bolt,震地雷擊
SPELL_JoltBolt_DESC,"Wrenches the earth below the enemy, smashing them to the ground and gives them a jolting electrical shock to cause 400-1600 points of damage.",扭曲敵人腳下的大地，將其猛摔在地，並施以強烈電擊，造成 400 至 1600 點傷害。
SPELL_KielsCompass,Kiel's Magic Compass,基爾的魔法指南針
SPELL_KielsCompass_DESC,"A Compass of shimmering magelight appears above the party, telling the direction they face.",一道閃爍著魔法光芒的指南針出現在隊伍上方，指示他們面對的方向。
SPELL_Invisibility,Kylearan's Invisibility Spell,凱利蘭的隱形術
SPELL_Invisibility_DESC,This invocation will perform a Vanishing Spell on the entire party.,此咒語將對整支隊伍施展「消失術」。
SPELL_VanishingSpell,Kylearan's Vanishing Spell,凱利蘭的消失術
SPELL_VanishingSpell_DESC,"The mage casting this spell will turn nearly invisible in the eyes of their enemies, who will have great difficulty in striking them.",施放此術的法師在敵人眼中近乎隱形，敵人將極難擊中他們。
SPELL_LesserRevelation,Lesser Revelation,小啟示
SPELL_LesserRevelation_DESC,"This is an extended ""Mage Flame"" spell which also reveals secret doors.",這是「法師火焰」的強化版，還能揭露隱藏門扉。
SPELL_LesserSummon,Lesser Summoning,次級召喚術
SPELL_LesserSummon_DESC,"This spell will gate into our universe a lower power elemental or demon, who will (under protest) join the party.",此法術會將一個低階元素或惡魔召喚至我們的宇宙，該生物將（在抗議下）加入隊伍。
SPELL_Levitation,Levitation,漂浮術
SPELL_Levitation_DESC,"Partially negates the effect of gravity on the party, giving a 75% chance to avoid traps and allowing them to travel up through portals.",部分抵消重力對隊伍的影響，給予75%機率避開陷阱，並允許他們向上穿越傳送門。
SPELL_LocateTraps,Locate Traps,偵測陷阱
SPELL_LocateTraps_DESC,"In a state of magically-heightened awareness, the spell caster will be able to sense a trap within 30 feet, if they face it.",在魔法強化的感知狀態下，施法者若面對陷阱，能察覺30呎內的陷阱。
SPELL_LuckChant,Luck Chant,幸運頌歌
SPELL_LuckChant_DESC,Increases your chances of hitting or defending by eight points.,提升你命中或防禦的機率八點。
SPELL_MageFlame,Mage Flame,法師之焰
SPELL_MageFlame_DESC,"A small, mobile ""torch"" will appear, and float above the caster as they travel.",一個小型、可移動的「火炬」會出現，並在施法者移動時漂浮於其上方。
SPELL_MageGauntlets,Mage Gauntlets,法師鐵手套
SPELL_MageGauntlets_DESC,"Makes a party member's hands (or weapon) more deadly, adding 4-16 points of damage to every wound they inflict.",使隊伍成員的雙手（或武器）更具殺傷力，每次造成傷口時額外增加4-16點傷害。
SPELL_MageMaelstrom,Mage Maelstrom,法師漩渦
SPELL_MageMaelstrom_DESC,"Assaults a group of opposing spellcasters and may do one of the following: inflict {0}-{1} points of damage, turn them to stone, or kill them outright. However, because the maelstrom is illusionary in nature, a disbelieving enemy can totally nullify it.",攻擊一群敵對施法者，可能造成以下效果之一：造成 {0}-{1} 點傷害、將他們石化，或直接擊殺。然而，由於漩渦本質上是幻象，不相信的敵人可完全抵銷其效果。
SPELL_MagmaBlast,Magma Blast,岩漿爆裂
SPELL_MagmaBlast_DESC,"Burns a group of foes with a blast of hot, fiery magma for 300-1200 points of damage.",以熾熱的岩漿噴射灼燒一群敵人，造成300-1200點傷害。
SPELL_MajorLevitation,Major Levitation,高等漂浮術
SPELL_MajorLevitation_DESC,"This will make the party levitate, as does the level 3 spell, but its effects will last until dispelled.",如同三級法術般使隊伍漂浮，但其效果將持續直到被解除。
SPELL_MangarsMallet,Mangar's Mallet,曼加的碎骨槌
SPELL_MangarsMallet_DESC,Inflicts 200-800 bone-crushing damage points against every monster group you face.,對你面對的每個怪物群組造成200-800點碎骨般的傷害。
SPELL_MindBlade,Mangar's Mind Blade,曼加的心靈之刃
SPELL_MindBlade_DESC,A sharp explosion of psychic energy that inflicts {0}-{1} points of damage to each and every enemy you face.,一股強烈的精神能量爆炸，對你面對的每個敵人造成{0}-{1}點傷害。
SPELL_MindFist,Mangar's Mind Fist,曼加的心靈之拳
SPELL_MindFist_DESC,"A higher power ""Mind Jab"", does 3-12 points of damage to one foe, times the experience level of the mage.",更高階的「心靈刺擊」，對一名敵人造成3-12點傷害，乘以法師的經驗等級。
SPELL_MindJab,Mangar's Mind Jab,曼加的心靈刺擊
SPELL_MindJab_DESC,The mage casts a concentrated blast of psychic energy at one opponent doing 2-8 points of damage for each experience level of the mage.,法師對一名敵人施放集中的精神能量衝擊，造成法師每個經驗等級2-8點傷害。
SPELL_MeleeMen,Melee Men,近戰牽引
SPELL_MeleeMen_DESC,Pull an attacking group into melee range (10') regardless of how far they were when they began attacking.,將攻擊中的群組拉至近戰範圍（10呎），無論他們開始攻擊時距離多遠。
SPELL_MindWarp,Mind Warp,心靈扭曲
SPELL_MindWarp_DESC,This spell will make a member of your party go totally insane. Useful for possessions.,此法術會使你的隊伍成員完全陷入瘋狂。對抗附身狀態時有用。
SPELL_MithrilMight,Mithril Might,秘銀之力
SPELL_MithrilMight_DESC,Increases the armor protection of each party member by enhancing their armor's natural strength by magic.,以魔法強化每位隊員護甲的自然強度，提升其防護力。
SPELL_Haltfoe,Oscon's Haltfoe,奧斯康的止敵術
SPELL_Haltfoe_DESC,"If successful, this spell causes every attacking group to do nothing during the next round.",若成功施放，此法術將使所有攻擊群組在下一回合內無法行動。
SPELL_OgreStrength,Oscon's Ogre Strength,奧斯康的食人魔之力
SPELL_OgreStrength_DESC,Allows a member of your party to damage monsters as if they were as incredibly strong as an ogre.,讓隊伍中的一名成員能像食人魔般力大無窮，對怪物造成傷害。
SPELL_Pathfinder,Pathfinder,尋路術
SPELL_Pathfinder_DESC,"An instant map, this shows the entire maze that the party's in.",立即顯示隊伍所在整個迷宮的地圖。
SPELL_Petrify,Petrify,石化術
SPELL_Petrify_DESC,Turns an enemy up to 60 feet away into the hardest stone.,將最遠 60 呎內的敵人化為最堅硬的石頭。
SPELL_PhaseBlur,Phase Blur,相位模糊
SPELL_PhaseBlur_DESC,"The entire party will seem to waver and blur in the sight of the monsters, making the party very difficult to strike.",整個隊伍在怪物眼中變得搖曳模糊，極難被擊中。
SPELL_PhaseDoor,Phase Door,相位門
SPELL_PhaseDoor_DESC,"This incantation will alter the structure of almost any wall directly in front of the party, turning it to air for exactly 1 move.",此咒語能改變隊伍正前方幾乎任何牆壁的結構，使其化為空氣，持續恰好 1 次移動。
SPELL_PoisonStrike,Poison Strike,毒擊術
SPELL_PoisonStrike_DESC,"This spell hurls porcupine-sharp needles from the mages finger into a selected monster, poisoning it.",此法術從法師指尖射出豪豬般尖銳的毒針，擊中並使選定的怪物中毒。
SPELL_Preclusion,Preclusion,禁召術
SPELL_Preclusion_DESC,Keeps the enemy from being able to summon any creatures.,阻止敵人召喚任何生物。
SPELL_Preclusion_DESC_LEGACY,Has a 80% chance of preventing enemies from summoning creatures.,有 80% 機率阻止敵人召喚生物。
SPELL_PrimeSummoning,Prime Summoning,初階召喚
SPELL_PrimeSummoning_DESC,"This spell gates in a medium level elemental or demon, to fight with the party.",此法術召喚一個中階元素生物或惡魔，與隊伍並肩作戰。
SPELL_QuickFix,Quick Fix,快速修復
SPELL_QuickFix_DESC,"Regenerates 8 hit points for a character, up to the character's maximum hit point level.",為一名角色恢復 8 點生命值，最高恢復至該角色的生命值上限。
SPELL_TeleportObra,Reditus Arboria,回歸亞柏利亞
SPELL_TeleportObra_DESC,Return to the Wilderness from Arboria.,從亞柏利亞返回荒野。
SPELL_TeleportIleg,Reditus Gelidia,回歸吉利迪亞
SPELL_TeleportIleg_DESC,Return from Gelidia to the Wilderness.,從吉利迪亞返回荒野。
SPELL_TeleportEnik,Reditus Kinestia,回歸基內斯提亞
SPELL_TeleportEnik_DESC,Return from Kinestia to the Wilderness.,從基內斯提亞返回荒野。
SPELL_TeleportEcul,Reditus Lucencia,回歸盧森西亞
SPELL_TeleportEcul_DESC,Return the party from Lucencia to the Wilderness.,將隊伍從盧森西亞返回荒野。
SPELL_TeleportLive,Reditus Malefia,Reditus Malefia
SPELL_TeleportLive_DESC,Return from Malefia to the Wilderness.,從Malefia返回荒野。
SPELL_TeleportEcea,Reditus Tarmitia,Reditus Tarmitia
SPELL_TeleportEcea_DESC,Return the party from Tarmitia to the Wilderness.,將隊伍從Tarmitia送回荒野。
SPELL_TeleportKulo,Reditus Tenebrosia,Reditus Tenebrosia
SPELL_TeleportKulo_DESC,Return to the Wilderness from Tenebrosia.,從Tenebrosia返回荒野。
SPELL_Regeneration,Regeneration,再生術
SPELL_Regeneration_DESC,A health spell that revives all the hit points for one lucky member of the party.,一種恢復法術，能為隊伍中一名幸運成員恢復所有生命值。
SPELL_RepelDead,Repel Dead,驅退亡靈
SPELL_RepelDead_DESC,This spell will do 16-80 points of damage to a group of undead creatures.,此法術能對一群亡靈生物造成16到80點傷害。
SPELL_Restoration,Restoration,復原術
SPELL_Restoration_DESC,Makes all wounds disappear as your entire party is reforged into unflawed bodies. Also cures poisoning and insanity.,讓所有傷口消失，使整支隊伍重塑為完美無瑕之軀。同時也能治療中毒與瘋狂狀態。
SPELL_Rimefang,Rimefang,霜鋒術
SPELL_Rimefang_DESC,"Rakes enemies with shards of ice, inflicting 50 to 200 points of damage.",以冰晶碎片掃向敵人，造成50到200點傷害。
SPELL_RoscoesAlert,Roscoe's Alert,Roscoe的警覺術
SPELL_RoscoesAlert_DESC,Reveals to the party where the anti-magic areas are.,向隊伍揭示反魔法區域的位置。
SPELL_Steelight,Sabhar's Steelight Spell,Sabhar的鋼光術
SPELL_Steelight_DESC,"Causes all metal near the party to glow with magical light, illuminating the surrounding area.",使隊伍附近所有金屬散發魔法光芒，照亮周圍區域。
SPELL_Stonelight,Sabhar's Stonelight Spell,Sabhar的石光術
SPELL_Stonelight_DESC,"Makes all stone and earth within range of the party glow with magical light, revealing even secret doors.",使隊伍範圍內的所有石頭與大地散發魔法光芒，甚至能顯露隱藏門扉。
SPELL_SafetySpell,Safety Spell,安全法術
SPELL_SafetySpell_DESC,"Teleports your entire party to the Adventurers' Guild, minus all gold. Use this spell only in dire emergencies.",將整支隊伍傳送至冒險者公會，但會失去所有金幣。僅在緊急危難時使用此法術。
SPELL_Sanctuary,Sanctuary,庇護所
SPELL_Sanctuary_DESC,"Shows all mage regeneration squares, so your spellcasters can be refreshed.",顯示所有法師恢復方格，讓施法者得以恢復法力。
SPELL_Sandstorm,Sandstorm,沙暴術
SPELL_Sandstorm_DESC,"With a violent swirl of sand, all foes are whipped back 60 feet.",以猛烈的沙塵漩渦，將所有敵人擊退60英尺。
SPELL_ScrySight,Scry Site,探知地點
SPELL_ScrySight_DESC,"The walls themselves will speak, under direction of this spell, revealing to the spell caster their location in the labyrinth. This spell works even in areas resistant to magic.",在此法術引導下，牆壁本身會開口說話，向施法者揭示他們在迷宮中的位置。此法術即使在抗魔法區域也能生效。
SPELL_SecondSight,Second Sight,第二視界
SPELL_SecondSight_DESC,"The mage will experience heightened awareness and be able to sense stairways, special encounters, spell negation zones, traps and other unusual occurrences.",法師將獲得增強的感知力，能夠察覺樓梯、特殊遭遇、法術無效區域、陷阱及其他異常事件。
SPELL_ShadowShield,Shadow Shield,暗影護盾
SPELL_ShadowShield_DESC,"Casts a gray shadow around the party, and lowers their armor class by 4.",在隊伍周圍施放一道灰色暗影，降低防禦等級4點。
SPELL_ShockSphere,Shock Sphere,電擊球
SPELL_ShockSphere_DESC,"A large globe of intense electrical energy envelops a group of enemies, doing {0}-{1} points of damage.",一顆巨大的強烈電能球體包圍一群敵人，造成{0}-{1}點傷害。
SPELL_SorcererShield,Sorcerer Shield,術士護盾
SPELL_SorcererShield_DESC,"The mage is protected by an invisible ""shield"" of magic, that turns aside many blows that would otherwise hit them.",法師受到一道看不見的魔法「護盾」保護，能擋開許多原本會擊中他們的攻擊。
SPELL_SorcererSight,Sorcerer Sight,術士視界
SPELL_SorcererSight_DESC,"This spell functions the same as the Second Sight spell, but it will last indefinitely.",此法術效果與「千里眼」相同，但持續時間無限。
SPELL_SpectreTouch,Spectre Touch,幽靈之觸
SPELL_SpectreTouch_DESC,"This spell will drain a single enemy of {0}-{1} points of damage, as if touched by a spectre.",此法術會對單一敵人造成{0}-{1}點傷害，如同被幽靈觸碰一般。
SPELL_SpellSpirit,Spell Spirit,法靈
SPELL_SpellSpirit_DESC,This spell will gate in a higher-level undead creature to fight for the party.,此法術會召喚一隻高等級亡靈生物為隊伍作戰。
SPELL_Starflare,Starflare,星焰
SPELL_Starflare_DESC,"The air surrounding a group of your enemies will instantly ignite, causing them to be burnt for 6-24 points of damage.",一群敵人周圍的空氣會瞬間點燃，造成6-24點灼燒傷害。
SPELL_StoneToFlesh,Stone To Flesh,石化還原
SPELL_StoneToFlesh_DESC,Takes a character who has been turned to stone and restores him to his natural flesh state.,將一名被石化的角色恢復成原本的血肉之軀。
SPELL_StoneTouch,Stone Touch,石化之觸
SPELL_StoneTouch_DESC,"This spell will turn an enemy to stone, but won't affect a creature already made of stone.",此法術會將一名敵人石化，但對已經由石頭構成的生物無效。
SPELL_SoulWhip,Storal's Soul Whip,斯托拉爾的靈魂之鞭
SPELL_SoulWhip_DESC,"Whips out a tendril of psionic (mind) power to strike a selected foe, inflicting {0} to {1} damage points.",揮出一道靈能（心靈）觸鬚攻擊選定的敵人，造成{0}至{1}點傷害。
SPELL_Stun,Stun,震暈
SPELL_Stun_DESC,An electric spell that gives the enemy a high-voltage zap for 50 to 200 damage points.,一道電系法術，對敵人施以高壓電擊，造成50至200點傷害。
SPELL_SuccorSong,Succor Song,療癒之歌
SPELL_SuccorSong_DESC,"Shows all heal-party squares, so your party can put an end to their weakness and pain.",顯示所有治療隊伍的方格，讓你的隊伍得以終結虛弱與痛苦。
SPELL_SummonDead,Summon Dead,召喚亡者
SPELL_SummonDead_DESC,This spell will gate into our universe a zombie or skeleton to fight for the party.,此法術會將一隻殭屍或骷髏召喚到我們的世界，為隊伍作戰。
SPELL_SummonElement,Summon Elemental,召喚元素
SPELL_SummonElement_DESC,Creates a fire-being from the raw elements of the universe to join and fight for your party.,從宇宙的原始元素中創造一個火焰生物，加入並為你的隊伍作戰。
SPELL_SummonHerb,Summon Herb,召喚赫伯
SPELL_SummonHerb_DESC,"Summons Herb to join your party. Herb is really busy, but he'll hang out with your party for a while if you need him.",召喚赫伯加入你的隊伍。赫伯很忙，但如果你需要他，他會陪你的隊伍待一陣子。
SPELL_SummonPhantom,Summon Phantom,召喚幽靈
SPELL_SummonPhantom_DESC,This spell will bring a medium level undead creature into the party.,此法術會召喚一個中等級的不死生物加入隊伍。
SPELL_TargetDummy,Target-Dummy,標靶假人
SPELL_TargetDummy_DESC,"A magical illusion appears in the party. Unable to attack, it will serve to draw enemy attacks to himself.",一個魔法幻影出現在隊伍中。無法攻擊，但會吸引敵人的攻擊到自己身上。
SPELL_BrothersKringle,The Brothers Kringle,克林格兄弟
SPELL_BrothersKringle_DESC,The brothers are always ready to help friends in trouble. Enough brothers appear to fill the empty slots in your party.,這對兄弟總是樂於幫助陷入困境的朋友。出現足夠的兄弟來填滿隊伍中的空位。
SPELL_TrapZap,Trap Zap,陷阱電擊
SPELL_TrapZap_DESC,"This spell will disarm any trap within 30 feet, in the direction the party is facing. It will also disarm traps on chests.",此法術會解除隊伍面向方向三十呎內的任何陷阱。也能解除寶箱上的陷阱。
SPELL_Trebuchet,Trebuchet,投石機
SPELL_Trebuchet_DESC,Fries all foes with wickedly hot flames for 150 to 600 points.,用極度灼熱的火焰燒烤所有敵人，造成 150 到 600 點傷害。
SPELL_Vitality,Vitality,活力
SPELL_Vitality_DESC,Invigorates a character by healing 4 to 8 hit points times the spellcaster's level.,恢復一名角色的活力，治療量為施法者等級乘以 4 到 8 點生命值。
SPELL_VorpalPlating,Vorpal Plating,銳鋒鍍層
SPELL_VorpalPlating_DESC,"This spell causes the weapon (or hands) of a party member to be covered with a magical field, which causes them to do an additional 2-8 points of damage.",此法術使一名隊員的武器（或雙手）覆蓋一層魔法力場，使其額外造成 2-8 點傷害。
SPELL_WizardWar,Wacum's Wizard War,瓦肯的巫師戰爭
SPELL_WizardWar_DESC,"An electric spell that creates a pyrotechnical storm over a group of monsters, inflicting {0} to {1} damage points.",一個閃電法術，在一群怪物上方引發一場煙火風暴，造成 {0} 到 {1} 點傷害。
SPELL_WallWarp,Wall Warp,牆壁扭曲
SPELL_WallWarp_DESC,Dissolve the dungeon wall that the party if facing. Lasts until the party leaves the dungeon.,溶解隊伍面對的地下城牆壁。效果持續到隊伍離開地下城為止。
SPELL_Warstrike,Warstrike,戰爭打擊
SPELL_Warstrike_DESC,"Causes a spray of energy to spring from the caster's extended finger, sizzling a group of opponents for {0}-{1} points of damage.",從施法者伸出的指尖噴出一道能量束，灼燒一群對手，造成 {0}-{1} 點傷害。
SPELL_WindDragon,Wind Dragon,風龍
SPELL_WindDragon_DESC,This incantation will create an illusionary red dragon to fight with your party.,此咒語會創造一隻幻影紅龍與你的隊伍並肩作戰。
SPELL_WindGiant,Wind Giant,風巨人
SPELL_WindGiant_DESC,"This spell will create an illusionary storm giant, to join with, and fight for, your party.",此法術會創造一個幻影風暴巨人，加入你的隊伍並為其戰鬥。
SPELL_WindHero,Wind Hero,風英雄
SPELL_WindHero_DESC,Creates an illusionary hero to join your party.,創造一個幻影英雄加入你的隊伍。
SPELL_WindMage,Wind Mage,風法師
SPELL_WindMage_DESC,Creates an illusionary Archmage to join your party.,創造一個幻影大法師加入你的隊伍。
SPELL_WindOgre,Wind Ogre,風食人魔
SPELL_WindOgre_DESC,"This spell will create the illusion of an ogre, which will accompany and fight with your party.",此法術會創造一個食人魔的幻影，它會伴隨你的隊伍並與之並肩作戰。
SPELL_WindWarrior,Wind Warrior,風之戰士
SPELL_WindWarrior_DESC,This spell will create the illusion of a battle-ready warrior that joins your party.,此法術將創造出一個備戰戰士的幻影，加入你的隊伍。
SPELL_WindWolf,Wind Wolf,風之狼
SPELL_WindWolf_DESC,"This spell creates an illusionary wolf to join the party. This and other illusions are only effective as long as an enemy ""believes"" them. Depending on power and location, the monster may see through the illusion, and cause it to vanish.",此法術創造出一隻幻影狼加入隊伍。此幻影與其他幻術僅在敵人「相信」時有效。根據力量與地點，怪物可能看穿幻影，使其消失。
SPELL_WitherStrike,Wither Strike,衰老打擊
SPELL_WitherStrike_DESC,"Any foe at whom this spell is cast is likely to be turned old, thus reducing their ability to attack and defend in combat.",任何被施以此法術的敵人很可能變得衰老，從而降低其在戰鬥中攻擊與防禦的能力。
SPELL_Witherfist,Witherfist,衰老之拳
SPELL_Witherfist_DESC,Crushes a group of enemies under a huge fist of power for 300 to 600 points of damage.,以一隻巨大的力量之拳壓碎一群敵人，造成 300 到 600 點傷害。
SPELL_WizardWall,Wizard Wall,巫師之牆
SPELL_WizardWall_DESC,Creates a wall of force that travels with the party and absorbs many of the enemy's attacks.,創造一道力牆，跟隨隊伍移動，並吸收許多敵人的攻擊。
SPELL_WordOfFear,Word Of Fear,恐懼之言
SPELL_WordOfFear_DESC,"This incantation will make a group of your enemies shake in fear, reducing their ability to attack and do damage.",此咒語將使一群敵人因恐懼而顫抖，降低其攻擊與造成傷害的能力。
SPELL_WordOfHealing,Word Of Healing,治癒之言
SPELL_WordOfHealing_DESC,"With the utterance of a single word the spell caster can cure a party member of minor wounds, healing {0}-{1} points of damage.",只需說出一個字，施法者即可治癒一名隊伍成員的輕傷，恢復 {0}-{1} 點傷害。
SPELL_WrathOfValhalla,Wrath Of Valhalla,瓦爾哈拉之怒
SPELL_WrathOfValhalla_DESC,Makes a member of your party fight with the strength and accuracy of ancient Norse heroes for the entire combat.,使一名隊伍成員在整場戰鬥中以古代北歐英雄的力量與精準度作戰。
SPELL_MysticShield,Ybarra's Mystic Shield,伊巴拉的神秘護盾
SPELL_MysticShield_DESC,"The air in front of the party will bind itself into metallic hardness, and will accompany the party when it moves, as a sort of invisible ""shield"".",隊伍前方的空氣將凝結成金屬般的硬度，並在隊伍移動時跟隨，如同一面隱形的「盾牌」。
SPELL_MysticalArmor,Ybarra's Mystical Coat of Armor,伊巴拉的神秘護甲
SPELL_MysticalArmor_DESC,"Causes an effect like ""Air Armor"" to cover every member of the party, lasting indefinitely.",產生類似「空氣護甲」的效果，覆蓋隊伍中的每一名成員，效果永久持續。
SPELL_Youth,Youth,青春
SPELL_Youth_DESC,"Coats a character with a light, fragrant lotion to cure oldness.",為一名角色塗上輕盈芬芳的乳液，以治癒衰老狀態。
SPELL_Lamp,Lamp Light,燈光
SPELL_Torch,Torch Light,火炬之光
SPELL_RestoreMana,Restore Mana,恢復魔力
Storage Room,A Storage Building,儲藏建築
STORAGE_STABLES,"This appears to be the old stables, now converted into a storage space since the horses were eaten long ago when Mangar's ghastly creatures roamed the streets.",這看起來是舊馬廄，自從馬匹在很久以前被曼加的恐怖生物在街上遊蕩時吃掉後，就被改造成了儲藏空間。
STORAGE_LOOKS_EMPTY,Looks pretty empty at the moment.\nWould you like to leave some items here?,目前看起來相當空曠。\n你想在這裡留下一些物品嗎？
STORAGE_INSPECT_OR_DROP_OFF_ITEMS,"Would you like to inspect the place for items, or drop off some of your own?",你想檢查這個地方是否有物品，還是放下一些自己的東西？
STORAGE_LEAVE_ITEMS,Leave Items,留下物品
STORAGE_TAKE_ITEMS,Take items,取走物品
STORAGE_WOULD_YOU_INSPECT_ITEMS,Who would like to inspect the items to take?,誰要檢查可取走的物品？
STORAGE_WOULD_YOU_LEAVE_ITEM,Who would like to leave some items in the storage house?,誰要將一些物品存放在儲藏室？
STORAGE_DONE_TAKING,Done taking items,取物完成
STORAGE_INVENTORY_FULL,Your inventory is full. You must drop some items to make space.,你的道具欄已滿。你必須丟棄一些物品以騰出空間。
STORAGE_CHAR_NO_UNEQUIPPED_ITEMS,{0} has no unequipped items to leave...,{0} 沒有未裝備的物品可以留下……
STORAGE_DONE_LEAVING,Done leaving items,留物完成
SCRIPTSTRING_0000,Skara Brae,斯卡拉布雷
SCRIPTSTRING_0001,You're in an alleyway,你在一條小巷中
SCRIPTSTRING_0002,You're on Rakhir street,你在 Rakhir 街上
SCRIPTSTRING_0003,You're on Blacksmith street,你在 Blacksmith 街上
SCRIPTSTRING_0004,You're on Main street,你在大街上
SCRIPTSTRING_0005,You're on Trumpet street,你在喇叭街上
SCRIPTSTRING_0006,You're on Grey Knife street,你在灰刃街上
SCRIPTSTRING_0007,You're on Stonework street,你在石匠街上
SCRIPTSTRING_0008,You're on Emerald street,你在翡翠街上
SCRIPTSTRING_0009,You're on Hawk Scabard street,你位於霍克·斯卡巴德街
SCRIPTSTRING_0010,You're on Bard Blazon street,你位於吟遊詩人紋章街
SCRIPTSTRING_0011,You're on Tempest street,你位於暴風街
SCRIPTSTRING_0012,You're on Fargoer street,你位於法戈爾街
SCRIPTSTRING_0013,You're on Blue Highway,你位於藍色公路
SCRIPTSTRING_0014,You're on Night Archer street,你身處夜弓街
SCRIPTSTRING_0015,You're on Serpentskin street,你身處蛇鱗街
SCRIPTSTRING_0016,You're on Corbomite street,你身處科博麥特街
SCRIPTSTRING_0017,You're on Sinister street,你身處險惡街
SCRIPTSTRING_0018,You're on Marksman street,你身處射手街
SCRIPTSTRING_0019,You're on Dilvish street,你位於迪爾維許街
SCRIPTSTRING_0020,You're on Death Archer street,你位於死亡射手街
SCRIPTSTRING_0021,You're in the Gran Plaz,你位於大廣場
SCRIPTSTRING_0022,You're standing in the Courtyard,你站在庭院中
SCRIPTSTRING_0023,Scarlet Bard Tavern,赤紅吟遊詩人酒館
SCRIPTSTRING_0024,Sinister Inn,邪惡旅店
SCRIPTSTRING_0025,Dragonbreath Tavern,龍息酒館
SCRIPTSTRING_0026,Ask Y'Mother Tavern,問你娘酒館
SCRIPTSTRING_0027,Archmage Inn,大法師旅店
SCRIPTSTRING_0028,Skull Tavern,骷髏酒館
SCRIPTSTRING_0029,Drawnblade Tavern,拔刃酒館
SCRIPTSTRING_0030,Thief Temple,盜賊神廟
SCRIPTSTRING_0031,Temple of Great gods,大神之神廟
SCRIPTSTRING_0032,Temple of Greatest gods,至大神之神廟
SCRIPTSTRING_0033,Temple of Greater gods,較大神之神廟
SCRIPTSTRING_0034,Temple of Kiosk,奇歐斯克神廟
SCRIPTSTRING_0035,Temple of 100 Blessings,百福神廟
SCRIPTSTRING_0036,Temple of the Mad God,狂神神廟
SCRIPTSTRING_0037,Mangar's Tower,曼加爾之塔
SCRIPTSTRING_0038,Harkyn's Castle,哈金城堡
SCRIPTSTRING_0039,Kylearan's Tower,凱爾蘭之塔
SCRIPTSTRING_0040,You're on Westgate street,你位於西門街
SCRIPTSTRING_0041,Guild Master,公會長
SCRIPTSTRING_0042,"As you enter the guild, you catch the eye of the Guild Master.\n\n",當你走進公會時，你引起了公會長的注意。\n\n
SCRIPTSTRING_0043,"""Well met, brave adventurer, but you come in the most dire of times.""\n\n""The evil wizard, Mangar, has cursed our town with this blizzard, and the streets are overrun with all matter of evil miscreants.""",「幸會，勇敢的冒險者，但你來得正是最危急的時刻。」\n\n「邪惡的巫師曼加爾，用這場暴風雪詛咒了我們城鎮，街上到處都是各種邪惡的惡徒。」
SCRIPTSTRING_0044,"""You must help us defeat Mangar! In this guild you will find many skilled warriors and mages that would join you in this quest.""\n\n",「你必須幫助我們擊敗曼加爾！在這間公會裡，你會找到許多技藝精湛的戰士與法師，願意加入你這趟任務。」\n\n
SCRIPTSTRING_0045,"""When your party is ready, set out into town. Be sure to visit Garth's Shoppe to the north and equip yourself for battle. He has the finest weapons and armour in Skara Brae, and indeed is the only shoppe brave enough to open these days!""",「當你的隊伍準備好之後，就出發進城吧。記得去北邊的加斯商店，為戰鬥做好裝備。他那裡有斯卡拉布雷最好的武器與護甲，說真的，現在還敢開門營業的商店也就只剩他這一家了！」
SCRIPTSTRING_0046,"""The city has an abundance of temples that are open night and day to heal your wounds, and I believe Roscoe is still doing good business restoring magic points for your mages.""\n\n",「城裡有許多神廟，日夜開放為你治療傷勢，而且我相信羅斯科還在繼續做他的好生意，幫你的法師恢復法術點數。」\n\n
SCRIPTSTRING_0047,"""And when your bard gets thirsty, be sure to visit one of the many Inns and Taverns. The Scarlet Bard, to the south, has the best selection in town!""",「而當你的吟遊詩人渴了，記得去拜訪其中一間旅館或酒館。南邊的『緋紅吟遊詩人』，可是全城選擇最豐富的地方！」
SCRIPTSTRING_0048,"""Now I will bid you good day and good luck in your quest!""\n\nThe guild master smiles and returns to what he was doing.",「那麼我就祝你日安，任務順利！」\n\n公會長微微一笑，轉身繼續忙他的事了。
SCRIPTSTRING_0049,You have stepped out into the town of Skara Brae for the first time. Would you like a quick tutorial on the game controls before you proceed?,你初次踏入了斯卡拉布雷鎮。在繼續前進之前，是否要快速學習遊戲操作教學？
SCRIPTSTRING_0050,"Use W,A,S,D to move around the town, or the cursor keys. You can also left click on the game view to move around.\n\nHold down right mouse on the game view and you can look around to take in the view.",使用 W、A、S、D 鍵或方向鍵在鎮上移動。你也可以在遊戲畫面上按左鍵來移動。\n\n在遊戲畫面上按住右鍵，即可環顧四周欣賞景色。
SCRIPTSTRING_0051,"There is a Pause button at the top left of the game view that gives access to graphics, audio and game settings, as well as saving or loading the game.\n\nThere is an Actions button on the top right of the game view that will drop down a ribbon of actions to choose from. These actions are not usable during game events.",遊戲畫面左上角有一個「暫停」按鈕，可用來調整圖形、音效與遊戲設定，以及儲存或載入遊戲進度。\n\n遊戲畫面右上角有一個「行動」按鈕，點擊後會下拉一排行動選項。請注意，這些行動在遊戲事件進行中無法使用。
SCRIPTSTRING_0052,"You can change the speed that combat messages scroll by pressing the 'greater than' and 'less than' keys, or by adjusting the slider in the 'game settings' menu.",你可以按下「大於」與「小於」鍵，或在「遊戲設定」選單中調整滑桿，來改變戰鬥訊息捲動的速度。
SCRIPTSTRING_0053,"Pressing 1 to 7 lets you view the stats of one of your party members.\n\nIf you left click and drag with your mouse on one of the party member names below, you can change their position in the party. Only the first 4 character slots can be hit by enemy melee attacks.\n\n",按下 1 到 7 鍵可檢視隊伍中某位成員的狀態。\n\n如果你在下方任一隊員名稱上按住左鍵並拖曳滑鼠，即可改變他們在隊伍中的位置。只有前 4 個角色欄位會受到敵人的近戰攻擊。\n\n
SCRIPTSTRING_0054,You should try to keep a character slot free so that you can summon creatures or allow roving monsters to join your party.,你應該保留一個角色空位，這樣才能召喚生物或讓遊蕩的怪物加入你的隊伍。
SCRIPTSTRING_0055,"Below the game view, totals of your party's gold and inventory items are shown.\n\nAny item that is not equipped by a character will go into the communal inventory and is accessible through any player's inventory screen.",在遊戲畫面下方，會顯示隊伍的總金幣與道具庫存數量。\n\n任何未由角色裝備的物品都會進入共用庫存，並可透過任一角色的道具欄畫面存取。
SCRIPTSTRING_0056,That is all... Now go and stop Mangar!,就這樣了……現在去吧，阻止曼加爾！
SCRIPTSTRING_0057,Longinus the Mad,瘋狂的隆基努斯
SCRIPTSTRING_0058,"You have entered the home of Longinus the Mad. He is busy writing in a tome, but lowers his quill as he sees you entering, then abruptly rises to greet you.",你進入了瘋狂的隆基努斯的住所。他正忙著在一本巨冊上書寫，但一見你進來便放下羽毛筆，隨即起身迎接你。
SCRIPTSTRING_0059,The home of Longinus the Mad.,瘋狂隆基努斯的住所。
SCRIPTSTRING_0060,Talk to Longinus,與隆基努斯交談
SCRIPTSTRING_0061,Leave him to his writing,讓他繼續寫作
SCRIPTSTRING_0062,"Longinus looks away and mumbles,\n\n""Go then, if you were even here, for I was not...""",隆基努斯移開目光，喃喃自語道：\n\n「去吧，就算你真的來過，我也不曾在此…」
SCRIPTSTRING_0063,"He is lost in thought for a moment, then looks at you and proclaims\n\n""Twice will the Lestradae come for Caith... once for gold and once for faith.""",他沉思片刻，然後看著你宣告道：\n\n「萊斯特拉德會為凱斯而來兩次……一次為黃金，一次為信仰。」
SCRIPTSTRING_0064,Twice will the Lestradae come for Caith... once for gold and once for faith.,萊斯特拉德將兩度找上凱斯……一次為黃金，一次為信仰。
SCRIPTSTRING_0065,"He withdraws into himself, and looking down, mutters\n\n""Summer follows Winter, Darkness follows Day, Singing follows Sorrow, as they stride through Skara Brae.""",他縮回自己的世界，低頭喃喃自語\n\n「夏日隨冬去，黑暗隨晝來，歌聲隨悲傷，他們大步走過斯卡拉布雷。」
SCRIPTSTRING_0066,"Summer follows Winter, Darkness follows Day, Singing follows Sorrow, as they stride through Skara Brae.",夏日隨冬去，黑暗隨晝來，歌聲隨悲傷，他們大步走過斯卡拉布雷。
SCRIPTSTRING_0067,"He steps towards you and whispers in your ear\n\n""Mangar the Dark is but the first, thrice more will come to Caith the cursed.""",他朝你走近，在你耳邊低語\n\n「黑暗曼加爾只是開端，還有三次劫難將降臨於受詛的凱斯。」
SCRIPTSTRING_0068,"Mangar the Dark is but the first, thrice more will come to Caith the cursed.",黑暗曼加爾只是開端，還有三次劫難將降臨於受詛的凱斯。
SCRIPTSTRING_0069,Bard's Tale Trilogy,冰城傳奇三部曲
SCRIPTSTRING_0070,The Bard's Tale Trilogy (Remastered)\n\nProduced by inXile Entertainment\nCEO Brian Fargo\n\nDeveloped by Krome Studios\nCEO Robert Walsh\n\nThe original program for the Apple II was written by Michael Cranford for Interplay Productions.\n\nOriginal 2016 remaster work by Olde Sküül.,冰城傳奇三部曲（重製版）\n\n由 inXile Entertainment 製作\n執行長 Brian Fargo\n\n由 Krome Studios 開發\n執行長 Robert Walsh\n\nApple II 原始程式由 Michael Cranford 為 Interplay Productions 編寫。\n\n2016 年原始重製工作由 Olde Sküül 完成。
SCRIPTSTRING_0071,"Krome Studios Credits\n\nJames Podesta, Perry Hart, Nic Lyness, Lindsay Parmenter, Kevin McGrath, Kelly Krenn, Ronald Marc, Kate Lulham, Jake Higgs, Michael Fitzhywel, Peter Buck, Damian Stewart, Kylie Halley, Andy Green, Steve Stamatiadis, Robert Walsh, Marcia Watson, George Stamatiadis, Andi Gotard","Krome Studios 製作人員\n\nJames Podesta, Perry Hart, Nic Lyness, Lindsay Parmenter, Kevin McGrath, Kelly Krenn, Ronald Marc, Kate Lulham, Jake Higgs, Michael Fitzhywel, Peter Buck, Damian Stewart, Kylie Halley, Andy Green, Steve Stamatiadis, Robert Walsh, Marcia Watson, George Stamatiadis, Andi Gotard"
SCRIPTSTRING_0072,"inXile Entertainment Credits\n\nPRODUCTION COORDINATOR\nPaul Marzagalli\n\nADDITIONAL DESIGN WORK\nBrian DiDomenico, Daniel Kim, Russell Krueger, Nathan Long, David Rogers, Eric Schwarz, Greg Underwood, Brandon Humphreys and Paul Fish\n\nTESTING\nDaniel Reid and the inXile Forums A-Team","inXile Entertainment 製作人員\n\n製作協調\nPaul Marzagalli\n\n額外設計工作\nBrian DiDomenico, Daniel Kim, Russell Krueger, Nathan Long, David Rogers, Eric Schwarz, Greg Underwood, Brandon Humphreys 與 Paul Fish\n\n測試\nDaniel Reid 與 inXile 論壇 A-Team"
SCRIPTSTRING_0073,There's a lot of hay on the ground here.,這裡地上有許多乾草。
SCRIPTSTRING_0074,Jerome's Stable,傑隆馬廄
SCRIPTSTRING_0075,"Jerome the stablemaster says...\n\n""Sorry Friends, all of the horses have been eaten by creatures!""",馬廄主人傑隆說道……\n\n「抱歉了朋友們，所有的馬都被怪物吃掉了！」
SCRIPTSTRING_0076,City Gate,城門
SCRIPTSTRING_0077,"You stand before the city gates, which are blocked by a gigantic snow drift.",你站在城門前，但城門被一道巨大的雪堆堵住了。
SCRIPTSTRING_0078,Temple,神廟
SCRIPTSTRING_0079,"""This is the temple of the Mad God. What is thy business, unbeliever?""",「此處乃狂神之神廟。不信者，汝有何事？」
SCRIPTSTRING_0080,Speak to the priest,與祭司交談
SCRIPTSTRING_0081,Exit the temple,離開神廟
SCRIPTSTRING_0082,"""This is the temple of the Mad God. Welcome back, believer, the catacombs await you...""",「此處乃狂神之神廟。歡迎歸來，信徒，地下墓穴正等著你……」
SCRIPTSTRING_0083,Descend into the catacombs,進入地下墓穴
SCRIPTSTRING_0084,"""Only those who know the name of the Mad One are welcome.""\nWhat wilt thou say?\n\n",「唯有知曉狂人之名者，方受歡迎。」\n汝欲如何應答？\n\n
SCRIPTSTRING_0085,TARJAN,TARJAN
SCRIPTSTRING_0086,JENNELL,JENNELL
SCRIPTSTRING_0087,BURGER,BURGER
SCRIPTSTRING_0088,"""Quit thy babbling,"" the priest says.",「莫再胡言亂語。」祭司說道。
SCRIPTSTRING_0089,"""Speak not the name of the High one so loudly, lest he awaken,"" the priest says. ""Enter the catacombs, believer.""",「莫要大聲說出至高者的名諱，以免驚醒祂，」祭司說道。「信徒，進入墓穴吧。」
SCRIPTSTRING_0090,"The priests sigh in unison, ""Mawwaige... Mawwaige, is what brings us together, today.""",祭司們齊聲嘆息：「婚姻……婚姻，是今日將我們聚在一起的原因。」
SCRIPTSTRING_0091,Blasphemy!,褻瀆！
SCRIPTSTRING_0092,"""Thou hath uttered the most unspeakable word! Prepare to die!!!""",「你竟說出了最不可言說之詞！準備受死吧！！！」
SCRIPTSTRING_0093,"Now you did it. Before you, you see",這下你可闖禍了。在你面前，你看到的是
SCRIPTSTRING_0094,No escape!,無路可逃！
SCRIPTSTRING_0095,\n\nCowards! You must fight to the death!!,\n\n懦夫！你們必須戰至死亡！！
SCRIPTSTRING_0096,"\n\n""You have lived!! Let's try again!!""",\n\n「你們活下來了！！我們再來一次！！」
SCRIPTSTRING_0097,"Next time, keep your mouths shut. Ahead are",下次把嘴閉緊。前方是
SCRIPTSTRING_0098,"""Cowards!""",「懦夫！」
SCRIPTSTRING_0099,"\n\n""You're not getting away!!""",\n\n「你逃不掉的！！」
SCRIPTSTRING_0100,"""You monsters!""",「你們這些怪物！」
SCRIPTSTRING_0101,"\n\n""Never say that word ever again!!""",\n\n「永遠不准再說那個字！！」
SCRIPTSTRING_0102,"Before you, lies Baron Harkyn's majestic castle.",在你面前，矗立著哈肯男爵的雄偉城堡。
SCRIPTSTRING_0103,Castle,城堡
SCRIPTSTRING_0104,"This is the entry chamber to Harkyn's Castle. It is not guarded, but a sign threatens trespassers with death. Shall you enter?\n\n",這裡是哈肯城堡的入口大廳。雖然沒有守衛，但一塊告示牌威脅擅闖者將處以死刑。你要進去嗎？\n\n
SCRIPTSTRING_0105,There is an entrance to the city sewers here. Do you wish to go in?\n\n,這裡有通往城市下水道的入口。你要進去嗎？\n\n
SCRIPTSTRING_0106,Amber Tower,琥珀塔
SCRIPTSTRING_0107,This is the entry chamber to Kylearan's Amber Tower. A stairwell leads up to a lofty level of chambers. Do you want to take the stairs?\n\n,這裡是凱利蘭琥珀塔的入口大廳。一道樓梯通往上層的華麗廳室。你要走樓梯嗎？\n\n
SCRIPTSTRING_0108,The gate opens to let you pass...,大門開啟，讓你通過……
SCRIPTSTRING_0109,You use your Master Key to open the iron gate to the west of Kylearan's Amber Tower...,你使用萬能鑰匙打開了凱拉蘭琥珀塔西側的鐵門……
SCRIPTSTRING_0110,West Gate,西門
SCRIPTSTRING_0111,"You stand before an iron gate, beyond which stands Kylearan's tower to the east.",你站在一扇鐵門前，門的東側矗立著凱拉蘭的高塔。
SCRIPTSTRING_0112,You use your Master Key to open the iron gate to the south of Kylearan's Amber Tower...,你使用萬能鑰匙打開了凱拉蘭琥珀塔南側的鐵門……
SCRIPTSTRING_0113,South Gate,南門
SCRIPTSTRING_0114,"You stand before an iron gate, beyond which stands Kylearan's tower to the north.",你站在一道鐵門前，北方矗立著凱拉蘭的高塔。
SCRIPTSTRING_0115,Magic Mouth,魔法之口
SCRIPTSTRING_0116,"A magic mouth on the wall speaks to you: ""Despised ones, none save Mangar may enter his demesnes.""",牆上的魔法之口對你說道：「可鄙之人，除了曼加爾，誰也不得進入他的領地。」
SCRIPTSTRING_0117,You use your Master Key to open the iron gate to the north of Mangar's tower...,你使用萬能鑰匙打開了曼加爾高塔北方的鐵門……
SCRIPTSTRING_0118,North Gate,北門
SCRIPTSTRING_0119,"You stand before an iron gate, beyond which stands Mangar's tower to the south.",你站在一道鐵門前，門後南方矗立著曼加的塔樓。
SCRIPTSTRING_0120,You use your Master Key to open the iron gate to the east of Mangar's tower...,你使用萬能鑰匙打開了曼加塔樓東側的鐵門……
SCRIPTSTRING_0121,East Gate,東門
SCRIPTSTRING_0122,"You stand before an iron gate, beyond which stands Mangar's tower to the west.",你站在一道鐵門前，門後西方矗立著曼加的塔樓。
SCRIPTSTRING_0123,The Tower,塔樓
SCRIPTSTRING_0124,This is the entry chamber to Mangar's Tower. A stairwell leads up to the first level of traps and terrors. Shall you take the stairs?\n\n,這裡是曼加爾之塔的入口大廳。一道樓梯通往充滿陷阱與恐怖的第一層。你要踏上階梯嗎？\n\n
SCRIPTSTRING_0125,Samurai,武士
SCRIPTSTRING_0126,"You stand before a gate, which is guarded by a statue of a Samurai Warrior. You can:",你站在一道大門前，門由一座武士雕像守衛著。你可以：
SCRIPTSTRING_0127,A statue of a Samurai Warrior stands guarding a gate.,一座武士雕像正守衛著一道大門。
SCRIPTSTRING_0128,Attack it.,攻擊它。
SCRIPTSTRING_0129,Leave it.,離開。
SCRIPTSTRING_0130,Stone Giant,石巨人
SCRIPTSTRING_0131,"You stand before a gate, which is guarded by a statue of a Stone Giant. You can:",你佇立在一道大門前，由一座石巨人雕像守衛著。你可以：
SCRIPTSTRING_0132,A statue of a Stone Giant stands guarding a gate.,一座石巨人雕像守衛著大門。
SCRIPTSTRING_0133,Ogre Lord,食人魔領主
SCRIPTSTRING_0134,"You stand before a gate, which is guarded by a statue of an Ogre Lord. You can:",你站在一座大門前，門由一尊食人魔領主雕像守衛。你可以：
SCRIPTSTRING_0135,A statue of an Ogre Lord stands guarding a gate.,一尊食人魔領主雕像守衛著一座大門。
SCRIPTSTRING_0136,Grey Dragon,灰龍
SCRIPTSTRING_0137,"You stand before a gate, which is guarded by the statue of a Grey Dragon. You can:",你站在一座大門前，門由一尊灰龍雕像守衛。你可以：
SCRIPTSTRING_0138,A statue of a Grey Dragon stands guarding a gate.,一尊灰龍雕像守衛著一座大門。
SCRIPTSTRING_0139,Stone Golem,石魔像
SCRIPTSTRING_0140,"You stand before a gate, which is guarded by a Stone Golem. You can:",你站在一座由石魔像守衛的大門前。你可以：
SCRIPTSTRING_0141,A statue of a Stone Golem stands guarding a gate.,一座石魔像的雕像矗立在此，守衛著一扇大門。
SCRIPTSTRING_0142,Cellars,地窖
SCRIPTSTRING_0143,This is the wine cellar of the Scarlet Bard. The air is musty with old wine.,這裡是「緋紅吟遊詩人」酒館的酒窖。空氣中瀰漫著陳年葡萄酒的霉味。
SCRIPTSTRING_0144,Rare wines - 50 years and older. Keep Out!,稀有陳年佳釀——五十年以上。非請勿入！
SCRIPTSTRING_0145,Fine wines - 10 years and older. For regular customers only.,精選美酒——十年以上。僅供熟客。
SCRIPTSTRING_0146,Sewers,下水道
SCRIPTSTRING_0147,You are in the sewers under Skara Brae. The shallow water holds unknown terrors. Be careful!\n\n,你身處斯卡拉布雷城下的下水道中。淺水裡潛藏著未知的恐怖。務必小心！\n\n
SCRIPTSTRING_0148,An inscription on the wall reads: Pass the light at night...,牆上刻著一行字：在黑夜中傳遞光芒……
SCRIPTSTRING_0149,There is something strange going on...,這裡有些不對勁……
SCRIPTSTRING_0150,The sewer water seems very warm here...,此處的下水道水溫異常溫暖……
SCRIPTSTRING_0151,An inscription on the wall reads: Golems are made of stone.,牆上刻著一行字：「魔像乃石所造。」
SCRIPTSTRING_0152,An inscription on the wall reads: IRKM DESMET DAEM.,牆上刻著一行字：IRKM DESMET DAEM。
SCRIPTSTRING_0153,A large spider has been etched into the north wall.,北面的牆壁上刻有一隻巨大的蜘蛛圖案。
SCRIPTSTRING_0154,There is a great deal of slime on the walls here.,這裡的牆壁上覆蓋著大量黏液。
SCRIPTSTRING_0155,Spidergod,蜘蛛神
SCRIPTSTRING_0156,I found a statue of a spider god here.,我在這裡發現了一座蜘蛛神的雕像。
SCRIPTSTRING_0157,There is the statue of a large spider here. Do you want to search the room?\n\n,這裡有一座巨大的蜘蛛雕像。你是否要搜索這個房間？\n\n
SCRIPTSTRING_0158,I searched the room and it came to life!,我搜索了房間，結果它活過來了！
SCRIPTSTRING_0159,That was not a wise move!,這可不是個明智之舉！
SCRIPTSTRING_0160,"There are tracks here, leading east.",此處有足跡，向東延伸。
SCRIPTSTRING_0161,On the wall is this inscription: There is no exit until the seven words are said.,牆上刻著這段銘文：除非說出那七個字，否則沒有出口。
SCRIPTSTRING_0162,Something smells...,有股怪味……
SCRIPTSTRING_0163,There are some rotted clothes and bones here.,這裡有一些腐爛的衣物和骨骸。
SCRIPTSTRING_0164,In the dirt is written: Heed not what is beyond understanding.,泥土上寫著：勿理會無法理解之事。
SCRIPTSTRING_0165,On the wall is this inscription: Thor is the greatest son of Odin.,牆上刻著這段銘文：索爾是奧丁最偉大的兒子。
SCRIPTSTRING_0166,"A light beam from the surface is mirrored down here and focused to a burning ray, blocking the corridor.",一道來自地表的光束經由鏡面反射至此，聚焦成灼熱射線，阻擋了通道。
SCRIPTSTRING_0167,\nMove ahead anyways?\n\n,\n無論如何都要前進嗎？\n\n
SCRIPTSTRING_0168,I chose to walk ahead and the beam of light seared my flesh!,我選擇向前邁進，光束灼傷了我的血肉！
SCRIPTSTRING_0169,The beam of light sears your flesh.,光束灼燒著你的血肉。
SCRIPTSTRING_0170,"A magic mouth on the wall speaks:\n""Know this, that a man called Tarjan, thought to many to be insane, had through wizardly powers, proclaimed himself a god in Skara Brae a hundred years ago. His image is locked in stone until made whole again...""",牆上一個魔法之口說道：\n「聽好了，百年前，一個名叫塔爾揚的人——許多人認為他瘋了——憑藉巫術之力，在史卡拉布雷自封為神。他的形象被封鎖在石中，直到恢復完整……」
SCRIPTSTRING_0171,An inscription on the wall reads:\n\nSeek the Snare from behind the scenes.,牆上刻著一段銘文：\n\n從幕後尋找陷阱。
SCRIPTSTRING_0172,An inscription on the wall reads:\n\nThe hand of time writes and cannot erase.,牆上刻著一段銘文：\n\n時間之手寫下一切，無法抹去。
SCRIPTSTRING_0173,Staircase,樓梯
SCRIPTSTRING_0174,"There are stairs here, which seem to go a long way up. Do you wish to take them?\n\n",此處有階梯，似乎通往高處很遠。你要走上去嗎？\n\n
SCRIPTSTRING_0175,Stairs here rise to the city above!,此處階梯通往上方城市！
SCRIPTSTRING_0176,Catacombs,地下墓穴
SCRIPTSTRING_0177,"Around you stretches miles of winding, twisting tunnels. The ancient bones of acolytes jut out of the earth.",四周延伸著數哩蜿蜒曲折的隧道。古代侍僧的骨骸從泥土中突出。
SCRIPTSTRING_0178,You have entered the burial preparation chamber. Few but the priests of the Mad God have seen this and lived.,你進入了葬禮準備室。除了瘋狂之神的祭司外，極少人見過此處還能活著離開。
SCRIPTSTRING_0179,"A message on the wall, scrawled in blood, says, ""The ancient witch king yet lives...""",牆上有一則用血書寫的訊息：「遠古的巫妖王依然存活……」
SCRIPTSTRING_0180,On the wall is etched this rhyme:\n\nFifteen doors east\nand thou art there.\n\nOn souls they feast\nin the dark one's lair.,牆上刻著一首韻文：\n\n向東十五道門\n你便抵達彼處。\n\n他們以靈魂為食\n在黑暗者的巢穴中。
SCRIPTSTRING_0181,Welcome to the stasis chamber...\n\nPlease remain calm.,歡迎來到靜滯室……\n\n請保持冷靜。
SCRIPTSTRING_0182,Stasis Chamber,靜滯室
SCRIPTSTRING_0183,Thank you for remaining calm.\n\nYou may leave...,感謝您保持冷靜。\n\n您可以離開了……
SCRIPTSTRING_0184,"A sign proclaims that you have entered the chambers of Bashar Kavilor, High Priest. Prepare to die!",一塊告示牌宣告你已進入大祭司巴沙爾·卡維洛的密室。準備受死吧！
SCRIPTSTRING_0185,Stasis chamber ahead: Those who venture ahead should prepare for a long stay!,前方有停滯密室：膽敢前進者，請準備好長期停留！
SCRIPTSTRING_0186,"A voice from nowhere proclaims:\n\n""To the tower fly\nA mad one die\nOnce lost the eye.""",虛空中傳來一個聲音：\n\n「飛向高塔\n狂人喪命\n一旦失去眼睛。」
SCRIPTSTRING_0187,Bashar Kavilor,巴沙爾·卡維洛
SCRIPTSTRING_0188,"We found the living chambers of Bashar Kavilor, the High Priest. He immediately attacked us!",我們找到了大祭司巴沙爾·卡維洛的起居室。他立刻向我們發動攻擊！
SCRIPTSTRING_0189,"You have entered the living chambers of Bashar Kavilor, the High Priest. He screams, ""Infidel! Face now the wrath of a servant of the Mad one!""",你進入了大祭司巴沙爾·卡維洛的起居室。他尖叫道：「異教徒！現在承受瘋狂之僕的怒火吧！」
SCRIPTSTRING_0190,"I think you're in trouble, because there's",我想你麻煩大了，因為有
SCRIPTSTRING_0191,Sphynx,史芬克斯
SCRIPTSTRING_0192,"We found the High Priest's treasure chamber. His pet dragon, Sphynx, attacked us!",我們找到了大祭司的寶藏室。他的寵物龍，史芬克斯，攻擊了我們！
SCRIPTSTRING_0193,"This is the High Priest's treasure chamber. His pet dragon, Sphynx, peers at you hungrily. ""Sphynx eat now,"" it growls.",這裡是大祭司的寶藏室。他的寵物龍，史芬克斯，飢餓地盯著你。「史芬克斯現在要吃，」牠低吼道。
SCRIPTSTRING_0194,A message is scrawled on the wall in blood:\nSeek the Mad One's stoney self in Harkyn's domain.,牆上以血書寫著一段訊息：\n「在哈肯的領域中，尋找瘋者的石化之軀。」
SCRIPTSTRING_0195,Witch King,巫王
SCRIPTSTRING_0196,We found the ancient burial chamber of King Aildrek. He attacked us!,我們發現了艾爾德雷克王的古老墓室。他攻擊了我們！
SCRIPTSTRING_0197,"Before you lies the ancient burial chamber of King Aildrek, now a creature of darkness. ""Now, mortal men, I will drink of your souls,"" he hisses.",在你面前的是艾爾德雷克王的古老墓室，如今他已化為黑暗生物。「現在，凡人，我要啜飲你們的靈魂。」他嘶聲說道。
SCRIPTSTRING_0198,"Among the items strewn about in the burial chamber, is a glowing jeweled eye.\n\n",在墓室中散落的物品之間，有一顆閃耀著光芒的寶石之眼。\n\n
SCRIPTSTRING_0199,A wide corridor leads into Baron Harkyn's castle. Fabulous tapestries adorn the walls. The flickering torchlight casts strange shadows.,一條寬闊的走廊通往哈金男爵的城堡。華麗的掛毯裝飾著牆壁。搖曳的火把光芒投下奇異的影子。
SCRIPTSTRING_0200,Three marble steps lead to the Baron's throne.,三級大理石臺階通往男爵的王座。
SCRIPTSTRING_0201,On the door is etched:\n\nGUARD ROOM -- Members only,門上刻著：\n\n警衛室——僅限會員進入
SCRIPTSTRING_0202,The Royal Jail Cell. The sulfurous smell of hot coals is in the air.,皇家監獄牢房。空氣中瀰漫著熱煤的硫磺味。
SCRIPTSTRING_0203,"A sign says, ""To Jail Cell.""",一塊標示牌寫著：「前往監獄牢房。」
SCRIPTSTRING_0204,"A sign says, ""NO trespassing.""",告示牌寫著：「禁止進入。」
SCRIPTSTRING_0205,You are in the royal bedroom.,你身處皇家寢室之中。
SCRIPTSTRING_0206,This chamber is filled with magical energy!,這間密室充滿了魔法能量！
SCRIPTSTRING_0207,Roscoe's Magical Spa. Please leave a favorable review on MageBook.,Roscoe 的魔法水療館。請在法師書上留下好評。
SCRIPTSTRING_0208,We found Baron's throne.,我們找到了男爵的王座。
SCRIPTSTRING_0209,You are at the Baron's throne. Who wishes to sit on it?,你坐在男爵的寶座上。誰願意坐在上面？
SCRIPTSTRING_0210,Ouch! That hurt!,哎喲！好痛啊！
SCRIPTSTRING_0211,Sitting on the throne made a doorway appear.,坐在王座上，出現了一個門口。
SCRIPTSTRING_0212,The sound of grating stone is heard.,聽到石頭摩擦的聲音。
SCRIPTSTRING_0213,Guard Captain,警衛隊長
SCRIPTSTRING_0214,"We encountered the Captain of the Guard. He screamed ""Die, scum!"" and attacked us!",我們遇到了警衛隊長。他大喊「去死吧，渣滓！」然後攻擊了我們！
SCRIPTSTRING_0215,"You see the Captain of the Guard standing before you. ""Die, scum!"" he screams as he runs insanely toward you.",你看見警衛隊長站在你面前。「去死吧，渣滓！」他一邊尖叫，一邊瘋狂地朝你衝來。
SCRIPTSTRING_0216,"We encountered six warriors, dressed in bright green robes. They screamed ""Intruders!"" and attacked us!",我們遇到了六名身穿亮綠色長袍的戰士。他們大喊「入侵者！」然後攻擊了我們！
SCRIPTSTRING_0217,"Before you stand six warriors, dressed in bright green robes. ""Intruders!"" They scream battle cries as they run toward you with drawn swords.",你面前站著六名身穿亮綠色長袍的戰士。「入侵者！」他們高喊戰鬥口號，拔劍朝你衝來。
SCRIPTSTRING_0218,"On defeating the warriors, we each took robes.",擊敗戰士後，我們每人拿了一件長袍。
SCRIPTSTRING_0219,There are piles of bright green warrior robes here.\n\n,這裡堆放著數疊鮮綠色的戰士長袍。\n\n
SCRIPTSTRING_0220,{0} reaches for some robes.\n\n,{0} 伸手去拿幾件長袍。\n\n
SCRIPTSTRING_0221,There is a magical glowing crystal sword here.\n\n,這裡有一把散發魔法光芒的水晶劍。\n\n
SCRIPTSTRING_0222,You are in a splendid library.,你身處一座華麗的圖書館中。
SCRIPTSTRING_0223,"A sign on the wall reads, ""Slave quarters.""",牆上的告示牌寫著：「奴隸宿舍。」
SCRIPTSTRING_0224,The air nearby has a foul reek to it.,附近的空氣中有一股難聞的惡臭。
SCRIPTSTRING_0225,Something is not quite right here.,這裡有些不對勁。
SCRIPTSTRING_0226,Wizened man,枯瘦老者
SCRIPTSTRING_0227,There is a wizened man here. He asked if we would answer his riddle.,這裡有一位枯瘦老者。他問我們是否願意回答他的謎題。
SCRIPTSTRING_0228,"A wizened man appears before you, saying, ""Have you come to answer my riddle?""\n\n",一位枯瘦老者出現在你面前，說道：「你們是來回答我的謎題的嗎？」\n\n
SCRIPTSTRING_0229,"When we said no, he asked if we would fight him instead.",當我們拒絕時，他問我們是否願意與他一戰。
SCRIPTSTRING_0230,"He smirks at the assembled party, ""Would you rather test your magic and steel against my power?""\n\n",他對著集結的隊伍露出得意的笑容，「你們寧可拿魔法與刀劍來試試我的力量嗎？」\n\n
SCRIPTSTRING_0231,"""Be gone with you!""",「滾開！」
SCRIPTSTRING_0232,"""Answer this riddle to pass:\n\nOnce man alive\nNow living death\nIt drinketh blood\nN' stealeth breath""\n\n",「回答這道謎題才能通過：\n\n曾為活人\n今為活死\n飲人鮮血\n奪人氣息」\n\n
SCRIPTSTRING_0233,VAMPIRE,VAMPIRE
SCRIPTSTRING_0234,LICH,LICH
SCRIPTSTRING_0235,VAMPYRE,VAMPIRE
SCRIPTSTRING_0236,"He frowns at you, ""Wrong, do you want to try again?""\n\n",他對你皺眉，「錯了，你想再試一次嗎？」\n\n
SCRIPTSTRING_0237,"""Pass at your leisure,"" the Master Sorcerer says.",「請隨意通過，」大術士說道。
SCRIPTSTRING_0238,"""Time to try out my new spells, ON YOU!"" You see",「該來試試我的新法術了，就拿你開刀！」你看見
SCRIPTSTRING_0239,There is a silver square floating in the center of the room.\n\n,房間中央漂浮著一個銀色方塊。\n\n
SCRIPTSTRING_0240,A magic mouth wants the answer to this riddle:,一個魔法之口想要這個謎語的答案：
SCRIPTSTRING_0241,"""Past warscapes fought by men long dead, and treasures lost on bloodied fields, the One God lifts his thorn-crowned head, and lays a strength on friendly...""\n\n",「越過久遠逝者征戰的沙場，與血染原野上失落的寶藏，唯一神抬起荊棘冠冕的頭顱，將力量賦予友方的……」\n\n
SCRIPTSTRING_0242,SHIELDS,SHIELDS
SCRIPTSTRING_0243,SHIELD,SHIELD
SCRIPTSTRING_0244,"""You're not good at this...""",「你還不太擅長這個……」
SCRIPTSTRING_0245,We found a magical Ybarra shield,我們找到了一面魔法伊巴拉盾牌
SCRIPTSTRING_0246,A magical shield appears.\n\n,一面魔法盾牌出現了。\n\n
SCRIPTSTRING_0247,"A sign on the wall reads, ""The Barracks.""\n\n""Official robes are required.""",牆上的告示寫著：「軍營。」\n\n「必須穿著正式長袍。」
SCRIPTSTRING_0248,Written on the wall in blood is:\n\nThe Crystal Sword will leave the crystal guardian in many pieces.,牆上以血書寫著：\n\n水晶劍會將水晶守護者碎成許多碎片。
SCRIPTSTRING_0249,Intruder Alert!,入侵者警報！
SCRIPTSTRING_0250,We were recognized as intruders and attacked by the legions of Baron Harkyn.,我們被認出是入侵者，遭到哈肯男爵軍團的攻擊。
SCRIPTSTRING_0251,"The legions of Baron Harkyn stand before you, recognizing you as intruders. ""Death to them!"" they scream.",哈肯男爵的軍團站在你面前，認出你是入侵者。「殺了他們！」他們尖叫著。
SCRIPTSTRING_0252,The room is filled with,房間裡充滿了
SCRIPTSTRING_0253,The room is filled with the bodies of dead Berserkers.,房間裡充滿了狂戰士的屍體。
SCRIPTSTRING_0254,"Wearing the warrior robes, we were about to sneak past the legions of Baron Harkyn.",穿著戰士長袍，我們正要從哈金男爵的軍團身邊溜過去。
SCRIPTSTRING_0255,"The legions of Baron Harkyn stand before you, recognizing you as legion members.\n\nOne mutters, ""Darn, I was hoping for some action. It's so boring here.""",哈金男爵的軍團站在你面前，承認你是軍團成員。 \n\n有人嘀咕道：“該死，我本來希望採取一些行動。這裡太無聊了。”
SCRIPTSTRING_0256,Gold Statue,黃金雕像
SCRIPTSTRING_0257,There is a gold statue of a fifteen foot tall warrior here.,這裡有一尊十五英尺高的戰士的金色雕像。
SCRIPTSTRING_0258,A gold statue of a fifteen foot tall warrior stands before you. Will you approach it?\n\n,一座十五英尺高的戰士的金色雕像矗立在您面前。你願意接近它嗎？ \n\n
SCRIPTSTRING_0259,It appears harmless.,它看起來無害。
SCRIPTSTRING_0260,"The eye we had levitated into the statue's empty socket and it groaned ""I HUNGER"" and came to life.",我們漂浮到雕像空眼窩中的那顆眼睛發出呻吟「我餓了」，然後活了過來。
SCRIPTSTRING_0261,An Eye levitates from the party and goes into the statue's empty socket.,一顆眼睛從隊伍中飄起，飛入雕像的空眼窩。
SCRIPTSTRING_0262,I HUNGER!,我餓了！
SCRIPTSTRING_0263,The statue comes to life!,雕像活過來了！
SCRIPTSTRING_0264,"The walls shake as the statue stands suddenly, flinging marble everywhere. Gaze at the awesomeness of",雕像猛然站起，牆壁隨之震動，大理石碎片四處飛濺。凝視這驚人的
SCRIPTSTRING_0265,"A golden statue of a warrior, 15 feet tall, notices you as you approach. Gaze at the awesomeness of",一座15英尺高的金色戰士雕像，在你接近時注意到了你。凝視這驚人的
SCRIPTSTRING_0266,"Chunks of marble and stone lay chaotically around the room, evidence of an epic battle. A swirling portal of light floats above what looks like chunks of gold. Will you step into the portal?",大理石與石塊的碎片雜亂地散落在房間各處，見證了一場史詩般的戰鬥。一道旋轉的光之傳送門漂浮在看似金塊的物體上方。你是否要踏入傳送門？
SCRIPTSTRING_0267,"Where the golden statue had once stood, now is a swirling portal... a teleport to another place...",金色雕像曾經矗立之處，如今是一道旋轉的傳送門……通往另一個地方的傳送……
SCRIPTSTRING_0268,"Yes, enter the portal.",是，進入傳送門。
SCRIPTSTRING_0269,"No, stay here for now.",不，先留在這裡。
SCRIPTSTRING_0270,You are being teleported!,你正在被傳送！
SCRIPTSTRING_0271,An old man,一名老人
SCRIPTSTRING_0272,An old man asked us this question to pass:\n\nWhat tavern lies off Night Archer street?,一名老人問了我們這個問題才能通過：\n\n夜弓街旁是哪間酒館？
SCRIPTSTRING_0273,"An old man stands before you, saying, ""Answer this question to pass:\n\nWhat tavern lies off Night Archer street?""\n\n",一名老人站在你面前，說道：「回答這個問題才能通過：\n\n夜弓街旁是哪間酒館？」\n\n
SCRIPTSTRING_0274,SKULL,SKULL
SCRIPTSTRING_0275,SKULL TAVERN,SKULL TAVERN
SCRIPTSTRING_0276,"""Not so smart, are you? Get off my lawn!""\n\nWill you leave?\n\n",「沒那麼聰明，是吧？滾出我的草地！」\n\n你要離開嗎？\n\n
SCRIPTSTRING_0277,"""C'mon boys! Let's get 'em!"" You see",「來吧兄弟們！上啊！」你看見
SCRIPTSTRING_0278,"""Don't come back now, ya hear!""",「別再回來了，聽見沒！」
SCRIPTSTRING_0279,"""Pass, oh learned ones,"" he says.",「請過吧，博學之士們。」他說道。
SCRIPTSTRING_0280,Tower,高塔
SCRIPTSTRING_0281,There's no way out!\n\nIt's a trap!,無路可逃！\n\n這是個陷阱！
SCRIPTSTRING_0282,Run for it!,快逃！
SCRIPTSTRING_0283,"An inscription on the wall reads,\n\nAs a guardian\nHe must walk...\nThe first part\nof his name\nmeans rock",牆上刻著一段銘文：\n\n身為守護者\n他必須行走……\n他名字的\n第一部分\n意為岩石
SCRIPTSTRING_0284,"An inscription on the wall reads,\n\nMade of earth\nYet without soul\nAs living statue\nHe is whole",牆上刻著一段文字：\n\n由土所造\n卻無靈魂\n如活雕像\n完整無缺
SCRIPTSTRING_0285,"A voice speaks softly, saying: ""Beware the sting at the tail (south) of the serpent-way.""",一個輕柔的聲音說道：「當心蛇道尾部（南方）的毒刺。」
SCRIPTSTRING_0286,"A magic mouth asked this riddle:\n""Name the one of cold, foretold twofold!""",一張魔法之口問了這個謎題：\n「說出那冰冷之物，預言雙重降臨！」
SCRIPTSTRING_0287,"A magic mouth on the wall speaks to you, saying this:\n""Name the one of cold, foretold twofold!""\n\n",牆上的魔法之口對你說道：\n「說出那冰冷之物，預言雙重降臨！」\n\n
SCRIPTSTRING_0288,STONE GOLEM,STONE GOLEM
SCRIPTSTRING_0289,STONEGOLEM,STONEGOLEM
SCRIPTSTRING_0290,"""Incorrect!""",「不對！」
SCRIPTSTRING_0291,"A magic mouth asked this riddle:\n""Name the endless byway and your path shall be guaranteed:""",一個魔法之口問了這個謎題：\n「說出那無盡的道路，你的前路便將獲得保障：」
SCRIPTSTRING_0292,"A magic mouth on the wall speaks to you, saying this:\n""Name the endless byway and your path shall be guaranteed:""\n\n",牆上的一個魔法之口對你說話，內容如下：\n「說出那無盡的道路，你的前路便將獲得保障：」\n\n
SCRIPTSTRING_0293,SINISTER,SINISTER
SCRIPTSTRING_0294,"""Wrong.""",「錯了。」
SCRIPTSTRING_0295,"""Passage has been granted!""",「通行許可已授予！」
SCRIPTSTRING_0296,There is a silver triangle floating in the center of the room.\n\n,房間中央漂浮著一個銀色三角形。\n\n
SCRIPTSTRING_0297,Golem!,魔像！
SCRIPTSTRING_0298,There is a crystal statue of a Golem here. It wants to fight us.,這裡有一座水晶魔像雕像。它想與我們戰鬥。
SCRIPTSTRING_0299,"A crystal statue comes to life before you, ready to attack! Will you fight it?\n\n",一尊水晶雕像在你面前活了起來，準備攻擊！你要與它戰鬥嗎？\n\n
SCRIPTSTRING_0300,The golem's shattered body reformed and attacked us again!,魔像碎裂的身體重新聚合，再次向我們發動攻擊！
SCRIPTSTRING_0301,Something is happening to the golem's shattered body...,魔像碎裂的身體似乎正在發生變化……
SCRIPTSTRING_0302,Kylearan,Kylearan
SCRIPTSTRING_0303,"""Greetings! I am Kylearan, oh perseverant ones, the good wizard of Skara Brae. Put away your weapons, for I am your ally, not an enemy.""",「各位堅持不懈的勇者，你們好！我是 Kylearan，Skara Brae 的善良巫師。收起你們的武器吧，我是你們的盟友，而非敵人。」
SCRIPTSTRING_0304,"""You have passed my tests, and now can continue on to your true quest, the source of evil in Skara Brae -- Mangar the Dark, my nemesis.""",「你已通過我的考驗，現在可以繼續踏上真正的任務——找出斯卡拉布雷邪惡的根源：我的宿敵，黑暗曼加。」
SCRIPTSTRING_0305,"""Mangar's tower, at the opposite corner of Skara Brae from mine, is a five level deathtrap, which can only be entered by use of an onyx key.""",「曼加的高塔位於斯卡拉布雷與我相反的一角，是一座五層樓的死亡陷阱，唯有使用瑪瑙鑰匙才能進入。」
SCRIPTSTRING_0306,"""Good luck, and remember, seeing is not always believing.""",「祝你好運，切記，眼見不一定為憑。」
SCRIPTSTRING_0307,Kylearan vanishes.,凱利蘭消失無蹤。
SCRIPTSTRING_0308,There is an onyx key laying on the floor.\n\n,地上放著一把瑪瑙鑰匙。\n\n
SCRIPTSTRING_0309,On the wall is etched:\nBeyond the lie\nBefore the slip\nA passage north\nWill fake a trip\nAnd upward go\nTo evil's grip\nYet not an inch\nWill seem to dip,牆上刻著：\n越過謊言\n在失足之前\n往北的通道\n會偽造一趟旅程\n向上前進\n直達邪惡的掌握\n卻無一寸\n看似向下沉淪
SCRIPTSTRING_0310,"Ahead lies the exit, oh faithful ones!",前方就是出口了，忠誠的追隨者們！
SCRIPTSTRING_0311,Ahead lies the deathfield!,前方是死亡之地！
SCRIPTSTRING_0312,"A magic mouth on the wall speaks to you, saying this:\n\n""Perseverance in all things.""",牆上一個魔法之口對你說話，如此說道：\n\n「凡事貴在堅持。」
SCRIPTSTRING_0313,On the wall is etched:\n\nThe Spectre Snare can catch a foe and bind him lest his spirit go...,牆上刻著：\n\n幽魂陷阱能捕捉敵人，束縛其靈體，使其無法逃脫……
SCRIPTSTRING_0314,This room is reeking with magical energy...,這個房間充滿了魔法能量，散發著濃烈的氣息……
SCRIPTSTRING_0315,"A sign reads, ""Keep out! This means YOU! Signed, Roscoe.""",一塊告示牌寫著：「禁止進入！說的就是你！——羅斯科 留。」
SCRIPTSTRING_0316,Mouth...,嘴巴……
SCRIPTSTRING_0317,"A magic mouth on the wall speaks:\n\n""Two shapes yours,\none's around;\nSpeak the shape\nand final found.""\n\n",牆上的一個魔法嘴巴開口說話：\n\n「兩種形狀屬於你，\n一個環繞在身旁；\n說出那個形狀，\n最終之物便會現形。」\n\n
SCRIPTSTRING_0318,CIRCLE,CIRCLE
SCRIPTSTRING_0319,Wrong!,錯了！
SCRIPTSTRING_0320,There is a silver circle floating in the center of the room.\n\n,房間中央漂浮著一個銀色的圓圈。\n\n
SCRIPTSTRING_0321,"On the wall is etched:\n\nDo not scry,\nthe first is lie.",牆上刻著：\n\n勿窺視，\n第一為謊言。
SCRIPTSTRING_0322,On the wall is etched:\n\nThe One God's\nsecond is surely with.,牆上刻著：\n\n唯一神的\n第二必與同在。
SCRIPTSTRING_0323,"On the wall is etched:\n\nAs the One God has said, the third is passion if you have love and life.",牆上刻著：\n\n如唯一神所言，第三是熱情，若你擁有愛與生命。
SCRIPTSTRING_0324,"On the wall is etched:\n\nIn all the land,\nthe fourth is and",牆上刻著：\n\n舉世之間，\n第四者為
SCRIPTSTRING_0325,"On the wall is etched:\n\nWe speak of One God, eternal is he, his fifth is almost certainly be.",牆上刻著：\n\n我們言說唯一神，永恆不朽，其第五者幾可斷定。
SCRIPTSTRING_0326,"On the wall is etched:\n\nOn the many levels, several are ancient but the sixth is forever.",牆上刻著：\n\n於眾多層級中，數者古老，但第六者永存。
SCRIPTSTRING_0327,On the wall is etched:\n\nThe One has said that the first man is blessed and the last is damned.,牆上刻著：\n\n唯一者曾言，第一人蒙福，最後者受詛。
SCRIPTSTRING_0328,You smell burning coals...,你聞到燃燒的煤塊氣味……
SCRIPTSTRING_0329,The Keymaster,鑰匙大師
SCRIPTSTRING_0330,"An old man called ""The Keymaster"" wants to sell us something for 50000 gold pieces.",一位名叫「鑰匙大師」的老人想以五萬金幣的價格賣東西給我們。
SCRIPTSTRING_0331,"An old man is here, and says to you:\n""I am the Keymaster. I have something to sell you for the low price of 50000 gold pieces. What say you? Do we have a deal?""\n\n",一位老人出現在這裡，對你說：\n「我是鑰匙大師。我有樣東西要賣給你，只要五萬金幣的低價。你怎麼說？成交嗎？」\n\n
SCRIPTSTRING_0332,"""Well, if you're not here to do business, will you leave?""\n\n",「哼，如果你不是來做生意的，可以離開嗎？」\n\n
SCRIPTSTRING_0333,"""I'm asking nicely, will you leave?""\n\n",「我好好問你，你可以離開嗎？」\n\n
SCRIPTSTRING_0334,"""I'm asking again, will you please leave?""\n\n",「我再問一次，請你離開好嗎？」\n\n
SCRIPTSTRING_0335,"""I'm getting really annoyed at you! Will you PLEASE leave?""\n\n",「你讓我非常惱火！請你離開好嗎？」\n\n
SCRIPTSTRING_0336,"""After I said please too..."" The man speaks briefly and 6 friends appear. ""Most unfriendly,"" he says. His friends look very angry.",「我都說了請了……」男子簡短地說了句話，六個朋友隨即現身。「真是不友善，」他說道。他的朋友們看起來非常憤怒。
SCRIPTSTRING_0337,Who will buy it?,誰要購買？
SCRIPTSTRING_0338,We bought a Master Key from the old man for 50000 gold.,我們從老人那裡花費50000金幣買了一把萬能鑰匙。
SCRIPTSTRING_0339,"He pockets the gold and holds a key in his hand. ""Pleasure doing business with you!""\n\n",他收起了金幣，手中握著一把鑰匙。「跟你做生意真愉快！」\n\n
SCRIPTSTRING_0340,"A magic mouth asks the riddle:\n""Speak the seven of the One God, in sequence, and seek the lost stairs:""",一個魔法嘴脣問出謎題：\n「說出唯一之神的七個稱號，依序道來，尋找失落的階梯：」
SCRIPTSTRING_0341,"A magic mouth on the wall talks:\n\n""Speak the seven of the One God, in sequence, and seek the lost stairs:""\n\n",牆上的魔法嘴脣開口說話：\n\n「說出唯一之神的七個稱號，依序道來，尋找失落的階梯：」\n\n
SCRIPTSTRING_0342,LIE,LIE
SCRIPTSTRING_0343,"""What is the second word?""\n\n",「第二個字是什麼？」\n\n
SCRIPTSTRING_0344,WITH,WITH
SCRIPTSTRING_0345,"""What is the third word?""\n\n",「第三個字是什麼？」\n\n
SCRIPTSTRING_0346,PASSION,PASSION
SCRIPTSTRING_0347,"""What is the fourth word?""\n\n",「第四個字是什麼？」\n\n
SCRIPTSTRING_0348,AND,AND
SCRIPTSTRING_0349,"""What is the fifth word?""\n\n",「第五個字是什麼？」\n\n
SCRIPTSTRING_0350,BE,BE
SCRIPTSTRING_0351,"""What is the sixth word?""\n\n",「第六個字是什麼？」\n\n
SCRIPTSTRING_0352,FOREVER,FOREVER
SCRIPTSTRING_0353,"""What is the seventh and final word?""\n\n",「第七個，也就是最後一個字是什麼？」\n\n
SCRIPTSTRING_0354,DAMNED,DAMNED
SCRIPTSTRING_0355,Sorry Charlie!,抱歉了，查理！
SCRIPTSTRING_0356,We correctly answered the riddle and some stairs appeared.,我們正確回答了謎題，然後出現了一道樓梯。
SCRIPTSTRING_0357,"""Well done, oh faithful one. The stairs have materialized.""",「做得好，忠誠之人。樓梯已經顯現了。」
SCRIPTSTRING_0358,On the wall is etched:\n\nWelcome to Mangar's crypt,牆上刻著：\n\n歡迎來到曼加的墓穴
SCRIPTSTRING_0359,The shape of a skull is etched on the floor.,地面上刻著一個骷髏的形狀。
SCRIPTSTRING_0360,Tracks lead south down this corridor.,足跡沿著這條走廊向南延伸。
SCRIPTSTRING_0361,A gust of wind blows through here...,一陣風吹過這裡……
SCRIPTSTRING_0362,There is a large black coffin in this tomb.\n\nDo you wish to open it?\n\n,這座墓室中有一口巨大的黑色棺材。\n\n你是否要打開它？\n\n
SCRIPTSTRING_0363,A Vampire Lord rises from the coffin. He seems rather disturbed. You see,一名吸血鬼領主從棺材中升起。他似乎相當惱怒。你看見
SCRIPTSTRING_0364,Hungry Dragons,飢餓巨龍
SCRIPTSTRING_0365,"Two sleeping dragons awaken at your passage. ""Hmm, humans for dinner again, Gor,"" says the small one. ""Why don't we get any pork up here?""",兩條沉睡的巨龍因你的經過而甦醒。「高爾，又是人類當晚餐，」較小的那條說。「我們這裡怎麼都吃不到豬肉？」
SCRIPTSTRING_0366,"As Gor gasps his last, he croaks out, ""we should have sent out for pizza instead... Aaaaahhrrrrgg...""",高爾嚥下最後一口氣時，嘶啞地說：「我們當初應該叫披薩外送才對……呃啊啊啊……」
SCRIPTSTRING_0367,Your music caused two sleeping dragons to continue slumbering.,你的音樂讓兩條沉睡的巨龍繼續安眠。
SCRIPTSTRING_0368,There is a pair of dragons snoring quite loudly here.,這裡有一對巨龍正鼾聲如雷。
SCRIPTSTRING_0369,"A magic mouth on the wall speaks:\n\n""Name the greatest son of Odin and win his aid.""\n\n",牆上的魔法嘴說道：\n\n「說出奧丁最偉大的兒子之名，以獲得他的幫助。」\n\n
SCRIPTSTRING_0370,THOR,THOR
SCRIPTSTRING_0371,"""Brush up on your mythology and come back later!""",「回去複習你的神話學，晚點再來吧！」
SCRIPTSTRING_0372,A small statue appears.\n\n,一尊小雕像出現了。\n\n
SCRIPTSTRING_0373,We were awarded a small figurine of Thor,我們獲得了一尊索爾的小雕像
SCRIPTSTRING_0374,"On the wall to the north are etched 3 geometric shapes: a square, a circle, and a triangle.",北面的牆上刻有三個幾何圖形：一個正方形、一個圓形和一個三角形。
SCRIPTSTRING_0375,"A voice whispers, ""You see farther... Passage has been granted.""",一個聲音低語：「你看得更遠了……通道已獲准通行。」
SCRIPTSTRING_0376,"A voice whispers, ""To gain passage, you must see farther...""",一個聲音低語：「要獲得通行，你必須看得更遠……」
SCRIPTSTRING_0377,"A magic mouth speaks to the party:\n\n""What can bind the mightiest foes?""\n\n",一個魔法之口對隊伍說道：\n\n「什麼能束縛最強大的敵人？」\n\n
SCRIPTSTRING_0378,SPECTRE SNARE,SPECTRE SNARE
SCRIPTSTRING_0379,SPECTER SNARE,SPECTER SNARE
SCRIPTSTRING_0380,"""No prize for you!""",「你沒獎品了！」
SCRIPTSTRING_0381,Return when you have space for your reward.,等你空出道具欄再回來領取獎勵。
SCRIPTSTRING_0382,A magical lasso appears.\n\n,一條魔法套索憑空出現。\n\n
SCRIPTSTRING_0383,There is a pool of boiling liquid here.,這裡有一池沸騰的液體。
SCRIPTSTRING_0384,There is a pool of boiling liquid here. Will the party dive in?\n\n,此處有一池沸騰的液體。冒險隊伍要跳進去嗎？\n\n
SCRIPTSTRING_0385,"We found Mangar's treasure trove, guarded by two very hungry dragons.",我們找到了曼加的寶庫，由兩條極度飢餓的巨龍守護著。
SCRIPTSTRING_0386,"This is Mangar's treasure trove. Two dragons are here, and they're very hungry. You're in some real trouble.",這是曼加的寶庫。兩條巨龍在此，而且牠們非常飢餓。你們這下麻煩大了。
SCRIPTSTRING_0387,"A magic mouth on the wall speaks to you, saying:\n\n""Death to those who would attack the mighty one!""",牆上一個魔法嘴對你說話：\n\n「膽敢攻擊偉大者之人，必將喪命！」
SCRIPTSTRING_0388,An evil spirit possessed one of our party!,一個邪靈附身了我們隊伍中的一名成員！
SCRIPTSTRING_0389,"The corpse of Mangar the Dark, and a portal back to the Skara Brae Adventurers Guild.",黑暗曼葛的屍體，以及一道通往斯卡拉布雷冒險者公會的傳送門。
SCRIPTSTRING_0390,You are relieved to see the rotting corpse of Mangar the Dark still lies here undisturbed since your last visit.\n\n,你鬆了一口氣，看到黑暗曼葛腐爛的屍體仍躺在這裡，自你上次造訪後無人打擾。\n\n
SCRIPTSTRING_0391,There is a swirling portal here. A remnant of Kylearan's magic. Will you enter it?,這裡有一道旋轉的傳送門。那是凱利蘭魔法殘留的痕跡。你要進入嗎？
SCRIPTSTRING_0391a,There is a swirling portal here.\n\n,這裡有一道旋轉的傳送門。\n\n
SCRIPTSTRING_0391b,Will you enter it?,你要進入嗎？
SCRIPTSTRING_0392,Enter the portal.,進入傳送門。
SCRIPTSTRING_0393,Stay in the tower.,留在塔中。
SCRIPTSTRING_0394,Mangar!,曼加爾！
SCRIPTSTRING_0395,"You stand in the antechamber of Mangar the Dark, evil Archmage of Skara Brae. Mangar glares at you with deep hatred. ""Die, mortals!"" he screams.",你站在黑暗曼加爾的前廳，這位斯卡拉布雷的邪惡大法師。曼加爾滿懷深仇地瞪著你。「去死吧，凡人！」他尖叫道。
SCRIPTSTRING_0396,Mangar the Dark.,黑暗曼加爾。
SCRIPTSTRING_0397,With a wave of his hand a few of his close friends drop by. They don't look like a fun group.,他揮了揮手，幾位親信便現身到場。這群人看起來可不怎麼有趣。
SCRIPTSTRING_0398,"Kylearan, the good Archmage, appears before you in a flash of light. ""Well done!"" he cries, beaming. ""Your quest in Skara Brae is fulfilled!""",一道光芒閃過，善良的大法師凱利蘭出現在你面前。「幹得好！」他滿臉笑容地喊道，「你在斯卡拉布雷的任務已經完成了！」
SCRIPTSTRING_0399,"""The evil one is now defeated, and his spell of winter will soon end.""",「邪惡之敵已被擊敗，他降下的寒冬咒語也即將終結。」
SCRIPTSTRING_0400,"""You will all, as a symbol of my gratitude, receive 300,000 experience bonus. Also take this 300,000 gold to share amongst yourselves. Fare well and live long!""",「為了表達我的謝意，你們每個人都將獲得三十萬點經驗值獎勵。此外，再收下這三十萬金幣，你們自行分配吧。願你們一路順風，長命百歲！」
SCRIPTSTRING_0401,The forest,森林
SCRIPTSTRING_0402,You're in the realm of Caith,你身處於凱斯（Caith）王國
SCRIPTSTRING_0403,Fanskar's Castle,凡斯卡城堡（Fanskar's Castle）
SCRIPTSTRING_0404,Philippi,腓立比（Philippi）
SCRIPTSTRING_0405,Tangramayne,坦格拉曼（Tangramayne）
SCRIPTSTRING_0406,Colosse,科洛塞（Colosse）
SCRIPTSTRING_0407,Ephesus,Ephesus
SCRIPTSTRING_0408,Corinth,Corinth
SCRIPTSTRING_0409,Thessalonica,Thessalonica
SCRIPTSTRING_0410,The Sage,賢者
SCRIPTSTRING_0411,"A wise sage lives here, charging gold for the wisdom of the ancients!",一位睿智的賢者居住於此，以金幣換取古人的智慧！
SCRIPTSTRING_0412,"The Sage says:\n\n""Gold can buy thee the wisdom of the ancients, my friends.""\n\nYou can:",賢者說道：\n\n「金幣能為諸位購得古人的智慧，我的朋友們。」\n\n你可以：
SCRIPTSTRING_0413,Talk to the Sage,與賢者交談
SCRIPTSTRING_0414,Exit his hut,離開他的小屋
SCRIPTSTRING_0415,What will you ask him about?,你想問他什麼？
SCRIPTSTRING_0416,THE TOMBS,墓穴
SCRIPTSTRING_0417,FANSKAR,凡斯卡
SCRIPTSTRING_0418,DARGOTH,達戈斯
SCRIPTSTRING_0419,MAZE OF DREAD,恐懼迷宮
SCRIPTSTRING_0420,OSCON,奧斯康
SCRIPTSTRING_0421,KAZDEK,卡茲德克
SCRIPTSTRING_0422,GREY CRYPT,灰色墓穴
SCRIPTSTRING_0423,DESTINY STONE,命運之石
SCRIPTSTRING_0424,LAGOTH ZANTA,拉戈斯·贊塔
SCRIPTSTRING_0425,SCARLET BARD,緋紅吟遊詩人
SCRIPTSTRING_0426,ELF BOOTS,精靈靴
SCRIPTSTRING_0427,LUCKSHIELD,幸運護盾
SCRIPTSTRING_0428,DEATH STARS,死亡之星
SCRIPTSTRING_0429,MAGE STAFF,法師之杖
SCRIPTSTRING_0430,THIEF DAGGER,盜賊匕首
SCRIPTSTRING_0431,KATO'S BRACER,卡托護腕
SCRIPTSTRING_0432,AG'S ARROWS,AG的箭矢
SCRIPTSTRING_0433,MITHRIL ARROWS,秘銀箭矢
SCRIPTSTRING_0434,RING OF RETURN,回歸戒指
SCRIPTSTRING_0435,BREATHRING,呼吸之戒
SCRIPTSTRING_0436,WIZHELM,巫師頭盔
SCRIPTSTRING_0437,SPEEDBOOTS,疾速靴
SCRIPTSTRING_0438,ZEN ARROWS,禪意箭
SCRIPTSTRING_0439,DRUMS OF DEATH,死亡鼓
SCRIPTSTRING_0440,SONG AXE,歌頌斧
SCRIPTSTRING_0441,TRICK BRICK,詭計磚
SCRIPTSTRING_0442,ARAM'S KNIFE,亞拉姆之刃
SCRIPTSTRING_0443,ANGRA'S EYE,安格拉之眼
SCRIPTSTRING_0444,THOR'S HAMMER,索爾之錘
SCRIPTSTRING_0445,SWORD OF ZAR,札爾之劍
SCRIPTSTRING_0446,NOSPEN RING,諾斯潘之戒
SCRIPTSTRING_0447,ALI'S CARPET,阿里的飛毯
SCRIPTSTRING_0448,TROLL RING,巨魔戒指
SCRIPTSTRING_0449,DORK RING,呆瓜戒指
SCRIPTSTRING_0450,BARDSWORD,吟遊詩人之劍
SCRIPTSTRING_0451,SORCERSTAFF,術士法杖
SCRIPTSTRING_0452,DAYBLADE,晝光之刃
SCRIPTSTRING_0453,SLAYER FIGURINE,殺手雕像
SCRIPTSTRING_0454,GIANT FIGURINE,巨人雕像
SCRIPTSTRING_0455,OGRE FIGURINE,食人魔雕像
SCRIPTSTRING_0456,BULLDOZER FIGURINE,推土機雕像
SCRIPTSTRING_0457,BROTHERS FIGURINE,兄弟雕像
SCRIPTSTRING_0458,DRAGON FIGURINE,龍雕像
SCRIPTSTRING_0459,HERB FIGURINE,草藥雕像
SCRIPTSTRING_0460,MASTER MAGE FIGURINE,大法師雕像
SCRIPTSTRING_0461,VANQUISHER FIGURINE,征服者雕像
SCRIPTSTRING_0462,SARADON,薩拉頓
SCRIPTSTRING_0463,"""My memory fails me,"" he says.",「我的記憶不中用了，」他說道。
SCRIPTSTRING_0464,"""I have a more interesting tale than that"", the Sage starts to tell you about his amazing travels abroad.",「我有個比那更有趣的故事」，賢者開始向你講述他在海外的驚奇旅程。
SCRIPTSTRING_0465,"""That is something better left unsaid"", the Sage whispers.",「那件事還是別說為妙」，賢者低聲說道。
SCRIPTSTRING_0466,"""Ah, yes"", the Sage says, ""therein lies a tale of great magnitude.""",「啊，沒錯」，賢者說道，「其中蘊藏著一個意義重大的故事。」
SCRIPTSTRING_0467,"""Get enough gold first,"" he says.",「先賺夠黃金再說。」他說道。
SCRIPTSTRING_0468,"""Hidden beneath the city of Ephesus, the Tombs have been closed for centuries.\nSeek the entrance at the Temple of Darkness, in the city's center.""",「隱藏在以弗所城地下的墓穴已封閉數世紀。\n前往城市中心的黑暗神廟尋找入口。」
SCRIPTSTRING_0469,"""Fanskar is a deadly warrior-mage who tried once to claim the title of Destiny Knight and failed.\nHis castle is a well-guarded fortress, located south-west of Colosse.""",「凡斯卡爾是名致命的戰士法師，他曾試圖奪取天命勇士的稱號卻失敗了。\n他的城堡位於科洛塞西南方，是一座戒備森嚴的要塞。」
SCRIPTSTRING_0470,"""Dargoth is a creature more animal than man. He is a Lemurian... a being from another realm. Dargoth's tower is hidden in the city of Philippi. Take care, friends, for he is death itself.""",「達戈斯是頭野獸多過人類的生物。他是雷穆里亞人……來自異界的存有。達戈斯的高塔隱藏在腓立比城中。朋友們，務必當心，因為他即是死亡本身。」
SCRIPTSTRING_0471,"""The Maze is said to be the home of the Graphnar Fist, a group of elite mercenaries who kill for both gold and pleasure. The Maze itself exists from ancient times. Seek it in Thessalonica.""",「據說迷宮是格拉夫納之拳的巢穴，這群菁英傭兵為金錢與樂趣而殺戮。迷宮本身自古便已存在。前往帖撒羅尼迦尋找它。」
SCRIPTSTRING_0472,"""In the city of Corinth is the Fortress of the mage Oscon, whose strength is legendary and whose skill surpasses even Mangar's. The Fortress was, in fact, once the keep of a prominent Caith noble - Count Waldec. Oscon was his sorcerer. When the Lestradae mercenaries invaded, Oscon turned coat, slew the count, aided Lagoth, and took power for himself. Only an item of KAZDEK will gain you entrance.""",「在科林斯城中，矗立著法師奧斯康的要塞，其力量傳說般強大，技藝甚至超越曼加。這座要塞其實曾是凱斯貴族——瓦爾德克伯爵的堡壘。奧斯康是他的咒術師。當萊斯特雷傭兵入侵時，奧斯康倒戈，殺死伯爵，協助拉戈斯，並奪權自據。唯有卡茲德克的物品才能讓你進入。」
SCRIPTSTRING_0473,"""Ah, yes, Kazdek. The immortal one, as he is called, he is in fact a living statue. Seek him between Thessalonica and Colosse, with the word of his name.""",「啊，是的，卡茲德克。人稱不朽者，他其實是一座活雕像。在帖撒羅尼迦與科洛塞之間尋找他，並念出他的名字。」
SCRIPTSTRING_0474,"""Take care, my friends. None have left the Grey Crypt alive. Know you, however, that no magical spells will work therein.""",「小心，我的朋友們。沒有人活著離開過灰色墓穴。但要知道，那裡任何魔法咒語都無法生效。」
SCRIPTSTRING_0475,"""A rock it is, in fact, yet much more. Ponder this, my friends: Never find and never fool, the last one drinks the poison pool, the first one reads the ancient tome, the third one breaks the double dome.""",「它其實是一塊岩石，卻遠不止於此。深思吧，我的朋友們：永遠找不到也騙不了，最後一個喝下毒池，第一個閱讀遠古卷軸，第三個打破雙重穹頂。」
SCRIPTSTRING_0476,"""An evil genius is Lagoth, else he'd not have posed the threat to the Land that he has. Yet, an enemy to be respected, I think. His whereabouts are unknown, but I'd not be surprised to find him near.""",「拉戈斯是個邪惡的天才，否則他不會對這片土地構成如此威脅。然而，我認為他是個值得尊敬的敵人。他的下落不明，但若發現他就在附近，我也不會驚訝。」
SCRIPTSTRING_0477,"""The master of songs, the Scarlet Bard. He can be found singing songs in a tavern in Ephesus. He may be able to teach you a powerful song or two... for a price.""",「眾歌之主，緋紅吟遊詩人。你可以在以弗所的一間酒館裡找到他高歌的身影。他或許能教你一兩首強力的歌謠……只要價錢合適。」
SCRIPTSTRING_0478,"""Ah, that one makes you lucky at avoiding bad spells, thrown weapons and dragon breath.""",「啊，那件東西能讓你幸運地避開惡咒、投擲武器與龍息。」
SCRIPTSTRING_0479,"""A ninja weapon, they do 16-64 points of damage and have a range of 60 feet.""",「一種忍者武器，能造成 16 到 64 點傷害，有效射程 60 呎。」
SCRIPTSTRING_0480,"""The Mage Staff regenerates spell points and boosts the armor of the wielder.""",「法師之杖能恢復法術點數，並提升持用者的防禦力。」
SCRIPTSTRING_0481,"""A thief with that has an increased chance of hiding in shadows.""",「盜賊裝備此物後，藏身於陰影中的機率會提高。」
SCRIPTSTRING_0482,"""An ingenious device! If given to a monster ally, he is not likely to turn on you.""",「真是個巧妙的裝置！若交給怪物盟友，他就不太可能反過來攻擊你。」
SCRIPTSTRING_0483,"""Ag's arrows do 24-96 points of damage and have a range of 90 feet.""",「阿格的箭矢造成 24-96 點傷害，射程為 90 呎。」
SCRIPTSTRING_0484,"""Mithril arrows do 6-24 points of damage and have a range of 50 feet.""",「秘銀箭矢造成 6-24 點傷害，射程為 50 呎。」
SCRIPTSTRING_0485,"""That ring casts a Safety Spell when you use it. Careful of that!""",「那枚戒指在使用時會施放安全法術。小心點！」
SCRIPTSTRING_0486,"""That ring protects the wearer from breath attacks. Most useful!""",「那枚戒指能保護佩戴者免受吐息攻擊。非常實用！」
SCRIPTSTRING_0487,"""Ah, that one casts Wizard War when you use it.""",「啊，你使用那個的時候會施展巫師戰爭。」
SCRIPTSTRING_0488,"""Those boots aid you in running from fights. Not a very heroic item...""",「那雙靴子能幫助你逃離戰鬥。算不上什麼英雄裝備……」
SCRIPTSTRING_0489,"""Zen Arrows... oh yes. They do 40-160 points of damage, to a range of 70 feet.""",「禪箭……哦，沒錯。它們能造成 40 到 160 點傷害，射程 70 呎。」
SCRIPTSTRING_0490,"""The Drums of Death cast a Death Strike spell on an opponent.""",「死亡之鼓會對一名對手施展死亡打擊法術。」
SCRIPTSTRING_0491,"""The Song Axe is a wondrous item which always returns to the thrower, and does 64-256 points of damage at a range of 80 feet.""",「歌斧是一件神奇的物品，總是會回到投擲者手中，並在 80 呎範圍內造成 64 到 256 點傷害。」
SCRIPTSTRING_0492,"""That one makes a Wizard Wall appear.""",「那個會召喚出一道巫師之牆。」
SCRIPTSTRING_0493,"""Aram's Knife? Oh yes. 128-512 points of damage, thrown at any range. Not too shabby.""",「亞蘭姆之刃？喔，沒錯。投擲攻擊，任何距離皆可，造成 128 到 512 點傷害。還不賴。」
SCRIPTSTRING_0494,"""The Eye casts Batchspell, as needed.""",「那顆眼球會視需要施展連鎖法術。」
SCRIPTSTRING_0495,"""Thor's Hammer does 32-128 points of damage at a range of 70 feet, and it always returns.""",「索爾之鎚在 70 呎範圍內造成 32 到 128 點傷害，而且永遠會飛回來。」
SCRIPTSTRING_0496,"""The Sword is rarely spoken of, but it is said to be throwable, up to 80 feet for 96-384 points of damage.""",「這把劍鮮少被提及，但據說可以投擲，最遠 80 呎，造成 96 到 384 點傷害。」
SCRIPTSTRING_0497,"""The Nospen... oh yes. It deactivates all spinners in dungeons. A handy item.""",「諾斯潘之石……啊，沒錯。它能解除地下城裡所有迷向器。是個方便的小道具。」
SCRIPTSTRING_0498,"""Ali's Carpet will leave you feeling like you are levitating forever. You will get good use out of this.""",「阿里的飛毯會讓你感覺像永遠在漂浮一樣。你會發現它非常實用。」
SCRIPTSTRING_0499,"""I almost forgot this existed. The Troll Ring will leave its wearer feeling healthier and healthier over time.""",「我差點忘了這東西的存在。食人魔戒指會讓佩戴者隨著時間感到越來越健康。」
SCRIPTSTRING_0500,"""A very insightful ring. Use it for inner wisdom.""",「一枚極具洞察力的戒指。用它來獲得內在的智慧吧。」
SCRIPTSTRING_0501,"""I have seen very few of these, but when I have, the bard who wielded it would never lose their voice... Strange... those bards.""",「我見過這東西的次數屈指可數，但每次見到時，持有它的吟遊詩人從不會失聲……真奇怪……那些吟遊詩人。」
SCRIPTSTRING_0502,"""The Sorcerstaff can destroy illusions in battle and stops more from being summoned. It can also identify those pesky doppelgangers.""",「法術師之杖能在戰鬥中摧毀幻象，並阻止更多幻象被召喚。它還能辨識那些惱人的分身怪。」
SCRIPTSTRING_0503,"""The Dayblade deals 3-33 damage and is known for its ability to, in a lesser capacity, reveal the way.""",「日刃劍能造成 3-33 點傷害，並以其在較小程度上揭示道路的能力而聞名。」
SCRIPTSTRING_0504,"""When these drums are pounded, they cause an enemy to drop dead right in front of them.""",「當這些鼓被敲響時，會讓一名敵人在鼓手面前當場倒地斃命。」
SCRIPTSTRING_0505,"""This figurine contains the essence of a Slayer. When shattered an enormous slayer will stand beside you. He swings for 31-124 damage. His swing can often kill instantly.""",「這尊小雕像蘊含著一名殺手的精華。當它被擊碎時，一名巨大的殺手將現身在你身旁。他揮擊造成 31-124 點傷害，且他的揮擊經常能一擊必殺。」
SCRIPTSTRING_0506,"""This figurine contains the essence of a Storm Giant. When shattered, cracks of thunder reveal a Storm Giant with your party. He slams for 31-124 damage.""",「這尊小雕像蘊含著一名風暴巨人的精華。當它被擊碎時，雷鳴聲中會有一名風暴巨人與你的隊伍並肩作戰。他猛擊造成 31-124 點傷害。」
SCRIPTSTRING_0507,"""This figurine contains the essence of an Ogre. When shattered the gruesome ogre will fight beside you. It swings multiple times for 4-16 damage.""",「這尊小雕像蘊含著一名食人魔的精華。當它被擊碎時，這駭人的食人魔將與你並肩作戰。它會多次揮擊，造成 4-16 點傷害。」
SCRIPTSTRING_0508,"""This figurine contains the essence of a Bulldozer. When shattered it will release the essence and form the mighty warrior himself. He swings for 16-64 damage.""",「這尊小雕像蘊含著一名推土機的精華。當它被擊碎時，精華將釋放，形成這位強大的戰士本人。他揮擊造成 16-64 點傷害。」
SCRIPTSTRING_0509,"""This figurine contains the essence of the Kringle Brothers. When shattered multiple brothers appear to fight alongside you, enough to fill your party. They swing for 64-256 damage. They have a deadly breath and aren't afraid to use it.""",「這尊小雕像蘊含著克林格兄弟的精華。當它被擊碎時，多位兄弟會現身與你並肩作戰，數量足以填滿你的隊伍。他們揮擊造成 64-256 點傷害。他們擁有致命的吐息，而且毫不猶豫地使用它。」
SCRIPTSTRING_0510,"""This figurine contains the essence of a Blast Dragon. When shattered a Blast Dragon appears with a puff of smoke. It breathes on its foes and they don't often survive more than a single blow. It swings for 18-72 damage.""",「這尊小雕像蘊含著一隻爆破龍的精華。當它被擊碎時，一隻爆破龍會伴隨著一縷煙霧出現。牠向敵人噴吐氣息，而敵人往往撐不過一擊。牠揮擊造成 18-72 點傷害。」
SCRIPTSTRING_0511,"""This figurine contains the essence of Herb. When shattered Herb comes to fight. Herb has the knowledge to cast: Storal's Soul Whip, and summon more herbs! He swings mightily for 32-128 damage.""",「這尊小雕像蘊含著赫伯的精華。當它被擊碎時，赫伯會前來戰鬥。赫伯擁有施展『史托拉的靈魂鞭擊』的知識，還能召喚更多赫伯！他強力揮擊造成 32-128 點傷害。」
SCRIPTSTRING_0512,"""This figurine contains the essence of a Master Mage. When shattered a destructive Master Mage will fight alongside you. They have the knowledge to cast: Prime Summoning, Oscon's Haltfoe, Fanskar's Night Lance and Mangar's Mallet.""",「這尊小雕像蘊含著一位大法師的精華。當它被擊碎時，一位毀滅性的大法師將與你並肩作戰。他們知曉如何施放：終極召喚、奧斯康之敵止、凡斯卡之夜矛，以及曼加爾之槌。」
SCRIPTSTRING_0513,"""This figurine contains the essence of a Vanquisher. When shattered it will release a Vanquisher to fight for you. It swings for 15-60 damage. Those unfortunate enough to survive the blow, are turned to stone.""",「這尊小雕像蘊含著一位征服者的精華。當它被擊碎時，將釋放一位征服者為你而戰。他揮擊造成15-60點傷害。那些不幸在打擊下存活的敵人，將被石化。」
SCRIPTSTRING_0514,"""A powerful mage who resides in Philippi. He is always sticking his nose into things he shouldn't...""",「一位居住在腓立比的強大法師。他總是愛管他不該管的事……」
SCRIPTSTRING_0515,Lagoth Zanta,拉戈斯·贊塔
SCRIPTSTRING_0516,Lagoth Zanta!,拉戈斯·贊塔！
SCRIPTSTRING_0517,"""Welcome, my friends, to the home of Lagoth Zanta! You have been cunning, it is true, but your days have now come to an end. Your quest is through fools.\n\nPrepare to die.""",「歡迎，我的朋友們，來到拉戈斯·贊塔的居所！你們確實狡猾，但你們的日子已經到頭了。你們的任務到此為止，蠢貨們。\n\n準備受死吧。」
SCRIPTSTRING_0518,"After an epic battle, the Destiny Knight hath slain Lagoth Zanta!",在一場史詩般的戰鬥之後，天命勇士已然斬殺拉戈斯·贊塔！
SCRIPTSTRING_0519,"Well done!\nAt the death of Zanta the armies of the Realm muster and march to defeat the invading hordes, who will easily fall. The king himself enters the hut and salutes you.",做得好！\n在贊塔死亡之際，王國的軍隊集結出擊，擊敗入侵的蠻族大軍，他們將輕易潰敗。國王親自走進小屋，向你致敬。
SCRIPTSTRING_0520,The King,國王
SCRIPTSTRING_0521,"""Oh mighty ones, I thank thee for thy service to the realm. May the All High bless thee and keep thee strong and prosperous. In my own little way, I give you all a little bonus.""",「哦，偉大的勇士們，我感謝你們為王國所做的貢獻。願至高者祝福你們，使你們強盛繁榮。以我微薄之力，我賜予你們每人一點獎賞。」
SCRIPTSTRING_0522,"Congratulations, your quest is over. But a new one is bound to begin...",恭喜，你的任務已經結束。但新的冒險勢必即將展開……
SCRIPTSTRING_0523,"Just an empty hut now, since you have defeated Lagoth Zanta once and for all!",如今只是一間空蕩蕩的小屋，因為你已經徹底擊敗了拉戈斯·贊塔！
SCRIPTSTRING_0524,Temple Of Narn,納恩神殿
SCRIPTSTRING_0525,Temple of Narn,納恩神殿
SCRIPTSTRING_0526,You stand inside the Temple of Narn. There is a large green altar before you.\n\nYou can:,你站在納恩神殿內部。眼前有一座巨大的綠色祭壇。\n\n你可以：
SCRIPTSTRING_0527,Approach the altar,靠近祭壇
SCRIPTSTRING_0528,Exit,離開
SCRIPTSTRING_0529,"""Welcome, oh great Knight! Thy presence blesses us all! Stay and rest as long as you desire.""",「歡迎，偉大的騎士！您的蒞臨為我們所有人帶來祝福！請隨意停留休息，想待多久就待多久。」
SCRIPTSTRING_0530,Nothing happened...,什麼事都沒發生……
SCRIPTSTRING_0531,... and yet not all things are complete.\nIt felt as if {0} was very close to great power.,……然而並非萬事皆已完備。\n感覺 {0} 距離偉大的力量僅有一步之遙。
SCRIPTSTRING_0532,Something strange is happening to {0}...,某種怪異的現象正發生在{0}身上……
SCRIPTSTRING_0533,"{0} has become the One of Legend, known to all men as the Destiny Knight!\nPower courses through {1} as never felt before.\nThe full extent of {0}'s powers are as yet unknown...",{0}已成為傳說中的唯一，世人皆知的天命勇士！\n前所未有的力量湧遍{1}全身。\n{0}力量的極限尚屬未知……
SCRIPTSTRING_0534,... but they appear to be incredible!\n\nIt was foretold that you shall receive power when the spirit has come upon you. You must now go and be a witness of this to all...\n\n,……但似乎難以置信！\n\n預言曾說，當聖靈降臨於你時，你將獲得力量。你現在必須前往各地，向眾人見證此事……\n\n
SCRIPTSTRING_0535,Stone Man,石人
SCRIPTSTRING_0536,A Stone Man dwells here.,此處棲息著一名石人。
SCRIPTSTRING_0537,"""Welcome, my friends,"" a stone man exclaims.\n""My home is, of course, your home. Stay as long as you like."" He falls asleep.\n\nYou can:",「歡迎，我的朋友們，」一個石人說道。\n「我的家當然就是你們的家。想待多久就待多久。」他睡著了。\n\n你可以：
SCRIPTSTRING_0538,Speak to him,與他交談
SCRIPTSTRING_0539,Exit the room,離開房間
SCRIPTSTRING_0540,What will you say?,你想說什麼？
SCRIPTSTRING_0541,Kazdek,Kazdek
SCRIPTSTRING_0542,He does not awake.,他並未醒來。
SCRIPTSTRING_0543,Kazdek's Hut.,卡茲戴克的小屋。
SCRIPTSTRING_0544,"""You called?"" he says as he awakes.\n\n""Oh, you would like an item of mine."" He pulls something from the air. ""Take this."" He then vanishes.\n\n",「你叫我？」他醒來時說道。\n\n「哦，你想要我的一件物品。」他從空中抽出一樣東西。「拿去吧。」隨後他便消失了。\n\n
SCRIPTSTRING_0545,Kazdek gave us an item.,卡茲戴克給了我們一件物品。
SCRIPTSTRING_0546,"""Friends!"" Kazdek exclaims.\n""You have returned!""",「朋友們！」卡茲戴克驚呼道。\n「你們回來了！」
SCRIPTSTRING_0547,Speak to Kazdek,與卡茲戴克交談
SCRIPTSTRING_0548,"""What did you need friends?""",「你需要朋友做什麼？」
SCRIPTSTRING_0549,Ask for another item,要求另一個物品
SCRIPTSTRING_0550,Nevermind,算了
SCRIPTSTRING_0551,"""Another?...""",「另一個？……」
SCRIPTSTRING_0552,"""But of course. Anything for friends.""\n\n",「當然，為了朋友，什麼都行。」\n\n
SCRIPTSTRING_0553,Empty House,空屋
SCRIPTSTRING_0554,Some dust remains from where the stone man was...,石人曾經佇立之處，只剩下一些灰塵……
SCRIPTSTRING_0555,Fanskar's Castle,凡斯卡城堡
SCRIPTSTRING_0556,You stand in the entry to Fanskar's Castle. A door blocks your way to the main level.,你站在凡斯卡城堡的入口。一扇門擋住了通往主廳的道路。
SCRIPTSTRING_0557,You stand in the entry to Fanskar's Castle. A stairway leads to the main level.\n\nYou can:,你站在 Fanskar's Castle 的入口處。一道階梯通往主樓層。\n\n你可以：
SCRIPTSTRING_0558,Take the stairway,走上階梯
SCRIPTSTRING_0559,Crypt,墓穴
SCRIPTSTRING_0560,An ancient crypt with a passage leading into darkness...,一座古老的墓穴，有條通道延伸至黑暗之中……
SCRIPTSTRING_0561,You stand in the entry to an ancient crypt. A passage leads into the dark unknown.\n\nYou can:,你站在一座古老墓穴的入口處。一條通道通往未知的黑暗。\n\n你可以：
SCRIPTSTRING_0562,Take the passage,走這條通道
SCRIPTSTRING_0563,Statue,雕像
SCRIPTSTRING_0564,"A statue comes to life before you, and says:\n\n""Name this crypt to enter it.""",一座雕像在你面前活了過來，說道：\n\n「說出這座墓穴的名字才能進入。」
SCRIPTSTRING_0565,GREY,灰色
SCRIPTSTRING_0566,"""Wrong!""",「錯了！」
SCRIPTSTRING_0567,"A statue comes to life before you and gestures towards the entrance of the Grey Crypt.\n\n""The crypt awaits...""",一座雕像在你面前活了起來，並朝著灰色墓穴的入口比劃手勢。\n\n「墓穴在等著你……」
SCRIPTSTRING_0568,Saradon's Corpse,薩拉頓的屍體
SCRIPTSTRING_0569,"Saradon's corpse lies in front of you, surrounded by many other bodies...\n\nIt looks like he didn't go down without a fight.",薩拉頓的屍體躺在你面前，四周散落著許多其他屍體……\n\n看來他並非未經抵抗就倒下。
SCRIPTSTRING_0570,Inspect Saradon's corpse,檢查薩拉頓的屍體
SCRIPTSTRING_0571,"Saradon's looted corpse lies in front of you, surrounded by many other bodies...\n\nIt looks like he didn't go down without a fight.",薩拉頓被洗劫過的屍體躺在你面前，四周散落著許多其他屍體……\n\n看來他並非未經抵抗就倒下。
SCRIPTSTRING_0572,You rummage through his robes...\n\n,你翻找他的長袍……\n\n
SCRIPTSTRING_0573,The land is charred around this hut...\n\nIt looks like a battle took place.,這間小屋周圍的土地一片焦黑……\n\n看起來曾發生過戰鬥。
SCRIPTSTRING_0574,You're at the city gates,你來到了城門前
SCRIPTSTRING_0575,You're on Traveller street,你身處旅者街
SCRIPTSTRING_0576,You're on Scimitar street,你身處彎刀街
SCRIPTSTRING_0577,You're on Claymore street,你正位於克萊摩爾街
SCRIPTSTRING_0578,You're on Denizen street,你正位於居民街
SCRIPTSTRING_0579,You're on Battleaxe street,你正位於戰斧街
SCRIPTSTRING_0580,You're on Lowshield street,你正位於低盾街
SCRIPTSTRING_0581,You're on Scepter street,你正位於權杖街
SCRIPTSTRING_0582,You're on Spunspell street,你位於紡咒街
SCRIPTSTRING_0583,You're on Bluesteel street,你位於青鋼街
SCRIPTSTRING_0584,Zandurae Inn,贊杜拉旅館
SCRIPTSTRING_0585,Blacksmoke,黑煙
SCRIPTSTRING_0586,Foul Breath,惡臭吐息
SCRIPTSTRING_0587,Vroom Temple,巫姆神廟
SCRIPTSTRING_0588,Thieves Temple,盜賊神廟
SCRIPTSTRING_0589,Brotherly Love,兄弟之愛
SCRIPTSTRING_0589a,Fixer Temple,修復者神廟
SCRIPTSTRING_0590,The Bard's Tale Trilogy (Remastered)\n\nProduced by inXile Entertainment\nCEO Brian Fargo\n\nDeveloped by Krome Studios\nCEO Robert Walsh\n\nThe original program for the Apple II was written by Michael Cranford for Interplay Productions.\n\n,冰城傳奇三部曲（重製版）\n\n由 inXile Entertainment 製作\n執行長 Brian Fargo\n\n由 Krome Studios 開發\n執行長 Robert Walsh\n\nApple II 原始程式由 Michael Cranford 為 Interplay Productions 撰寫。\n\n
SCRIPTSTRING_0591,"Krome Studios Credits\n\nJames Podesta, Perry Hart, Nic Lyness, Lindsay Parmenter, Kevin McGrath, Kelly Krenn, Ronald Marc, Kate Lulham, Jake Higgs, Peter Buck, Michael Fitzhywel, Damian Stewart, Kylie Halley, Andy Green, Steve Stamatiadis, Robert Walsh, Marcia Watson, George Stamatiadis, Andi Gotard","Krome Studios 製作人員名單\n\nJames Podesta, Perry Hart, Nic Lyness, Lindsay Parmenter, Kevin McGrath, Kelly Krenn, Ronald Marc, Kate Lulham, Jake Higgs, Peter Buck, Michael Fitzhywel, Damian Stewart, Kylie Halley, Andy Green, Steve Stamatiadis, Robert Walsh, Marcia Watson, George Stamatiadis, Andi Gotard"
SCRIPTSTRING_0592,The Bard's Tale Trilogy (Remastered)\n\nProduced by inXile Entertainment\nCEO Brian Fargo\n\nDeveloped by Krome Studios\nCEO Robert Walsh\n\nThe original program for the Apple II was written by Michael Cranford for Interplay Productions.\n,《冰城傳奇三部曲》（重製版）\n\n由 inXile Entertainment 製作\n執行長 Brian Fargo\n\n由 Krome Studios 開發\n執行長 Robert Walsh\n\nApple II 原始程式由 Michael Cranford 為 Interplay Productions 撰寫。
SCRIPTSTRING_0593,"Krome Studios Credits\n\nJames Podesta, Perry Hart, Nic Lyness, Lindsay Parmenter, Kevin McGrath, Kelly Krenn, Ronald Marc, Kate Lulham, Jake Higgs, Peter Buck, Michael Fitzhywel, Damian Stewart, Andy Green, Steve Stamatiadis, Robert Walsh, Marcia Watson","Krome Studios 製作人員名單\n\nJames Podesta, Perry Hart, Nic Lyness, Lindsay Parmenter, Kevin McGrath, Kelly Krenn, Ronald Marc, Kate Lulham, Jake Higgs, Peter Buck, Michael Fitzhywel, Damian Stewart, Andy Green, Steve Stamatiadis, Robert Walsh, Marcia Watson"
SCRIPTSTRING_0594,"inXile Entertainment Credits\n\nPRODUCTION COORDINATOR\nPaul Marzagalli\n\nADDITIONAL DESIGN WORK\nBrian DiDomenico, Paul Fish, Brandon Humphreys, Daniel Kim, Russell Krueger, Nathan Long, David Rogers, Eric Schwarz and Greg Underwood","inXile Entertainment 製作人員名單\n\n製作協調\nPaul Marzagalli\n\n額外設計工作\nBrian DiDomenico, Paul Fish, Brandon Humphreys, Daniel Kim, Russell Krueger, Nathan Long, David Rogers, Eric Schwarz 與 Greg Underwood"
SCRIPTSTRING_0595,inXile Entertainment Credits\n\nTESTING\nDaniel Reid and the inXile Forums A-Team,inXile Entertainment 製作人員名單\n\n測試\nDaniel Reid 與 inXile 論壇 A-Team
SCRIPTSTRING_0596,Kings Emissary,國王使者
SCRIPTSTRING_0597,"As you enter the guild, an old man approaches you.\n\n",當你走進公會時，一名老人朝你走來。\n\n
SCRIPTSTRING_0598,"""Welcome to Tangramayne, adventurers. Your visit is fortuitous as we have much need of noble warriors. Our streets are overrun with filthy scum, released upon us by a powerful Archmage, Lagoth Zanta.""",「歡迎來到坦格拉曼，冒險者們。你們的來訪正是時候，因為我們急需高尚的戰士相助。我們的街道上滿是骯髒的渣滓，這些都是強大的大法師拉戈斯·贊塔釋放出來肆虐的。」
SCRIPTSTRING_0599,"""Defeating him will not be easy, but I'm sure you will find the help you need in this guild.""\n\n",「擊敗他並不容易，但我相信你們能在這座公會中找到所需的幫助。」\n\n
SCRIPTSTRING_0600,"""When your party is ready, set out into the town, or indeed exit through the city gates and traverse the wilderness to the other five great towns in this region of Caith.""",「當你的隊伍準備就緒時，就出發前往城鎮，或者乾脆穿過城門，橫越荒野，前往凱斯地區的其他五座大城。」
SCRIPTSTRING_0601,"""You'll find Garth's Shoppe not far to the south, where you can equip yourself for battle with a fine assortment of weapons and armor.""\n\n",「往南不遠處就能找到加斯的商店，你可以在那裡用各式精良的武器和護甲裝備自己，準備好迎接戰鬥。」\n\n
SCRIPTSTRING_0602,"""Stop by a temple when you are in need of healing, and Roscoe's Energy Emporium is always willing to exchange your gold for a quick spell recharge.""\n\n",「需要療傷時，記得去一趟神廟；而羅斯柯的能量補給站隨時歡迎你用金幣換取快速的法術充能。」\n\n
SCRIPTSTRING_0603,"""Your bards can wet their whistles if their voices get dry at one of our fine taverns, and if they want to learn some new songs, look around for a man known as the Scarlet Bard.\n\n",「如果你的吟遊詩人嗓子乾了，可以在我們某間上好的酒館裡潤潤喉；要是他們想學幾首新歌，就去找一位名叫『緋紅吟遊詩人』的人吧。」\n\n
SCRIPTSTRING_0604,"""While you're looking, feel free to drop in to one of our Casinos for a hand of BlackJack. Make sure to use our banks to keep your gold safe, you never know when you'll need to make a hasty exit from a dungeon.""",「在你尋找的途中，不妨順道去我們的賭場玩一局二十一點。記得利用銀行保管好你的金幣，你永遠不知道何時會需要從地下城匆忙逃離。」
SCRIPTSTRING_0605,"""Before I go, if you should come across the King's daughter, tell her the King wishes for her presence immediately. She was last seen here in Tangramayne, but I am unable to locate her.""\n\nAnd with that, the old man gives an anxious look and leaves the guild.",「在我離開之前，如果你碰巧遇見國王的女兒，請告訴她國王希望她立刻回去。她最後一次現身是在坦格梅恩這裡，但我找不到她。」\n\n說完這些話，老人露出焦慮的神情，離開了公會。
SCRIPTSTRING_0606,You have stepped out into the town of Tangramayne for the first time. Would you like a quick tutorial on the game controls before you proceed?,你初次踏入了坦格拉梅恩鎮。在繼續前進之前，是否需要一份關於遊戲操作的快速教學？
SCRIPTSTRING_0607,That is all... Now go seek the seven pieces of the Destiny Wand and defeat Lagoth Zanta!,就是這樣……現在去尋找命運之杖的七個碎片，並擊敗拉戈斯·贊塔吧！
SCRIPTSTRING_0608,Magician to the King,國王御用法師
SCRIPTSTRING_0609,The Magician to the King stands by the entrance to the Dark Domain.,國王御用法師佇立在黑暗領域的入口旁。
SCRIPTSTRING_0610,"""Welcome adventurers.""\n\nThe Magician to the King stands before you.\n\n""I have a noble quest for you, if you'd hear the tale.""",「歡迎，冒險者們。」\n\n國王御用法師站在你面前。\n\n「我有一項崇高的任務要交給你們，若你們願意聽這段故事的話。」
SCRIPTSTRING_0611,Listen to her,聽她說話
SCRIPTSTRING_0612,"""The story is a tragic one. The daughter of Endor the Mighty, King of all the land, has been kidnapped by the Dark Lord, whose domain lies just under this chamber.""\n\n""I would rescue her myself, but the Dark Lord has laid a mighty spell upon his domain and I am barred from ever entering. You, however, can make it in.""",「這是個悲慘的故事。全地之王——偉大的安多之女，已被黑暗領主綁架，他的領域就在這間密室的正下方。」\n\n「我本想親自救她，但黑暗領主在他的領域上施了強大的法術，我永遠無法進入。不過，你們可以進去。」
SCRIPTSTRING_0613,"""If the princess is found and brought back here to me, I will grant each of you some additional experience points. And, of course, the King will be most pleased.\n\nTake care, and be sure to map every inch of the Dark One's domain. I'll be waiting here for you to return.""",「如果找到公主並將她帶回我這裡，我會賜予你們每人一些額外的經驗值。當然，國王也會非常高興。\n\n小心行事，務必繪製黑暗領主領域的每一寸地圖。我會在這裡等你們歸來。」
SCRIPTSTRING_0614,"The Magician to the King stands before you.\n\n""You've heard my tale adventurers. You know I am barred from going down there. It is up to you.""",國王的幻術師站在你面前。\n\n「冒險者們，你們已經聽過我的故事。你們知道我無法下去那裡。一切就靠你們了。」
SCRIPTSTRING_0615,Listen to story again,再次聆聽故事
SCRIPTSTRING_0616,"""Greetings again, adventurers.""\n\nThe Magician to the King looks pleased to see you.",「冒險者們，又見面了。」\n\n國王身邊的幻術師見到你們，顯得很高興。
SCRIPTSTRING_0617,Speak to her,與她交談
SCRIPTSTRING_0618,"""The princess and the King are most pleased with you. I can't ask any more of you, but you're more than welcome to go back down there...""",「公主與國王對你們非常滿意。我不能再要求你們做更多了，但若你們想再下去一趟，也完全歡迎……」
SCRIPTSTRING_0619,"""Thou hast finished the quest!\nWell done, oh faithful adventurers.""\n\nThe Magician waves her hand over your group...\n\nAnd you feel much more experienced!",「汝等已完成任務！\n做得好，忠誠的冒險者們。」\n\n幻術師對你們隊伍揮了揮手……\n\n你們感到經驗值大增！
SCRIPTSTRING_0620,"""Thou hast finished the quest!\nWell done, oh faithful adventurers.""",「汝等已完成任務！\n做得好，忠誠的冒險者們。」
SCRIPTSTRING_0621,"""She looks in a bad way. Thank you for bringing her, we'll take her to the temple and see what we can do.""\n\nThe Magician waves her hand over your group...\n\nAnd you feel much more experienced!""",「她看起來狀況很糟。謝謝你們帶她來，我們會帶她去神廟看看能做什麼。」\n\n幻術師對你們隊伍揮了揮手……\n\n你們感覺經驗值大增！
SCRIPTSTRING_0622,You're in the main plaza,你位於主廣場
SCRIPTSTRING_0623,You're on Ybarra street,你位於 Ybarra 街
SCRIPTSTRING_0624,You're on Brazen street,你位於 Brazen 街
SCRIPTSTRING_0625,You're on Bogster street,你位於 Bogster 街
SCRIPTSTRING_0626,You're on Corwin street,你位於柯爾溫街
SCRIPTSTRING_0627,You're on Gordon street,你位於戈登街
SCRIPTSTRING_0628,You're on Flyblade street,你位於蠅刃街
SCRIPTSTRING_0629,You're on Shortspell street,你位於短咒街
SCRIPTSTRING_0630,You're on Mycroft street,你位於邁克羅夫特街
SCRIPTSTRING_0631,Zinskae Inn,辛斯卡旅館
SCRIPTSTRING_0632,Bein Tavern,貝恩酒館
SCRIPTSTRING_0633,Greysword Inn,灰劍旅館
SCRIPTSTRING_0634,Temple of Rok,洛克神廟
SCRIPTSTRING_0635,One God,唯一真神
SCRIPTSTRING_0636,The I AM,我是
SCRIPTSTRING_0637,Temple of Darkness.,黑暗神廟。
SCRIPTSTRING_0638,Temple of Darkness,黑暗神廟
SCRIPTSTRING_0639,You stand within the Temple of Darkness.\n\nA passage leads down to what are probably some very ancient tombs...\n\nYou can:,你置身於黑暗神廟之中。\n\n一條通道向下延伸，通往可能是極為古老的墓穴……\n\n你可以：
SCRIPTSTRING_0640,Take Passage,進入通道
SCRIPTSTRING_0641,You're following Jennello lane,你正沿著珍內洛小巷前進
SCRIPTSTRING_0642,You're on Masterstroke street,你身處大師筆觸街
SCRIPTSTRING_0643,You're on Jade Fist street,你身處玉拳街
SCRIPTSTRING_0644,You're on Jabberwock street,你身處炸脖龍街
SCRIPTSTRING_0645,You're on Knollglen street,你身處丘谷街
SCRIPTSTRING_0646,You're on Crossblade street,你身處十字刃街
SCRIPTSTRING_0647,You're on Riposte street,你身處還擊街
SCRIPTSTRING_0648,Warmonger Inn,好戰者旅館
SCRIPTSTRING_0649,Ganzu Inn,甘祖旅館
SCRIPTSTRING_0650,Redpoint Inn,紅點旅館
SCRIPTSTRING_0651,Millenium Inn,千禧旅館
SCRIPTSTRING_0652,1O1 Blessings,101 祝福
SCRIPTSTRING_0653,1O2 Blessings,102 祝福
SCRIPTSTRING_0654,The Mad god,瘋狂之神
SCRIPTSTRING_0655,Shadow Temple,暗影神廟
SCRIPTSTRING_0656,You're at the gates leading to Saradon's House,你來到通往薩拉頓之屋的大門前
SCRIPTSTRING_0657,You're in Saradon's Courtyard,你身處薩拉頓的庭院中
SCRIPTSTRING_0658,Dargoth's Tower,達戈斯之塔
SCRIPTSTRING_0659,You stand in the entry to Dargoth's Tower.\n\nA stairway leads upwards into the darkness.\n\nYou can:,你站在達戈斯之塔的入口處。\n\n一道階梯向上延伸，沒入黑暗之中。\n\n你可以：
SCRIPTSTRING_0660,Take Stairway,踏上階梯
SCRIPTSTRING_0661,You stand before Dargoth's Tower.\n\nThere are signs of a struggle. It looks like someone might have been dragged into the tower...,你站在達戈斯之塔前。\n\n四處有打鬥的痕跡。看起來好像有人被拖進了塔裡……
SCRIPTSTRING_0662,You stand before a locked iron gate.,你站在一扇上鎖的鐵門前。
SCRIPTSTRING_0663,You use the Master Key to open the gate.,你使用萬能鑰匙打開了鐵門。
SCRIPTSTRING_0664,You stand before a locked iron gate.\n\nIt has an unusual shaped keyhole. It almost looks... stone shaped.,你站在一扇上鎖的鐵門前。\n\n它有一個形狀奇特的鑰匙孔。看起來幾乎……像是石頭的形狀。
SCRIPTSTRING_0665,"You place the WardStone you found on Saradon's corpse, within the shaped hole. The gate opens to let you pass.",你將在薩拉頓屍體上找到的守護石，放入那個形狀特殊的孔洞中。鐵門開啟，讓你通過。
SCRIPTSTRING_0666,Saradon's House,薩拉頓之屋
SCRIPTSTRING_0667,"You stand on the ground level of Saradon's house.\nA note on a table reads: \n\n""Adventurers, if you are reading this then I was unable to return to you and am surely dead... In my workshop upstairs you will find information crucial to your success. I have some modest magical measures protecting my workshop, but I'm sure they will be no match for you.""",你站在薩拉頓之屋的地面層。\n桌上有一張便條寫著：\n\n「冒險者們，如果你們看到這張紙條，代表我未能返回你們身邊，想必已經死了……在我樓上的工作室裡，你們會找到對成功至關重要的資訊。我對工作室設下了一些簡樸的魔法防護，但我相信它們對你們來說不成問題。」
SCRIPTSTRING_0668,Ascend Stairs,上樓
SCRIPTSTRING_0669,You stand in the upper level of Saradon's house.,你站在薩拉頓之屋的上層。
SCRIPTSTRING_0670,Check Bookshelf,檢查書架
SCRIPTSTRING_0671,Search Notes,搜尋筆記
SCRIPTSTRING_0672,Open Chest,開啟寶箱
SCRIPTSTRING_0673,Read Scribbles,閱讀潦草字跡
SCRIPTSTRING_0674,Inspect Manual,檢視手冊
SCRIPTSTRING_0675,View Writings,查看文書
SCRIPTSTRING_0676,Descend Stairs,走下樓梯
SCRIPTSTRING_0677,You inspect the bookshelf but can't find anything worthwhile.,你檢查了書架，但找不到任何有價值的東西。
SCRIPTSTRING_0678,You search the scattered notes throughout the house but can't find anything worthwhile.,你搜遍了散落在屋內的筆記，但找不到任何有價值的東西。
SCRIPTSTRING_0679,You open the chest but can't find anything worthwhile.,你打開了寶箱，但找不到任何有價值的東西。
SCRIPTSTRING_0680,You read the scribbles but can't decipher the words.,你讀了那些潦草的字跡，但無法辨識其中的文字。
SCRIPTSTRING_0681,You inspect the manual but can't find anything worthwhile.,你檢查了那本手冊，但找不到任何有價值的東西。
SCRIPTSTRING_0682,You search the writings for meaning and get vague clues about Longinus the Mad.,你搜尋這些文字中的意義，得到了關於瘋狂的隆基努斯（Longinus the Mad）的模糊線索。
SCRIPTSTRING_0683,You're on Twister street,你位於旋風街（Twister street）
SCRIPTSTRING_0684,You're on Masonry street,你位於石匠街（Masonry street）
SCRIPTSTRING_0685,You're on Craggy street,你位於崎嶇街（Craggy street）
SCRIPTSTRING_0686,You're on Lower street,你在下街
SCRIPTSTRING_0687,You're on Stoney street,你在石街
SCRIPTSTRING_0688,Fun Rum Inn,歡樂蘭姆酒館
SCRIPTSTRING_0689,Orc-skinner,剝獸皮者
SCRIPTSTRING_0690,Blue Buckler,藍盾
SCRIPTSTRING_0691,Crimson Bard,深紅吟遊詩人
SCRIPTSTRING_0692,Lazy Dragon,懶惰巨龍
SCRIPTSTRING_0693,Bogus Shrine,偽造神壇
SCRIPTSTRING_0694,Strange Mage,怪異法師
SCRIPTSTRING_0695,A mage standing by a large stone.,一名法師站在一塊巨石旁。
SCRIPTSTRING_0696,"A mage, standing by a large stone, blocks your way. He says:\n\n""Tell me two things you knuckleheads, to split the stone.""\n\n",一名法師站在一塊巨石旁，擋住了你的去路。他說：\n\n「告訴我兩個詞，你們這群笨蛋，才能劈開這石頭。」\n\n
SCRIPTSTRING_0697,What is the first word?,第一個詞是什麼？
SCRIPTSTRING_0698,Freeze,凍結
SCRIPTSTRING_0699,FREEZE\n\n,凍結\n\n
SCRIPTSTRING_0700,And what is the second word?,那第二個詞是什麼？
SCRIPTSTRING_0701,PLEASE,請稍候
SCRIPTSTRING_0702,FREEZE\nPLEASE,凍結\n請稍候
SCRIPTSTRING_0703,"The mage makes a gesture and with a great cracking sound, the stone splits revealing a dark passage...",法師做出一個手勢，伴隨著巨大的碎裂聲，石頭裂開，露出一條黑暗的通道……
SCRIPTSTRING_0704,Large Stone,巨石
SCRIPTSTRING_0705,A large stone in the city square with a large crevice.,城市廣場上的一塊巨石，上面有一道巨大的裂縫。
SCRIPTSTRING_0706,"You stand before a large stone set in the city square. On one side is a crevice, leading into darkness. A mage stands beside the crevice, watching your actions but does not block your passage.\n\nYou can:",你佇立於城市廣場上一塊巨大的石頭前。石頭一側有道裂縫，通往黑暗深處。一名法師站在裂縫旁，注視著你的行動，但並未阻擋你的去路。\n\n你可以：
SCRIPTSTRING_0707,Try the crevice,嘗試進入裂縫
SCRIPTSTRING_0708,Leave,離開
SCRIPTSTRING_0709,"""Seek the answer in the tombs, but don't return here until you finish the crypt.""\n\nThe mage disappears.",「在墓穴中尋找答案，但完成地窖之前別回到這裡。」\n\n法師消失了。
SCRIPTSTRING_0710,Destiny Stone,命運之石
SCRIPTSTRING_0711,You're on Crafty street,你正在巧匠街
SCRIPTSTRING_0712,You're on Balk street,你正在巴爾克街
SCRIPTSTRING_0713,You're on Far Archer street,你正在遠弓街
SCRIPTSTRING_0714,You're on Apollo street,你正在阿波羅街
SCRIPTSTRING_0715,You're on Odin street,你正在奧丁街
SCRIPTSTRING_0716,You're on Mithril street,你位於祕銀街
SCRIPTSTRING_0717,You're on Mesmerizer street,你位於魅惑街
SCRIPTSTRING_0718,You're on Tapestry street,你位於織錦街
SCRIPTSTRING_0719,Zen Tavern,禪風酒館
SCRIPTSTRING_0720,14 Miracles,十四奇蹟
SCRIPTSTRING_0721,Cool Cleric,冷酷牧師
SCRIPTSTRING_0722,Funky Friar,時髦修士
SCRIPTSTRING_0723,Limbo Time,靈薄時光
SCRIPTSTRING_0724,Party Shrine,隊伍神壇
SCRIPTSTRING_0725,Oscon's Fortress,奧斯康堡壘
SCRIPTSTRING_0726,Oscons Fortress,奧斯康堡壘
SCRIPTSTRING_0727,You stand in the entry to Oscon's Fortress.\n\nA stairway leads to the upper levels.\n\nYou can:,你站在奧斯康堡壘的入口處。\n\n一道階梯通往上層。\n\n你可以：
SCRIPTSTRING_0728,You stand in the entry to Oscon's Fortress.\n\nYou see no entrance to the upper levels.,你站在奧斯康堡壘的入口處。\n\n你沒看到任何通往上一層的入口。
SCRIPTSTRING_0729,You're on Trickster street,你位於詭計街
SCRIPTSTRING_0730,You're on Malarky street,你位於胡扯街
SCRIPTSTRING_0731,You're on Crescent street,你正在新月街
SCRIPTSTRING_0732,You're on Zendar street,你正在贊達爾街
SCRIPTSTRING_0733,You're on Bein street,你正在貝因街
SCRIPTSTRING_0734,You're on Marakesh street,你正在馬拉喀什街
SCRIPTSTRING_0735,Bone Breaker,碎骨者
SCRIPTSTRING_0736,Crescent Kick,新月踢
SCRIPTSTRING_0737,Void Epee Inn,虛空細劍旅館
SCRIPTSTRING_0738,15 Miracles,十五奇蹟
SCRIPTSTRING_0739,Lone Disciple,孤獨門徒
SCRIPTSTRING_0740,Manic Monk,狂躁武僧
SCRIPTSTRING_0741,Maze Of Dread,恐懼迷宮
SCRIPTSTRING_0742,There are stairs leading down into the Maze of Dread.,有階梯向下通往恐懼迷宮。
SCRIPTSTRING_0743,\n\nYou can:,\n\n你可以：
SCRIPTSTRING_0744,Take the stairs,走下階梯
SCRIPTSTRING_0745,"A magic mouth appears and says:\n\n""Where steel is bright and blood runs red...\nWalk down the stairs to the maze of...""",一個魔法之口出現並說道：\n\n「鋼鐵閃耀之處，鮮血染紅之地……\n走下階梯，前往迷宮……」
SCRIPTSTRING_0746,DREAD,恐懼
SCRIPTSTRING_0747,Dark Domain,黑暗領域
SCRIPTSTRING_0748,"A magic mouth on the wall shouts:\n\n""Turn back, adventurers - you are not the first and won't be the last to attempt to save the Princess!""",牆上的魔法之口大喊：\n\n「回去吧，冒險者——你們既不是第一個，也不會是最後一個試圖拯救公主的人！」
SCRIPTSTRING_0749,"A magic mouth on the wall says:\n\n""Well, you've certainly lived up to my expectations... I'm sure the King will be most pleased with a dead princess...""",牆上的魔法之口說道：\n\n「哼，你們果然沒讓我失望……我相信國王看到死掉的公主一定會非常『滿意』……」
SCRIPTSTRING_0750,"A magic mouth on the wall says:\n\n""The Princess! You rescued her! I was wrong...\n\nThis never happens...""",牆上的魔法之口說道：\n\n「公主！你們竟然救了她！我錯了……\n\n這種事從來沒發生過……」
SCRIPTSTRING_0751,Old Man,老人
SCRIPTSTRING_0752,"An old man appears and speaks to you, saying:\n\n""Below you now, thrice count the floors\nplay some light for the double doors.""\n\nHe then vanishes.",一名老人現身並對你說話：\n\n「在你下方，數三層樓，\n為雙門奏響些許光芒。」\n\n隨後他便消失無蹤。
SCRIPTSTRING_0753,In the room beyond the dark.\nLies the bite behind the bark.\nTo avoid a gruesome fate.\nLine your arrow true and straight.,在黑暗之後的房間裡，\n藏著樹皮下的利牙。\n為避免悲慘的命運，\n讓你的箭矢筆直精準。
SCRIPTSTRING_0754,The door here looks as if something was trying to get out.\n,這扇門看起來像是有什麼東西試圖從裡面衝出來。\n
SCRIPTSTRING_0755,Beware the creature that lies in the middle of darkness...\n,當心那潛伏在黑暗中央的怪物……\n
SCRIPTSTRING_0756,"There are some scribblings on the wall.\n\n""The Princess lives...""\n",牆上有一些潦草的字跡。\n\n「公主還活著……」\n
SCRIPTSTRING_0757,The blood-stained wall shows that many battles have been fought here.\n,血跡斑斑的牆壁顯示此處曾發生過許多戰鬥。\n
SCRIPTSTRING_0758,"In areas unpassable, seek entrance by Phase Door to learn the secret of the double doors...",在無法通行之處，試著用相位門進入，以發掘雙重門的秘密……
SCRIPTSTRING_0759,A larged winged creature offers to join up with you.,一隻巨大的有翼生物提議要加入你的隊伍。
SCRIPTSTRING_0760,I think you're in trouble...,我想你麻煩大了……
SCRIPTSTRING_0761,"Scrawled on the wall is a message:\n\n""Mangar was here...""",牆上潦草地寫著一段訊息：\n\n「曼加爾到此一遊...」
SCRIPTSTRING_0762,"A sign on the wall says:\n\n""MONSTER REFORMATORY""",牆上有塊牌子寫著：\n\n「怪物感化院」
SCRIPTSTRING_0763,"A strange message is written on the wall:\n\n""SAMEN NGHOINT""",牆上刻著一段奇怪的訊息：\n\n「SAMEN NGHOINT」
SCRIPTSTRING_0764,One level down.\nMap wall and door.\nLook toward the corners.\nAnd read the four...,往下一層。\n描繪牆壁與門。\n望向角落。\n並閱讀那四...
SCRIPTSTRING_0765,"A voice whispers:\n\n""Ask the wise one of THE TOMBS.""",一個聲音低語道：\n\n「去問『墓穴』中的智者。」
SCRIPTSTRING_0766,Something odd!,有古怪！
SCRIPTSTRING_0767,"A magic mouth on the wall speaks:\n\n""Speak the word to pass by:""",牆上的魔法嘴開口說話：\n\n「說出通關密語：」
SCRIPTSTRING_0768,PASS,通行
SCRIPTSTRING_0769,"""Correct!""",「正確！」
SCRIPTSTRING_0770,"""You may pass.""",「你可以通過了。」
SCRIPTSTRING_0771,"A magic mouth on the wall speaks:\n\n""Look at the spells of the Sorcerous kind; Who's the Master of the Mind?""",牆上的魔法之口說道：\n\n「且看術士法術之奧妙；誰才是心靈之主宰？」
SCRIPTSTRING_0772,MANGAR,MANGAR
SCRIPTSTRING_0773,"""Well done! Your exit is granted.""",「做得好！准許你離開。」
SCRIPTSTRING_0774,"A magic mouth on the wall speaks:\n\n""You have returned. I will grant your exit again.""\n\nA faint but familiar sound is heard in the distance.",牆上的魔法之口說道：\n\n「你回來了。我將再次准許你離開。」\n\n遠處傳來微弱而熟悉的聲響。
SCRIPTSTRING_0775,Seek the four cornered letters.,尋找四個角落的文字。
SCRIPTSTRING_0776,A sign says:\n\nStairs straight ahead.,一塊告示寫著：\n\n前方有樓梯。
SCRIPTSTRING_0777,A corpse is here with a tombstone marked: Hotwind.,這裡有一具屍體，墓碑上刻著：Hotwind。
SCRIPTSTRING_0778,The answer to the double doors lies hidden above.,雙扇門的答案隱藏在上方。
SCRIPTSTRING_0779,"A voice proclaims:\n\n""The winged one can traverse the gap.""",一個聲音宣告：\n\n「長翅膀者能跨越那道裂隙。」
SCRIPTSTRING_0780,Two huge double doors block your path to the north.,兩扇巨大的雙門擋住了你往北的去路。
SCRIPTSTRING_0781,Two huge double doors to the north open at the sound of the Watchwood Melody.,北方兩扇巨大的雙門在守望森林旋律響起時開啟。
SCRIPTSTRING_0782,Two huge double doors to the north open at the sound of the Seekers Ballad.,北方兩扇巨大的雙門在尋覓者之歌響起時開啟。
SCRIPTSTRING_0783,"There is a chasm ahead, blocking any further progress.",前方有一道深淵，阻擋了任何進一步的進展。
SCRIPTSTRING_0784,The Winged Creature carries you over the chasm which lies before you.,那隻帶翼生物載著你飛越了面前的深淵。
SCRIPTSTRING_0785,There is a princess here. She really wants to be rescued.,這裡有一位公主。她非常渴望被拯救。
SCRIPTSTRING_0786,"You've entered the throne room of the Dark Lord. He doesn't sound pleased to see you.\n\n""Destroy these scum! he screams.""\n\nHis friends advance on you hungrily.",你進入了黑暗領主的王座廳。他聽起來不太樂意見到你。\n\n「把這些渣滓消滅掉！」他尖叫道。\n\n他的手下們飢渴地向你逼近。
SCRIPTSTRING_0787,A deep chasm can be seen to the north.\n\n,北方可以看見一道深邃的峽谷。\n\n
SCRIPTSTRING_0788,The Tombs,墓穴
SCRIPTSTRING_0789,"""Greetings, mortals.\n\nThese tombs are a trap for the unwary. Take care you do not perish as a result of your carelessness...""",「凡人們，你們好。\n\n這些墓穴是為粗心者設下的陷阱。小心別因自己的疏忽而喪命……」
SCRIPTSTRING_0790,"A magic mouth on the wall speaks to you saying this:\n\n""Things change, even unnoticed, and not always for the better.""",牆上的一個魔法之口對你說話：\n\n「事物會改變，即使未被察覺，而且未必總是變得更好。」
SCRIPTSTRING_0791,Living Statue,活雕像
SCRIPTSTRING_0792,"A living statue stands before you saying:\n\n""Name the city -- P.......""",一座活雕像站在你面前說道：\n\n「說出城市之名——P.......」
SCRIPTSTRING_0793,PHILIPPI,PHILIPPI
SCRIPTSTRING_0794,"""Wrong,"" he says, and vanishes.",「錯了，」他說完便消失了。
SCRIPTSTRING_0795,"""Know this then, the first Snare lies on the third level of the tombs.""\n\nHe suddenly vanishes.",「那麼記住，第一個陷阱位於墓穴第三層。」\n\n他突然消失了。
SCRIPTSTRING_0796,"A living statue stands before you saying:\n\n""The first Snare lies on the third level of the tombs.""\n\nHe suddenly vanishes.",一座活雕像佇立在你面前說道：\n\n「第一個陷阱位於墓穴第三層。」\n\n他突然消失無蹤。
SCRIPTSTRING_0797,On the wall is etched this poem:\n\nThe Snare of Death right spins in whole...,牆上刻著一首詩：\n\n死亡陷阱向右完整旋轉……
SCRIPTSTRING_0798,... as fire-ones feast on the dead man's soul...,……當火焰之物吞噬亡者之魂……
SCRIPTSTRING_0799,... yet savage words can cut the rock...,……但狂野之言能劈開岩石……
SCRIPTSTRING_0800,... and feathers split the headsman's block.,……而羽毛能劈開劊子手的木砧。
SCRIPTSTRING_0801,"On the wall, scrawled in blood, is this message:\n\n""Look, oh ye mighty, and despair. The tombs are not...""",牆上以血跡潦草地寫著這段訊息：\n\n「看啊，爾等強者，絕望吧。這些墓穴並非……」
SCRIPTSTRING_0802,"A voice whispers:\n\n""After the toxic one, check yourselves for a special thing that appears common...""",一個聲音低語道：\n\n「在毒物之後，檢查你們自身，尋找一件看似平凡的特殊之物……」
SCRIPTSTRING_0803,"A magic mouth appears and says:\n\n""If the spell of dreams you seek, five magic words you must speak.""",一張魔法之口出現並說道：\n\n「若你尋求夢境法術，你必須說出五個魔法詞語。」
SCRIPTSTRING_0804,An old Keymaster is here trying to sell me something.,一位老鑰匙匠在此，試圖向我兜售某樣東西。
SCRIPTSTRING_0805,"An old man is here, and says to you:\n\n""I am the Keymaster, I have something to sell you for the low price of 50,000 gold pieces.""",一位老人站在此處，對你說：\n\n「我是鑰匙匠，我有樣東西要賣給你，只要五萬枚金幣的低廉價格。」
SCRIPTSTRING_0806,"""What say thee?""",「汝有何言？」
SCRIPTSTRING_0807,"Buy for 50,000 Gold Pieces","以 50,000 金幣購買"
SCRIPTSTRING_0808,"Bought a Master Key off the Keymaster for 50,000 gold pieces.","向鑰匙大師花費 50,000 金幣購得一把萬能鑰匙。"
SCRIPTSTRING_0809,"The test of time has lain to waste the power of the true wand. Only the One can save it, yet at a cost of losing his old life...",歲月的考驗已將真法杖的力量消磨殆盡。唯有天命之人能拯救它，卻須付出失去舊日人生的代價……
SCRIPTSTRING_0810,You've entered the chambers of the Dead King.,你進入了亡靈之王的寢殿。
SCRIPTSTRING_0811,He doesn't look too pleased to see you.\n\nHe screams a curdling battle-cry and heads your way...,他看起來不太高興見到你。\n\n他發出一聲刺耳的戰吼，朝你衝了過來……
SCRIPTSTRING_0812,Scratchings on the wall read:\n\nTrachaem's task was always reversed. This is the paradox.,牆上的刻痕寫著：\n\n特拉查姆的任務總是顛倒的。這就是悖論。
SCRIPTSTRING_0813,Scratchings on the wall read:\n\nThe great one knew success at all points. Defeat was never etched on his destiny.,牆上的刻痕寫著：\n\n偉大者在所有關頭皆知曉成功。失敗從未刻寫在他的命運中。
SCRIPTSTRING_0814,"Scratchings on the wall read:\n\nHe was told to burn, and in that paradox knew a multitude of solutions.",牆上的刻痕寫著：\n\n他被命令焚燒，而在那悖論中，他知曉了無數的解決之道。
SCRIPTSTRING_0815,"Scratchings on the wall read:\n\nThe great T had, at the end of things, to beg, with a kind word.",牆上的刻痕寫著：\n\n偉大的 T 在一切終結之時，必須以溫言懇求。
SCRIPTSTRING_0816,"Scratchings on the wall read:\n\nThe strange mage wants two words: What Tr. did, in answer to the paradox, and what word he said at the end of things.",牆上的刻痕寫著：\n\n那位怪異的法師想要兩個詞：關於悖論，崔做了什麼作為回應，以及他在萬物終結時說了什麼話。
SCRIPTSTRING_0817,"An old man (doing a fireball trick) wearing a garment of pure gold says:\n\n""The Name of it is the staff of:""",一位穿著純金長袍的老人（正在表演火球術）說道：\n\n「它的名字是法杖之名：」
SCRIPTSTRING_0818,OLD,古老
SCRIPTSTRING_0819,"""Wrong,"" he says and vanishes.",「錯了，」他說完便消失了。
SCRIPTSTRING_0820,"""Correct. I will say this then: Go to the Sage, in the wilderness, and ask him of FANSKAR.\nHe will charge you a price, but the information will be valuable.""\n\nHe suddenly disappears...",「正確。那麼我就告訴你這個：去荒野中找那位賢者，向他詢問 FANSKAR。\n他會向你索取代價，但這情報將會很有價值。」\n\n他突然消失了……
SCRIPTSTRING_0821,"""You again... You know the name of the staff. I shall let you pass.""",「又是你……你知道那柄法杖的名字。我就讓你過去吧。」
SCRIPTSTRING_0822,Snare #1,陷阱一號
SCRIPTSTRING_0823,Death Snare #1,死亡陷阱一號
SCRIPTSTRING_0824,"A cloudy face appears, and says:\n\n""Your time draws to a close, mortals. Show the answer to me, or perish.""",一張朦朧的臉孔浮現，說道：\n\n「你們的時辰將盡，凡人。向我展示答案，否則死路一條。」
SCRIPTSTRING_0825,You cannot lead in darkness...,你無法在黑暗中帶領隊伍……
SCRIPTSTRING_0826,You are not whole...,你並不完整……
SCRIPTSTRING_0827,Only a leader can show the way...,只有領袖才能指引道路……
SCRIPTSTRING_0828,"A cloudy face appears, and says:\n\n""Very impressive. Your way lies clear, for the time being. But my time will come...""",一張陰沉的面孔浮現，說道：\n\n「令人印象深刻。你的道路暫時清晰無礙。但我的時刻終將到來……」
SCRIPTSTRING_0829,We Conquered The Tombs Snare.,我們征服了墓穴陷阱。
SCRIPTSTRING_0830,Old Warrior,老戰士
SCRIPTSTRING_0831,There is an Old Warrior here.,這裡有一位老戰士。
SCRIPTSTRING_0832,Toxic Giant,劇毒巨人
SCRIPTSTRING_0833,There is a Toxic Giant here.,這裡有一隻劇毒巨人。
SCRIPTSTRING_0834,Allow it to join,允許加入
SCRIPTSTRING_0835,Fight,戰鬥
SCRIPTSTRING_0836,He's not interested.,他沒興趣。
SCRIPTSTRING_0837,"Since you are already sick, you tear into the toxic giant's body and pull out... A Torch!\n\n",既然你已經生病了，你撕開劇毒巨人的身體，從中拉出了……一支火把！\n\n
SCRIPTSTRING_0838,Found a 'Torch!' in the body of a Toxic Giant,在劇毒巨人的屍體中找到了一支「火把！」
SCRIPTSTRING_0839,There is a fountain here full of foul water.,這裡有一座噴泉，裡面滿是污濁的水。
SCRIPTSTRING_0840,"There is a fountain here, full of foul water. Who will drink?",這裡有一座噴泉，裡面滿是污濁的水。誰要喝？
SCRIPTSTRING_0841,Don't drink,不要喝
SCRIPTSTRING_0842,Drinking the water gave us poison.,喝了這水讓我們中毒了。
SCRIPTSTRING_0843,There is a segment to The Scepter here.\n\n,這裡有權杖的一個分段。\n\n
SCRIPTSTRING_0844,Found 'Wand Segment 1'.,發現「權杖分段 1」。
SCRIPTSTRING_0845,"You see some words etched on the wall:\n\nAge before all others, when time is short. For the last must be first.",你看見牆上刻著一些字：\n\n萬物之先，當時間短促。因為最後的必須成為最先的。
SCRIPTSTRING_0846,"On the wall (scrawled in old blood) is:\n\nPick yer poison, boys.",牆上（以陳舊血跡潦草寫著）：\n\n「選你們的毒藥吧，小子們。」
SCRIPTSTRING_0847,Etched on the wall are these words:\n\nA party of sick people might escape where the healthy fail.,牆上刻著這些文字：\n\n「一群病弱者或許能逃出健康者無法通過之處。」
SCRIPTSTRING_0848,Etched in the wall is this rhyme:\n\nThe won flame in ancient grip\nmight cause the cloudy one to slip...,牆上刻著這首韻文：\n\n「古老掌握中的得勝火焰\n或能使雲霧者失足滑跌……」
SCRIPTSTRING_0849,It seems drinking all this poison subdued the voice.,看來喝下所有這些毒藥後，那聲音便平息了。
SCRIPTSTRING_0850,"My goodness, you look thirsty!",我的天啊，你看起來真渴！
SCRIPTSTRING_0851,"Think quickly, mortals. Contrariness is often the key.",快點思考，凡人。矛盾往往是關鍵。
SCRIPTSTRING_0852,"A voice says,\n\n""And the old shall lead the way.""",一個聲音說道：\n\n「而老者將引領道路。」
SCRIPTSTRING_0853,"On the wall is written:\n\nThe staff of Old once lost, once sold.\nName it to he of purest gold.",牆上寫著：\n\n古老法杖曾失落，曾售出。\n向純金之人說出它的名號。
SCRIPTSTRING_0854,Death Angel,死亡天使
SCRIPTSTRING_0855,The party has expired...\n\nBetter luck next time adventurers.,冒險隊伍已全滅……\n\n願下次好運，冒險者們。
SCRIPTSTRING_0856,The Castle,城堡
SCRIPTSTRING_0857,Fanskar's Bodyguard,凡斯卡的護衛
SCRIPTSTRING_0858,You've entered the quarters of Fanskar's bodyguard. His grotesque form launches itself at you without fear.,你進入了凡斯卡護衛的居所。他那醜陋猙獰的身形毫無畏懼地向你撲來。
SCRIPTSTRING_0859,Time to die.,該死的時候到了。
SCRIPTSTRING_0860,"A magic mouth on the wall speaks to you saying this:\n\n""Ponder this:\nThe white shall lie, and in this knowledge reflects your only answer.""",牆上的一張魔法之口對你說道：\n\n「深思此理：\n白色將說謊，而這份認知映照出你唯一的答案。」
SCRIPTSTRING_0861,Fanskar,Fanskar
SCRIPTSTRING_0862,"You've entered the living chambers of Fanskar himself. He and a friend are rather surprised to see you.\n\n""Kill them!"" Fanskar screams.",你進入了 Fanskar 本人的起居室。他和一位同伴看到你時相當驚訝。\n\n「殺了他們！」Fanskar 尖叫道。
SCRIPTSTRING_0863,Found 'Wand Segment 2'.,找到了「魔杖碎片 2」。
SCRIPTSTRING_0864,"As you enter the room a fiery cavalcade assaults your mortal forms, destroying you instantly.",當你進入房間時，一團熾熱的騎兵隊襲擊了你的凡人之軀，瞬間將你摧毀。
SCRIPTSTRING_0865,"Some wandering adventurers find your ashes though, and return them to the Guild.",不過，一些流浪的冒險者找到了你的骨灰，並將它們送回了公會。
SCRIPTSTRING_0866,Black Coated Old Man,黑衣老者
SCRIPTSTRING_0867,"An old man in a black cloak says: ""The door on the right leads to safety.""\n\nHe then vanishes.",一名身披黑色斗篷的老者說道：「右邊的門通往安全之處。」\n\n語畢，他便消失了。
SCRIPTSTRING_0868,White Coated Old Man,白衣老者
SCRIPTSTRING_0869,"An old man in a white cloak says: ""The black-cloaked one speaks the truth.""\n\nHe then vanishes.",一名身披白色斗篷的老者說道：「穿黑斗篷的人說的是實話。」\n\n語畢，他便消失了。
SCRIPTSTRING_0870,Your light illuminates the dingy walls of Fanskar's Castle. You hear voices in the distance.,你的光源照亮了凡斯卡城堡陰暗的牆壁。你聽見遠處傳來人聲。
SCRIPTSTRING_0871,"Scrawled on the wall is this message:\n\nFar right and left is hazardous, when time runs short, yet in the far corners is knowledge...",牆上潦草地寫著這段訊息：\n\n極右與極左皆為險境，當時間緊迫之時，然而在遙遠的角落藏有知識……
SCRIPTSTRING_0872,"A voice says:\n\n""Fanskar guards the Death Snare with his very life.""",一個聲音說道：\n\n「凡斯卡爾以性命守護死亡陷阱。」
SCRIPTSTRING_0873,A sign reads:\n\nGuards' Quarters -- women please wait in the hall.,一塊告示牌寫著：\n\n守衛宿舍——女性請在大廳等候。
SCRIPTSTRING_0874,A plaque reads:\n\nFanskar's Quarters,一塊銘牌寫著：\n\n凡斯卡爾的寢室
SCRIPTSTRING_0875,Ask the Wise of DARGOTH!,向達戈斯的智者請教！
SCRIPTSTRING_0876,"A magic mouth appears and says:\n\n""To the worthy I reveal, a dream to mend, a dream to HEAL.""",一個魔法之口浮現並說道：\n\n「獻給值得之人，我揭示一個待修補的夢，一個待癒合的夢。」
SCRIPTSTRING_0877,Snare #2,陷阱 #2
SCRIPTSTRING_0878,Death Snare #2,死亡陷阱 #2
SCRIPTSTRING_0879,"A voice says:\n\n""Welcome, mortals! Choose one of three doors, but only one leads to the segment. The other two bring instant death...""",一個聲音說道：\n\n「歡迎，凡人！從三扇門中選擇一扇，但只有一扇通往正確路段。另外兩扇將帶來即死……」
SCRIPTSTRING_0880,"A voice says:\n\n""You have succeeded again, mortals...""",一個聲音說道：\n\n「你們又成功了，凡人……」
SCRIPTSTRING_0881,"A voice whispers,\n\n""This room is unfair,\nBut do not despair,\nWe have cleared a pair,\nBecause we care.""",一個聲音低語道：\n\n「這房間不公平，\n但請別灰心，\n我們已清掉一對，\n因為我們關心。」
SCRIPTSTRING_0882,"A voice whispers,\n\n""This room is unfair,\nDo not go in there,\nBut if you should dare,\nScry with care.""",一個聲音低語道：\n\n「這房間不公平，\n千萬別走進去，\n但若你敢嘗試，\n請謹慎地偵測。」
SCRIPTSTRING_0883,"A magic mouth on the wall speaks to you saying this:\n\n""Answer this, foolish ones: Is it better to:""",牆上一個魔法之口對你說道：\n\n「回答這個問題，愚蠢的人們：哪一種比較好：」
SCRIPTSTRING_0884,Burn out,Burn out
SCRIPTSTRING_0885,Fade away,Fade away
SCRIPTSTRING_0886,"""Then do so!""",「那就這麼辦吧！」
SCRIPTSTRING_0887,"A voice whispers:\n\n""There's more to the picture... Than meets the eye.""",一個聲音低語：\n\n「這幅畫的背後……還有更多玄機。」
SCRIPTSTRING_0888,"A magic mouth on the wall speaks to you saying this:\n\n""What truly counts is rarely said; Ask the wise of the Maze of Dread.""",牆上一個魔法之口對你說：\n\n「真正重要的事鮮少被說出口；去問迷惘迷宮中的智者吧。」
SCRIPTSTRING_0889,Scrawled on the wall is a message:\n\nFrequency is the ultimate key.,牆上潦草地寫著一則訊息：\n\n頻率是終極之鑰。
SCRIPTSTRING_0890,"A voice says:\n\n""Seek the Zen Master.""",一個聲音說道：\n\n「去尋找禪宗大師。」
SCRIPTSTRING_0891,The ground is slippery here.,此處地面濕滑。
SCRIPTSTRING_0892,I think you're lost.,我想你迷路了。
SCRIPTSTRING_0893,Something odd!,有古怪！
SCRIPTSTRING_0894,There are 7 statues here.,此處有七座雕像。
SCRIPTSTRING_0895,There are 7 statues here. Which one will you examine?,此處有七座雕像。你要檢查哪一座？
SCRIPTSTRING_0896,Man-Rock,人岩
SCRIPTSTRING_0897,Blockhead,石頭腦
SCRIPTSTRING_0898,The Block Jock,巨石狂
SCRIPTSTRING_0899,Golem,魔像
SCRIPTSTRING_0900,Rock n' Roller,搖滾滾石
SCRIPTSTRING_0901,Stonefist,石拳
SCRIPTSTRING_0902,Dick the Brick,磚頭迪克
SCRIPTSTRING_0903,Examined 'Man-Rock' statue.,檢查了「人岩」雕像。
SCRIPTSTRING_0904,Examined 'Blockhead' statue.,檢查了「木頭腦」雕像。
SCRIPTSTRING_0905,Examined 'The Block Jock' statue.,檢查了「方塊運動員」雕像。
SCRIPTSTRING_0906,Examined 'Golem' statue.,檢查了「魔像」雕像。
SCRIPTSTRING_0907,Examined 'Rock n' Roller' statue.,檢查了「搖滾滾」雕像。
SCRIPTSTRING_0908,Examined 'Stonefist' statue.,檢查了「石拳」雕像。
SCRIPTSTRING_0909,Examined 'Dick the Brick' statue.,檢查了「磚頭迪克」雕像。
SCRIPTSTRING_0910,Fought 'Man-Rock' statue.,與「人岩」雕像戰鬥。
SCRIPTSTRING_0911,Fought 'Blockhead' statue.,與「呆頭」雕像戰鬥。
SCRIPTSTRING_0912,Fought 'The Block Jock' statue.,與「巨石怪」雕像戰鬥。
SCRIPTSTRING_0913,Fought 'Golem' statue.,與「魔像」雕像戰鬥。
SCRIPTSTRING_0914,Fought 'Rock n' Roller' statue.,與「搖滾石」雕像戰鬥。
SCRIPTSTRING_0915,Fought 'Stonefist' statue.,與「石拳」雕像戰鬥。
SCRIPTSTRING_0916,Fought 'Dick the Brick' statue.,與「迪克磚頭」雕像戰鬥。
SCRIPTSTRING_0917,On the wall is a message in blood:\n\nThe Death Snare is not on the first three levels of the tower.,牆上有一則血書訊息：\n\n死亡陷阱不在高塔的前三層。
SCRIPTSTRING_0918,On the wall is etched this poem:\n\nIn darkest calm he stalks the men.\n\nWho seek the wand and read the ten.\n\nHis cry is called but none knows when.,牆上刻著一首詩：\n\n在至暗的寂靜中，他潛行追獵眾人。\n\n他們尋找魔杖並誦讀十誡。\n\n他的呼號響起，但無人知曉何時降臨。
SCRIPTSTRING_0919,Keep the faith.,堅守信念。
SCRIPTSTRING_0920,"A voice says:\n\n""The Sword of Zar can only be drawn by one who has faced the Battletest.""",一個聲音說道：\n\n「薩爾之劍唯有通過戰鬥試煉者方能拔出。」
SCRIPTSTRING_0921,Where are you going?,你要去哪裡？
SCRIPTSTRING_0922,You're heading the wrong way!,你走錯方向了！
SCRIPTSTRING_0923,"A voice says:\n\n""Cryptic origins are typified in the unnatural scheme...""",一個聲音說道：\n\n「詭秘的起源體現在非自然的佈局之中……」
SCRIPTSTRING_0924,You see nothing special.,你沒看到什麼特別的東西。
SCRIPTSTRING_0925,"A magic mouth on the wall speaks to you saying this:\n\n""Speak the three, in sequence:""",牆上的一個魔法之口對你說道：\n\n「依序說出那三個詞：」
SCRIPTSTRING_0926,Earth,Earth
SCRIPTSTRING_0927,Compassed,Compassed
SCRIPTSTRING_0928,Earth\nCompassed,Earth\nCompassed
SCRIPTSTRING_0929,Fountain,Fountain
SCRIPTSTRING_0930,Earth\nCompassed\nFountain,Earth\nCompassed\nFountain
SCRIPTSTRING_0931,"""Correct. Your portal to the next level is now operational.""",「正確。通往下一層的傳送門現在已啟動。」
SCRIPTSTRING_0932,"A magic mouth on the wall speaks to you:\n\n""The three in sequence is known. I shall re-activate the portal to the next level.""",牆上的一個魔法之口對你說話：\n\n「三個順序已知。我將重新啟動通往下一層的傳送門。」
SCRIPTSTRING_0933,"A magic mouth on the wall speaks to you saying this:\n\n""In the lands within, and the traps between, what was secret once -- now cannot be seen!""",牆上的一個魔法之口對你說了這些話：\n\n「在內部的國度，與其間的陷阱之間，曾經的秘密——如今已無法看見！」
SCRIPTSTRING_0934,"A voice says:\n\n""Three words of wisdom must be found, or else stay closer to the ground!""",一個聲音說道：\n\n「必須找到三個智慧之言，否則就乖乖待在地面！」
SCRIPTSTRING_0935,"A voice says:\n\n""The first says dwell, the second hell, the third of wisdom it will tell.""",一個聲音說道：\n\n「首字為『dwell』（居），次字為『hell』（獄），三字即啟『wisdom』（智）之語。」
SCRIPTSTRING_0936,"A voice says:\n\n""From the first take the last, fifth from the second, and eighth from the third.""",一個聲音說道：\n\n「取首字（dwell）之尾，次字（hell）之第五，及三字（wisdom）之第八。」
SCRIPTSTRING_0937,"A voice says:\n\n""The sorrows of hell compassed me about; the snares of death prevented me.""",一個聲音說道：\n\n「地獄的憂傷環繞我；死亡的網羅臨到我。」
SCRIPTSTRING_0938,"A voice says:\n\n""The law of the wise is a fountain of life, to depart from the snares of death.""",一個聲音說道：\n\n「智慧人的法則乃是生命的泉源，使人脫離死亡的網羅。」
SCRIPTSTRING_0939,"A voice says:\n\n""For as a snare shall it come on all them that dwell on the face of the whole earth.""",一個聲音說道：\n\n「因為這網羅要臨到全地面上一切居住的人。」
SCRIPTSTRING_0940,"A magic mouth appears and says:\n\n""Illusions cunning and corrupt, a dream can shatter and DISRUPT.""",一個魔法之口出現並說道：\n\n「狡詐而腐敗的幻象，一場夢便能粉碎並擾亂。」
SCRIPTSTRING_0941,"A magic mouth on the wall speaks to you saying this:\n\n""First five here, next five above. The fifth, of course, cannot be love.""",牆上一個魔法嘴脣對你說話：\n\n「前五在此，上五在彼。第五者，當然，不可能是愛。」
SCRIPTSTRING_0942,"On the wall is written this note:\n\nNot everything has two sides. Take care, friends.",牆上寫著這則筆記：\n\n並非萬物皆有兩面。小心，朋友們。
SCRIPTSTRING_0943,"On the wall is written this:\n\nAnd this, the first, it quencheth thirst.",牆上寫著：\n\n而此，第一者，能解渴。
SCRIPTSTRING_0944,"On the wall is etched:\n\nFor three, you see, cannot be free.",牆上刻著：\n\n三者，你瞧，無法自由。
SCRIPTSTRING_0945,On the wall is written this note:\n\nTo him give four... he'll not be poor!,牆上寫著這則筆記：\n\n給他四……他將不再貧窮！
SCRIPTSTRING_0946,On the wall is printed:\n\nAnd number two is never true.,牆上寫著：\n\n「而第二句永遠不成立。」
SCRIPTSTRING_0947,"A voice yells:\n\n""Get out!""",一個聲音大喊：\n\n「滾出去！」
SCRIPTSTRING_0948,Stasis Chamber 00,靜滯室 00
SCRIPTSTRING_0949,"A voice yells:\n\n""I shall kick you out then!""",一個聲音大喊：\n\n「那我就把你踢出去！」
SCRIPTSTRING_0950,Stasis Chamber 01,靜滯室 01
SCRIPTSTRING_0951,Stasis Chamber 02,靜滯室 02
SCRIPTSTRING_0952,Stasis Chamber 03,靜滯室 03
SCRIPTSTRING_0953,Stasis Chamber 04,靜滯室 04
SCRIPTSTRING_0954,Stasis Chamber 05,靜滯室 05
SCRIPTSTRING_0955,Stasis Chamber 06,靜滯室 06
SCRIPTSTRING_0956,"Don't look now, but you've walked in on Dargoth and a few of his close friends. Dargoth doesn't have much patience with humans.",別回頭，但你已經闖進了達戈斯和他幾個親信的地盤。達戈斯對人類可沒什麼耐心。
SCRIPTSTRING_0957,Death Snare #3,死亡陷阱 #3
SCRIPTSTRING_0958,"A voice says:\n\n""Thou hast bested me again, oh meagre ones. But I await thy coming, shouldst thou live that long!""",一個聲音說道：\n\n「你們這些渺小之輩，又勝了我一次。但我等著你們到來——如果你們能活到那時候的話！」
SCRIPTSTRING_0959,Found 'Wand Segment 3'.,找到「魔杖碎片 3」。
SCRIPTSTRING_0960,A Magic Mouth said:,一個魔法之口說道：
SCRIPTSTRING_0961,The secret is hidden in the Dreamspell.,秘密隱藏在「夢之咒語」之中。
SCRIPTSTRING_0962,"A magic mouth on the wall speaks to you saying this:\n\n""The secret is hidden in the Dreamspell.""",牆上的一個魔法嘴對你說道：\n\n「秘密隱藏在『夢之咒語』之中。」
SCRIPTSTRING_0963,The Snare of Death can be beaten by the mage.,死亡陷阱可以被法師擊敗。
SCRIPTSTRING_0964,"A magic mouth on the wall speaks to you saying this:\n\n""The Snare of Death can be beaten by the mage.""",牆上的一個魔法嘴對你說道：\n\n「死亡陷阱可以被法師擊敗。」
SCRIPTSTRING_0965,"Turn right at the joke, then right, then forward, then left twice, ahead twice, right, then left.",在笑話處右轉，然後右轉，然後前進，然後左轉兩次，前進兩次，右轉，然後左轉。
SCRIPTSTRING_0966,"A magic mouth on the wall speaks to you saying this:\n\n""Turn right at the joke, then right, then forward, then left twice, ahead twice, right, then left.""",牆上的魔法之口對你說道：\n\n「在笑話處右轉，然後右轉，然後向前，再左轉兩次，向前兩次，右轉，然後左轉。」
SCRIPTSTRING_0967,"Drop all your items, or you are lost.",丟棄你所有的物品，否則你將迷失。
SCRIPTSTRING_0968,"A magic mouth on the wall speaks to you saying this:\n\n""Drop all your items, or you are lost.""",牆上的魔法之口對你說道：\n\n「丟棄你所有的物品，否則你將迷失。」
SCRIPTSTRING_0969,"Cry havok, and let slip the dogs of war.",高呼浩劫，釋放戰爭之犬。
SCRIPTSTRING_0970,"A magic mouth on the wall speaks to you saying this:\n\n""Cry havok, and let slip the dogs of war.""",牆上的魔法之口對你說道：\n\n「高呼浩劫，釋放戰爭之犬。」
SCRIPTSTRING_0971,"Kill off all your spellcasters, and you'll be saved.",殺光你所有的施法者，你就能得救。
SCRIPTSTRING_0972,"A magic mouth on the wall speaks to you saying this:\n\n""Kill off all your spellcasters, and you'll be saved.""",牆上一個魔法嘴脣對你說話道：\n\n「殺光你所有的施法者，你就能得救。」
SCRIPTSTRING_0973,"A statue, standing before you, comes to life and says:\n\n""Give me your battle-cry, or die.""",一座佇立在你面前的雕像突然活過來說道：\n\n「交出你的戰吼，否則死。」
SCRIPTSTRING_0974,Havok,Havok
SCRIPTSTRING_0975,"""Correct. I give you a small token of my esteem.""\nHe suddenly disappears.\n\n",「正確。我賜你一份微薄的敬意。」\n他突然消失無蹤。\n\n
SCRIPTSTRING_0976,Found 'Dagger!.,發現了「匕首！」。
SCRIPTSTRING_0977,"""Wrong."" he says, and disappears.",「錯了。」他說道，然後消失了。
SCRIPTSTRING_0978,"A voice proclaims:\n\n""Do not bother me without having the token!""",一個聲音宣告道：\n\n「沒有信物就別來打擾我！」
SCRIPTSTRING_0979,"A voice proclaims.\n""Look at the wall.""",一個聲音宣告道。\n「看看那面牆壁。」
SCRIPTSTRING_0980,Mage,法師
SCRIPTSTRING_0981,"A mage appears saying:\n\n""The room maze leads to salvation.""\nHe then disappears.",一名法師現身說道：\n\n「這座房間迷宮將引領你走向救贖。」\n隨後他便消失了。
SCRIPTSTRING_0982,"You find a table with a letter on it...\n\n""We can agree our goals are accordant. An alliance between our forces would be advantageous to both our desires. I will abide in the south while I await your decision.""\n\nLagoth Zanta",你發現一張桌子上放著一封信……\n\n「我們可以同意彼此的目標是一致的。雙方勢力結盟將對我們各自的願望都有利。我會在南邊等候你的決定。」\n\n拉戈斯·贊塔
SCRIPTSTRING_0983,A voice is heard laughing.,一陣笑聲傳來。
SCRIPTSTRING_0984,"A voice says:\n""Words of wisdom are great in value. Hearing them 3, or even 5 times can truly give them worth.""",一個聲音說道：\n「智慧之言價值連城。聆聽三次，甚至五次，才能真正體會其價值。」
SCRIPTSTRING_0985,"A voice says, ""Without pain can come no success.""",一個聲音說道：「不經痛苦，焉能成功。」
SCRIPTSTRING_0986,Snare #3,陷阱 #3
SCRIPTSTRING_0987,"A voice says, ""Welcome, foolish mortals. Time runs short...""",一個聲音說道：「歡迎，愚蠢的凡人。時間所剩無幾……」
SCRIPTSTRING_0988,On the wall is:\n\nSix we know will try to crow.,牆上寫著：\n\n我們所知六人將試圖高鳴。
SCRIPTSTRING_0989,On the wall is etched:\n\nFor seven and eight reverse tiny and late.,牆上刻著：\n\n七與八，反轉微小與遲緩。
SCRIPTSTRING_0990,On the wall you see:\n\nNumber 9 likes his favorite wine.,牆上你看到：\n\n數字九喜愛他最愛的葡萄酒。
SCRIPTSTRING_0991,"On the wall is written:\n\nThe last, you see, is number ten; they cannot be called manly men.",牆上寫著：\n\n最後一個，你看，是第十個；他們不能被稱為有男子氣概的人。
SCRIPTSTRING_0992,"""Speak the ten in sequence and find the Death Snare:""",「依序說出這十個，就能找到死亡陷阱：」
SCRIPTSTRING_0993,Water,水
SCRIPTSTRING_0994,Lie,謊言
SCRIPTSTRING_0995,Water\nLie,水\n謊言
SCRIPTSTRING_0996,Slave,奴隸
SCRIPTSTRING_0997,Water\nLie\nSlave,水\n謊言\n奴隸
SCRIPTSTRING_0998,Gold,黃金
SCRIPTSTRING_0999,Water\nLie\nSlave\nGold,水\n謊言\n奴隸\n黃金
SCRIPTSTRING_1000,Hate,憎恨
SCRIPTSTRING_1001,Water\nLie\nSlave\nGold\nHate,水\n謊言\n奴隸\n黃金\n憎恨
SCRIPTSTRING_1002,Rooster,公雞
SCRIPTSTRING_1003,Water\nLie\nSlave\nGold\nHate\nRooster,水\n謊言\n奴隸\n黃金\n憎恨\n公雞
SCRIPTSTRING_1004,Large,巨大
SCRIPTSTRING_1005,Water\nLie\nSlave\nGold\nHate\nRooster\nLarge,水\n謊言\n奴隸\n黃金\n憎恨\n公雞\n巨大
SCRIPTSTRING_1006,Early,早期
SCRIPTSTRING_1007,Water\nLie\nSlave\nGold\nHate\nRooster\nLarge\nEarly,水\n謊言\n奴隸\n黃金\n憎恨\n公雞\n巨大\n早期
SCRIPTSTRING_1008,Bard,吟遊詩人
SCRIPTSTRING_1009,Water\nLie\nSlave\nGold\nHate\nRooster\nLarge\nEarly\nBard,水\n謊言\n奴隸\n黃金\n憎恨\n公雞\n巨大\n早期\n吟遊詩人
SCRIPTSTRING_1010,Women,女人
SCRIPTSTRING_1011,Water\nLie\nSlave\nGold\nHate\nRooster\nLarge\nEarly\nBard\nWomen,水\n謊言\n奴隸\n黃金\n憎恨\n公雞\n巨大\n早期\n吟遊詩人\n女人
SCRIPTSTRING_1012,"""You're being teleported...""",「你正在被傳送……」
SCRIPTSTRING_1013,"""You have already spoken the ten in sequence. The Death Snare awaits.""",「你已經依序說出了那十個詞。死亡陷阱正等著你。」
SCRIPTSTRING_1014,"""You blew it!""",「你搞砸了！」
SCRIPTSTRING_1015,Maze of Dread,恐懼迷宮
SCRIPTSTRING_1016,A room with three buttons.,一個有三個按鈕的房間。
SCRIPTSTRING_1017,"You stand in a 10' x 10' room on level 1, with three buttons on the wall.\n\nYou can:",你站在第一層一個 10 呎 x 10 呎的房間裡，牆上有三個按鈕。\n\n你可以：
SCRIPTSTRING_1018,1) Press button 1,1) 按下按鈕 1
SCRIPTSTRING_1019,2) Press button 2,2) 按下按鈕 2
SCRIPTSTRING_1020,3) Press button 3,3) 按下按鈕 3
SCRIPTSTRING_1018_JOY,Press button 1,按下按鈕 1
SCRIPTSTRING_1019_JOY,Press button 2,按下按鈕 2
SCRIPTSTRING_1020_JOY,Press button 3,按下按鈕 3
SCRIPTSTRING_1021,The dank corridors of this sinister maze have been tunneled from raw earth and lined with crumbling flagstones. It doesn't look like a safe place.,這座陰險迷宮的潮濕走廊是從原始泥土中挖掘而成，兩旁鋪著碎裂的石板。看起來不是個安全的地方。
SCRIPTSTRING_1022,"On the wall is written:\n\nTwas blue, the one that never knew.",牆上寫著：\n\n「藍色者，從未明瞭。」
SCRIPTSTRING_1023,"On the wall is written:\n\nYes brown, as was the mighty crown.",牆上寫著：\n\n是的，棕色，如同那威嚴的王冠。
SCRIPTSTRING_1024,"On the wall is written:\n\nTry green, the one who lies unseen.",牆上寫著：\n\n試試綠色，那隱匿無蹤者。
SCRIPTSTRING_1025,On the wall is written:\n\nAs black as coalfoot's longest track.,牆上寫著：\n\n漆黑如煤腳最長的足跡。
SCRIPTSTRING_1026,"On the wall is written:\n\nNot white, while you can stand and fight.",牆上寫著：\n\n不是白色，當你能站立戰鬥。
SCRIPTSTRING_1027,On the wall is written:\n\nAs yellow as the great one's bellow.,牆上寫著：\n\n金黃如巨獸的咆哮。
SCRIPTSTRING_1028,"You stand in a 10' x 10' room on level 2, with three buttons on the wall.\n\nYou can:",你站在第2層一個10呎x10呎的房間裡，牆上有三個按鈕。\n\n你可以：
SCRIPTSTRING_1029,Riddler,謎語人
SCRIPTSTRING_1030,"A man appears in a puff of smoke, and speaks to you:\n\n""Blue, red, green, brown, black, white, yellow; Colors cast in the artist's pot, name the false while canst be caught...""",一陣煙霧中出現一名男子，對你說道：\n\n「藍、紅、綠、棕、黑、白、黃；藝術家調色盤中的色彩，說出虛假者，趁你被逮到之前…」
SCRIPTSTRING_1031,Der,德爾
SCRIPTSTRING_1032,"""Sorry!"" He mumbles, and then disappears.",「抱歉！」他咕噥了一聲，然後消失了。
SCRIPTSTRING_1033,"""Correct!"" He exclaims.",「正確！」他驚呼道。
SCRIPTSTRING_1034,The Riddler suddenly disappears.,謎語人突然消失了。
SCRIPTSTRING_1035,"""You have defeated the Battletest I see...""\n\n""For your efforts, take this.""\n\n",「看來你們通過了戰鬥考驗……」\n\n「這是給你們的獎勵。」\n\n
SCRIPTSTRING_1036,"For completing the 'Battletest', the Riddler awarded the 'Sword of Zar'.",完成「戰鬥考驗」後，謎語人授予了「薩爾之劍」。
SCRIPTSTRING_1037,"The Riddler suddenly appears in a puff of smoke again.\n\n""Adventurers, I am not here to quiz you.""",謎語人再次伴隨著一陣煙霧突然出現。\n\n「冒險者們，我並非來考驗你們的。」
SCRIPTSTRING_1038,"""I noticed you were missing the Battletest trophy. Don't misplace it again...""\n""Go on... Take it...""\n\n",「我注意到你弄丟了戰鬥考驗的獎盃。別再搞丟了……」\n「拿去吧……收下它……」\n\n
SCRIPTSTRING_1039,No sign of the Riddler.,沒有謎語人的蹤跡。
SCRIPTSTRING_1040,On the wall is written:\n\nThe Riddler's clues lie on the entry level.,牆上寫著：\n\n謎語人的線索位於入口樓層。
SCRIPTSTRING_1041,"A whispering voice says,\n""The Sword of Zar lies below.""",一個低語的聲音說道：\n「薩爾之劍就在下方。」
SCRIPTSTRING_1042,Etched in the wall is this message:\n\nThe thirst brings an even score of jaunts.,牆上刻著這段訊息：\n\n乾渴帶來恰好二十趟的遠足。
SCRIPTSTRING_1043,"Seek the Zen Master, friends!",尋找禪宗大師吧，朋友們！
SCRIPTSTRING_1044,On the wall is etched this message:\n\nTime is short on the Snare... take care!,牆上刻著這段訊息：\n\n「陷阱」中的時間很短……小心！
SCRIPTSTRING_1045,"A voice says,\n""Ask him of Oscon, he who knows many things.""",一個聲音說道：\n「問他有關奧斯康的事，他知道很多事情。」
SCRIPTSTRING_1046,"On the wall, written in blood, is:\n\nThe Riddler seeks a word, but he'll only understand it backwards.",牆上以血寫著：\n\n謎語人尋找一個詞，但他只會倒著理解它。
SCRIPTSTRING_1047,The Graphnar Lord is magic-proof.,格拉夫納領主對魔法免疫。
SCRIPTSTRING_1048,"A magic mouth appears and says:\n\n""Though enemies wear plate and sallet, a dream can crush them like a MALLET.""",一個魔法嘴巴出現並說道：\n\n「縱使敵人穿戴板甲與薩雷特盔，一場夢也能像木槌般將他們擊碎。」
SCRIPTSTRING_1049,"You stand in a 10' x 10' room on level 3, with three buttons on the wall.\n\nYou can:",你站在第三層一個 10 呎 x 10 呎的房間裡，牆上有三個按鈕。\n\n你可以：
SCRIPTSTRING_1050,Graphnar Lord,格拉夫納領主
SCRIPTSTRING_1051,"You just walked into the meeting room, and before you stands the Lord of Graphnar mercenaries and his personal guard.\n\n""You're not my men,"" he shouts.\n""Put them to death!""",你剛走進會議室，面前站著格拉夫納傭兵團的領主與他的親衛。\n\n「你們不是我的人，」他大喊道。\n「把他們處死！」
SCRIPTSTRING_1052,Snare #4,陷阱 #4
SCRIPTSTRING_1053,Death Snare #4,死亡陷阱 #4
SCRIPTSTRING_1054,"A voice says:\n\n""Greetings again, ye potential corpses. Even as you listen to me your time grows short...""",一個聲音說道：\n\n「再次問候，你們這些準屍體。就在你們聽我說話的同時，你們的時間所剩無幾……」
SCRIPTSTRING_1055,Arms Master,武器大師
SCRIPTSTRING_1056,This is the weapons school. Before you is the Arms Master of the Graphnar Fist and twelve of his pupils.,這裡是武器學校。在你面前的是格拉夫納之拳的武器大師與他的十二名弟子。
SCRIPTSTRING_1057,"""Intruders!"" he calls out.\n\n""Here's your chance, boys... Have at'em!""",「入侵者！」他喊道。\n\n「小子們，機會來了……上啊！」
SCRIPTSTRING_1058,"A man appears before you, saying:\n\n""I am the Master Alchemist. Take my gift and leave me be.""\nHe then disappears.\n\n",一名男子出現在你面前，說道：\n\n「我是煉金大師。收下我的禮物，然後別再打擾我。」\n接著他便消失了。\n\n
SCRIPTSTRING_1059,A Master Alchemist gave out a 'Vial'.,一位煉金大師給出了一個「小瓶」。
SCRIPTSTRING_1060,"A voice says:\n\n""Keep the faith, kid.""",一個聲音說道：\n\n「保持信念，小子。」
SCRIPTSTRING_1061,"A magic mouth on the wall speaks to you saying this:\n\n""Say to me the value of rote actions.""",牆上的一個魔法之口對你說道：\n\n「告訴我，機械式行動的價值何在。」
SCRIPTSTRING_1062,ENDURABLE,可持久
SCRIPTSTRING_1063,"""You are an endurable bunch after all...""",「你們這群人還真能撐啊……」
SCRIPTSTRING_1064,"""Sorry!"" it says.\n""I'm thirsty,"" whines the mouth.",「抱歉！」它說道。\n「我好渴。」那張嘴哀怨地說。
SCRIPTSTRING_1065,"""\nSorry!"" it says.\n\nIt takes a vial from the party.\n\n""Get me another!"" it screams.",「\n抱歉！」它說道。\n\n它從隊伍中拿走了一瓶藥水。\n\n「再給我拿一瓶來！」它尖叫道。
SCRIPTSTRING_1066,"""Correct!"" it exclaims.",「正確！」它驚呼道。
SCRIPTSTRING_1067,"""You can't possibly know that...""",「你不可能知道那個的……」
SCRIPTSTRING_1068,"A voice says:\n\n""Once again thou hast defeated my Snare. And yet, you see, you're but halfway there!""\n\n""Proceed, small ones, and meet my dare...""",一個聲音說道：\n\n「你再次破解了我的陷阱。然而，你看，你才走了一半！」\n\n「前進吧，渺小的人們，來面對我的挑戰…」
SCRIPTSTRING_1069,Found 'Wand Segment 4'.,發現「魔杖組件 4」。
SCRIPTSTRING_1070,"A sign proclaims:\n\nINTRUDERS -- Know that you trespass on the grounds of the Graphnar Fist. Leave, or die.",一塊告示牌上寫著：\n\n入侵者——須知你正擅闖格拉夫納之拳的領地。離開，否則死。
SCRIPTSTRING_1071,A sign reads:\n\nTraining center... Weapons and Stealth,一塊告示牌上寫著：\n\n訓練中心……武器與潛行
SCRIPTSTRING_1072,A sign reads:\n\nTroop Barracks (A) -- Archers,一塊告示牌上寫著：\n\n部隊兵營（甲）——弓箭手
SCRIPTSTRING_1073,A sign reads:\n\nTroop Barracks (B) -- Swordsmen,一塊告示牌寫著：\n\n部隊營房（B）——劍士
SCRIPTSTRING_1074,A sign proclaims:\n\nCAUTION! Officers allowed to pass here with permits ONLY. (Absolutely NO MAGES allowed ahead!),一塊告示牌宣告：\n\n注意！僅限持有許可證的軍官通行。（前方絕對禁止法師進入！）
SCRIPTSTRING_1075,"A voice says:\n\n""Though seeming of little value, repetitiveness is definitely Endurable. At least up to five times... Then it just becomes insanity.""",一個聲音說道：\n\n「雖然看似沒什麼價值，但重複性確實是能忍受的。至少五次以內……超過五次就會變成瘋狂。」
SCRIPTSTRING_1076,On the wall here is written:\n\nFor every need there is a satiation.,牆上寫著：\n\n每一種需求都有其滿足之道。
SCRIPTSTRING_1077,DANGER: Troops beware! Ahead lies the real-time Puzzle-Snare. Proceed at thy own risk.,危險：部隊當心！前方是即時謎題陷阱。後果自負。
SCRIPTSTRING_1078,Oscon's Fort,奧斯康堡壘
SCRIPTSTRING_1079,"A magic mouth says:\n\n""The fortress of Oscon challenges all who brave its chambers. But its tripwires are treacherous; if you should hit one, and the message TRIPWIRE! appears;",魔法之口說道：\n\n「奧斯康的堡壘向所有膽敢踏入其廳室之人發出挑戰。但此處的絆線陷阱極為險惡；若你不慎觸發，螢幕上將出現『絆線！』的訊息；
SCRIPTSTRING_1080,"You have but scant moments to continue through the passage you are in, or you will die. Turning back at that point will ensure your deaths -- you must head forward...\n\nGood luck.""",你只有極短的時間繼續穿過當前所在的通道，否則必死無疑。此時回頭只會確保你的滅亡——你必須向前邁進……\n\n祝你好運。」
SCRIPTSTRING_1081,"A magic mouth on the wall speaks to you saying this:\nPits of ....""",牆上的魔法之口對你說道：\n「深坑……」
SCRIPTSTRING_1082,Fire,火焰
SCRIPTSTRING_1083,"""The land of ...""",「這片土地……」
SCRIPTSTRING_1084,"A magic mouth on the wall speaks to you saying this:\n""Pits of Fire.""\n""The land of .....""",牆上的魔法之口對你說道：\n「火焰深坑。」\n「這片土地……」
SCRIPTSTRING_1085,Krill,Krill
SCRIPTSTRING_1086,"""Sword of ...""",「……之劍」
SCRIPTSTRING_1087,"A magic mouth on the wall speaks to you saying this:\n""Pits of Fire.""\n""The land of Krill.""\n""Sword of .......""",牆上的魔法之口對你說道：\n「火焰深坑。」\n「Krill 之地。」\n「……之劍。」
SCRIPTSTRING_1088,Silence,寂靜
SCRIPTSTRING_1089,"""... and the word is still...""",「……而話語依然靜止……」
SCRIPTSTRING_1090,"A magic mouth on the wall speaks to you saying this:\n""Pits of Fire.""\n""The land of Krill.""\n""Sword of Silence.""\n""And the word is still.""",牆上的一個魔法之口對你說道：\n「火焰深坑。」\n「克瑞爾之地。」\n「寂靜之劍。」\n「而話語依然靜止。」
SCRIPTSTRING_1091,"A magic mouth on the wall speaks to you saying this:\n""Pits of Fire.""\n""The land of Krill.""\n""Sword of Silence.""\n""The word remains still.""",牆上的一個魔法之口對你說道：\n「火焰深坑。」\n「克瑞爾之地。」\n「寂靜之劍。」\n「話語依然靜止不動。」
SCRIPTSTRING_1092,A faint but familiar sound can be heard in the distance.,遠處傳來一陣微弱但熟悉的聲音。
SCRIPTSTRING_1093,"A magic mouth on the wall speaks to you saying this:\n\n""Seek the master of the zen, whose might was caught by Zanta's men.""",牆上一個魔法之口對你說道：\n\n「尋找禪宗大師，其力量曾遭贊塔的手下所擒。」
SCRIPTSTRING_1094,On the wall is written this poem:\nIn caverns deep near pits of fire\nThe Agron creep and do conspire.,牆上刻著這首詩：\n在火焰深坑附近的洞穴深處\n阿格隆潛伏並密謀策劃。
SCRIPTSTRING_1095,On the wall is written this poem:\nOf battles fought in the land of Krill\nSing bards without a ghostly will.,牆上刻著這首詩：\n在克里爾之地征戰的傳說\n吟遊詩人歌頌，無幽魂之意。
SCRIPTSTRING_1096,On the wall is written this poem:\nSword of silence axe of hate\nDeath arrow's path is always straight.,牆上刻著這首詩：\n沉默之劍，憎恨之斧\n死亡之箭的路徑永遠筆直。
SCRIPTSTRING_1097,"A voice whispers, ""The Zen Master cometh!""",一個聲音低語：「禪宗大師降臨！」
SCRIPTSTRING_1098,"A magic mouth on the wall speaks to you saying this:\n\n""The six you need in directional order, as is spoken of, but you must bond them into a single word.""",牆上一個魔法嘴對你說道：\n\n「你需要按照所說的方位順序找到那六個，但你必須將它們結合成一個詞。」
SCRIPTSTRING_1099,Trip Wire,絆線
SCRIPTSTRING_1100,TRIPWIRE! You have mere moments to get to the other end of the passage.,絆線！你只有片刻時間趕到通道的另一端。
SCRIPTSTRING_1101,OSCON'S MIRROR ROOM,奧斯康的鏡室
SCRIPTSTRING_1102,The party was killed by a Tripwire...\n\nBetter luck next time adventurers.,隊伍被絆線殺死了……\n\n冒險者們，下次好運。
SCRIPTSTRING_1103,"A magic mouth on the wall speaks to you saying this:\n\n""To leave and rise, then seek 6 lies:\nFirst the 3 west then the 3 east, from north to south -- to be released!""",牆上的魔法嘴對你說道：\n\n「欲離去、欲上升，先尋六個謊言：\n先西三、後東三，由北向南——方能解脫！」
SCRIPTSTRING_1104,"An old man stands before you, saying,\n""Give me the name of the last Destroyer.""",一位老人站在你面前，說道：\n「告訴我最後一位毀滅者的名字。」
SCRIPTSTRING_1105,Answer him,回答他
SCRIPTSTRING_1106,Fight him,與他戰鬥
SCRIPTSTRING_1107,Walk Away,轉身離去
SCRIPTSTRING_1108,"""The answer is?""",「答案是什麼？」
SCRIPTSTRING_1109,DERVAK,DERVAK
SCRIPTSTRING_1110,"""Wrong!"" The old man says.",「錯了！」老人說道。
SCRIPTSTRING_1111,"""Yes!"" He screams insanely!",「對了！」他瘋狂地尖叫！
SCRIPTSTRING_1112,The old man starts laughing.,老人開始大笑。
SCRIPTSTRING_1113,"""You know the name...""\n\n""Now face it!"" he screams maniacally.",「你聽過這個名字……」\n\n「現在面對它吧！」他瘋狂地尖叫著。
SCRIPTSTRING_1114,On the wall is etched this message:\n\nOnly 4 men can solve the Snare above.,牆上刻著這段訊息：\n\n只有四個人能解開上方的陷阱。
SCRIPTSTRING_1115,"A voice whispers,\n""Bond them into the Last one's name!""",一個聲音低語道，\n「將他們束縛於最後一人的名諱之中！」
SCRIPTSTRING_1116,D,D
SCRIPTSTRING_1117,E,E
SCRIPTSTRING_1118,R,R
SCRIPTSTRING_1119,V,V
SCRIPTSTRING_1120,A,A
SCRIPTSTRING_1121,K,K
SCRIPTSTRING_1122,"A magic mouth appears and says:\n\n""Sword or mace or axe or pike, dream a dream to gain a STRIKE.""",一張魔法之嘴出現並說道：\n\n「劍或鎚、斧或矛，做個夢便能獲得一擊。」
SCRIPTSTRING_1123,TRIPWIRE!,絆索！
SCRIPTSTRING_1124,OSCON'S FUNHOUSE,奧斯康的歡樂屋
SCRIPTSTRING_1125,"A magic mouth on the wall speaks to you saying this:\n""Say it to ascend:""",牆上的魔法嘴對你說道：\n「說出此語以登高：」
SCRIPTSTRING_1126,STILL,靜止
SCRIPTSTRING_1127,"""Correct. Your way is assured.""",「正確。你的前路已獲確保。」
SCRIPTSTRING_1128,"""The word remains... Your way is assured, yet again.""",「話語猶存……你的道路再次獲得確保。」
SCRIPTSTRING_1129,You hear a faint but familiar sound in the near distance.,你聽到近處傳來微弱但熟悉的聲音。
SCRIPTSTRING_1130,On the wall is written:\n\nSay the Word to ascend...,牆上寫著：\n\n說出真言以昇華……
SCRIPTSTRING_1131,A sign reads:\n\nThe step into the unknown.,一塊告示牌寫著：\n\n踏入未知的一步。
SCRIPTSTRING_1132,"A voice says:\n\n""The Zen Master needs no introduction.""",一個聲音說道：\n\n「禪宗大師無需介紹。」
SCRIPTSTRING_1133,"On the wall is written:\n\nIn Skara Brae did Mangar reside, yet his brother travelled farther yet, and now is your nemesis...",牆上寫著：\n\n在斯卡拉布雷，曼加曾棲身，但他的兄弟走得更遠，如今成了你的宿敵……
SCRIPTSTRING_1134,"On the wall is etched:\n\nThe Bezwark came, the axeman fell.\n\nThe key was dropped, within the well.",牆上刻著：\n\n貝茲瓦克來了，斧手倒下。\n\n鑰匙掉落，沉入井中。
SCRIPTSTRING_1135,Oscon,奧斯康
SCRIPTSTRING_1136,You just walked into the presence of the Master Mage Oscon.,你剛走進了大法師奧斯康的所在之處。
SCRIPTSTRING_1137,"""Mangar was my brother. When you ruined his plans, I bided my time until an opportunity to avenge him presented itself.""\n\n""Now you will follow him to the grave!\nPrepare thyselves!"" He shouts.",「曼加是我的兄弟。當你們毀了他的計畫時，我耐心等待，直到復仇的機會來臨。」\n\n「現在你們將隨他步入墳墓！\n準備受死吧！」他大喊道。
SCRIPTSTRING_1138,This will be the toughest battle of your lives.,這將是你們一生中最艱難的戰鬥。
SCRIPTSTRING_1139,Snare #5,陷阱 #5
SCRIPTSTRING_1140,Death Snare #5,死亡陷阱 #5
SCRIPTSTRING_1141,"A voice says:\n\n""Once again, I greet thee, oh ye soon-to-die. You are within the Death Snare and must seek the solution before you are totally lost...""",一個聲音說道：\n\n「吾再次向汝致意，噢，汝等將死之人。汝已身陷死亡陷阱，必須在徹底迷失前尋得解方……」
SCRIPTSTRING_1142,There is a strange statue here.,此處有一座奇異的雕像。
SCRIPTSTRING_1143,There is a strange statue here.\n\nYou can:,這裡有一座奇異的雕像。\n\n你可以：
SCRIPTSTRING_1144,Say his name,說出他的名字
SCRIPTSTRING_1145,Walk away,轉身離開
SCRIPTSTRING_1146,What is it?,這是什麼？
SCRIPTSTRING_1147,Rock,岩石
SCRIPTSTRING_1148,Your party is full.,你的隊伍已滿。
SCRIPTSTRING_1149,Who do you wish to get rid of?,你想趕走誰？
SCRIPTSTRING_1150,Cancel,取消
SCRIPTSTRING_1151,SCISSOR,剪刀
SCRIPTSTRING_1152,PAPER,布
SCRIPTSTRING_1153,"A magic mouth on the wall speaks to you saying this:\n\n""That which flame can defeat can win over the one which leads to life. Your travels converge on this or death. Time's a wasting...""",牆上的魔法嘴對你說道：\n\n「凡火焰能擊敗之物，便能勝過那引領生命之物。你的旅程在此匯聚，或生或死。時不我予…」
SCRIPTSTRING_1154,"A magic mouth on the wall speaks to you saying this:\n\n""Not yet, mortals. Until the 3 of paradox fill the top of your ranks, ye must return...""",牆上的魔法嘴對你說道：\n\n「時機未到，凡人。直到三位悖論者填滿你隊伍的頂層，你們必須返回…」
SCRIPTSTRING_1155,"A voice says:\n\n""Lucky ones, and yet I'll crush the life from you! Your pain is my strength, and your despair my laughter...""",一個聲音說道：\n\n「幸運兒，但我仍會將你們的生命碾碎！你們的痛苦是我的力量，你們的絕望是我的笑聲…」
SCRIPTSTRING_1156,Found 'Wand Segment 5'.,找到「魔杖碎片 5」。
SCRIPTSTRING_1157,Written on the wall is this message:\n\nMages beware: Oscon allows none to glory...,牆上寫著這段訊息：\n\n法師們當心：Oscon 不許任何人獲得榮耀…
SCRIPTSTRING_1158,"Oscon, in the flesh, baby.",奧斯康本人駕到，寶貝。
SCRIPTSTRING_1159,"On the wall is etched this note:\n\nTo wrap, to cut, and even smash, I think you'll find this Snare a bash.",牆上刻著這段話：\n\n「包裹、切割、甚至砸碎，我想你會發現這陷阱一擊即潰。」
SCRIPTSTRING_1160,"A voice says:\n""Hear from him who knoweth best: east has always bested west.""",一個聲音說道：\n「聽最懂的人說：東方永遠勝過西方。」
SCRIPTSTRING_1161,"A voice whispers:\n""Exit, turn right, walk 2, turn left, walk 2, turn to see Scissor.""",一個聲音低語：\n「出去，右轉，走兩步，左轉，走兩步，轉身就能看見剪刀。」
SCRIPTSTRING_1162,"A voice proclaims:\n""Name the three, east, south, and west, to gain exit when needed.""",一個聲音宣告：\n「說出三個名字：東、南、西，就能在需要時離開。」
SCRIPTSTRING_1163,On the wall is written:\n\nAsk the wise of the GREY CRYPT...,牆上寫著：\n\n去問灰色墓穴的智者……
SCRIPTSTRING_1164,Grey Crypt,灰色墓穴
SCRIPTSTRING_1165,The stairs are gone...?,樓梯不見了……？
SCRIPTSTRING_1166,"A magic mouth on the wall speaks to you saying this:\n\n""Hear this, mortals:\nThe sphynx asks a riddle with 2 answers, one which allows release through Sword, and one which Wizely brings you closer to the Snare.""",牆上一個魔法之口對你說道：\n\n「聽著，凡人：\n史芬克斯提出一個謎題，有兩個答案，一個能藉由劍刃獲得釋放，另一個則以智慧使你更接近陷阱。」
SCRIPTSTRING_1167,"A Sphynx stands before you, and says:\n\n""Two answers here I will accept:\nEach is a creature of the Crypt. Name it:""",一隻史芬克斯站在你面前，說道：\n\n「兩個答案我都接受：\n每個都是墓穴中的生物。說出它的名字：」
SCRIPTSTRING_1168,WIZE ONE,WIZE ONE
SCRIPTSTRING_1169,DEATH SWORD,DEATH SWORD
SCRIPTSTRING_1170,"""Sorry.""",「抱歉。」
SCRIPTSTRING_1171,"""I think I like you.""",「我想我喜歡你。」
SCRIPTSTRING_1172,There are some bleached bones here.,這裡有一些褪色的白骨。
SCRIPTSTRING_1173,"The eerie silence of the Crypt lies all around you. This is a place which drains all magic from the air around you, and all will from your mortal forms.",墓穴中詭異的寂靜籠罩著你四周。此處會吸盡周圍空氣中的所有魔法，以及你凡人身軀中的一切意志。
SCRIPTSTRING_1174,On the wall is scrawled this message:\n\nTo continue is to cut off all hope of life!,牆上潦草地刻著這段訊息：\n\n繼續前進，便是斷絕所有生還的希望！
SCRIPTSTRING_1175,"A voice says:\n\n""You sell your steel past dawn and drift, yet secret is the ancient gift to offer up a blessed lift.""",一個聲音說道：\n\n「你在黎明後售出鋼鐵並漂流，然而古老的贈禮祕而不宣，以賜予神聖的提昇。」
SCRIPTSTRING_1176,"A voice says:\n\n""Past days of wisdom's early reign,\npast years of fire, wrath, and pain,\na passage down you've yet to gain.""",一個聲音說道：\n\n「在智慧初掌權威的日子之後，\n在烈火、憤怒與苦痛的歲月之後，\n有一條通道你尚未獲得。」
SCRIPTSTRING_1177,On the wall is etched:\n\nBe not bold -- it's twice foretold!,牆上刻著：\n\n勿要魯莽——此乃雙重預言！
SCRIPTSTRING_1178,Ask the wise of DESTINY STONE.,詢問命運之石的智者。
SCRIPTSTRING_1179,Snare #6,陷阱 #6
SCRIPTSTRING_1180,Death Snare #6,死亡陷阱 #6
SCRIPTSTRING_1181,"A voice says:\n\n""Prepare for your death, oh mortal fools. The sixth Snare will beat you, and few are those who have ever solved its twisted pattern...""",一個聲音說道：\n\n「準備迎接死亡吧，凡人之愚者。第六道陷阱將擊敗你們，能解開其扭曲格局者寥寥無幾……」
SCRIPTSTRING_1182,"A magic mouth on the wall speaks to you saying this:\n\n""Yes, I think you've got it...""",牆上一個魔法之口對你們說道：\n\n「是的，我想你們已經明白了……」
SCRIPTSTRING_1183,"A magic mouth on the wall speaks to you saying this:\n\n""MISTAKE! Seek knowledge near, to make it clear.""",牆上的魔法嘴對你說道：\n\n「錯誤！就近尋求知識，方能釐清一切。」
SCRIPTSTRING_1184,"A voice says:\n\n""Your skill is surprising, if not incredible, and yet the greatest snare lies ahead, and after that...""",一個聲音說道：\n\n「你的技巧令人驚嘆，縱非難以置信，但最巨大的陷阱仍在前面，而在那之後……」
SCRIPTSTRING_1185,"""Me...""",「我……」
SCRIPTSTRING_1186,Found 'Wand Segment 6'.,發現「魔杖片段 6」。
SCRIPTSTRING_1187,Blue Mage,藍法師
SCRIPTSTRING_1188,"A mage in a blue robe appears and says:\n\nA sequence lost must now be found -- with that I think I'll see you around!""",一名身穿藍袍的法師現身說道：\n\n「失去的序列必須尋回——我想我們後會有期了！」
SCRIPTSTRING_1189,Grey Mage,灰袍法師
SCRIPTSTRING_1190,"A mage in a grey robe appears and says:\n\n""The game you thrice must commit, and now I'll see you in a bit!""",一名身穿灰袍的法師現身說道：\n\n「這場遊戲你必須進行三次，現在我們待會見！」
SCRIPTSTRING_1191,The spinner is gone.,迷向器消失了。
SCRIPTSTRING_1192,A sign reads:\n\nThe Tomb of the Vampire Dragon -- Adventurers Beware!!!,一塊告示牌寫著：\n\n吸血鬼龍之墓——冒險者當心！！！
SCRIPTSTRING_1193,"On the wall is written this message:\n\nThe Snare is a calculated sequence; learn it quickly, or perish!",牆上寫著這段訊息：\n\n「陷阱是一套經過計算的序列；快點學會它，否則死路一條！」
SCRIPTSTRING_1194,"A voice whispers:\n\n""Past the Tomb lies the true snare.""",一個聲音低語：\n\n「越過墓穴之後，才是真正的陷阱。」
SCRIPTSTRING_1195,On the wall is etched:\n\nBe not bereft... first try lower left!,牆上刻著：\n\n別迷失方向……先試試左下角！
SCRIPTSTRING_1196,Soon... the Zen Master!,快了……禪師即將現身！
SCRIPTSTRING_1197,"On the wall is a message, written in blood:\n\nWherein wisdom lies, as the clock ticks, doorways to success can be uncovered.",牆上有一則用鮮血寫成的訊息：\n\n智慧所在之處，隨著時鐘滴答作響，通往成功的門徑便能被揭開。
SCRIPTSTRING_1198,"A voice says:\n\n""A central annoyance is fixable.""",一個聲音說道：\n\n「中央的煩惱是可以解決的。」
SCRIPTSTRING_1199,"A magic mouth appears and says:\n\n""If the spell of dreams you wield, safe you'll be behind its SHIELD.""",一個魔法之口出現並說道：\n\n「若你掌握夢之法術，躲在它的『護盾』之後便安全無虞。」
SCRIPTSTRING_1200,"There are stairs here, going up.\nDo you wish to take them?",這裡有樓梯，通往上方。\n你是否要使用它們？
SCRIPTSTRING_1201,Yes,是
SCRIPTSTRING_1202,No,否
SCRIPTSTRING_1203,"A mage stands in this chamber, tossing a fiery sphere. He snarls at you, saying:\n\n""Okay, scumbags, tell me what the plan is, or you're going nowhere.""",一名法師佇立於此室中，手中拋擲著一顆火球。他對你咆哮道：\n\n「好了，人渣們，告訴我計畫是什麼，否則你們哪兒也別想去。」
SCRIPTSTRING_1204,Near,附近
SCRIPTSTRING_1205,"""You blew it, turkeys!""",「你們搞砸了，蠢貨們！」
SCRIPTSTRING_1206,"""Okay, you know it. Now get out of here.""",「好了，你們知道了。現在給我滾出去。」
SCRIPTSTRING_1207,"The mage tossing a fiery sphere, still stands in this chamber.\n\n""The scumbags return? Surely you can't have forgotten the plan. Get out of here.""",那名拋擲火球的法師仍站在此室中。\n\n「人渣們又回來了？你們肯定沒忘記計畫吧。滾出去。」
SCRIPTSTRING_1208,"A voice whispers:\n\n""Hear the sphere, speak the truth, the plan is near though quite uncouth.""",一個聲音低語：\n\n「聆聽球體，道出真相，計畫將近，雖顯粗鄙。」
SCRIPTSTRING_1209,"A voice chuckles:\n\n""Late we were for the battle's crest, yet on the Bronze shield were we blessed.""",一個聲音輕笑：\n\n「我們遲來戰役之巔，卻在青銅盾上蒙受祝福。」
SCRIPTSTRING_1210,The Bold One cometh!,勇者降臨！
SCRIPTSTRING_1211,On the wall is written this message:\n\nSeek the Narn Temple. He who approaches the altar may restore that which was broken.,牆上寫著這段訊息：\n\n尋找納恩神廟。接近祭壇者，或可修復破碎之物。
SCRIPTSTRING_1212,"On the wall, scrawled in blood, is:\n\nOnly a Master Mage can do the impossible.",牆上以血跡潦草寫著：\n\n唯有大法師方能成就不可能之事。
SCRIPTSTRING_1213,"A voice says:\n\n""It's a one-way road to the final Snare. Continue at your own risk.""",一個聲音說道：\n\n「這是一條通往最終陷阱的單行道。繼續前進，後果自負。」
SCRIPTSTRING_1214,"A magic mouth on the wall says:\n\n""The spell of dreams is near, but first five words you must hear.""",牆上的一個魔法之口說道：\n\n「夢之法術近在咫尺，但你必須先聽到五個字。」
SCRIPTSTRING_1215,"A magic mouth on the wall says:\n\n""The spell of dreams may here be earned. Just speak the words in order learned.""",牆上的一個魔法之口說道：\n\n「夢之法術可在此獲得。只需按學到的順序說出這些字。」
SCRIPTSTRING_1216,MALLET,MALLET
SCRIPTSTRING_1217,SHIELD\nMALLET,SHIELD\nMALLET
SCRIPTSTRING_1218,HEAL,HEAL
SCRIPTSTRING_1219,SHIELD\nMALLET\nHEAL,SHIELD\nMALLET\nHEAL
SCRIPTSTRING_1220,STRIKE,STRIKE
SCRIPTSTRING_1221,SHIELD\nMALLET\nHEAL\nSTRIKE,SHIELD\nMALLET\nHEAL\nSTRIKE
SCRIPTSTRING_1222,DISRUPT,DISRUPT
SCRIPTSTRING_1223,SHIELD\nMALLET\nHEAL\nSTRIKE\nDISRUPT,SHIELD\nMALLET\nHEAL\nSTRIKE\nDISRUPT
SCRIPTSTRING_1224,"""Knowledge you have sought. Power you can wield...""",「你所追尋的知識，你能駕馭的力量……」
SCRIPTSTRING_1225,"""Who will come forward to learn the spell of power...?""",「誰願意上前來學習這道力量法術……？」
SCRIPTSTRING_1226,"""You will not wield the spell. Return to me with the five to tell.""",「你無法駕馭這道法術。帶著那五個答案回來見我。」
SCRIPTSTRING_1227,"A magic mouth says:\n\n""You have returned. Who would like to learn the spell of power?""",一個魔法之口說道：\n\n「你回來了。誰想學習這道力量法術？」
SCRIPTSTRING_1228,"""You seem worthy... Archmage {0}.""",「你看來夠格……大法師 {0}。」
SCRIPTSTRING_1229,The magic mouth begins to whisper to Archmage {0}.,魔法之口開始對大法師 {0} 低語。
SCRIPTSTRING_1230,"The magic mouth explained to Archmage {0}, how to cast the 'Dreamspell'.",魔法之口向大法師 {0} 解釋了如何施展「夢境法術」。
SCRIPTSTRING_1231,"The magic mouth yells:\n\n""Only Archmages are worthy of this secret!""\n\nThis spell is far too powerful for {0} to wield.",魔法之口大喊：\n\n「只有大法師才配知曉這個秘密！」\n\n這個法術對 {0} 來說太過強大，無法駕馭。
SCRIPTSTRING_1232,There is a statue of a pale old man here.,這裡有一座蒼老男子的雕像。
SCRIPTSTRING_1233,There is a statue of a pale old man here.\n\nYou can:,此處有一座蒼老老人的雕像。\n\n你可以：
SCRIPTSTRING_1234,Look at it,仔細端詳
SCRIPTSTRING_1235,It came to life!,它竟然活過來了！
SCRIPTSTRING_1236,There is a statue of a small yellow dragon here.,此處有一座小型黃龍的雕像。
SCRIPTSTRING_1237,There is a statue of a small yellow dragon here.\n\nYou can:,此處有一座小型黃龍的雕像。\n\n你可以：
SCRIPTSTRING_1238,"It came to life, and it grew!",它活了過來，而且還變大了！
SCRIPTSTRING_1239,There is a statue of a blue lizard here.,這裡有一座藍色蜥蜴的雕像。
SCRIPTSTRING_1240,There is a statue of a blue lizard.\n\nYou can:,這裡有一座藍色蜥蜴的雕像。\n\n你可以：
SCRIPTSTRING_1241,There is a statue of a knight with a bronze shield here.,這裡有一座手持青銅盾牌的騎士雕像。
SCRIPTSTRING_1242,There is a statue of a knight with a bronze shield here.\n\nYou can:,這裡有一座手持青銅盾牌的騎士雕像。\n\n你可以：
SCRIPTSTRING_1243,"A voice whispers:\n\n""The four statues will attack you if examined.""",一個聲音低語：\n\n「若檢查四尊雕像，它們便會攻擊你。」
SCRIPTSTRING_1244,It's kind of slippery here.,這裡有點滑。
SCRIPTSTRING_1245,Snare #7,陷阱 #7
SCRIPTSTRING_1246,Death Snare #7,死亡陷阱 #7
SCRIPTSTRING_1247,"A voice speaks to you:\n\n""Once again, foolish ones, you have sprung the Snare. This one will beat you though. The clock is running...""",一個聲音對你說話：\n\n「愚昧之徒，你們又一次觸發了陷阱。但這回可沒那麼簡單。時光正在流逝……」
SCRIPTSTRING_1248,Hot coals ahead!,前方有熾熱的炭火！
SCRIPTSTRING_1249,"A magic mouth on the wall speaks to you saying this:\n\n""Of old portent the song will read; name the hands which did the deed.""",牆上的一個魔法之口對你說道：\n\n「古老的預兆將在歌中顯現；說出完成此舉的雙手之名。」
SCRIPTSTRING_1250,STORM FISTS,STORM FISTS
SCRIPTSTRING_1251,"""Sorry, but wrong.""",「抱歉，但答錯了。」
SCRIPTSTRING_1252,"A voice whispers:\n\n""Your party doesn't look very zen.""",一個聲音低語道：\n\n「你的隊伍看起來不太禪意。」
SCRIPTSTRING_1253,"A voice whispers:\n\n""The calm are always the ones who shine...""",一個聲音低語：\n\n「沉著之人，總能閃耀光芒……」
SCRIPTSTRING_1254,"A voice whispers:\n\n""A calm head lets you see true change...""",一個聲音低語：\n\n「冷靜的頭腦，方能看清真正的變化……」
SCRIPTSTRING_1255,"A voice whispers:\n\n""Seems like you could use some bling.""",一個聲音低語：\n\n「看來你需要一些閃亮的玩意兒。」
SCRIPTSTRING_1256,"A magic mouth on the wall speaks to you saying this:\n\n""The ancient scribe had said it all: name to where went evil's call.""",牆上的一個魔法之口對你說道：\n\n「古代抄寫員早已道盡一切：說出邪惡呼喚所至之處的名字。」
SCRIPTSTRING_1257,GALE,蓋爾
SCRIPTSTRING_1258,"""Wrong, bud."" he says.",「錯啦，老兄。」他說道。
SCRIPTSTRING_1259,"""Correct!""\n\n",「正確！」\n\n
SCRIPTSTRING_1260,Found 'The Ring'.,找到了「戒指」。
SCRIPTSTRING_1261,"A magic mouth on the wall speaks to you saying this:\n\n""The one of whom is great in fame, restore to him his proper name:""",牆上的一個魔法之口對你說道：\n\n「那位名聲顯赫之人，請歸還他應有的名諱：」
SCRIPTSTRING_1262,Arkast,Arkast
SCRIPTSTRING_1263,"""Bad guess...""",「猜錯了……」
SCRIPTSTRING_1264,"A magic mouth on the wall speaks to you saying this:\n\n""A tale to tell of ages gone, which bards once sang in deep despair, of he who fought the evil one, and cast his fate within the Snare.""",牆上的一個魔法嘴對你說道：\n\n「一段遠古傳說，吟遊詩人曾絕望吟唱，關於他與邪惡之戰，將命運投入陷阱之網。」
SCRIPTSTRING_1265,"""Past shuttered door and fractured glass, the Dark one called into the gale: within the black and shadowed mass, the face of Bold began to pale.""",「穿過緊閉的門扉與碎裂的玻璃，黑暗者向狂風呼喚：在漆黑陰影的混沌中，勇者之顏開始蒼白。」
SCRIPTSTRING_1266,"""As storm fists scored his broken back, and steel whirled in his bloody hand, the Bold one screamed and then, alack, his sword became as brittle as sand.""",「當暴風之拳擊碎他的脊背，鋼鐵在他血手中旋轉，勇者尖嘯，唉，他的劍碎如沙塵。」
SCRIPTSTRING_1267,"""The one of pure and solid creed - was gone and bent to evil's task. Until by good he shall be freed his name is all I truly ask:""",「那純粹堅定之人——已墮落屈服於邪惡之務。直到善行將他解放，我唯一所求的是其名：」
SCRIPTSTRING_1268,A Magic Mouth that tells a rather long story.,一個會講述相當長故事的魔法之嘴。
SCRIPTSTRING_1269,ZEN MASTER,禪宗大師
SCRIPTSTRING_1270,"""Correct.""",「正確。」
SCRIPTSTRING_1271,Your party is full...,你的隊伍已滿……
SCRIPTSTRING_1272,"""Curses! I'll see you soon, foolish ones!""\n\n""Seek me at the hut of the Sage, and meet your destiny.""",「可惡！我們很快就會再見面，愚蠢的傢伙們！」\n\n「到賢者小屋來找我吧，迎接你的命運。」
SCRIPTSTRING_1273,Found 'Wand Segment 7'.,發現「魔杖碎片 7」。
SCRIPTSTRING_1274,"When danger, oft a variable can split an old path.",當危險來臨時，一個變數常能分裂舊有的道路。
SCRIPTSTRING_1275,There's nothing to be seen here... yet.,此處尚無所見……時機未到。
SCRIPTSTRING_1276,He's but a corpse without a past.\nUntil you call his name...\nArkast!,他只是具沒有過往的屍骸。\n直到你呼喚他的名字……\n阿卡斯特！
SCRIPTSTRING_1277,Only he of which we sing;\nCan in good faith make use the ring.,唯有我們歌頌之人；\n方能誠心善用此戒指。
SCRIPTSTRING_1278,"The Narn Temple lies close to the sage, to the south west of Corinth.",納恩神廟靠近賢者之居，位於科林斯西南方。
SCRIPTSTRING_1279,On the wall is scrawled:\n\nThe first:\n\n  ↓ ↓ ↓ ← ↑ ← ← ← ←\n\n  ↑ → → → → ↑ ← ↑,牆上潦草地寫著：\n\n第一道：\n\n  ↓ ↓ ↓ ← ↑ ← ← ← ←\n\n  ↑ → → → → ↑ ← ↑
SCRIPTSTRING_1280,On the wall is scrawled:\n\nThe second:\n\n  ↓ ↓ ↓ ← ← ← ← ← ←\n\n  ↑ ↑ ← ↑ → → ↓ ↓ →\n\n  → ↑ ← ↑ → → ↑,牆上潦草地寫著：\n\n第二道：\n\n  ↓ ↓ ↓ ← ← ← ← ← ←\n\n  ↑ ↑ ← ↑ → → ↓ ↓ →\n\n  → ↑ ← ↑ → → ↑
SCRIPTSTRING_1281,On the wall is scrawled:\n\nThe third:\n\n  ← ↓ → ↓ ↓ ← ← ← ←\n\n  ← ← ← ← ↑ ↑ ↑ ↑ →\n\n  → → ↓ ↓ → → → ↑ ↑,牆上潦草地寫著：\n\n第三道：\n\n  ← ↓ → ↓ ↓ ← ← ← ←\n\n  ← ← ← ← ↑ ↑ ↑ ↑ →\n\n  → → ↓ ↓ → → → ↑ ↑
SCRIPTSTRING_1282,On the wall is scrawled:\n\nThe fourth:\n\n  ← ↓ ← ← ↑ → ↑,牆上潦草地寫著：\n\n第四道：\n\n  ← ↓ ← ← ↑ → ↑
SCRIPTSTRING_1283,On the wall is scrawled:\n\nThe fifth:\n\n  ↓ ↓ ↓ ← ← ← ← ← ↑\n\n  → → → → ↑ ← ← ← ←\n\n  ↑ → → → ↑,牆上潦草地寫著：\n\n第五道：\n\n  ↓ ↓ ↓ ← ← ← ← ← ↑\n\n  → → → → ↑ ← ← ← ←\n\n  ↑ → → → ↑
SCRIPTSTRING_1284,On the wall is scrawled:\n\nThe sixth:\n\n  ↓ ↓ ↓ ← ↑ ↑ ← ↓\n\n  ↓ ← ← ← ← ↑ → →\n\n  → ↑ ↑ → ↑,牆上潦草地寫著：\n\n第六道：\n\n  ↓ ↓ ↓ ← ↑ ↑ ← ↓\n\n  ↓ ← ← ← ← ↑ → →\n\n  → ↑ ↑ → ↑
SCRIPTSTRING_1285,On the wall is scrawled:\n\nThe seventh:\n\n  ↓ ← ← ← ← ← ← ↓\n\n  ↓ ← ← ↑ ↑ ↑ → →\n\n   → → → → ↑,牆上潦草地寫著：\n\n第七道：\n\n  ↓ ← ← ← ← ← ← ↓\n\n  ↓ ← ← ↑ ↑ ↑ → →\n\n   → → → → ↑
SCRIPTSTRING_1286,Saradon's Workshop,薩拉頓的工作坊
SCRIPTSTRING_1287,"A long corridor stretches out before you, through walls stacked to the ceiling with books. You can almost feel the magic in the air.",一條長廊在你面前延伸開來，兩側牆壁堆滿了直達天花板的書籍。你幾乎能感受到空氣中瀰漫的魔法氣息。
SCRIPTSTRING_1288,"A sign on the wall reads:\n\n""Saradon's Workshop. The uninvited are not welcome.""",牆上掛著一塊牌子，寫著：\n\n「薩拉頓的工作坊。未受邀者謝絕進入。」
SCRIPTSTRING_1289,"You find a scrap of parchment in the handwriting of Saradon. It reads:\n\nIf you're reading this, you have already proven yourself in my maze of teleports. Respect my workshop please, but take what you need. You may find something of use. Farewell and good luck.",你找到了一張羊皮紙碎片，上面是薩拉頓的筆跡，寫著：\n\n如果你正在讀這段文字，表示你已經在我的傳送迷宮中證明了自己。請尊重我的工作坊，但需要什麼就拿吧。你也許能找到些有用的東西。珍重，祝你好運。
SCRIPTSTRING_1290,"You stumble over an open book on the floor.\n\nIt seems that Saradon maintained a correspondence with Longinus, the mad prophet of Skara Brae. Longinus’ replies seem to have consisted of nothing more than inscrutable rhymes. You pick up one such example and read it...\n\nBy tor and loch by burn and tarn.\nYour fate lies in the lap of Narn.",你被地上的一本翻開的書絆了一下。\n\n看來薩拉頓與史卡拉布雷的瘋狂先知隆基努斯保持著書信往來。隆基努斯的回覆似乎盡是些難以理解的韻文。你撿起其中一封讀了起來……\n\n越過山丘與湖泊，穿過溪流與池塘。\n你的命運，掌握在納恩的膝上。
SCRIPTSTRING_1291,"More notes from Longinus catch your eye, these just as cryptic as the previous\n\nThe greatest heroes number seven.\nAssume their roles and rise to heaven.",隆基努斯的更多筆記吸引了你的目光，這些和之前的一樣晦澀難懂：\n\n最偉大的英雄共有七位。\n扮演他們的角色，升天歸位。
SCRIPTSTRING_1292,On a low table there is yet another piece of nonsensical poetry from the mad prophet:\n\nThough high you fly or low you stoop.\nYou will never be worthy of the soup.,矮几上又放著一首來自瘋狂先知的無意義詩歌：\n\n任你高飛或低俯。\n你永遠不配那碗湯。
SCRIPTSTRING_1293,You find what seems to be a longer draft of the letter you received from Saradon.,你找到了一封似乎是薩拉頓寄給你的信件更長的草稿。
SCRIPTSTRING_1294,"My name is Saradon, a wizard of some fame and little fortune. Though you know me not, and we have never met, I feel that I have known you all my life. For the story of your deeds, your entanglement with Mangar and his evil horde in Skara Brae, flows from the lips of every Bard throughout the Realm.",吾名薩拉頓，一位小有名氣卻囊中羞澀的巫師。你雖不識我，我們也未曾謀面，但我卻覺得彷彿認識了你一輩子。因為你的事蹟——你在斯卡拉布雷與曼加爾及其邪惡大軍的糾葛——早已隨著王國中每位吟遊詩人的歌謠傳頌開來。
SCRIPTSTRING_1295,"For this reason, for your courage and experience, I have contacted you above all others. For now we face an evil much greater than Mangar's. An evil that threatens not the safety and tranquility of but one city, nae... an evil that threatens the existence of the entire Realm and all the cities and citizens within!",正因如此，鑑於你的勇氣與經驗，我選擇聯繫你而非他人。如今我們面對的邪惡遠比曼加爾更為強大。這股邪惡威脅的不僅是一座城市的安寧……不，它威脅的是整個王國的存在，以及其中所有的城市與子民！
SCRIPTSTRING_1296,"Recall now the lessons of your childhood. The story of Turin, the Archmage who forged the Destiny Wand in the molten depths of the holy mountain Krontor. The Destiny Wand, the uniting force which has rallied armies to the aid of the Realm, and has maintained peace and prosperity for the last 700 years.",現在，請回想你兒時聽過的故事。關於大法師圖林的故事——他在聖山克朗托的熔岩深處鍛造了命運之杖。命運之杖，那股團結的力量，曾集結大軍保衛王國，並在過去七百年間維持了和平與繁榮。
SCRIPTSTRING_1297,"But look around you now, where has the power of the Destiny Wand gone? Lawless mercenaries from the neighboring kingdom of Lestradae have invaded the Realm and now run rampant through the streets. Even in Tangramayne, our capital! It is they who have taken the Destiny Wand, with the guidance of an evil Archmage known as Lagoth Zanta.",但看看你四周，命運之杖的力量如今何在？來自鄰國萊斯特拉迪的無法傭兵已入侵王國，在街頭橫行無忌。甚至在我們的首都坦格拉梅因也是如此！正是他們，在一位名為拉戈斯·贊塔的邪惡大法師指引下，奪走了命運之杖。
SCRIPTSTRING_1298,"Although Lagoth has thwarted each of my attempts to gain knowledge of his powers and location, I have been able to discover that the Destiny Wand lies broken in seven pieces, at seven different locations. Lagoth has placed each fragment of the scepter within a Snare of Death - a puzzle room that will require all the wisdom and cunning at your disposal in order for you to survive.",儘管拉戈斯挫敗了我每一次探查他力量與藏身之處的嘗試，但我仍設法發現命運權杖已斷裂成七塊碎片，散落在七個不同的地點。拉戈斯將權杖的每一塊碎片都放置在「死亡陷阱」之中——這是一個謎題房間，你必須運用所有的智慧與機智才能存活下來。
SCRIPTSTRING_1299,"Do you believe in legends?\n\nLegend states that, Unimaginable power is bestowed upon the one who reforges the Destiny Wand... Regardless of whether or not you hold faith in the stuff of legend, you must defeat Lagoth Zanta, regain the seven fragments, and reforge the Destiny Wand - it is the only way to save the Realm.",你相信傳說嗎？\n\n傳說記載，無可想像的力量將賜予重鑄命運權杖之人……無論你是否相信傳說中的事物，你必須擊敗拉戈斯·贊塔，奪回七塊碎片，並重鑄命運權杖——這是拯救王國的唯一方法。
SCRIPTSTRING_1300,"Now I must hurry, for in my attempts to glean knowledge of Lagoth, he has discovered my prying magic and even now his mercenaries approach. I care not for my own safety, but I pray that my magic is still strong enough to deliver this letter into your hands.",現在我必須趕緊行動，因為在我試圖窺探拉戈斯知識的過程中，他已發現了我的探查魔法，此刻他的傭兵正步步逼近。我並不關心自己的安危，但我祈禱我的魔法仍足夠強大，能將這封信送到你手中。
SCRIPTSTRING_1301,"My workshop contains powerful quest knowledge which I have gathered using magic and other, more physical, methods. Use it to help you during your quest. My only regret is that I cannot personally be there to counsel you during your quest. May fate smile upon you... and upon me.\n\nSaradon.",我的工坊中藏有強大的任務知識，這些知識是我透過魔法以及其他更為實際的方法所收集而來。請善用它們來協助你的旅程。我唯一的遺憾是無法親自在你冒險途中提供建言。願命運眷顧你……也眷顧我。\n\n——薩拉頓。
SCRIPTSTRING_1302,"You find a staff leaning against the bookshelf.\n\nIt has a note attached to it, which reads:\n\n""This staff harmonizes the magical energies around it and channels them into the wielder, replenishing their spell points.\n\nTake it, for it will surely provide some assistance to you on your journey, adventurers.""",你發現一根法杖靠在書架上。\n\n上面繫著一張紙條，寫著：\n\n「這根法杖能調和周圍的魔法能量，並將其導入持有者體內，補充其法術點數。\n\n拿去吧，冒險者們，它必定能在你們的旅程中提供一些幫助。」
SCRIPTSTRING_1303,"You find some handwritten notes from Saradon upon a stack of books. They read:\n\n""I've come across a spell of such power that a mage may only know it in transience. I first learnt of its existence in the Tombs, but to dream of wielding it one must delve into the Destiny Stone...""",你在成堆的書本上發現薩拉頓的手寫筆記。內容寫著：\n\n「我偶然發現一道咒語，其力量之強大，法師僅能短暫領悟。我最初是在墓穴中得知它的存在，但若要夢想掌握它，就必須深入命運之石……」
SCRIPTSTRING_1304,"Some more notes lay here:\n\n""To learn the spell one must take five clues into the stone. But the order, it's all wrong...""",這裡還有更多筆記：\n\n「要學會這道咒語，必須帶著五條線索進入石中。但順序完全錯了……」
SCRIPTSTRING_1305,"And another page reads:\n\n""The crypt holds the first, and a maze will lead you to the second...""",另一頁寫著：\n\n「墓穴藏有第一條，迷宮將引你找到第二條……」
SCRIPTSTRING_1306,"And another page reads:\n\n""The third lies in a castle, and a fort for the fourth.""",另一頁寫著：\n\n「第三條位於城堡中，堡壘則藏有第四條。」
SCRIPTSTRING_1307,"A final page reads:\n\n""A tall tower keeps the final secret.""",最後一頁寫著：\n\n「高塔守護著最終的秘密。」
SCRIPTSTRING_1308,"You find a note from Saradon's personal journal.\n\nThe mysterious appearance of the tower to the south is of great concern to me. Combined with the treachery of Oscon's betrayal to Count Waldec, things are at a boiling point. The time has come to seek help from abroad.",你發現了一張來自薩拉頓私人日記的紙條。\n\n南方那座塔的神祕出現令我深感憂慮。加上奧斯康背叛瓦爾戴克伯爵的背信棄義之舉，局勢已一觸即發。是時候向海外尋求援助了。
SCRIPTSTRING_1309,Wilderness,荒野
SCRIPTSTRING_1310,You're in the forest outside of Skara Brae,你身處斯卡拉布雷城外的森林中
SCRIPTSTRING_1311,Scrapwood,廢木林
SCRIPTSTRING_1312,Shrine,聖壇
SCRIPTSTRING_1313,You have stepped into the wilderness for the first time. Would you like a quick tutorial on the game controls before you proceed?,你初次踏入了荒野。在繼續前進之前，是否要快速學習一下遊戲操作教學？
SCRIPTSTRING_1314,"Use W,A,S,D to move around the wilderness, or the cursor keys. You can also left click on the game view to move around.\n\nHold down right mouse on the game view and you can look around to take in the view.",使用 W、A、S、D 鍵或方向鍵在荒野中移動。你也可以在遊戲畫面上按滑鼠左鍵來移動。\n\n在遊戲畫面上按住滑鼠右鍵，即可環顧四周，欣賞景色。
SCRIPTSTRING_1315,That is all... You should start by investigating the ruins of Skara Brae in the valley below.,就這樣……你應該先從調查下方山谷中的斯卡拉布雷遺跡開始。
SCRIPTSTRING_1316,To the north is the refugee camp.,北方是難民營。
SCRIPTSTRING_1317,Scrapwood Tavern.,廢木酒館。
SCRIPTSTRING_1318,You are next to Scrapwood Tavern.,你位於碎木酒館旁。
SCRIPTSTRING_1319,You are next to a small shrine.,你位於一座小神廟旁。
SCRIPTSTRING_1320,"Deeply hidden in verdant shadows, this grove, the Twilight Copse, is quiet and feels very peaceful.",這片名為暮光小樹林的林地，深藏在翠綠的陰影之中，寧靜而祥和。
SCRIPTSTRING_1321,Arboria Runestones.,阿波利亞符文石。
SCRIPTSTRING_1322,"Here, halfway up Earthdagger Mountain, winds swirl around and make this place earn its name: Cold Peak.",此處位於地匕山半山腰，狂風迴旋，使其名符其實：冷峰。
SCRIPTSTRING_1323,Gelidia Runestones.,吉利迪亞符文石。
SCRIPTSTRING_1324,Amid the bountiful trees you find a bubbling Crystal Spring that almost glows with purity.,在豐饒的樹林間，你發現了一處冒泡的水晶泉，其純淨幾乎散發著光芒。
SCRIPTSTRING_1325,Lucencia Runestones.,露森西亞符文石。
SCRIPTSTRING_1326,"Lovingly tunneled into the mountainside, the opening to the Old Dwarf Mine looks natural.",舊矮人礦坑的入口被精心開鑿於山腰，看起來渾然天成。
SCRIPTSTRING_1327,Kinestia Runestones,奇內斯提亞符文石
SCRIPTSTRING_1328,"Stabbing up into the sky like an obsidian dagger, Shadow Rock is utterly alien to the surrounding landscape.",暗影岩如黑曜石匕首般刺向天際，與周圍景觀格格不入。
SCRIPTSTRING_1329,Tenebrosia Runestones.,坦布羅西亞符文石。
SCRIPTSTRING_1330,"The flat, grassy plain stretches peacefully out in all directions. This is the Vale of Lost Warriors.",平坦的草原靜謐地向四方延伸。這裡是失落戰士谷。
SCRIPTSTRING_1331,Tarmitia Runestones.,塔米提亞符文石。
SCRIPTSTRING_1332,"Foul, noxious gases reeking of rotten eggs, bubble up through the turgid, yellow, mud-laden waters of Sulphur Springs.",硫磺泉中翻騰著惡臭如腐蛋的毒氣，從渾濁、黃色、泥濘的水中冒出氣泡。
SCRIPTSTRING_1333,Malefia Runestones.,瑪勒菲亞符文石。
SCRIPTSTRING_1334,The party sees the old review board to the east.,隊伍看見東邊有座舊仲裁委員會。
SCRIPTSTRING_1335,Statue of the Mad God,狂神雕像
SCRIPTSTRING_1336,There is a statue of the Mad God Tarjan here. It's strange that it is clean and shiny as if someone has been caring for it.,這裡有一座狂神塔爾揚的雕像。奇怪的是，它乾淨閃亮，彷彿一直有人在照料它。
SCRIPTSTRING_1337,Among the ruins of Skara Brae is an unnatural silence. As if death itself has come to stay.,斯卡拉布雷的廢墟中籠罩著一股不自然的寂靜，彷彿死亡本身已在此長駐。
SCRIPTSTRING_1338,The feeling of evil is foreboding.,邪惡的氣息令人不寒而慄。
SCRIPTSTRING_1339,To the east is the Temple of the Mad God.,東邊是瘋狂之神的神廟。
SCRIPTSTRING_1340,Temple of the Mad God.,瘋狂之神的神廟。
SCRIPTSTRING_1341,"""This is the temple of the Mad God. What is thy business, unbeliever?""\n\nSpeak to priest?\n\n",「此乃瘋狂之神的神廟。不信者，汝有何事？」\n\n要與祭司交談嗎？\n\n
SCRIPTSTRING_1342,"""Only those who know the name of the Mad one are welcome.""\nWhat wilt thou say?\n\n",「唯有知曉瘋狂者之名者，方受歡迎。」\n汝欲言何物？\n\n
SCRIPTSTRING_1343,CHAOS,混沌
SCRIPTSTRING_1344,SWORD,劍
SCRIPTSTRING_1345,SHADOW,暗影
SCRIPTSTRING_1346,"""Speak not the name of the High one so loudly, lest he answer,"" the priest says. ""Enter the catacombs, believer.""",「切勿如此大聲呼喚至高者的名諱，以免祂應聲降臨，」祭司說道。「信徒啊，進入墓穴吧。」
SCRIPTSTRING_1347,"""Welcome true believers! Follow the true path of Chaos and your destiny will come to you. Enter the realm of Brilhasti ap Tarj.""",「歡迎真正的信徒！追隨混沌的真道，你的命運自會到來。進入 Brilhasti ap Tarj 的領域吧。」
SCRIPTSTRING_1348,"""Welcome true believers! Enter the realm of shadow.\n\nBrilhasti awaits you!!""",「歡迎真正的信徒！踏入暗影之境。\n\n布里哈斯蒂在等你！！」
SCRIPTSTRING_1349,"""Welcome true believers! Those who live by the sword shall perish by the sword.\n\nBrilhasti awaits you!!""",「歡迎真正的信徒！凡動刀的，必死在刀下。\n\n布里哈斯蒂在等你！！」
SCRIPTSTRING_1350,"""Ha ha, fooled you!""",「哈哈，騙到你了！」
SCRIPTSTRING_1351,Stairs Down,向下階梯
SCRIPTSTRING_1352,There are some stairs leading down into the catacombs.,有幾階階梯向下通往地下墓穴。
SCRIPTSTRING_1353,\n\nDo you wish to take them?,\n\n你願意帶走他們嗎？
SCRIPTSTRING_1354,The Corpse Of Longinus,隆基努斯的遺體
SCRIPTSTRING_1355,The home of Longinus.,隆基努斯的家。
SCRIPTSTRING_1356,"Under a pile of rubble that was once the home of Longinus, you see a limp, lifeless body, reaching to the sky as if for some final profound gesture.\n\nAlas, poor Longinus.",在曾是隆基努斯家的一堆瓦礫下，你看見一具癱軟無生氣的身軀，向天伸著手，彷彿在做出某個最終的深遠姿態。\n\n唉，可憐的隆基努斯。
SCRIPTSTRING_1357,Search the house,搜索房屋
SCRIPTSTRING_1358,You find nothing else.,你沒有找到其他東西。
SCRIPTSTRING_1359,"A tattered note, written in the hand of Longinus the Mad reads:\n""Faith will not save you, nor belief, pray fate blesses you with a thief.""",一張破舊的便條，以瘋狂的隆基努斯的手跡寫著：\n「信仰救不了你，信念也無用，祈禱命運賜你一個盜賊吧。」
SCRIPTSTRING_1360,"You find a tattered note, written in the hand of Longinus the Mad. It reads:\n\n""Faith will not save you, nor belief,\nPray fate blesses you with a thief.""",你找到一張破舊的便條，以瘋狂的隆基努斯的手跡寫著。上面寫道：\n\n「信仰救不了你，信念也無用，\n祈禱命運賜你一個盜賊吧。」
SCRIPTSTRING_1361,"The last prophecy of Longinus the Mad.\n""Rage against it or sing its praises, A maze cares not if it amazes.""",瘋狂的隆基努斯最後的預言。\n「對它怒吼或歌頌讚美，迷宮不在乎是否令人驚奇。」
SCRIPTSTRING_1362,"This looks to be the last prophecy of Longinus the Mad...\n\n""Rage against it or sing its praises,\nA maze cares not if it amazes.""",這看來是瘋狂的隆基努斯最後的預言……\n\n「對它怒吼或歌頌讚美，\n迷宮不在乎是否令人驚奇。」
SCRIPTSTRING_1363,Original Game scenario design by Michael A. Stackpole.\n,原版遊戲劇情設計：Michael A. Stackpole。\n
SCRIPTSTRING_1364,Programming and Direction by Rebecca Ann Heineman.\n,程式設計與指導：Rebecca Ann Heineman。\n
SCRIPTSTRING_1365,Music composed by Kurt Heiden.\n,音樂作曲：Kurt Heiden。\n
SCRIPTSTRING_1366,"Playtesters: Bruce Schlickbernd, Rebecca Ann Heineman, Jennell Jaquays",測試玩家：Bruce Schlickbernd、Rebecca Ann Heineman、Jennell Jaquays
SCRIPTSTRING_1367,"Through the rubble to the east you can see the scorched walls of Harkyn's Castle. In the distance, the partially toppled tower of Kylearan tells the tale of the good wizard's fate.",穿過東方的瓦礫，你可以看見哈肯城堡焦黑的城牆。遠方，凱爾拉蘭那半倒的高塔，訴說著這位善良巫師的命運。
SCRIPTSTRING_1368,"The collapsed remains of Roscoe's Energy Emporium lies before you to the north, its owner yet another victim of the Mad God's attack.",羅斯柯能量商店的坍塌殘骸就在你北邊，店主也成了瘋神攻擊下的又一名受害者。
SCRIPTSTRING_1369,"As you turn the corner, you think you hear singing and the skillful strumming of a lute?",當你轉過街角，似乎聽見了歌聲和熟練的魯特琴彈奏？
SCRIPTSTRING_1370,"To the south is all that remains of the old Dragonbreath Inn. You can clearly hear a melody now, cutting through the still smouldering wreckage of the tavern.",南邊是舊龍息旅店僅存的遺跡。現在你能清楚聽見一段旋律，穿透酒館仍在悶燒的廢墟傳來。
SCRIPTSTRING_1371,Arboria,阿波利亞
SCRIPTSTRING_1372,You are in Arboria,你身處阿波利亞
SCRIPTSTRING_1373,"Reaching into the sky, Valarian's Tower stands as a monument for what once was.",直入雲霄的瓦拉瑞安之塔，矗立為昔日榮光的紀念碑。
SCRIPTSTRING_1374,Foul noxious fumes rise from a gaping pit.,從一個張開的深坑中升起惡臭的有毒煙霧。
SCRIPTSTRING_1375,The finger of the lake shimmers in a natural glow all its own.,湖的手指在自身天然光輝中閃爍。
SCRIPTSTRING_1376,An old hut sits by the shore of a beautiful lake. Fishing equipment is stacked neatly against the hut's wall.,一座老舊小屋坐落在美麗湖畔。釣魚用具整齊地堆疊在小屋牆邊。
SCRIPTSTRING_1377,Ciera Brannia,席拉·布蘭妮亞
SCRIPTSTRING_1378,The ground is littered with acorns.,地上散落著橡實。
SCRIPTSTRING_1379,Large Oak Tree.,巨大的橡樹。
SCRIPTSTRING_1380,"You see a large oak tree here, and the ground is littered with acorns.\n\nDo you want to pick a fresh acorn off the tree?\n\n",你看到這裡有一棵巨大的橡樹，地上散落著橡實。\n\n你想從樹上摘一顆新鮮的橡實嗎？\n\n
SCRIPTSTRING_1381,This field is full of beautiful flowers that float and dance on the light breezes.,這片田野開滿了美麗的花朵，在微風中飄揚起舞。
SCRIPTSTRING_1382,Arefolia,Arefolia
SCRIPTSTRING_1383,There is a large pile of Arefolia leaves here.,這裡有一大堆阿雷佛利亞樹葉。
SCRIPTSTRING_1384,\n\nDo you want to gather some leaves?,\n\n你想收集一些樹葉嗎？
SCRIPTSTRING_1385,Hawkslayer alerts you that he has important items that you should take with you before you leave!,Hawkslayer 提醒你，他有一些重要物品，你應該在離開前帶上！
SCRIPTSTRING_1386,Deep Pit,深坑
SCRIPTSTRING_1387,"You see a deep, dark pit scarring the land like a wound.\n",你看見一個深邃黑暗的深坑，像傷口般烙印在大地上。\n
SCRIPTSTRING_1388,Do you wish to enter it?,你是否想要進入其中？
SCRIPTSTRING_1389,Festering Pit,腐化深坑
SCRIPTSTRING_1390,"You are inside a an old, battered tower.\n",你身在一座老舊破敗的高塔內。\n
SCRIPTSTRING_1391,Do you wish to climb up?,你是否想要往上爬？
SCRIPTSTRING_1392,Valarians Tower,瓦拉瑞恩之塔
SCRIPTSTRING_1393,"Beneath the waves of the lake, you see a building.\n",在湖面波浪之下，你看見一棟建築物。\n
SCRIPTSTRING_1394,Do you wish to enter?\n\n,你願意進入嗎？\n\n
SCRIPTSTRING_1395,Underwater Palace.,水下宮殿。
SCRIPTSTRING_1396,Fisherman,漁夫
SCRIPTSTRING_1397,"An old fisherman is here. He says, ""For a few pieces of thy gold, I'll let thee in on a few secrets.""",一名老漁夫在此。他說：「只要你給我幾枚金幣，我就告訴你一些秘密。」
SCRIPTSTRING_1398,Shall thou give some gold to the fisherman?\n\n,汝可願施捨些許金幣予漁夫？\n\n
SCRIPTSTRING_1399,"""Well be that way!"" shouts the fisherman. He eats a can of spinach and then promptly throws you out of his home.",「哼，隨你便！」漁夫喊道。他吃了一罐菠菜，然後二話不說就把你扔出了家門。
SCRIPTSTRING_1400,Whom shall give him some gold?,誰要給他一些金幣？
SCRIPTSTRING_1401,How much gold?\n\n,多少金幣？\n\n
SCRIPTSTRING_1402,"""Here is a spell called 'Gilles Gills' that will let thee breathe underwater. Just say GILL and thee can explore the life spring in the Crystal Palace.""",「這裡有道名為『吉爾鰓』的法術，能讓你在水下呼吸。只要念出『鰓』字，你就能探索水晶宮中的生命之泉。」
SCRIPTSTRING_1403,"""And don't forget to take something to carry the 'Water of Life' in, that stuff hath many healing and life giving properties!""",「別忘了帶個容器來裝『生命之水』，那玩意兒有許多療傷與賦予生命的功效！」
SCRIPTSTRING_1404,Who wants to learn Gilles Gills?,誰想學習「吉爾鰓」？
SCRIPTSTRING_1405,"""I cannot teach thee, thou art not a magic user.""",「我無法教你，你不是法師。」
SCRIPTSTRING_1406,"""I cannot teach thee, thou knowest this spell already.""",「我無法教你，你已經知道這個法術了。」
SCRIPTSTRING_1407,The fisherman teaches you the spell.,漁夫教會了你這個法術。
SCRIPTSTRING_1408,"""Thou should go into the forest and get some Arefolia leaves. They will let thee breathe underwater for a little while.""",「你應該去森林裡找一些阿雷佛利亞葉。它們能讓你在水下一小段時間呼吸。」
SCRIPTSTRING_1409,"""Thou should come back when I'm not busy."" He then shoos you out of his little shack.",「等我忙完了你再回來吧。」然後他把你趕出了他的小棚屋。
SCRIPTSTRING_1410,Warrior,戰士
SCRIPTSTRING_1411,Standing before you is a hearty warrior wearing battle-scarred armor and a big grin. You notice the gray shot through his black hair as he warmly welcomes you.,站在你面前的是一位強壯的戰士，身穿佈滿戰鬥傷痕的鎧甲，臉上掛著燦爛的笑容。你注意到他黑髮中夾雜的灰白，他熱情地歡迎你。
SCRIPTSTRING_1412,"""Well as I live and breathe! I'd thought I'd never see you again since the time we last parted ways.""",「哎呀，我還活著呢！我以為自從上次我們分道揚鑣之後，就再也見不到你了。」
SCRIPTSTRING_1413,"""How about us getting together again?""\n\n",「我們要不要再聚一聚？」\n\n
SCRIPTSTRING_1414,"""Well maybe you're right. I've got some sleeping to catch up on and then it's back to work.""",「嗯，也許你說得對。我得先補個眠，然後就回去工作了。」
SCRIPTSTRING_1415,Zzzzzz,Zzzzzz
SCRIPTSTRING_1416,You come upon a sleeping man under a tree. He awakens and jumps into a fighting stance in a blink of an eye. You are taken by surprise.,你發現一名男子在樹下睡覺。他驚醒後，一眨眼便跳起擺出戰鬥姿勢。你被嚇了一跳。
SCRIPTSTRING_1417,"""Sorry, but you can't be too careful,"" says the hearty fighter. ""Well how about it? Shall we team up again?""\n\n",「抱歉，但小心駛得萬年船，」那位健壯的戰士說道。「那麼，怎麼樣？我們要不要再次組隊？」\n\n
SCRIPTSTRING_1418,"""It seems that you already have a full house. I get a little uncomfortable with too many people bogging the party down.""",「看來你已經滿員了。太多人拖累隊伍會讓我有點不自在。」
SCRIPTSTRING_1419,"""Tell ya what, I'll wait here until you can trim your party to a more manageable size. I've got some sleeping to catch up on.""",「這樣吧，我會在這裡等你把隊伍縮減到更合適的規模。我正好可以補個覺。」
SCRIPTSTRING_1420,"""It's been a long time, eh, friends? How you ever knew the answer to that riddle was 'Iceberg', I'll never know. It's good to be back with old friends.""",「好久不見了，朋友們？你們當時怎麼知道那個謎題的答案是『冰山』，我這輩子大概都不會明白。能回到老友身邊真好。」
SCRIPTSTRING_1421,Runestones.,符文石。
SCRIPTSTRING_1422,The ground seems well worn here.,這裡的地面似乎磨損得很厲害。
SCRIPTSTRING_1423,You are in the town of Ciera Brianna,你身處在 Ciera Brianna 小鎮中
SCRIPTSTRING_1424,Forest Lawn,森林草坪
SCRIPTSTRING_1425,Hic Haven,希克港
SCRIPTSTRING_1426,Stagger Inn,搖晃旅店
SCRIPTSTRING_1427,To the north,往北方
SCRIPTSTRING_1428,\ you see the Wizard's Guild.\n,\ 你看見了巫師公會。\n
SCRIPTSTRING_1429,To the south,往南
SCRIPTSTRING_1430,\ you see a tavern.\n,\ 你看見了一間酒館。\n
SCRIPTSTRING_1431,To the east,往東
SCRIPTSTRING_1432,\ you see a temple.\n,\ 你看見了一座神廟。\n
SCRIPTSTRING_1433,To the west,往西邊
SCRIPTSTRING_1434,\ is the King's castle.\n,\ 是國王的城堡。\n
SCRIPTSTRING_1435,\ is the Sacred Grove.\n,\ 是聖林。\n
SCRIPTSTRING_1436,King's Court,國王庭院
SCRIPTSTRING_1437,King's Castle,國王城堡
SCRIPTSTRING_1438,The party stands before the court of the King. Do you wish to speak to the King?\n\n,隊伍佇立於國王的宮廷之前。你是否想與國王交談？\n\n
SCRIPTSTRING_1439,"The King, a white-haired elf, stands before you.\n\n""It is our pleasure to greet you. I know you are here to recover the Arrows of Life and Valarian's Bow.""",國王，一位白髮的精靈，佇立在你面前。\n\n「吾等甚感榮幸能迎接諸位。吾知曉你們前來是為了取回生命之箭與瓦拉里安之弓。」
SCRIPTSTRING_1440,"""But I cannot permit the desecration of his tomb until the land has been ridded of Tslotha Garnath. Bring me his head and I will allow you access to the Sacred Grove.""",「但在這片土地尚未從特洛薩·加納斯的禍害中淨化之前，吾不能允許褻瀆他的陵墓。將他的首級帶來，吾便准許你們進入聖林。」
SCRIPTSTRING_1441,"""You may find this cursed one in the Festering Pit, an unholy place riddled with the filth from hell.""",「你們或許能在腐敗深坑中找到這受詛咒者，那是個充斥地獄穢物的褻瀆之地。」
SCRIPTSTRING_1442,"""Now be off! Take heed that Tslotha Garnath can only be killed with the Nightspear, a deadly weapon hidden in the top level of Valarian's Tower.""",「現在退下吧！切記，特洛薩·加納斯唯有以夜矛才能殺死，這件致命武器隱藏在瓦拉里安之塔的頂層。」
SCRIPTSTRING_1443,"The King gets up from his throne, looking very angry.\n\n""Bring me Tslotha's Head!"" he screams.",國王從王座上站起，滿臉怒容。\n\n「把特洛沙的頭顱帶來見我！」他吼道。
SCRIPTSTRING_1444,"""Hail victors!"" the King shouts as he sees the proof of Tslotha's destruction.",「勝利的勇士們，萬歲！」國王看見特洛沙被消滅的證據時大喊道。
SCRIPTSTRING_1445,"""Your names will be sung in our land from now until forever for your bravery. You have rid us of Tslotha Garnath. Anyone who has done that is more than worthy of Valarian's relics.""",「你們的勇氣將使你們的名字在這片土地上被傳頌，直到永遠。你們為我們剷除了特洛沙·加納斯。能做到此事的人，絕對配得上瓦拉里安的遺物。」
SCRIPTSTRING_1446,"""Enjoy our hospitality, welcome guests!"" the King says.",「請盡情享受我們的款待，歡迎的貴客們！」國王說道。
SCRIPTSTRING_1447,Sacred Grove,聖林
SCRIPTSTRING_1448,Sacred Grove.,聖林。
SCRIPTSTRING_1449,The entrance to the Sacred Grove is here. There is a sign nearby. It says...,此處為聖林入口。附近有一塊告示牌，上面寫著……
SCRIPTSTRING_1450,By proclamation of the King.\nOnly those who have proved themselves worthy may enter the Sacred Grove.,奉國王諭令。\n唯有證明自身資格者，方可進入聖林。
SCRIPTSTRING_1451,"Since you're not worthy, I guess you can't enter. You'd better talk to the King about this.",既然你資格不符，我想你無法進入。你最好去跟國王談談這件事。
SCRIPTSTRING_1452,"You are at the entrance of the Sacred Grove. Since you are worthy, shall you enter?\n\n",你位於聖林入口。既然你資格符合，是否要進入？\n\n
SCRIPTSTRING_1453,Gelidia,Gelidia
SCRIPTSTRING_1454,You are in the frozen wastes of Gelidia,你身處在Gelidia的冰封荒原之中
SCRIPTSTRING_1455,Outpost,前哨站
SCRIPTSTRING_1456,"The small hut holds the utter cold at bay, but the wind still whistles through small cracks, and the floor is covered with sparkling snowflakes.\n\n",這間小屋勉強抵擋住刺骨的嚴寒，但寒風仍從細小的裂縫中呼嘯而入，地板上覆蓋著閃閃發亮的雪花。\n\n
SCRIPTSTRING_1457,"Seated at a desk you see the frozen body of a man, perhaps a half-elf. The weather has not been kind to him, and he is, in effect, mummified so you cannot tell how long he has been here.",你看到一張書桌前坐著一具凍僵的人類屍體，或許是個半精靈。嚴酷的天氣對他毫不留情，他實際上已經木乃伊化，所以你無法判斷他在這裡待了多久。
SCRIPTSTRING_1458,"Despite that confusion about his body's condition, however, the gold wristlets and circlet he wears are styled after the fashion thought over 1000 years old in your world.\n\n",儘管他對自己身體狀況感到困惑，但他所戴的金色腕環與頭冠，其風格在你們的世界中已被認為是超過一千年前的時尚。\n\n
SCRIPTSTRING_1459,"On the desk you see, beneath a light dusting of snow, a book. Its pages are covered with a bold, flowing hand that, unfortunately, turned into weakened and trembling writing.",在桌上，你看到一本書，上面覆蓋著一層薄薄的雪。書頁上原本是粗獷流暢的筆跡，但不幸地，後來變成了虛弱顫抖的字跡。
SCRIPTSTRING_1460,Even a brief glance at it leaves you with the impression this was the dead man's diary.\n\n,即使只是匆匆一瞥，你也覺得這是那位死者的日記。\n\n
SCRIPTSTRING_1461,Shall you read the Diary?\n\n,你要閱讀這本日記嗎？\n\n
SCRIPTSTRING_1462,A small outpost.,一座小型前哨站。
SCRIPTSTRING_1463,You are in a small outpost.,你身處一座小型前哨站。
SCRIPTSTRING_1464,Found a snow-covered diary.,發現一本覆雪的日記。
SCRIPTSTRING_1465,You open the snow-covered diary and begin to read...,你翻開覆雪的日記，開始閱讀……
SCRIPTSTRING_1466,Entry 1 ~\n,第一篇日記 ~\n
SCRIPTSTRING_1467,"""The battle goes poorly, but that is as I would have predicted it. This time we have no hero like Hawkslayer to bolster our militia.",「戰況不利，但這正如我所預料。這次我們沒有像弒鷹者那樣的英雄來提振民兵士氣。
SCRIPTSTRING_1468,"The first invasion, as the songs sing, would have succeeded but for Lanatir's vast magics.\n\n",據歌謠所傳，第一次入侵若非拉納提爾施展浩瀚魔法，本該成功。\n\n
SCRIPTSTRING_1469,"How cruel it is, then, that the invaders would have struck Lanatir down in their first attack. Without hero and god, how can we prevail?""",然而，何其殘酷的是，入侵者在首次攻擊中便擊倒了拉納提爾。失去英雄與神祇，我們如何能取勝？」
SCRIPTSTRING_1470,Entry 2 ~\n,第二篇日記 ~\n
SCRIPTSTRING_1471,"""I agree with my brothers that none of the monsters will penetrate Lanatir's tomb, so his Sphere and the Wand of Power are safe until claimed by those capable of piercing our wards.",「我同意兄弟們的看法，沒有任何怪物能穿透拉納提爾的墓穴，因此他的法球與權能之杖將安全無虞，直到有能力突破我們結界的人前來取走。
SCRIPTSTRING_1472,"It was difficult in creating those wards, powerful magic created them and only the proper spells can destroy them.\n\n",創造那些結界並不容易，強大的魔法造就了它們，唯有正確的法術才能將其摧毀。\n\n
SCRIPTSTRING_1473,"Still, we do have hope that the foul armies swarming our verdant plains will not breach the castle and threaten Lanatir's sepulcher.""",然而，我們仍懷抱希望，那些肆虐翠綠平原的邪惡大軍，終究無法攻破城堡，威脅到拉納提爾的陵墓。
SCRIPTSTRING_1474,Entry 3 ~\n,日誌第3篇 ~\n
SCRIPTSTRING_1475,"""Can it be true that I, Alendar, alone made it to this remote point?",「難道真的只有我，阿倫達爾，獨自抵達了這偏遠之地？
SCRIPTSTRING_1476,"A full dozen, we snuck through enemy lines and were prepared to cast a powerful spell designed to freeze our beloved home and destroy the dark ones.",我們整整十二人，潛行穿過敵軍防線，準備施展一道強大的法術，旨在冰封我們摯愛的家園，並毀滅黑暗勢力。
SCRIPTSTRING_1477,"But that spell required at least four of us to cast safely. Can I do it alone? If so, at what cost?\n\nMy life means nothing, but will Gelidia be saved?""",但那道法術至少需要我們四人才能安全施放。我能獨自完成嗎？若能，代價又是什麼？\n\n我的性命不足掛齒，但蓋莉迪亞能因此得救嗎？」
SCRIPTSTRING_1478,Entry 4 ~ and in very weak writing.\n,第4篇日記——字跡極其微弱。\n
SCRIPTSTRING_1479,"""It is done, and I die in the storm summoned to kill my foes. So cold, so numbly cold... rest well, Lanatir.\n\nYour frozen home is my grave.""",「大功告成，而我將死於召喚來殺敵的風暴之中。如此寒冷，如此麻木的冰冷……安息吧，Lanatir。\n\n你冰封的家園，便是我的墳墓。」
SCRIPTSTRING_1480,"It appears, that was the last diary entry. There is no more...",看來，這是最後一篇日記了。再也沒有其他內容……
SCRIPTSTRING_1481,"To the north, you see a great keep.",向北望去，你看到一座宏偉的要塞。
SCRIPTSTRING_1482,Ice Keep,冰霜要塞
SCRIPTSTRING_1483,You are at the entryway of a great ice keep.\nDo you wish to enter?,你正站在一座巨大冰堡的入口處。\n你是否想要進入？
SCRIPTSTRING_1484,\nYou are freezing!,\n你快要凍僵了！
SCRIPTSTRING_1485,Lucencia,Lucencia
SCRIPTSTRING_1486,You are in Lucencia,你身處 Lucencia
SCRIPTSTRING_1487,Celaria Bree,Celaria Bree
SCRIPTSTRING_1488,White Bush,白色灌木叢
SCRIPTSTRING_1489,There is a rose bush here. Do you want to pick a rose?\n\n,這裡有一叢玫瑰。你想摘一朵玫瑰嗎？\n\n
SCRIPTSTRING_1490,White Rose bush.,白玫瑰叢。
SCRIPTSTRING_1491,Blue Bush,藍色灌木叢
SCRIPTSTRING_1492,Blue Rose bush.,藍玫瑰叢。
SCRIPTSTRING_1493,Red Bush,紅色灌木叢
SCRIPTSTRING_1494,Red Rose bush.,紅色玫瑰叢。
SCRIPTSTRING_1495,Yellow Bush,黃色灌木叢
SCRIPTSTRING_1496,Yellow Rose bush.,黃色玫瑰叢。
SCRIPTSTRING_1497,This rose bush doesn't seem to have any roses.,這叢玫瑰似乎沒有開任何花朵。
SCRIPTSTRING_1498,Rainbow Rose bush.,彩虹玫瑰叢。
SCRIPTSTRING_1499,"{0} waters the bush, but nothing seems to happen.",{0} 澆灌了玫瑰叢，但似乎沒有任何動靜。
SCRIPTSTRING_1500,"{0} waters the bush, and it seems to grow a little.",{0} 澆灌了玫瑰叢，它似乎長大了一些。
SCRIPTSTRING_1501,The blood of the dragon is having a strange effect on the rosebush.,龍血對玫瑰叢產生了奇異的影響。
SCRIPTSTRING_1502,You are in a decrepit tower. Do you wish to enter?\n\n,你身處一座破敗的高塔前。是否要進入？\n\n
SCRIPTSTRING_1503,Cyanis' Tower,賽亞尼斯之塔
SCRIPTSTRING_1504,Tomb,墓穴
SCRIPTSTRING_1505,Stairs rise up into Alliria's Tomb. Do you wish to enter?\n\n,階梯向上延伸，通往艾莉莉亞之墓。你願意進入嗎？\n\n
SCRIPTSTRING_1506,Alliria's Tomb,艾莉莉亞之墓
SCRIPTSTRING_1507,Mountain,山脈
SCRIPTSTRING_1508,Violet Mountain,紫羅蘭山
SCRIPTSTRING_1509,You are at the base of a Violet Mountain. Do you wish to climb it?\n\n,你正位於紫羅蘭山的山腳下。你是否想要攀登它？\n\n
SCRIPTSTRING_1510,To the North,往北方
SCRIPTSTRING_1511,\ is the majestic Violet Mountain. You can feel the dragon's presence from here.,\ 是雄偉的紫羅蘭山。你從這裡就能感受到巨龍的氣息。
SCRIPTSTRING_1512,You are in the town of Celaria Bree,你位於賽拉利亞·布里鎮
SCRIPTSTRING_1513,Alliria,Alliria
SCRIPTSTRING_1514,Cheers,乾杯
SCRIPTSTRING_1515,\ you see the Bard's Hall.\n,\你看見了吟遊詩人大廳。\n
SCRIPTSTRING_1516,Nowhere,虛無之境
SCRIPTSTRING_1517,You are nowhere,你身處虛無之境
SCRIPTSTRING_1518,Black Scar,黑疤
SCRIPTSTRING_1519,Gooey Stuff,黏稠物質
SCRIPTSTRING_1520,Tar Quarry.,瀝青礦場。
SCRIPTSTRING_1521,You are on the outskirts of a huge tar pit. Do you wish to explore it?\n\n,你正位於一座巨大瀝青坑的外圍。你是否想要探索它？\n\n
SCRIPTSTRING_1522,Canyon,峽谷
SCRIPTSTRING_1523,Shadow Canyon.,影之峽谷。
SCRIPTSTRING_1524,You stand before a great canyon. Do you wish to enter it?\n\n,你站在一座巨大的峽谷前。你願意進入其中嗎？\n\n
SCRIPTSTRING_1525,Copse,小樹林
SCRIPTSTRING_1526,Dark Copse.,暗影小樹林。
SCRIPTSTRING_1527,You are at the edge of a dense forest. Do you wish to enter it?\n\n,你身處一片茂密森林的邊緣。你願意進入其中嗎？\n\n
SCRIPTSTRING_1528,You seem to be in the middle of Nowhere.,你似乎身處虛無之中。
SCRIPTSTRING_1529,You see a door laid on the ground. There doesn't appear to be a way to open it.,你看到一扇門平放在地上，似乎沒有辦法打開它。
SCRIPTSTRING_1530,Magic Door,魔法門
SCRIPTSTRING_1531,You see a hole in the ground.,你看到地上有一個洞。
SCRIPTSTRING_1532,\nDo you wish to jump in?,\n你是否要跳進去？
SCRIPTSTRING_1533,Sceadu Demens,Sceadu Demens
SCRIPTSTRING_1534,{0} places the door on the ground.,{0} 將門放在地上。
SCRIPTSTRING_1535,{0} inserts the lock in the door.,{0} 將鎖插入門中。
SCRIPTSTRING_1536,The door springs open!,門彈開了！
SCRIPTSTRING_1537,Dark Copse,黑暗樹叢
SCRIPTSTRING_1538,You are in the Dark Copse,你身處黑暗小樹林
SCRIPTSTRING_1539,This forest is extremely dry. A drought has taken its toll on these once healthy trees.,這片森林極度乾燥。一場乾旱已對這些曾經茂盛的樹木造成了損害。
SCRIPTSTRING_1540,You are near the edge of the Dark Copse.,你靠近黑暗小樹林的邊緣。
SCRIPTSTRING_1541,\nDo you wish to leave it?,\n你是否想要離開這裡？
SCRIPTSTRING_1542,"Amid the ashes of the burned forest, a black door rests on the soot and appears to have no real form.\n\n",在焚燒森林的灰燼中，一扇黑色大門靜置於煤灰之上，看似沒有實體形態。\n\n
SCRIPTSTRING_1543,Found 'Shadow Door'.,發現了「暗影之門」。
SCRIPTSTRING_1544,"{0} waters the tree, but nothing seems to happen.",{0} 澆灌了樹木，但似乎沒有任何動靜。
SCRIPTSTRING_1545,"{0} waters the tree, and it seems to grow a little.",{0} 澆灌了樹木，它似乎長大了一些。
SCRIPTSTRING_1546,The hot tar ignites the tree into a fury of flame!,滾燙的焦油點燃了樹木，瞬間化作一片烈焰！
SCRIPTSTRING_1547,You are in the town of Black Scar,你身處於黑疤鎮。
SCRIPTSTRING_1548,Twilight Temple,暮光神廟
SCRIPTSTRING_1549,Tavern,酒館
SCRIPTSTRING_1550,\ you see a Bard's Hall.\n,\ 你看見一座吟遊詩人大廳。\n
SCRIPTSTRING_1551,You are at the gateway of Black Scar Towne. This town reeks of evil.,你身處黑疤鎮的入口。這座小鎮散發著邪惡的氣息。
SCRIPTSTRING_1552,"This place feels very strange. The darkness is palpable, as if almost alive, and it hungers for your flesh.",此處感覺非常詭異。黑暗濃郁得幾乎觸手可及，彷彿擁有生命，正渴望吞噬你的血肉。
SCRIPTSTRING_1553,"A Magic Mouth appears and says...\n\n""White bones and bright blood, life very frail...\nBe wary, Mortals, indeed you shall fail...""",一個魔法之口出現並說道……\n\n「白骨映赤血，生命何其脆……\n當心啊，凡人，你們終將敗亡……」
SCRIPTSTRING_1554,"""Tslotha Garnath knows but one fear...\nHis life is absorbed with the Nightspear!""",「查洛薩·加納斯只畏懼一事……\n他的性命與夜矛息息相關！」
SCRIPTSTRING_1555,"A Magic Mouth appears and says:\n""White bones and bright blood, life very frail. Be wary, Mortals, indeed you shall fail. Tslotha Garnath knows but one fear:\nHis life is absorbed with the Nightspear!""",一個魔法之口出現並說道：\n「白骨映赤血，生命何其脆。當心啊，凡人，你們終將敗亡。查洛薩·加納斯只畏懼一事：\n他的性命與夜矛息息相關！」
SCRIPTSTRING_1556,"A chill raises the hairs on the back of your neck, but you realize it is not a physical cold. The evil in this place seeps through your flesh and worms its icy way into your bones.",一股寒意讓你後頸的汗毛豎起，但你明白這並非生理上的寒冷。此處的邪惡滲透你的肌膚，如蛆蟲般將冰冷的觸感鑽入你的骨髓。
SCRIPTSTRING_1557,"The party has entered the throne room of Tslotha Garnath.\n\n""Mortal Fools, You have blundered into your deaths!""\n\nYou see",冒險隊伍進入了查洛薩·加納斯的王座廳。\n\n「愚蠢的凡人，你們自投羅網，自尋死路！」\n\n你看見
SCRIPTSTRING_1558,"""Cowards! Fight to the death!"" screams Tslotha as the party bravely ran away.",「懦夫！戰至死方休！」Tslotha 在隊伍英勇逃離時尖叫道。
SCRIPTSTRING_1559,The party has killed Tslotha Garnath!,隊伍已殺死 Tslotha Garnath！
SCRIPTSTRING_1560,"However, a great flash of light erupts from the lifeless body!",然而，一道強烈的光芒從那無生命的軀體中迸發而出！
SCRIPTSTRING_1561,"Gee, this guy isn't easy to kill.\nYou once again face",哎呀，這傢伙還真不容易殺死。\n你再次面對
SCRIPTSTRING_1562,"The light is absorbed by the Nightspear, trapping Tslotha's evil soul within its darkness forever!",光芒被夜刺吸收，將 Tslotha 的邪惡靈魂永遠囚禁於其黑暗之中！
SCRIPTSTRING_1563,The dead body of Tslotha Garnath is here. The head would be perfect proof of his death.\n\n,此處躺著特洛薩·加納斯的屍體。他的頭顱將是死亡的最佳證明。\n\n
SCRIPTSTRING_1564,The headless body of Tslotha Garnath is here. His heart seems to have an inner glow as if it will not die.\n\n,此處躺著特洛薩·加納斯的無頭屍體。他的心臟似乎散發著內在的光芒，彷彿永不熄滅。\n\n
SCRIPTSTRING_1565,The carcass of Tslotha Garnath is here and it sure smells pretty bad.,此處躺著特洛薩·加納斯的殘骸，氣味實在非常難聞。
SCRIPTSTRING_1566,Palace,皇宮
SCRIPTSTRING_1567,"The Palace's beauty has been washed out by the centuries beneath the water, but its majesty is undiminished. The water is dark, yet warm, and you -- an air breather -- feel curiously welcome.",皇宮的美麗已被數世紀的水下歲月沖刷殆盡，但其宏偉氣勢絲毫不減。四周的水域幽暗而溫暖，你——一個需要呼吸空氣的生物——竟奇異地感到受歡迎。
SCRIPTSTRING_1568,Bubbling up through a hole in the floor is a glowing stream of water that fills the room. Your spirits feel joyful and the pains of recent combat are forgotten. Such is the nature of the Life Spring.,從地板上的洞口湧出一條發光的溪流，充滿了整個房間。你的精神感到愉悅，近期戰鬥的傷痛也隨之遺忘。這就是生命之泉的本質。
SCRIPTSTRING_1569,{0} collects some of the magical water.,{0} 收集了一些魔法泉水。
SCRIPTSTRING_1570,\nYou are drowning!,\n你正在溺水！
SCRIPTSTRING_1571,{0} casts Gilles Gills - and now the party can breathe underwater!,{0} 施展了吉爾斯魚鰓術——現在隊伍可以在水下呼吸了！
SCRIPTSTRING_1572,Valarian's Tower,瓦拉里安之塔
SCRIPTSTRING_1573,"Beyond the shattered door you see a floor littered with dust and dry leaves. You see some signs of small animals, but, beyond that, you see no signs of normal life.",穿過破碎的門扉，你看到地板上散落著灰塵與枯葉。你發現了一些小型動物活動的痕跡，但除此之外，並無任何正常生命的跡象。
SCRIPTSTRING_1574,"An old tapestry adorns the wall here, it depicts a beautiful castle underneath a lake.",此處牆上掛著一幅古老的掛毯，描繪著一座位於湖底的美麗城堡。
SCRIPTSTRING_1575,"Something here feels wrong. You sense the tower has been violated and, while you are not the offending party, you will share in the tower's wrath.",這裡有些不對勁。你感覺到這座高塔遭受了侵犯，而儘管你並非肇事者，你仍將分擔這座高塔的怒火。
SCRIPTSTRING_1576,The Water of Life has many regenerative powers.,生命之水擁有許多再生之力。
SCRIPTSTRING_1577,"This level shows fewer signs of neglect, yet talon-slashes through bright murals suggest something has contemptuously desecrated Valarian's private demesne.",這一層樓較少顯露出荒廢的跡象，然而，劃破鮮豔壁畫的利爪痕跡暗示著某種存在已輕蔑地褻瀆了瓦拉里安的私人領地。
SCRIPTSTRING_1578,You see a huge oak tree supporting a large stone disk.,你看見一棵巨大的橡樹，支撐著一塊巨大的石盤。
SCRIPTSTRING_1579,A round portal blocks your way into the central core. On the massive stone disk you see a carving of an oak tree holding a similar disk up.\n\n,一道圓形傳送門擋住了你通往核心區域的路。巨大的石盤上刻著一棵橡樹，也撐著類似的石盤。\n\n
SCRIPTSTRING_1580,You see an acorn sized hole in the ground.,你在地上看到一個橡實大小的洞。
SCRIPTSTRING_1581,You see an acorn planted here.,你看到這裡種了一顆橡實。
SCRIPTSTRING_1582,{0} plants the Acorn.,{0} 種下了橡實。
SCRIPTSTRING_1583,"{0} waters the acorn, but nothing seems to happen.",{0} 澆灌了橡實，但似乎什麼事也沒發生。
SCRIPTSTRING_1584,"The acorn, saturated with the Water of Life, bursts into verdant action and a seedling rises up like Atlas, lifting the disk up and letting you pass freely.",橡實吸收了生命之水，瞬間迸發出翠綠的生機，一株幼苗如擎天巨人般升起，將圓盤高高托起，讓你能自由通行。
SCRIPTSTRING_1585,Seek the Water of Life in the Crystal Palace.,前往水晶宮殿尋找生命之水。
SCRIPTSTRING_1586,"This level appears inviolate, which you should take as little consolation. Instead of fearing the beasts lurking below, you now face whatever has kept them from this level in the first place.",這一層看似完好無損，但這點安慰恐怕微不足道。與其畏懼潛伏在下層的野獸，你現在得面對最初將牠們阻擋在此層之外的東西。
SCRIPTSTRING_1587,"Hidden away in this secret closet you see the gleaming Nightspear. No lights reflect from it, and the black metal looks like a slice from the starry night sky.\n\n","在這間隱密的密室中，你看到了閃閃發光的夜矛。沒有任何光線從它身上反射出來，那黑色的金屬宛如從繁星夜空切割下的一片。
\n\n"
SCRIPTSTRING_1588,Found 'Nightspear'.,發現了「夜刺」。
SCRIPTSTRING_1589,"Two emotions thread the Sacred Grove. Despite the autumnal coloring, you feel life and peace here. Beneath that, though, a bitter taste of evil fills the air. The Grove has been invaded!",兩種情緒交織在聖林中。儘管秋色滿溢，你在此感受到生機與寧靜。但在這之下，一股邪惡的苦澀氣息瀰漫在空氣中。聖林已被入侵！
SCRIPTSTRING_1590,The archway to the elven city is here. Do you wish to leave the grove?\n\n,通往精靈城市的拱門就在此處。你是否想離開聖林？\n\n
SCRIPTSTRING_1591,"Through the gilded bars of the door between you and the tomb entrance, you see the flickering eternal flame. In its blue-white light you see writing on the walls within.",透過你與墓穴入口之間那扇鍍金門的欄杆，你看到永恆之火在搖曳閃爍。在其藍白色的光芒中，你看到牆上有文字。
SCRIPTSTRING_1592,There is a bowl in a cavity in Valarian's chest.,在瓦拉里安的胸膛凹槽中有一個碗。
SCRIPTSTRING_1593,Small tubes jut out of the rim of the bowl.,碗緣伸出數根小管子。
SCRIPTSTRING_1594,There is a heart in the bowl.,碗中有一顆心臟。
SCRIPTSTRING_1595,"There is a living, beating heart in the bowl.",碗中有一顆仍在跳動的活心臟。
SCRIPTSTRING_1596,The door to the tomb looks like Valarian himself standing tall. The words beside the tomb read:,墓室的門扉宛如瓦拉里安本人昂然矗立。墓旁的文字寫道：
SCRIPTSTRING_1597,"""In life my heart knew but one ache, one task undone. Heal that pain so I may rest, and what is mine is yours.""",「生前，吾心僅知一痛，一事未竟。撫平此痛，吾得安息，吾之所屬即為汝有。」
SCRIPTSTRING_1598,The eternal flame bursts forth in a beautiful blue display which dazzles the eye.,永恆之火迸發出美麗的藍色光芒，令人目眩神迷。
SCRIPTSTRING_1599,"Unfortunately, it also singed your hair. You seem to be well done.",不幸的是，它也燒焦了你的頭髮。你看起來已經熟透了。
SCRIPTSTRING_1600,Valarian's burial chamber appears to be intact. Murals depicting his valiant deeds cover the walls of his resting place.,瓦拉瑞安的墓室似乎完好無損。描繪他英勇事蹟的壁畫覆蓋了他安息之地的牆壁。
SCRIPTSTRING_1601,The bow that once belonged to the great Valarian is here.\n\n,曾經屬於偉大瓦拉瑞安的長弓就在這裡。\n\n
SCRIPTSTRING_1602,Found 'Valarian's Bow'.,發現了「瓦拉瑞安之弓」。
SCRIPTSTRING_1603,The quiver of arrows that Valarian once fought his battles with are here.\n\n,瓦拉利安曾用來征戰的箭袋就在這裡。\n\n
SCRIPTSTRING_1604,Found 'Arrows of Life'.,發現了「生命之箭」。
SCRIPTSTRING_1605,The heart of Tslotha Garnath is in the bowl.,特洛沙·加納斯之心就在碗中。
SCRIPTSTRING_1606,{0} places the heart in the bowl.,{0} 將心臟放入碗中。
SCRIPTSTRING_1607,"{0} waters the heart, but nothing seems to happen.",{0} 澆灌了心臟，但似乎沒有任何動靜。
SCRIPTSTRING_1608,"The beating heart of Tslotha Garnath is in the bowl, pumping fluids.",特洛薩·加納斯那跳動的心臟就在碗中，泵送著液體。
SCRIPTSTRING_1609,"The heart, invigorated by the Water of Life, begins pumping fluid through the little tubes attached to the bowl.",心臟受到生命之水滋養，開始將液體泵入連接碗的小管中。
SCRIPTSTRING_1610,White Tower,白塔
SCRIPTSTRING_1611,"Inch thick sheets of ice coat the tower walls. Stone carvings, barely visible beneath the icy sheath, remind you of the splendor that once was Castle Lanatir.",塔牆覆蓋著一英寸厚的冰層。冰殼下隱約可見的石雕，讓你想起了拉納提爾城堡昔日的輝煌。
SCRIPTSTRING_1612,"There is a passageway here, going down. Do you wish to take it?\n\n",這裡有一條向下延伸的通道。你是否要進入？\n\n
SCRIPTSTRING_1613,"There are stairs that continue up into the highest levels, or down to towards the exit.\nWhat would you like to do?",有樓梯繼續向上通往最高層，或向下通往出口。\n你要怎麼做？
SCRIPTSTRING_1614,Up,向上
SCRIPTSTRING_1615,Down,向下
SCRIPTSTRING_1616,Stay,停留
SCRIPTSTRING_1617,"Light shimmers over the ice on the north wall and reveals a brightly painted mural. It features a young Hawkslayer and a dozen baleful creatures locked in mortal combat. The painting is old in style, yet no less beautiful for it.",北牆上的冰層閃爍著光芒，顯露出一幅色彩鮮豔的壁畫。畫中描繪年輕的獵鷹殺手與十幾隻兇惡的生物陷入生死搏鬥。這幅畫風格古樸，卻絲毫不減其美麗。
SCRIPTSTRING_1618,"There are stairs here that lead higher into the tower, or back down to the exit.\nWhat would you like to do?",此處有階梯通往塔樓高處，或向下返回出口。\n您想要怎麼做？
SCRIPTSTRING_1619,"Shattered ice on the wall reveals a small carving that reads: Cala and Hawkslayer, New Age, Anno Uno and eternity.",牆上碎裂的冰層露出一處小型雕刻，上頭寫著：Cala 與 Hawkslayer，新紀元，元年與永恆。
SCRIPTSTRING_1620,"A small crib is here. Engraved in a heart shaped border is ""Hawkslayer and Cala"" and underneath this emblem is the name ""Utor""",這裡有一個小搖籃。心形邊框內刻有「Hawkslayer 與 Cala」，下方徽記旁則刻著「Utor」這個名字。
SCRIPTSTRING_1621,The rime crusted walls are a perfect example of antique architecture long since lost to the world you call home. The frozen beauty of this tower is a priceless treasure you will carry with you always.,覆滿霜殼的牆壁是古老建築工藝的完美典範，這種工藝早已在你所稱之為家的世界中失傳。這座塔樓的冰封之美，是你將永遠珍藏的無價之寶。
SCRIPTSTRING_1622,"In a flash of brilliant white light, the party comes face to face with the keepers of the white tower.",在一道炫目的白光閃過後，冒險隊伍與白塔的守護者面對面相遇了。
SCRIPTSTRING_1623,You see,你看見
SCRIPTSTRING_1624,"""Chickens, fight like men!!"" says a white wizard.",「雞啊，像男人一樣戰鬥！！」一位白袍巫師說道。
SCRIPTSTRING_1625,On a small pedestal that was once guarded by the White Wizards is a Crystal Lens.\n\n,在一個曾由白袍巫師守護的小台座上，放著一塊水晶透鏡。\n\n
SCRIPTSTRING_1626,Found 'Crystal Lens'.,發現「水晶透鏡」。
SCRIPTSTRING_1627,Several bodies are stacked here and they look like they have been run through a food processor.,此處堆疊著數具屍體，看起來像是被食物處理機攪過一樣。
SCRIPTSTRING_1628,Grey Tower,灰色高塔
SCRIPTSTRING_1629,"This grey tower has an odd feel to it. Ice fills it, yet here has an ethereal aspect. It does seem, curiously, as if the ice is here only because the tower does not take notice of it.",這座灰色高塔散發著奇異的氛圍。冰霜充斥其中，卻帶有虛幻的質感。詭異的是，這些冰霜彷彿只是因為高塔對其視而不見，才得以存在於此。
SCRIPTSTRING_1630,"There is a passageway here, going down. Do you wish to take it?",此處有一條向下延伸的通道。你是否想要走進去？
SCRIPTSTRING_1631,"This level feels odd because the walls warp and change. The light wavers and dims, making you unsure of everything you see.",這一層的感覺很詭異，因為牆壁扭曲變形。光線搖曳不定、逐漸黯淡，讓你對所見的一切都感到不確定。
SCRIPTSTRING_1632,"This level's icy chill seeps deep in through your flesh and sucks the warmth from your bones. It feels almost alive, and malevolent. The dark miasma leeches your courage away and leaves you very uneasy.",這一層的刺骨寒氣深深滲入你的血肉，吸走你骨髓中的溫暖。這寒氣彷彿擁有生命，且充滿惡意。黑暗的瘴氣吞噬了你的勇氣，讓你感到極度不安。
SCRIPTSTRING_1633,"Broken cross is the goal, yet hidden it doth be. Through the flaw egress is won, but peril is not lost. Win the lens, one third your prize, but at what cost?",破碎的十字架是目標，卻隱而不現。穿過裂隙可獲得出路，但危險並未消失。贏得透鏡，三分之一的獎賞，但代價為何？
SCRIPTSTRING_1634,"In a flash of dim grey light, the party comes face to face with the keepers of the grey tower.",在一道昏暗灰光的閃爍中，冒險隊伍與灰塔的守護者正面相對。
SCRIPTSTRING_1635,"""Chickens!! Fight like men!!"" shouts a grey wizard.",「雞仔！！像個男人戰鬥！！」一名灰袍巫師喊道。
SCRIPTSTRING_1636,On a small pedestal that was once guarded by the Grey Wizards is a Smokey Lens.\n\n,在一個曾由灰袍巫師守護的小基座上，放著一枚煙霧透鏡。\n\n
SCRIPTSTRING_1637,Found 'Smokey Lens'.,發現了「煙霧透鏡」。
SCRIPTSTRING_1638,Several bodies are stacked here and they look like they have been run through La Machine.,此處堆疊著數具屍體，看起來像是被「拉瑪辛」機器貫穿而過。
SCRIPTSTRING_1639,Black Tower,黑塔
SCRIPTSTRING_1640,"You know it seems mad, and you can sense things in the darkness, but you see nothing, absolutely not a thing, making up the foundation of the Black Tower!",你知道這看似瘋狂，而且你能在黑暗中感知到某些東西，但你什麼也看不見，絕對看不見任何東西，構成黑塔的根基！
SCRIPTSTRING_1641,"Again you see a level without visible barriers, but you feel this place is not as formless as the level below. You do know evil dwells in its black heart.",你再次看到一個沒有明顯屏障的樓層，但你感覺此處並不像樓下那層那般無形。你確實知道邪惡潛伏在其黑暗之心。
SCRIPTSTRING_1642,"As you climb higher in the Black Tower, the fabric of reality, though twisted and weird, becomes stronger. Chittering howls and gibbering laughter echoes throughout the void you now face.",當你在黑塔中攀爬得更高時，現實的結構雖然扭曲怪異，卻變得更加堅實。吱吱作響的嚎叫與咯咯的笑聲迴盪在你現在面對的虛空之中。
SCRIPTSTRING_1643,"As you step into this area, you see a vision of a dark circle eclipsing a scarlet moon. The moon vanishes, and the dark disk pulses with vibrant and ebon power.",當你踏入此區域，眼前浮現一幕景象：一輪暗環吞噬了猩紅之月。月亮消失無蹤，那黑暗的圓盤脈動著充滿活力與烏黑的力量。
SCRIPTSTRING_1644,"In the darkest part of the room, the party comes face to face with the keepers of the black tower.",在房間最陰暗的角落，冒險隊伍與黑塔的守護者正面交鋒。
SCRIPTSTRING_1645,"""Chickens!! Fight like men!!"" shouts a black wizard.",「雞仔們！！像個男人戰鬥啊！！」一名黑巫師大喊道。
SCRIPTSTRING_1646,On a small pedestal that was once guarded by the Black Wizards is a Black Lens.\n\n,在一個曾由黑巫師守護的小基座上，放著一塊黑色透鏡。\n\n
SCRIPTSTRING_1647,Found 'Black Lens'.,發現了「黑色透鏡」。
SCRIPTSTRING_1648,Several bodies are stacked here and they look like they have been run through a garbage disposal.,此處堆疊著數具屍體，看起來像是被垃圾處理機攪過一樣。
SCRIPTSTRING_1649,Ice Dungeon,冰之地城
SCRIPTSTRING_1650,A stairway leads up to the Ice Keep.,一道階梯向上通往冰之堡壘。
SCRIPTSTRING_1651,A stairway leading up to the Ice Keep is here. Do you wish to take it?\n\n,此處有一道階梯向上通往冰之堡壘。你是否要踏上階梯？\n\n
SCRIPTSTRING_1652,"Unlike the rest of the castle, the dungeon gives mute evidence of the invasion's fierce fighting. Debris is scattered about and bodies lie encased in icy coffins.",與城堡其他部分不同，這座地城無聲地見證了入侵時激烈戰鬥的痕跡。四處散落著殘骸，屍體則被封在冰棺之中。
SCRIPTSTRING_1653,"Dead creatures litter the floor here, and your skin crawls with the overwhelming sense of latent magic.",此處遍地都是死去的生物遺骸，你皮膚因感受到那股壓倒性的潛伏魔法而陣陣發麻。
SCRIPTSTRING_1654,"A sign reads:\nHere lies Lanatir, last guardian of all magics. Only in the name of his blood may you enter.",一塊告示寫著：\n此處安眠著拉納提爾，所有魔法的最後守護者。唯有以他血脈之名，你方能進入。
SCRIPTSTRING_1655,What will you say?\n\n,你將說些什麼？\n\n
SCRIPTSTRING_1656,CALA,CALA
SCRIPTSTRING_1657,UTOR,UTOR
SCRIPTSTRING_1658,Nothing happened,什麼事也沒發生。
SCRIPTSTRING_1659,A door appears.,一扇門出現了。
SCRIPTSTRING_1660,"Radiating with an inner glow all its own, Lanatir's Wand of Power gives an aura of incredible power.\n\n",蘭納提爾的力量之杖散發出內在的光芒，散發著一股難以置信的力量靈氣。\n\n
SCRIPTSTRING_1661,Found 'Wand of Power'.,發現「力量之杖」。
SCRIPTSTRING_1662,"Warm to the touch, the Sphere of Lanatir seems to want to be used in the name of Good.\n\n",蘭納提爾之球觸感溫暖，彷彿渴望以良善之名被使用。\n\n
SCRIPTSTRING_1663,Found 'Sphere of Lanatir'.,發現了「拉納提爾之球」。
SCRIPTSTRING_1664,"A stone guardian asks the party:\n\n""Speak your name, defender, and pass a friend.""",一名石像守衛詢問隊伍：\n\n「說出你的名字，守護者，便可作為朋友通過。」
SCRIPTSTRING_1665,ALENDAR,阿倫達
SCRIPTSTRING_1666,HAWKSLAYER,鷹殺者
SCRIPTSTRING_1667,Nothing happens.,什麼事也沒發生。
SCRIPTSTRING_1668,"The solid, ice-laden walls of this massive castle help hold the savage storm outside. Even so, the keep is not warm and the danger of frosty death stays with you even here.",這座巨大城堡的堅實冰壁，將外頭的猛烈風暴阻擋在外。即便如此，堡內仍舊寒冷，凍死的危險即使在此處也如影隨形。
SCRIPTSTRING_1669,"There is a passageway here, going up. Do you wish to take it?\n\n",這裡有一條通道，通往上方。你是否要通過？\n\n
SCRIPTSTRING_1670,There is a passageway here to the White Tower.,這裡有一條通往白塔的通道。
SCRIPTSTRING_1671,"Scrawled on the wall you see:\n\nLift the veil,\nThen counter it,\nFalse door frees,\nTrue door.",牆上潦草地寫著：\n\n揭開帷幕，\n再予以反制，\n假門釋放，\n真門。
SCRIPTSTRING_1672,"A shimmering magical curtain that looks very much like an Aurora Borealis, shifts and sways between you and a doorway.",一道閃爍著魔法光芒的簾幕，看起來極像北極光，在你與一道門扉之間搖曳擺動。
SCRIPTSTRING_1673,The magical curtain dissipates into a light mist.,魔法帷幕消散成一片輕霧。
SCRIPTSTRING_1674,My 'Phase-Door' spell was absorbed.,我的「相位之門」法術被吸收了。
SCRIPTSTRING_1675,My 'Levitation' spell was absorbed.,我的「漂浮術」法術被吸收了。
SCRIPTSTRING_1676,The magic has been absorbed by the curtain.,魔法已被帷幕吸收。
SCRIPTSTRING_1677,My 'Anti-Magic' spell was absorbed.,我的「反魔法」法術被吸收了。
SCRIPTSTRING_1678,There is a passageway here to the Grey Tower.,此處有一條通道通往灰塔。
SCRIPTSTRING_1679,"Scrawled on the wall you see:\n\nWolf to sate hunger,\nA hero true, but not one at all,\nFocus its attention,\nbut better not be seen at all.",牆上潦草地寫著：\n\n狼以解飢，\n真英雄卻非英雄，\n引其注意，\n但最好別被看見。
SCRIPTSTRING_1680,"Between you and the doorway beyond, you see an opalescent, hulking creature with four arms and three eyes.",在你與遠方的門口之間，你看到一隻乳白色、龐大的生物，有四隻手臂和三隻眼睛。
SCRIPTSTRING_1681,The creature fades away into nothingness.,那隻生物逐漸消散，化為虛無。
SCRIPTSTRING_1682,My 'Invisibility' spell was absorbed.,我的「隱形術」被吸收了。
SCRIPTSTRING_1683,My 'Instant Wolf' spell was absorbed.,我的「瞬間召狼」法術被吸收了。
SCRIPTSTRING_1684,The magic has been absorbed by the creature.,魔法已被該生物吸收。
SCRIPTSTRING_1685,My 'Wind Hero' spell was absorbed.,我的「風之英雄」法術被吸收了。
SCRIPTSTRING_1686,My 'Force Focus' spell was absorbed.,我的「力場聚焦」法術被吸收了。
SCRIPTSTRING_1687,There is a passageway here to the Black Tower.,此處有一條通往黑塔的通道。
SCRIPTSTRING_1688,"Scrawled on the wall you see:\n\nBright light,\nLoud thunder,\nWhispered terror term,\nFlaming guide to lead the way,\nJoin the wall,\nThen no one will be the wall.",牆上潦草地寫著：\n\n明亮的光，\n轟隆的雷，\n低語的恐怖咒語，\n烈焰引導前行之路，\n融入牆中，\n便無人再是那堵牆。
SCRIPTSTRING_1689,"A glistening black wall blocks the east wall and cuts off ingress to what you believe, from what you have seen outside, must be the Black Tower.",一面閃爍著黑光的牆壁阻擋了東側，切斷了通往你根據外部所見而推測應是「黑塔」的入口。
SCRIPTSTRING_1690,The wall crumbles into a fine powder.,那面牆壁崩解成細粉。
SCRIPTSTRING_1691,My 'Spell Bind' spell was absorbed.,我的「法術束縛」法術被吸收了。
SCRIPTSTRING_1692,My 'Mage Flame' spell was absorbed.,我的「法師火焰」法術被吸收了。
SCRIPTSTRING_1693,My 'Lesser Revelation' spell was absorbed.,我的「較低啟示術」被吸收了。
SCRIPTSTRING_1694,My 'Greater Revelation' spell was absorbed.,我的「高等啟示術」被吸收了。
SCRIPTSTRING_1695,The magic has been absorbed by the wall.,魔法被牆壁吸收了。
SCRIPTSTRING_1696,My 'Shock Sphere' spell was absorbed.,我的「震電球」法術被吸收了。
SCRIPTSTRING_1697,My 'Word Of Fear' spell was absorbed.,我的「恐懼真言」法術被吸收了。
SCRIPTSTRING_1698,My 'Summon Elemental' spell was absorbed.,我的「召喚元素」法術被吸收了。
SCRIPTSTRING_1699,A passageway that leads down to unknown depths is here. Do you wish to take it?\n\n,這裡有一條向下通往未知深處的通道。你要走進去嗎？\n\n
SCRIPTSTRING_1700,"A slab of white marble fits flush into the floor. A gold plug sits in the center of it, and reeks of magic.",一塊白色大理石石板平整地嵌在地板上。石板中央有一個金色栓塞，散發著濃烈的魔法氣息。
SCRIPTSTRING_1701,Light from above falls directly onto the disk from a silver disk in the ceiling.,上方的光線從天花板上一面銀色圓盤直射而下，落在這塊圓盤上。
SCRIPTSTRING_1702,Carved in stone are three overlapping circles with each arrow pointing towards the castle's towers.,石頭上刻著三個重疊的圓圈，每個圓圈都有一支箭指向城堡的高塔。
SCRIPTSTRING_1703,"Carved into the stone, above the gold disk, you see three overlapping circles. One arrow points from each circle toward the castle's towers.",石頭上，在金盤上方，刻著三個相互重疊的圓圈。每個圓圈都有一支箭矢指向城堡的高塔。
SCRIPTSTRING_1704,The crystal circle is,水晶圓圈是
SCRIPTSTRING_1705,empty,空的
SCRIPTSTRING_1706,occupied,被佔據的
SCRIPTSTRING_1707,.\nThe smokey circle is,。\n煙霧圓圈是
SCRIPTSTRING_1708,.\nThe black circle is,.\n黑色的圓圈是
SCRIPTSTRING_1709,.,.
SCRIPTSTRING_1710,{0} places the lens in the proper circle.,{0} 將透鏡放入正確的圓圈中。
SCRIPTSTRING_1711,The marble platform slowly slips aside and reveals some stairs.,大理石平台緩緩滑開，露出一段階梯。
SCRIPTSTRING_1712,"The purple rock that forms the mountain is warm to the touch. A rough-hewn tunnel extends forward a short way, and ends in a solid, but magically pulsing wall.",構成這座山脈的紫色岩石摸起來溫熱。一條粗鑿的隧道向前延伸不遠，盡頭是一面堅實但散發魔法脈動的牆壁。
SCRIPTSTRING_1713,"The darkness seems thicker here below the mountain. The hot air is fetid and stirs with the breath of a mighty, yet unseen, beast.",山底深處的黑暗似乎更加濃稠。熱氣腐臭，隨著一頭強大卻未現身的野獸的呼吸而翻騰。
SCRIPTSTRING_1714,"The thick, wet air whistles sharply and the tang of brimstone tastes sour to you. A musty reptilian scent almost overpowers you. You know the dragon is far too near for peace of mind.",濃稠潮濕的空氣尖銳呼嘯，硫磺的刺鼻味讓你感到酸澀。一股發霉的爬蟲類氣味幾乎將你壓倒。你知道那條龍離得太近，令人心神不寧。
SCRIPTSTRING_1715,"You have entered the lair of a Rainbow Dragon. ""Lunchtime!!"" it says.",你進入了彩虹龍的巢穴。「午餐時間到了！」牠說道。
SCRIPTSTRING_1716,"""And I didn't even get dessert!"" the Dragon moans.",「而且我連甜點都沒吃到！」龍哀嚎道。
SCRIPTSTRING_1717,Under the body of the dragon is a Crystal Key.\n\n,龍的身體下方有一把水晶鑰匙。\n\n
SCRIPTSTRING_1718,Found 'Crystal Key'.,發現「水晶鑰匙」。
SCRIPTSTRING_1719,The body of the dragon is surrounded by a pool of shimmering blood.,巨龍的身軀被一灘閃爍著光芒的鮮血所環繞。
SCRIPTSTRING_1720,{0} collects some of the dragon blood.,{0} 收集了一些龍血。
SCRIPTSTRING_1721,Cyanis' Tower is made entirely of turquoise. A narrow corridor leads in to a wall that has a small keyhole in the center of it.,賽亞尼斯之塔完全由綠松石打造而成。一條狹窄的走廊通向一面牆壁，牆壁中央有一個小小的鑰匙孔。
SCRIPTSTRING_1722,{0} inserts the key into the lock.,{0} 將鑰匙插入鎖孔中。
SCRIPTSTRING_1723,Strange grasping gargoyles frozen in the walls reach out toward you. Beyond them and on their bodies you see the carvings of Cyanis and Alliria as they once were.,牆上凝固的奇異抓握石像鬼朝你伸出手來。在它們身後與身上，你看到了 Cyanis 與 Alliria 昔日的雕刻。
SCRIPTSTRING_1724,"Somehow a sculpture on the south wall escaped Cyanis' madness. It is a carved icon of Alliria, and you can see in its beauty the reason her death would unbalance Cyanis. Below it is the word, ""Beloved.""",南牆上有一尊雕塑不知何故逃過了 Cyanis 的瘋狂。那是 Alliria 的雕刻聖像，你能從其美麗中看出她的死亡為何會讓 Cyanis 失衡。下方刻著「摯愛」二字。
SCRIPTSTRING_1725,"On the south wall you find an icon of Cyanis himself. It shows a handsome, intelligent man, but has only one disturbing aspect to it: its eyes have been clawed out.",在南牆上，你發現了一尊 Cyanis 本人的聖像。它描繪了一位英俊聰慧的男子，但只有一個令人不安之處：它的雙眼被挖掉了。
SCRIPTSTRING_1726,The once smooth wall now writhes with figures obscene and blasphemous. Cyanis and his foul insanity pulse through this tower level and chill you.,曾經平滑的牆壁如今蠕動著猥褻褻瀆的形體。Cyanis 與他邪惡的瘋狂在這座塔樓樓層中脈動，令你感到寒意。
SCRIPTSTRING_1727,"Trapped within azure stone that moves in sluggish slow motion, small demons repeatedly play through battles old and forgotten.",被困在緩慢流動的藍色石頭中，小惡魔們反覆上演著古老而被遺忘的戰鬥。
SCRIPTSTRING_1728,"Set in the south wall you see the image of Hawkslayer. He looks younger than when you first met him and has no scars. You also hear Cyanis' shrill voice crying, ""Friend, why can you not save my beloved?""",南牆上刻著獵鷹殺手的肖像。他看起來比你初次見面時年輕，臉上沒有傷疤。你還聽見賽亞尼斯尖銳的哭喊聲：「朋友，為何你無法拯救我的摯愛？」
SCRIPTSTRING_1729,Cyanis weeping.,賽亞尼斯在哭泣。
SCRIPTSTRING_1730,"You see Cyanis huddled in a corner weeping underneath a painting of his lost love. ""Why!!"" he sobs in anguish.",你看見賽亞尼斯蜷縮在角落，在一幅他失去的愛人的畫像下啜泣。「為什麼！！」他痛苦地抽噎著。
SCRIPTSTRING_1731,"Cyanis looks at you with insanity written over his eyes. ""Murderers!"" he yells and lunges toward the party with anger and hatred.",賽亞尼斯看著你，眼中寫滿了瘋狂。「殺人兇手！」他怒吼著，滿懷憤怒與憎恨撲向隊伍。
SCRIPTSTRING_1732,Charging you is,向你衝來的是
SCRIPTSTRING_1733,"Cyanis runs back into his corner and resumes crying. You can't help but pity him, if only you could end his madness.",Cyanis 跑回他的角落，繼續哭泣。你不禁同情他，要是能結束他的瘋狂就好了。
SCRIPTSTRING_1734,You stand over the now dead body of Cyanis and wonder if what you have done was the right thing.,你站在 Cyanis 已死的屍體旁，思索著自己所做所為是否正確。
SCRIPTSTRING_1735,"Cyanis sadly offers you a magic triangle. ""Take this and enter the tomb of my beloved Alliria,"" he says, trying to hold back a tear.",Cyanis 悲傷地遞給你一個魔法三角。「拿著這個，進入我摯愛 Alliria 的墓穴，」他強忍著淚水說道。
SCRIPTSTRING_1736,"""With it, a Bard can open the Black Crystal that blocks the only way in, but beware of the dangers within if you don't take precautions.""\n\n",「有了它，吟遊詩人就能打開擋住唯一入口的黑水晶，但若未做好準備，務必當心裡面的危險。」\n\n
SCRIPTSTRING_1737,Found 'Magic Triangle'.,發現「魔法三角」。
SCRIPTSTRING_1738,Next to the body of Cyanis is a triangle.,在Cyanis的屍體旁邊有一個三角形。
SCRIPTSTRING_1739,"Cyanis is here, slowing repairing the damage he has done to his home while in the insanity that had unmercifully tormented his soul.",Cyanis在這裡，正緩慢修復他在那無情折磨他靈魂的瘋狂狀態下對家園造成的損害。
SCRIPTSTRING_1740,The body of Cyanis is here. You see nothing valuable on it to steal.,Cyanis的屍體在這裡。你看不到任何值得偷竊的財物。
SCRIPTSTRING_1741,{0} casts a healing spell at Cyanis.,{0}對Cyanis施展了一道治療法術。
SCRIPTSTRING_1742,"Cyanis gets up from the ground and wipes the tears from his eyes. ""I want to thank you for ridding me of this madness that I have had to endure.""",Cyanis從地上爬起來，擦去眼中的淚水。「我想感謝你們幫我擺脫了這份我不得不忍受的瘋狂。」
SCRIPTSTRING_1743,"""Alliria was murdered many moons ago by something far more powerful than anything she has ever fought.""",「艾莉莉亞在許久以前被某個遠比她曾對抗過的任何事物都還要強大的存在謀殺了。」
SCRIPTSTRING_1744,"""Tarjan tortured her before she died and I was forced to watch this happen. Her screams drove me insane for I couldn't do anything to save her.""",「塔爾揚在她死前折磨了她，而我被迫目睹這一切。她的尖叫聲讓我陷入瘋狂，因為我無能為力拯救她。」
SCRIPTSTRING_1745,"""All I ask is that you find this being and kill him for what he has done.""",「我只求你找到這個存在，並為他所做的一切殺了他。」
SCRIPTSTRING_1746,"The necropolis near Alliria's tomb once must have been a glorious sight, but now the white marble tombs are stained gray. You sense great evil from all directions.",艾莉莉亞墓穴附近的墓園曾經必定是壯麗的景象，但如今白色大理石墓碑已染上灰斑。你從四面八方感受到強烈的邪惡氣息。
SCRIPTSTRING_1747,The silver door is tinged with dark tarnish. Vile and obscene things have been scratched into its surface by sharp claws.,銀色大門沾染了暗沉的鏽蝕。其表面被尖銳的利爪刻滿了邪惡而猥褻的圖案。
SCRIPTSTRING_1748,Throughout the tomb you see signs of violation. What was once beautiful has been defaced and what was sincere has been mocked.,整座墓穴中，你隨處可見褻瀆的痕跡。曾經美麗的事物已被玷污，曾經真摯的情感也遭到嘲弄。
SCRIPTSTRING_1749,Foul beasts slink through the shadows and derisive laughter echoes hauntingly through the halls.,邪惡的野獸潛伏在陰影中，嘲弄的笑聲陰魂不散地在廳堂間迴盪。
SCRIPTSTRING_1750,There is a large black crystal blocking the way north.,一顆巨大的黑色水晶擋住了往北的道路。
SCRIPTSTRING_1751,There are black pieces of a shattered crystal here. They sure make a big mess.,這裡散落著碎裂水晶的黑色碎片。它們確實弄得一團亂。
SCRIPTSTRING_1752,{0} rings the triangle.,{0} 敲響了三角鐵。
SCRIPTSTRING_1753,"Ringing the 'Magic Triangle' caused the crystal to explode, erupting in a brilliant flash of light.",敲響「魔法三角」導致水晶爆炸，迸發出刺目的閃光。
SCRIPTSTRING_1754,"A brilliant flash of light erupts from the exploding crystal, blinding the party.",爆炸的水晶迸發出刺目的閃光，使冒險隊伍暫時失明。
SCRIPTSTRING_1755,You see no signs of the desecration that took place in the outer chamber. Here the walls glow with intricate memorials lovingly created by the gnomes of Celaria Bree.,你看不到外廳曾發生的褻瀆跡象。此處牆壁上閃爍著由 Celaria Bree 的侏儒們精心創作的複雜紀念碑文。
SCRIPTSTRING_1756,Inset into the creamy white walls you see roses of different shades carved from gemstones. They sparkle with a deep light and calm you even here in the heart of danger.,乳白色的牆壁上鑲嵌著由寶石雕刻而成的各色玫瑰。它們散發著深邃的光芒，即使在危險的中心也讓你感到平靜。
SCRIPTSTRING_1757,"You see a shadowy figure that resembles a beautiful woman.\nShe says: ""I want the Flower of truth.""",你看見一個形似美麗女子的陰影身影。\n她說：「我想要真理之花。」
SCRIPTSTRING_1758,"You see a shadowy figure that resembles a beautiful woman. She says:\n\n""I want the Flower of",你看見一個形似美麗女子的陰影身影。她說道：\n\n「我要真理之花
SCRIPTSTRING_1759,"Truth.""",。」
SCRIPTSTRING_1760,The shadowy figure liked the 'White Rose'.,那陰影身影很喜歡「白玫瑰」。
SCRIPTSTRING_1761,{0} gives the flower to the Shade.,{0} 將花朵交給了陰影。
SCRIPTSTRING_1762,She liked the gift and she fades away with a smile on her face.,她很喜歡這份禮物，臉上帶著微笑逐漸消逝。
SCRIPTSTRING_1763,"You see a shadowy figure that resembles a beautiful woman.\nShe says: ""I want the Flower of valor.""",你看見一個形似美麗女子的朦朧身影。\n她說：「我要勇氣之花。」
SCRIPTSTRING_1764,"Valor.""",勇氣。」
SCRIPTSTRING_1765,The shadowy figure liked the 'Blue Rose'.,那朦朧身影很喜歡『藍玫瑰』。
SCRIPTSTRING_1766,"You see a shadowy figure that resembles a beautiful woman.\nShe says: ""I want the Flower of kinship.""",你看見一個形似美麗女子的朦朧身影。\n她說：「我要親情之花。」
SCRIPTSTRING_1767,"Kinship.""",親情。」
SCRIPTSTRING_1768,The shadowy figure liked the 'Red Rose'.,那模糊的身影喜歡「紅玫瑰」。
SCRIPTSTRING_1769,"You see a shadowy figure that resembles a beautiful woman.\nShe says: ""I want the Flower of nature.""",你看見一個形似美麗女子的模糊身影。\n她說：「我要自然之花。」
SCRIPTSTRING_1770,"You see a shadowy figure that resembles a beautiful woman. She says: \n\n""I want the Flower of",你看見一個形似美麗女子的模糊身影。她說：\n\n「我要自然之
SCRIPTSTRING_1771,"Nature.""",花。」
SCRIPTSTRING_1772,The shadowy figure liked the 'Yellow Rose'.,那模糊的身影喜歡「黃玫瑰」。
SCRIPTSTRING_1773,"You see a shadowy figure that resembles a beautiful woman.\nShe says: ""I want the Flower of Alliria.""",你看見一個形似美麗女子的朦朧身影。\n她說：「我要艾利里亞之花。」
SCRIPTSTRING_1774,"You see a shadowy figure that resembles a beautiful woman. She says,:\n\n""I want the Flower of",你看見一個形似美麗女子的朦朧身影。她說：\n\n「我要艾利里亞
SCRIPTSTRING_1775,"Alliria.""",之花。」
SCRIPTSTRING_1776,The shadowy figure liked the 'Rainbow Rose'.,那朦朧身影很喜歡『彩虹玫瑰』。
SCRIPTSTRING_1777,She liked the gift but it wasn't what she asked for.,她喜歡這份禮物，但這並非她所求之物。
SCRIPTSTRING_1778,You are in the resting place of Alliria. Objects of great beauty are lovingly placed in all the four corners.,你身處艾莉瑞亞的長眠之地。四個角落都精心擺放著極其美麗的物品。
SCRIPTSTRING_1779,In this intricately decorated room sits the Crown of Truth.\n\n,在這間裝飾繁複的房間中，安放著真理之冠。\n\n
SCRIPTSTRING_1780,Found 'Crown of Truth'.,找到了「真理之冠」。
SCRIPTSTRING_1781,Lying over the coffin of Alliria is her belt.\n\n,艾莉瑞亞的棺木上放著她的腰帶。\n\n
SCRIPTSTRING_1782,Found Belt of Alliria.,找到了艾莉瑞亞腰帶。
SCRIPTSTRING_1783,Wasteland,荒原
SCRIPTSTRING_1784,A hole in time... we didn't enter it.,一個時間之洞……我們沒有進入。
SCRIPTSTRING_1785,You feel an electric tingling and know this place is a hole in time.\nDo you wish to use it?,你感到一陣電擊般的刺痛，明白此處是個時間之洞。\n你是否想使用它？
SCRIPTSTRING_1786,A hole in time to K'un Wang.,通往崑王的時間之洞。
SCRIPTSTRING_1787,A hole in time to Wasteland.,通往荒原的時間之洞。
SCRIPTSTRING_1788,A hole in time to Nottingham.,通往諾丁漢的時空裂洞。
SCRIPTSTRING_1789,A hole in time to Berlin.,通往柏林的時空裂洞。
SCRIPTSTRING_1790,"You see a ghostly death's-head floating above this spot and hear a voice ask, ""Who am I?""\n\n",你看見一個幽靈般的骷髏頭漂浮在此處上空，並聽見一個聲音問道：「我是誰？」\n\n
SCRIPTSTRING_1791,SDIABM,SDIABM
SCRIPTSTRING_1792,PAVLISH,PAVLISH
SCRIPTSTRING_1793,Answered: 'PAVLISH'.,回答：「PAVLISH」。
SCRIPTSTRING_1794,Get back to work Alan.,回去工作，艾倫。
SCRIPTSTRING_1795,Answered: 'SDIABM'.,回答：「SDIABM」。
SCRIPTSTRING_1796,"A cruel, harsh wind sweeps over you and you hear, ""I am known as MARS,"" whispered in your ear.",一陣殘酷凜冽的風掃過你，你聽見耳邊低語：「吾名為 MARS。」
SCRIPTSTRING_1797,"A dry wind drives dust over you that rattles off armor. The blood-red sky forms a bowl over a broken, glowing landscape that something hideous and powerful has smashed utterly.",一陣乾燥的風揚起塵土，打在盔甲上鏗鏘作響。血紅色的天空如碗般籠罩著一片破碎、發光的大地，顯然曾被某種可怖而強大的存在徹底摧毀。
SCRIPTSTRING_1798,Shattered buildings surround you. Misshapen and misbegotten creatures lurk in the ruins. Whatever destroyed this place warped and destroyed these things as well.,破碎的建築物環繞著你。畸形且墮落的生物潛伏在廢墟之中。無論是什麼摧毀了這個地方，也同樣扭曲並毀滅了這些東西。
SCRIPTSTRING_1799,Tarmitia,塔米提亞
SCRIPTSTRING_1800,"Through the smoke you see only shadows and swirls of light. Things gibber and cavort just out of sight, and the wind sounds like the groans of dying warriors.",透過煙霧，你只看見陰影與旋轉的光流。有東西在視線之外吱喳亂語、嬉鬧跳躍，而風聲聽起來就像垂死戰士的呻吟。
SCRIPTSTRING_1801,"Here is the strongest feeling of power you have had in this strange warland. Through the door to the south, fate awaits you.",這是你在這片奇異的戰爭之地所感受到最強烈的力量。穿過南方的門，命運正等待著你。
SCRIPTSTRING_1802,To the east is an image of the wilderness back home in Skara Brae.,東邊浮現出史卡拉布雷家鄉荒野的景象。
SCRIPTSTRING_1803,A portal back to the Wilderness back home in Skara Brae.,一道傳送門，通往家鄉斯卡拉布雷的荒野。
SCRIPTSTRING_1804,A portal from Tarmitia took us to this spot.,一道來自塔米提亞的傳送門將我們帶到了此處。
SCRIPTSTRING_1805,"Werra's Shield is here, it looks as it was forged yesterday.\n\n",維拉之盾就在這裡，它看起來就像昨天才鑄造好的一樣。\n\n
SCRIPTSTRING_1806,Found 'Werra's Shield'.,發現了「維拉之盾」。
SCRIPTSTRING_1807,"Having recovered Werra's Shield, and with the Strife Spear safely in Hawkslayer's capable hands, you decide it is time to return to the old man in Skara Brae and inform him of Werra's passing.",尋回了維拉之盾，而紛爭長矛也安全地交到了鷹殺者那雙能幹的手中，你認為是時候回到斯卡拉布雷，將維拉已逝的消息告知那位老人了。
SCRIPTSTRING_1808,"A tall, hugely muscled man laughs. ""You've come for my shield? Earn it!!""",一名高大、肌肉虯結的男子大笑：「你是來拿我的盾牌？憑本事來拿吧！！」
SCRIPTSTRING_1809,Gleefully attacking you is,興高采烈地向你發動攻擊的是
SCRIPTSTRING_1810,"""And I was beginning to enjoy myself!!""",「我正開始覺得盡興呢！！」
SCRIPTSTRING_1811,Werra lies dead before the party's feet.,Werra 倒在冒險隊伍腳前，氣絕身亡。
SCRIPTSTRING_1812,"Werra sits up in a pool of his own blood and laughs. ""That's the best fight I've had since I battled Hawkslayer and gave him Strifespear.""",Werra 在自己的一灘血泊中坐起身來，大笑道：「這是我跟『弒鷹者』交手、把『紛爭之矛』給他之後，打過最痛快的一場架了。」
SCRIPTSTRING_1813,"He notices your looks of disbelief. ""Come, you didn't think mere mortals could kill me, did you?""",他注意到你們難以置信的表情。「怎麼，你們該不會以為區區凡人就能殺死我吧？」
SCRIPTSTRING_1814,"He smiles. ""Here, my shield is yours. You'll find it in the next room.""",他微微一笑。「來，我的盾牌就交給你了。你會在隔壁房間找到它。」
SCRIPTSTRING_1815,The smile fades from Werra's face as a wild screeching sound fills the room and black shapes manifest themselves all around you.,一陣狂野的尖嘯聲充滿房間，黑色形體在你們周圍顯現，Werra 臉上的笑容隨之消失。
SCRIPTSTRING_1816,"""Uh, oh."" is all Werra can say as you see",「呃，喔。」Werra 只能這麼說，而你們看見
SCRIPTSTRING_1817,The hordes of slayers didn't seem really interested in attacking the party. They disappear as fast as they appeared leaving only the dead behind.,那群殺手大軍似乎對攻擊冒險隊伍沒什麼興趣。牠們消失得和出現時一樣快，只留下屍體在後方。
SCRIPTSTRING_1818,Amid the bodies you see Werra's twisted form. Life drains from him and you know he is beyond help.,在屍體中，你看見 Werra 扭曲的身形。生命正從他身上流逝，你知道他已無可救藥。
SCRIPTSTRING_1819,"""It takes a god to kill a god. Drink deep of his blood."" He shudders and lies very still.",「唯有神能殺神。暢飲他的鮮血吧。」他顫抖了一下，然後靜止不動。
SCRIPTSTRING_1820,"The body of the valiant warrior Werra, lies crumbled and beaten on the floor here.",英勇戰士 Werra 的遺體，癱軟破碎地躺在這裡的地板上。
SCRIPTSTRING_1821,Berlin,柏林
SCRIPTSTRING_1822,A hole in time to Rome.,通往羅馬的時間裂隙。
SCRIPTSTRING_1823,A hole in time to Berlin.,通往柏林的時空裂縫。
SCRIPTSTRING_1824,A hole in time to Wasteland.,通往廢土的時空裂縫。
SCRIPTSTRING_1825,"You see a ghostly death's-head floating above this spot and hear a voice ask, ""Who am I?""",你看見一個幽靈般的骷髏頭漂浮在此處上方，並聽見一個聲音問道：「我是誰？」
SCRIPTSTRING_1826,TYR,TYR
SCRIPTSTRING_1827,Answered: 'TYR'.,回答：『TYR』。
SCRIPTSTRING_1828,"""Now speak my true name, if you dare...""\n\n",「現在，說出我的真名，如果你敢的話……」\n\n
SCRIPTSTRING_1829,WERRA,WERRA
SCRIPTSTRING_1830,Answered: 'WERRA'.,回答：『WERRA』。
SCRIPTSTRING_1831,"A cruel, harsh wind sweeps over you and you hear, ""I am known as ARES,"" whispered in your ear.",一陣殘酷而凜冽的風掃過你，你聽見耳邊低語：「吾名為 ARES。」
SCRIPTSTRING_1832,"Through the smoke you see children in uniforms carrying weapons and scurrying for cover. Men in green, with red stars on their caps, oppose them.",穿過煙霧，你看見身穿制服、手持武器的孩童們正匆忙尋找掩護。頭戴綠色軍帽、帽上綴有紅星的男人們與他們對峙。
SCRIPTSTRING_1833,"Men in ragged green uniforms, with red stars on their caps, stalk the streets. Children in black uniforms oppose them and battle fiercely for their city.",身穿破爛綠色制服、帽上綴有紅星的男人們在街上巡行。身穿黑色制服的孩子們與他們對抗，為自己的城市奮勇作戰。
SCRIPTSTRING_1834,Stalingrad,史達林格勒
SCRIPTSTRING_1835,A hole in time to Stalingrad.,通往史達林格勒的時空裂隙。
SCRIPTSTRING_1836,A hole in time to Hiroshima.,通往廣島的時空裂隙。
SCRIPTSTRING_1837,SVARAZIC,SVARAZIC
SCRIPTSTRING_1838,Answered: 'SVARAZIC'.,你回答：「SVARAZIC」。
SCRIPTSTRING_1839,"A cruel, harsh wind sweeps over you and you hear, ""I am known as SDIABM,"" whispered in your ear.",一陣殘酷凜冽的寒風席捲而來，你聽見耳邊低語：「吾名 SDIABM」。
SCRIPTSTRING_1840,Cold winds whip through the desolate streets. Men in black uniforms slink through the streets and battle with weary warriors in ragged green uniforms.,冷風呼嘯掠過荒涼的街道。身穿黑色制服的男子們在街巷間潛行，與身穿破爛綠色制服的疲憊戰士交戰。
SCRIPTSTRING_1841,"Men in ragged, green uniforms, with red stars on their caps, rage through the streets and assault warriors in black uniforms. Despite the biting cold, the battle is very nasty.",身穿破爛綠色制服、帽上綴有紅星的男子們在街上橫衝直撞，攻擊身穿黑色制服的戰士。儘管寒風刺骨，戰況仍舊十分慘烈。
SCRIPTSTRING_1842,"Here, out of the wind, you watch as men from opposing armies battle each other with clubs and shovels. All look weary, but they do not surrender to their fatigue.",在此處避風之處，你目睹敵對軍隊的士兵們以棍棒與鐵鍬互相廝殺。所有人看來都已疲憊不堪，卻無人向倦意屈服。
SCRIPTSTRING_1843,Hiroshima,Hiroshima
SCRIPTSTRING_1844,A hole in time to Stalingrad.,通往史達林格勒的時空裂縫。
SCRIPTSTRING_1845,A hole in time to Hiroshima.,通往廣島的時空裂縫。
SCRIPTSTRING_1846,A hole in time to Troy.,通往特洛伊的時空裂縫。
SCRIPTSTRING_1847,SUSA-NO-O,SUSA-NO-O
SCRIPTSTRING_1848,Answered: 'SUSA-NO-O'.,回答：「素盞嗚尊」。
SCRIPTSTRING_1849,"A cruel, harsh wind sweeps over you and you hear, ""I am known as TYR,"" whispered in your ear.",一陣殘酷凜冽的寒風掃過你，你聽見耳邊低語：「吾名為提爾」。
SCRIPTSTRING_1850,"Fierce warriors in tan fatigues patrol the streets. A rising sun flag flutters atop a nearby building, and your odd garb makes you an immediate object of everyone's attention.",身穿卡其色作戰服的兇猛戰士在街道上巡邏。附近建築頂上飄揚著旭日旗，你奇異的裝束立刻讓你成為眾人注目的焦點。
SCRIPTSTRING_1851,Buildings of wood and paper look out of place compared to the machined weapons the warriors carry through the streets. You are marked immediately as strangers and warriors move to engage you.,木造與紙造的建築，與戰士們攜帶的機械化武器格格不入。你們立刻被標記為陌生人，戰士們開始朝你們逼近。
SCRIPTSTRING_1852,Warriors in tan fatigues contrast wildly with the subtle beauty of the wooden and paper buildings in the city. Everyone stares at you because you are obviously foreigners.,身穿卡其色作戰服的戰士，與城中木造紙造建築的雅致之美形成強烈對比。每個人都盯著你看，因為你們顯然是外來者。
SCRIPTSTRING_1853,Troy,特洛伊
SCRIPTSTRING_1854,A hole in time to Troy.,通往特洛伊的時空裂縫。
SCRIPTSTRING_1855,ARES,阿瑞斯
SCRIPTSTRING_1856,Answered: 'ARES'.,回答：「阿瑞斯」。
SCRIPTSTRING_1857,"A cruel, harsh wind sweeps over you and you hear, ""I am known as SVARAZIC,"" whispered in your ear.",一陣殘酷凜冽的寒風席捲而來，你聽見耳邊低語：「吾名為 SVARAZIC。」
SCRIPTSTRING_1858,Greek warriors in ornate breastplates battle with bold Trojan warriors in the city streets. In the chaos you are able to pass through the area without organized opposition.,身著華麗胸甲的希臘戰士，在城中的街道上與勇猛的特洛伊戰士交戰。在混亂之中，你得以穿過這片區域，而未遭遇有組織的抵抗。
SCRIPTSTRING_1859,"The Trojan palace is a gorgeous building filled with massive marble statues and gilded furnishings. Here warriors oppose your passage, but more, you sense, to stop your stealing their loot than out of loyalty.",特洛伊宮殿是一座華美的建築，內部滿是巨大的大理石雕像與鍍金的陳設。這裡有戰士阻擋你的去路，但你感覺，他們更多是為了阻止你搶奪他們的戰利品，而非出於忠誠。
SCRIPTSTRING_1860,"Struggling warriors fight through the streets and attack anyone or anything belligerent within sight. You see bodies and blood everywhere, and you know this city is already lost.",奮戰中的戰士們在街道上廝殺，攻擊視線內任何有敵意的目標。你四處可見屍體與鮮血，你知道這座城市已經淪陷。
SCRIPTSTRING_1861,Rome,羅馬
SCRIPTSTRING_1862,A hole in time to Rome.,通往羅馬的時空裂縫。
SCRIPTSTRING_1863,MARS,MARS
SCRIPTSTRING_1864,Answered: 'MARS'.,回答：「MARS」。
SCRIPTSTRING_1865,"A cruel, harsh wind sweeps over you and you hear, ""I am known as ST. GEORGE,"" whispered in your ear.",一陣殘酷凜冽的寒風襲來，你聽見耳邊低語：「吾名為聖喬治。」
SCRIPTSTRING_1866,"Huns roam this city of marble and brick, killing citizens and battling soldiers. Despite your strange garb, you are ignored by many of those fighting around you.",匈奴人在這座大理石與磚石砌成的城市中四處遊蕩，屠殺市民、與士兵交戰。儘管你衣著奇特，周圍許多戰鬥中的人們並未理會你。
SCRIPTSTRING_1867,Huns stalk the city streets looking for anyone to kill and anything to steal. Their cruel expressions send a chill up your spine. This city is doomed.,匈奴人在城街中潛行，尋找任何可殺之人與可竊之物。他們殘酷的神情令你脊背發涼。這座城市已然注定滅亡。
SCRIPTSTRING_1868,"Roman legionnaires wander the streets in small squads, rooting out Huns and other looters, then killing them on the spot. Citizens flee lest they fall prey to these angry soldiers.",羅馬軍團士兵以小隊形式在街道上巡邏，搜捕匈人與其他掠奪者，並當場處決他們。市民們紛紛逃竄，以免成為這些憤怒士兵的犧牲品。
SCRIPTSTRING_1869,Nottingham,諾丁罕
SCRIPTSTRING_1870,A hole in time to Nottingham.,通往諾丁罕的時空裂洞。
SCRIPTSTRING_1871,ST. GEORGE,聖喬治
SCRIPTSTRING_1872,ST GEORGE,聖喬治
SCRIPTSTRING_1873,Answered: 'ST. GEORGE'.,回答：「聖喬治」。
SCRIPTSTRING_1874,Answered: 'ST. GEORGE'.,回答：「聖喬治」。
SCRIPTSTRING_1875,"A cruel, harsh wind sweeps over you and you hear, ""I am known as YEN-LO-WANG,"" whispered in your ear.",一陣殘酷凜冽的寒風席捲而來，你聽見耳邊低語：「吾名為閻羅王。」
SCRIPTSTRING_1876,Ragged bands of Saxon peasants rush through the muddy streets and engage Norman knights wherever they meet. The Saxons appear to be winning their fight.,衣衫襤褸的撒克遜農民成群結隊地衝過泥濘的街道，與諾曼騎士狹路相逢便展開廝殺。撒克遜人似乎正佔上風。
SCRIPTSTRING_1877,"Norman knights, clad in mail armor, battle a rabble of peasants and men in Lincoln green. Though the battle rages around you, no one side is clearly superior.",身穿鎖子甲的諾曼騎士，正與一群農民和身著林肯綠的弓箭手交戰。雖然戰火在你四周蔓延，但雙方勝負難分，並無明顯優勢的一方。
SCRIPTSTRING_1878,Warriors clad in Lincoln green lead a peasant mob in assaults against Norman knights. The battle appears to be even.,身穿林肯綠的戰士率領農民暴民襲擊諾曼騎士。戰況看似勢均力敵。
SCRIPTSTRING_1879,K'un Wang,K'un Wang
SCRIPTSTRING_1880,A hole in time to K'un Wang.,通往 K'un Wang 的時空裂縫。
SCRIPTSTRING_1881,YEN-LO-WANG,YEN-LO-WANG
SCRIPTSTRING_1882,Answered: 'YEN-LO-WANG'.,回答：「YEN-LO-WANG」。
SCRIPTSTRING_1883,"A cruel, harsh wind sweeps over you and you hear, ""I am known as SUSA-NO-O,"" whispered in your ear.",一陣殘酷凜冽的寒風襲來，你聽見耳邊低語：「吾名須佐之男。」
SCRIPTSTRING_1884,The acrid scent of burning wood floats on the air. Mongol warriors and Imperial soldiers fight in the streets around you while Chinese peasants flee for their lives.,燒焦木頭的刺鼻氣味飄散在空氣中。蒙古戰士與帝國士兵在你周圍的街道上廝殺，而中國農民則四散奔逃。
SCRIPTSTRING_1885,Mongol invaders and Chinese warriors battle openly in the streets around you. In the confusion you pass almost unnoticed despite your odd garb and looks.,蒙古入侵者與中國武士在你周圍的街道上公然交戰。在一片混亂中，儘管你衣著怪異、相貌奇特，卻幾乎無人注意。
SCRIPTSTRING_1886,The smoldering ruins smell odd and seem somewhat unfocused. It seems very much as if they do not belong here at all. Something very alien is present.,悶燒的廢墟散發著奇異的氣味，景象也顯得有些模糊失焦。它們彷彿完全不屬於此處，某種極其異質的存在降臨於此。
SCRIPTSTRING_1887,There is a strange silence ahead.,前方籠罩著一股詭異的寂靜。
SCRIPTSTRING_1888,Foul reeking air is coming from under the door.,門縫下傳來一股惡臭難聞的空氣。
SCRIPTSTRING_1889,The priests seek another word...,祭司們正在尋找另一個字詞……
SCRIPTSTRING_1890,Stairs Up,向上的階梯
SCRIPTSTRING_1891,Amongst some rubble you find some serviceable stairs leading back up to the ruins of Skara Brae.,你在瓦礫堆中發現了一條堪用的階梯，可以向上通往史卡拉布雷的廢墟。
SCRIPTSTRING_1892,\n\nWill you take the stairs up?,\n\n你要走上這道階梯嗎？
SCRIPTSTRING_1893,Tunnels,隧道
SCRIPTSTRING_1894,"This dark, gloomy tunnel reeks of death and moldy rot. You shiver to think something could live down here, and you shiver to think you might die down here.",這條陰暗潮濕的隧道散發著死亡與腐爛的霉味。想到有什麼東西能在這裡生存，你打了個寒顫；想到自己可能死在這裡，你又打了個寒顫。
SCRIPTSTRING_1895,Your magic wavers near here.,你的魔法在此處附近變得搖曳不定。
SCRIPTSTRING_1896,There seems to be an odd magnetic disturbance near.,附近似乎有一股奇異的磁場干擾。
SCRIPTSTRING_1897,The floor sure feels sticky here.,這裡的地板摸起來確實很黏。
SCRIPTSTRING_1898,... this word will allow access to the unholy domain of Brilhasti ap Tarj.,……這個字將允許進入 Brilhasti ap Tarj 的不潔領域。
SCRIPTSTRING_1899,Written in Blood are large letters which spell out CHAOS.,以血書寫的大字拼出了「CHAOS」。
SCRIPTSTRING_1900,Malefia,Malefia
SCRIPTSTRING_1901,Lying sprawled on the cold marble floors you see a skeleton clad in armor. The back and breast plates are crushed as if some giant child grabbed a doll and squeezed it in rage.,你看到一具身穿盔甲的骷髏攤臥在冰冷的大理石地板上。其前後胸甲都被壓碎，彷彿某個巨大的孩子抓起一個玩偶，在憤怒中將其捏扁。
SCRIPTSTRING_1902,Suddenly someone gasps. Clutched in one hand you see a magnificent weapon. It is a blackened steel spear with razor edges on the head and silver runes etched onto the flatter faces.,突然有人倒吸一口涼氣。你看到一隻手中緊握著一把非凡的武器。那是一柄發黑的鋼製長矛，矛頭帶有鋒刃，扁平面上蝕刻著銀色符文。
SCRIPTSTRING_1903,It exudes power and you instantly recognize it as Werra's Strifespear.,它散發著力量，你立刻認出這是薇拉的紛爭之矛。
SCRIPTSTRING_1904,Hawkslayer's Body.,鷹殺者的遺體。
SCRIPTSTRING_1905,"That means, you realize, the skeleton belongs to Hawkslayer.",這意味著，你意識到，這具骷髏屬於鷹殺者。
SCRIPTSTRING_1906,It also means you are the only hope of reality...,這也意味著你是現實唯一的希望……
SCRIPTSTRING_1907,Found 'Strifespear'.,發現「紛爭之矛」。
SCRIPTSTRING_1908,Only the weak light burning in the eyes and the expression of utter horror on the face tells you something is very wrong.\n\nThe statue looks like Alliria.,只有眼中微弱的光芒與臉上極度驚恐的表情，告訴你情況非常不對勁。\n\n這座雕像看起來像 Alliria。
SCRIPTSTRING_1909,"Here, sculpted from a black ice so frozen that it appears to be marble, you see the form of a god.",這裡，由黑冰雕琢而成，冰凍得宛如大理石，你看到了一位神祇的形體。
SCRIPTSTRING_1910,{0} invokes the power of the 'Belt of Alliria'.,{0} 召喚了「Alliria 腰帶」的力量。
SCRIPTSTRING_1911,The power of the 'Belt of Alliria' was invoked.,「Alliria 腰帶」的力量已被喚醒。
SCRIPTSTRING_1912,Something resembling Alliria was here.,這裡曾有過類似 Alliria 的存在。
SCRIPTSTRING_1913,The statue fades into nothingness.,雕像逐漸消散，化為虛無。
SCRIPTSTRING_1914,"You hear a voice say ""Legions horrid and vast.""",你聽見一個聲音說道：「軍團可怖而浩大。」
SCRIPTSTRING_1915,Only the weak light burning in the eyes and the expression of utter horror on the face tells you something is very wrong.\n\nThe statue looks like Valarian.,唯有眼中微弱的火光與臉上極度驚恐的表情，告訴你事情非常不對勁。\n\n這尊雕像看起來像是瓦拉里安。
SCRIPTSTRING_1916,{0} invokes the power of 'Valarian's Bow'.,{0} 召喚了「瓦拉里安之弓」的力量。
SCRIPTSTRING_1917,The power of 'Valarian's Bow' was invoked.,「瓦拉里安之弓」的力量已被喚醒。
SCRIPTSTRING_1918,Something resembling Valarian was here.,此處曾有類似瓦拉里安的蹤跡。
SCRIPTSTRING_1919,"You hear a voice say ""He cannot be defeated by what he can see.""",你聽見一個聲音說：「他無法被眼見之物擊敗。」
SCRIPTSTRING_1920,Only the weak light burning in the eyes and the expression of utter horror on the face tells you something is very wrong.\n\nThe statue looks like Lanatir.,唯有眼中燃燒的微弱光芒與臉上極度驚恐的表情，告訴你情況非常不對勁。\n\n這座雕像看起來像是拉納提爾。
SCRIPTSTRING_1921,{0} invokes the power of the 'Sphere of Lanatir'.,{0} 召喚了「拉納提爾之球」的力量。
SCRIPTSTRING_1922,The power of the 'Sphere of Lanatir' was invoked.,「拉納提爾之球」的力量已被喚醒。
SCRIPTSTRING_1923,Something resembling Lanatir was here.,此處曾有類似蘭納提爾的東西。
SCRIPTSTRING_1924,"You hear a voice say ""To oppose the Usurper's usurpers.""",你聽見一個聲音說：「為了對抗篡位者的篡位者。」
SCRIPTSTRING_1925,Only the weak light burning in the eyes and the expression of utter horror on the face tells you something is very wrong.\n\nThe statue looks like Sceadu.,只有眼中燃燒的微弱光芒與臉上極度驚恐的表情，告訴你事情非常不對勁。\n\n這尊雕像看起來像斯凱杜。
SCRIPTSTRING_1926,{0} invokes the power of 'Sceadu's Cloak'.,{0} 引動了「斯凱杜之斗篷」的力量。
SCRIPTSTRING_1927,The power of 'Sceadu's Cloak' was invoked.,「斯凱杜之斗篷」的力量已被引動。
SCRIPTSTRING_1928,Something resembling Sceadu was here.,此處曾有類似 Sceadu 的東西存在。
SCRIPTSTRING_1929,"You hear a voice say ""Hold his allies at bay.""",你聽見一個聲音說：「擋住他的盟友。」
SCRIPTSTRING_1930,Only the weak light burning in the eyes and the expression of utter horror on the face tells you something is very wrong.\n\nThe statue looks like Ferofist.,只有眼中燃燒的微弱光芒與臉上極度驚恐的表情，告訴你情況非常不對勁。\n\n這座雕像看起來像 Ferofist。
SCRIPTSTRING_1931,{0} invokes the power of 'Ferofist's Helm'.,{0} 喚起了「Ferofist 的頭盔」的力量。
SCRIPTSTRING_1932,The power of 'Ferofist's Helm' was invoked.,「Ferofist 的頭盔」的力量已被喚起。
SCRIPTSTRING_1933,Something resembling Ferofist was here.,這裡曾有類似費羅菲斯特的東西。
SCRIPTSTRING_1934,"You hear a voice say, ""He opens the Gates of Hell.""",你聽見一個聲音說：「他打開了地獄之門。」
SCRIPTSTRING_1935,Only the weak light burning in the eyes and the expression of utter horror on the face tells you something is very wrong.\n\nThe statue looks like Werra.,只有眼中燃燒的微弱光芒與臉上極度驚恐的表情，告訴你情況非常不對勁。\n\n這座雕像看起來像維拉。
SCRIPTSTRING_1936,{0} invokes the power of 'Werra's Shield'.,{0} 召喚了「維拉之盾」的力量。
SCRIPTSTRING_1937,The power of 'Werra's Shield' was invoked.,「維拉之盾」的力量已被召喚。
SCRIPTSTRING_1938,Something resembling Werra was here.,此處曾有類似 Werra 的東西待過。
SCRIPTSTRING_1939,"You hear a voice say ""It can be stolen from the jaws of defeat. The way is open for the new generation.""",你聽見一個聲音說：「它可以從失敗的邊緣被奪走。道路已為新一代敞開。」
SCRIPTSTRING_1940,You see the faint outline of a door on the north wall.,你看到北面牆上有一扇門的模糊輪廓。
SCRIPTSTRING_1941,"As the party walks into the room, the floor dissipates and the party falls through a field of stars.",當隊伍走進房間時，地板消散，隊伍墜落穿過一片星域。
SCRIPTSTRING_1942,You enter the room and stumble upon an arcane religious ceremony in progress. The priestess points in your direction.,你進入房間，無意間撞見一場正在進行的神秘宗教儀式。女祭司指向你們的方向。
SCRIPTSTRING_1943,"""They will make a perfect sacrifice for the Mad One!""",「他們將成為瘋子的完美祭品！」
SCRIPTSTRING_1944,Their haunting laughter burns in your ears as you cowardly beat a strategic retreat.,他們陰魂不散的笑聲在你耳中灼燒，而你怯懦地採取戰略性撤退。
SCRIPTSTRING_1945,"As you enter the room, waves of heat wash over you from the lava pit in front of you.",當你進入房間時，前方熔岩坑的熱浪一波波向你襲來。
SCRIPTSTRING_1946,Lava pit.,熔岩坑。
SCRIPTSTRING_1947,Guarding a narrow bridge that spans the chasm is a skeletal figure and his minions.,守衛著橫跨深淵的狹窄橋樑的，是一具骷髏身影與其爪牙。
SCRIPTSTRING_1948,"""Fools, none shall pass!!"" he screams as you face",「蠢貨，誰也別想通過！！」他對著你尖叫道
SCRIPTSTRING_1949,"As you flee for the door, a wave of lava pursues you...",當你朝門口逃竄時，一道熔岩浪潮緊追在後……
SCRIPTSTRING_1950,You are burned by the lava before escaping out the door.,你在逃出門外之前被熔岩灼傷了。
SCRIPTSTRING_1951,Barracks,軍營
SCRIPTSTRING_1952,There is a passageway here.,此處有一條通道。
SCRIPTSTRING_1953,There is a passageway here. Do you wish to take it?\n\n,此處有一條通道。你是否要進入？\n\n
SCRIPTSTRING_1954,There is a passageway here that leads to Ferofist's.,此處有一條通道，通往費洛菲斯特的店。
SCRIPTSTRING_1955,\ There is a passageway here that leads to the Barracks.,\ 此處有一條通道，通往軍營。
SCRIPTSTRING_1956,"Despite the smoke choking the passageway, you see, nailed to the walls, battle standards of Dwarven battalions. Many have been torn and defaced, but they still hang in the barracks entrance.",儘管煙霧瀰漫通道，你仍看到牆上釘著矮人軍團的戰旗。許多旗幟已被撕裂污損，但它們仍懸掛在軍營入口處。
SCRIPTSTRING_1957,"Hidden away in a corner of this room is a strange key. Judging by the oddly shaped handle, it looks like you use your right hand to turn it.\n\n",這個房間的角落裡藏著一把奇特的鑰匙。從那形狀怪異的握柄來看，似乎需要用右手轉動它。\n\n
SCRIPTSTRING_1958,Found Right Key.,找到了正確的鑰匙。
SCRIPTSTRING_1959,Ferofist's,費羅菲斯特的
SCRIPTSTRING_1960,The ground seems worn here.,此處地面似乎有些磨損。
SCRIPTSTRING_1961,There is a passageway here leads to the Private Quarters,這裡有一條通道通往私人寢室。
SCRIPTSTRING_1962,\ There is a passageway here that leads to Ferofist's,\ 這裡有一條通道通往費羅菲斯特的所在。
SCRIPTSTRING_1963,There is a passageway here leads to the Workshop,此處有一條通道通往工作室
SCRIPTSTRING_1964,There is a passageway here leads to the Barracks,此處有一條通道通往軍營
SCRIPTSTRING_1965,"Carved from solid rock, the Dwarven castle you find yourself standing in radiates strength and power. Sadly, however, its walls also bear the scars of war -- and many of them are very recent.",這座由堅實岩石鑿成的矮人要塞，散發著力量與威嚴。然而，令人遺憾的是，它的牆壁上也滿是戰爭的傷痕——而且許多都是最近留下的。
SCRIPTSTRING_1966,"The castle's Grand Reception room looms high over your head, its vaulted ceiling lost in the dim light above you. Strewn throughout you see the torn and shattered bodies of Dwarves and strange machines.",城堡的宏偉大廳高聳於你頭頂，拱形天花板在昏暗光線中隱沒不見。四處散落著矮人與奇特機械的破碎屍骸。
SCRIPTSTRING_1967,"Ferofist's Throne Room, stripped of the fine furnishings it once had, seems violated and dead. Broken and long dead combatants fill the room. It is a very grim sight.",費洛菲斯特的王座廳，昔日華麗的陳設已被剝奪殆盡，顯得既遭褻瀆又死氣沉沉。破碎且早已戰死的鬥士充斥整個房間。景象極為陰森。
SCRIPTSTRING_1968,"Scratched deep into the wall, with coppery shards of metal embedded in the stone, you read: Why must those who rise to rival their creators always be considered damned?",牆上刻著深深的字跡，石縫中嵌著銅色金屬碎片，你讀到：為何那些崛起挑戰創造者的人，總是被視為該受詛咒？
SCRIPTSTRING_1969,"Standing before you, blocking the hallway, you see Hawkslayer. He's younger than the last time you met, and shows none of the signs of his long adventuring career.",站在你面前、擋住走廊的，是「獵鷹殺手」。他比你上次遇見時更年輕，身上完全沒有長期冒險生涯的痕跡。
SCRIPTSTRING_1970,"He stares at you and says, ""The old one said I'd find allies, but I don't work with just anyone. I only want smart allies.""",他盯著你說：「那位老者說我會找到盟友，但我可不是跟誰都合作。我只想要聰明的盟友。」
SCRIPTSTRING_1971,"""Answer this riddle:\nColder than myself, I cover myself with myself, and shrink so I can grow large again.""",「回答這個謎語：\n比我更冷，我用自己覆蓋自己，縮小以便再次變大。」
SCRIPTSTRING_1972,"""What's the answer?""",「答案是什麼？」
SCRIPTSTRING_1973,ICEBERG,冰山
SCRIPTSTRING_1974,"""If you can't answer that simple a riddle, I don't know how you'll survive in Kinestia. I better come along and keep you safe.""",「如果你連這麼簡單的謎語都答不出來，我真不知道你要怎麼在 Kinestia 活下去。我最好跟著你，確保你的安全。」
SCRIPTSTRING_1975,"""Glad to be in smart company. Listen, you magickers should know, magic is screwy here. Be careful.""",「很高興跟聰明人同行。聽著，你們這些法師應該要知道，這裡的魔法亂七八糟的。小心點。」
SCRIPTSTRING_1976,"""How about us getting together?""\n\n",「我們要不要一起行動？」\n\n
SCRIPTSTRING_1977,You come upon a sleeping Hawkslayer. He awakens and jumps into a fighting stance in a blink of an eye. You are taken by surprise.,你遇到了一頭沉睡的獵鷹殺手。牠猛然驚醒，眨眼間便跳入戰鬥姿態。你被打個措手不及。
SCRIPTSTRING_1978,"""Sorry, but you can't be too careful,"" says Hawkslayer. ""Well how about it? Shall we team up?""\n\n",「抱歉，但謹慎點總是沒錯，」鷹殺者說道。「那麼，你覺得如何？我們聯手吧？」\n\n
SCRIPTSTRING_1979,"""Tell ya what, I'll wait here until you can trim your party to a more manageable size. I've got some sleeping to catch up on.""",「這樣吧，我會在這裡等你，直到你把隊伍縮減到更合適的規模。我正好想補個覺。」
SCRIPTSTRING_1980,Private Quarter,私人寢室
SCRIPTSTRING_1981,There is a passageway here that leads to Ferofist's,此處有一條通道通往費羅菲斯特的所在
SCRIPTSTRING_1982,\ There is a passageway here that leads to the Private Quarters,\ 此處有一條通道通往私人寢室
SCRIPTSTRING_1983,Wisps of smoke and the sounds of battle echo throughout the halls of Ferofist's private lodging wing. You see the grim reminders of war all over - most notably dying Dwarves and their mechanistic foes.,縷縷煙霧與戰鬥聲響徹費羅菲斯特私人居所的廳堂。四處可見戰爭的慘烈痕跡——最顯著的是垂死的矮人與他們的機械敵人。
SCRIPTSTRING_1984,"A small band of Dwarves, accompanied by a dying Ferofist.",一小隊矮人，伴隨著垂死的費羅菲斯特。
SCRIPTSTRING_1985,"A small band of dwarves looks up and growls menacingly, but an older Dwarf, seated in the middle of their protective circle, commands them to silence.",一小隊矮人抬頭發出威脅性的低吼，但一名坐在他們保護圈中央的年長矮人命令他們安靜。
SCRIPTSTRING_1986,"His armor, once a masterwork by a Dwarven armorer, is now holed through and through. The old dwarf is dying, but his eyes light up as he sees you.",他的盔甲，曾是矮人匠師的傑作，如今千瘡百孔。老矮人奄奄一息，但當他看見你時，眼中閃爍著光芒。
SCRIPTSTRING_1987,"He coughs weakly, ""You have come as prophezied. You must destroy the fruits of my foolish alliance with the dark one, find the keys, and travel through my workshop into Urmech's Lair.""",他虛弱地咳嗽著：「你們正如預言般到來。你們必須摧毀我與黑暗者愚蠢結盟的產物，找到鑰匙，穿過我的工坊進入烏爾梅克的巢穴。」
SCRIPTSTRING_1988,"Ferofist collapses into a lifeless shell of a man, finally at peace. The Dwarves take his body away to be buried in secret.",費羅菲斯特癱軟成一具空洞的軀殼，終於獲得安息。矮人們帶走他的遺體，秘密下葬。
SCRIPTSTRING_1989,"A Dwarf says, ""He scrawled this message on the wall. It may mean something or it may not.""",一名矮人說：「他在牆上潦草地寫了這段話。也許有意義，也許沒有。」
SCRIPTSTRING_1990,The final Dwarf leaves.,最後一名矮人離開了。
SCRIPTSTRING_1991,"A Dwarf handed us a message:\nBright hand, true hand,\nThine are the months of six summers.\nSinister hand, Dark hand,\nThree plagues upon each finger.\nIn opposition, you ward the lair of my foolish death.",一名矮人交給我們一張字條：\n光明之手，真誠之手，\n汝掌六月盛夏之月。\n邪惡之手，黑暗之手，\n每指纏繞三災厄運。\n相對而立，汝守護我愚昧葬身之巢。
SCRIPTSTRING_1992,"Bright hand, true hand,\nThine are the months of six summers.\nSinister hand, Dark hand,\nThree plagues upon each finger.\nIn opposition, you ward the lair of my foolish death.",光明之手，真誠之手，\n汝掌六月盛夏之月。\n邪惡之手，黑暗之手，\n每指纏繞三災厄運。\n相對而立，汝守護我愚昧葬身之巢。
SCRIPTSTRING_1993,"Hidden away in a corner of this room is a strange key. Judging by the oddly shaped handle, it looks like you use your left hand to turn it.\n\n",這個房間的角落裡藏著一把奇特的鑰匙。從它形狀怪異的握柄來看，你似乎得用左手才能轉動它。\n\n
SCRIPTSTRING_1994,Found Left Key.,發現了左手鑰匙。
SCRIPTSTRING_1995,Workshop,工坊
SCRIPTSTRING_1996,There is a passageway here that leads to the Workshop.,這裡有一條通道通往工坊。
SCRIPTSTRING_1997,Turned the 'Right Key' 18 Times and the 'Left key' 15 times. The portal is no longer sealed by the two doors.,轉動了「右手鑰匙」18次，以及「左手鑰匙」15次。傳送門不再被那兩扇門封鎖了。
SCRIPTSTRING_1998,There is a sealed portal on the floor. It is secured by two locks.,地板上有一道封印的傳送門，由兩道鎖牢牢鎖住。
SCRIPTSTRING_1999,How many times will ye turn the key?\n\n,汝要轉動鑰匙幾次？\n\n
SCRIPTSTRING_2000,The key turns in the lock.,鑰匙在鎖孔中轉動。
SCRIPTSTRING_2001,The locks pop off the door sealing the portal.,鎖從封印傳送門的門上彈開。
SCRIPTSTRING_2002,Urmech's Paradise,烏爾梅克樂園
SCRIPTSTRING_2003,"Through the open portal you see a viscous, bubbling liquid the color of pine pitch.",穿過敞開的傳送門，你看見一種黏稠、冒泡的液體，顏色如同松脂。
SCRIPTSTRING_2004,A fresh breeze comes from the open portal above.,一陣清新的微風從上方的敞開傳送門吹來。
SCRIPTSTRING_2005,Viscous Plane,黏稠界域
SCRIPTSTRING_2006,"The thick, amber liquid soaks through your clothing and chills your flesh. You fight against the smothering sensation as it seals your nostrils off and blink as the fluid stings your eyes.",濃稠的琥珀色液體浸透你的衣物，冰涼刺骨。當它封住你的鼻孔時，你奮力對抗那股窒息感，並在液體刺痛雙眼時不停眨眼。
SCRIPTSTRING_2007,You feel a slight current moving through the oily fluid. Something swishes through the murky lake and you feel a chainlike body writhe between your legs.,你感覺到油膩的液體中有股微弱的暗流。某個東西在渾濁的湖中颼颼游過，你感到一條鏈狀的身軀在你雙腿之間扭動。
SCRIPTSTRING_2008,A light from the south cuts through the murk and reveals stone walls worn smooth by the thick liquid flowing through this underground lake.,一道來自南方的光芒劃破黑暗，映照出被這座地下湖泊中濃稠液體磨得光滑的石牆。
SCRIPTSTRING_2009,There is an opening in the ceiling that seems to go to a new area.\n,天花板上有一個開口，似乎通往新的區域。\n
SCRIPTSTRING_2010,Do you wish to swim to it?,你是否想游過去？
SCRIPTSTRING_2011,Sanctum,聖所
SCRIPTSTRING_2012,"Urmech's private sanctum is a beautiful world of symmetrical metal tubes, jeweled globes and silvery tools. Here you sense great power and feel a facet of magic you have never sensed before.",烏爾梅克的私人聖所是一個由對稱金屬管、寶石球體與銀色工具構成的美麗世界。在此你感受到強大的力量，並觸及了前所未見的魔法面向。
SCRIPTSTRING_2013,Urmech,烏爾梅克
SCRIPTSTRING_2014,"Seated in a scrap-metal throne you see Urmech. His iron features seem to move like flesh, and his expression is one of sorrow.",你看到烏爾梅克坐在一張廢鐵鑄成的王座上。他那鐵鑄的面容竟如血肉般蠕動，神情滿是哀傷。
SCRIPTSTRING_2015,"""Is this how it must end, in violence, or can we work out an accommodation?""\n\n",「難道這一切終須以暴力收場，還是我們能尋求和解？」\n\n
SCRIPTSTRING_2016,"Yes, Violence",是，以暴力解決
SCRIPTSTRING_2017,"No, Accommodate",不，尋求和解
SCRIPTSTRING_2018,"""Pity, I'm afraid you give me no choice then."" Attacking you is",「可惜，恐怕你讓我別無選擇了。」說著便向你發動攻擊
SCRIPTSTRING_2019,"""I'm glad we could avoid a confrontation.""",「很高興我們能避免一場衝突。」
SCRIPTSTRING_2020,"Urmech's broken metal body rests on top of a scrap metal throne. We could fix him if we had a spanner, a lever, a nut and a bolt.",烏爾梅克殘破的金屬身軀癱坐在一張廢鐵王座上。如果我們有扳手、槓桿、螺帽和螺栓，就能修好他。
SCRIPTSTRING_2021,\nWe have the tools to repair him. He could still be useful.,\n我們有修理他的工具。他或許還能派上用場。
SCRIPTSTRING_2022,Repair Urmech,修理烏爾梅克
SCRIPTSTRING_2023,Leave him.,離開他。
SCRIPTSTRING_2024,"Using your spanner, a lever, a bolt, a nut, and a bit of elbow grease, you manage to repair Urmech. He seems grateful for being put back together.",你用扳手、一根槓桿、一枚螺栓、一顆螺帽，再加上一點蠻力，成功修好了烏爾梅克。他似乎對被重新組裝起來心懷感激。
SCRIPTSTRING_2025,"\nUrmech doesn't look too damaged... perhaps we could repair him... We'll need a spanner, a lever, a nut and a bolt.",\n烏爾梅克看起來傷得不太重……或許我們能修好他……我們需要一把扳手、一根槓桿、一顆螺帽和一枚螺栓。
SCRIPTSTRING_2026,"""Ferofist created me, despite the Gods' Pact barring further creation, and through this heinous act, helped free the dark one.""",「鐵拳創造了我，無視諸神之約禁止進一步創造的規定，而透過這項可憎之舉，他協助釋放了黑暗者。」
SCRIPTSTRING_2027,"""But what of me? I have done no evil except to live. I have, in turn, created others of my kind to protect me - and so I will not be all alone.""",「但我呢？我除了活著之外，並未行惡。反過來，我創造了同類來保護自己——這樣我就不會孤單一人了。」
SCRIPTSTRING_2028,"""The items you seek are in my inner sanctum. I have no need of them and they are yours to take.""",「你尋找的物品就在我的內殿中。我無需它們，你儘管取走。」
SCRIPTSTRING_2029,"""I have discovered a type of magic I will share with you, if you are willing.""",「我發現了一種魔法，若你願意，我願與你分享。」
SCRIPTSTRING_2030,"""Those who wish to learn my magic should meet me at the rear of my sanctum. There I will instill this new power into your blood.""",「想學習我魔法的人，到我的聖殿後方與我會合。在那裡，我將把這股新力量注入你的血脈。」
SCRIPTSTRING_2031,"With that, Urmech leaves and enters a chamber to the south.",說完，烏爾梅克便離開，走進南邊的一間密室。
SCRIPTSTRING_2032,We met Urmech here. He told us his story and entered a chamber to the south.,我們在此遇見了烏爾梅克。他向我們訴說了自己的故事，然後走進了南邊的一間密室。
SCRIPTSTRING_2033,A scrap metal throne is here. There is no sign of Urmech anywhere.,這裡有一座廢金屬製成的王座，但四處不見烏爾梅克的蹤影。
SCRIPTSTRING_2034,Among the cold steel furniture that adorns Urmech's chamber is a small treasure chest.,在裝飾烏爾梅克房間的冰冷鋼製家具中，有一個小型寶箱。
SCRIPTSTRING_2035,Ferofist's Helm is in the chest.\n\n,寶箱中放著「鐵拳頭盔」。\n\n
SCRIPTSTRING_2036,Found 'Ferofist's Helm'.,發現了「鐵拳頭盔」。
SCRIPTSTRING_2037,The Hammer of Wrath is in the chest.\n\n,寶箱中放著「憤怒之錘」。\n\n
SCRIPTSTRING_2038,Found Hammer of Wrath.,發現了「憤怒之鎚」。
SCRIPTSTRING_2039,There is a large machine here that radiates a magical aura. No one in the party can figure out how to use this machine and what it does.,這裡有一台散發著魔法靈光的大型機器。隊伍中沒有人能搞懂該如何使用這台機器，以及它的功用為何。
SCRIPTSTRING_2040,"Urmech stands before a strange and magical machine. This machine will transform a Warrior, Bard, Paladin, Hunter or Monk into a Geomancer!.""",烏爾梅克站在一台奇特而充滿魔法的機器前。這台機器能將戰士、吟遊詩人、聖騎士、獵人或武僧轉變為大地術士！
SCRIPTSTRING_2041,Urmech stands before a strange and magical machine. He says...,烏爾梅克站在一台奇特而充滿魔法的機器前。他說道……
SCRIPTSTRING_2042,"""This machine will instill into a Warrior, Bard, Paladin, Hunter or Monk the ability to use magic.""",「這台機器將灌輸給戰士、吟遊詩人、聖騎士、獵人或武僧使用魔法的能力。」
SCRIPTSTRING_2043,"""You will be more than a warrior, you will be a Geomancer!!""",「你將不僅僅是一名戰士，你將成為大地術士！！」
SCRIPTSTRING_2044,"""But know this, you will lose some of your fighter abilities and skills but the magic you possess will more than make up for the loss.""",「但切記，你將失去部分戰士的能力與技巧，但你將擁有的魔法絕對足以彌補這份損失。」
SCRIPTSTRING_2045,Whom shall become a Geomancer?,誰要成為大地術士？
SCRIPTSTRING_2046,"""Very well, I'll be here if you change your minds.""",「很好，若你們改變心意，我會在此等候。」
SCRIPTSTRING_2047,"""I cannot change you, you aren't a warrior.""",「我無法轉變你，你並非戰士。」
SCRIPTSTRING_2048,Urmech reaches out and caresses your temples with his copper fingers. You feel a tingle and you have been changed.,烏爾梅克伸出他銅製的手指，輕撫你的太陽穴。你感到一陣刺痛，然後你被改變了。
SCRIPTSTRING_2049,"Through an open portal you see a viscous, bubbling liquid the color of pine pitch.\n",透過一道敞開的傳送門，你看見一灘黏稠、冒泡的液體，顏色如同松脂。
SCRIPTSTRING_2050,Do you wish to climb into it?,你是否想要爬進去？
SCRIPTSTRING_2051,UnterBrae,安特布雷
SCRIPTSTRING_2052,"Although Skara Brae lay in ruins, it felt far more alive than this place. Something here just feels wrong: it is not of this world. Even breathing this air feels dirty.",儘管斯卡拉布雷已成廢墟，但感覺起來比這個地方更有生氣。這裡有些東西就是不對勁：它不屬於這個世界。就連呼吸這裡的空氣都覺得骯髒。
SCRIPTSTRING_2053,Tacked on the door in the east wall you see the following message:\n\nThose who enter this door will never leave through it.,東側牆上的門貼著一張告示：\n\n「進入此門者，將永遠無法從此門離開。」
SCRIPTSTRING_2054,The tint of melancholy paves the way.,憂鬱的色調鋪平了道路。
SCRIPTSTRING_2055,A splash of a noble's blood colors the exit.,一抹貴族的鮮血染紅了出口。
SCRIPTSTRING_2056,The shade of the winds' home will make you free.,風之故鄉的陰影將使你獲得自由。
SCRIPTSTRING_2057,"A magic mouth appears and says:\n""Speak the rhyming word to pass through!""",一張魔法之嘴出現並說道：\n「說出押韻的詞語才能通過！」
SCRIPTSTRING_2058,BLUE,藍色
SCRIPTSTRING_2059,"""Sorry, but thou art wrong.""",「抱歉，但你錯了。」
SCRIPTSTRING_2060,Answer: BLUE,答案：藍色
SCRIPTSTRING_2061,"""Very good! You may be worthy to battle Brilhasti ap Tarj after all!""",「非常好！看來你或許終究有資格與 Brilhasti ap Tarj 一戰！」
SCRIPTSTRING_2062,Return from beyond this place is not possible by this means.,無法透過此方式從此處返回。
SCRIPTSTRING_2063,"Down below, eschew the first right thing to do.",往下走，避開第一個右轉的選擇。
SCRIPTSTRING_2064,"Light hurts me and bleeds me, but leaves me behind it always.",光明會傷害我、使我流血，但總是將我遺留在它身後。
SCRIPTSTRING_2065,The air down here smells of dry rot and other putrefaction. The dry air feels uncomfortable and leeches moisture from you as it saps your strength and courage.,此處的空氣聞起來有乾腐與其他腐朽的氣味。乾燥的空氣令人不適，它從你身上汲取水分，同時削弱你的力量與勇氣。
SCRIPTSTRING_2066,Faded Figure,褪色的身影
SCRIPTSTRING_2067,"A faded figure appears and asks:\n""I am nothing, I make nothing, but my opposite creates me even as it destroys me. What am I?""",一個褪色的身影出現並問道：\n「我虛無，我創造虛無，但我的對立面在毀滅我的同時也創造了我。我是什麼？」
SCRIPTSTRING_2068,Answer: SHADOW,答案：暗影
SCRIPTSTRING_2069,"Things that lurk, in shadows below Make it an unsafe place to go. First Ward: Spin lest ye be spun.",潛伏在下方陰影中的事物，讓此處變得危險難行。第一守護：旋轉吧，以免你被旋轉。
SCRIPTSTRING_2070,"The first Ward's Key:\nNevEr Now,\nEvEr iS SEEn,\nElitE aNd NarroW,\nNorth by NorthWest Way,\nDoves MourN.",第一守護的鑰匙：\n從不現在，\n永恆所見，\n精英而狹窄，\n西北偏北之路，\n哀悼之鴿。
SCRIPTSTRING_2071,Only a fool would frontally assault the second Ward.,只有傻瓜才會正面強攻第二守護。
SCRIPTSTRING_2072,"The third Ward's path of darkness is not without danger, but there is more to fear in the light of Brilhasti's insanity.",第三守護的黑暗之路並非沒有危險，但在布里哈斯蒂瘋狂的光芒中，有更多值得畏懼之事。
SCRIPTSTRING_2073,"The three Wards below will try your soul, but that's the only way out of this hole. Brilhasti is cold and he is mean. Make sure his death is quick and clean.",下方的三道守護將考驗你的靈魂，但這是逃出這個深淵的唯一途徑。布里哈斯蒂冷酷又無情。確保他的死亡既迅速又乾淨。
SCRIPTSTRING_2074,The spectral hand of fear runs bony fingers down your spine. The air is hot and close. This place feels like the inside of a grave.,恐懼的幽靈之手用骨感的手指滑過你的脊背。空氣炎熱而窒悶。這個地方感覺就像墓穴內部。
SCRIPTSTRING_2075,Figure,人影
SCRIPTSTRING_2076,"A figure appears and asks:\n""I have no lips, yet my kiss is deadly. I am not a razor, but those I caress need never shave again. Your best friend, I will kill you.""",一個人影出現並問道：\n「我沒有嘴唇，但我的吻卻致命。我不是剃刀，但被我撫摸過的人無須再刮鬍子。你最好的朋友，我會殺了你。」
SCRIPTSTRING_2077,"""Speak my name, then ready me.""",「說出我的名字，然後準備好迎接我。」
SCRIPTSTRING_2078,"Sorry, but thou art wrong.",抱歉，但汝錯了。
SCRIPTSTRING_2079,Answer: SWORD,答案：SWORD
SCRIPTSTRING_2080,"Diddledy high,\nDiddledy low,\nCome brave blood sheep, you've a goodly way to go.",高高在上，\n低低在下，\n來吧勇敢的血羊，汝還有漫漫長路要走。
SCRIPTSTRING_2081,"So far, so good, this you all think,\nCome even further, your blood I will drink.\nBrilhasti am I, and great is my god.\nCome to me, come, down the path few have trod.",至今一切順利，汝等皆如此想，\n再往前一步，我將飲汝之血。\n吾乃 Brilhasti，吾神偉大無比。\n來吧，到我這來，踏上這條少人走過的路。
SCRIPTSTRING_2082,The party has entered the chamber of Brilhasti ap Tarj! He doesn't seem pleased to meet you.,冒險隊伍進入了 Brilhasti ap Tarj 的密室！他看起來並不樂意見到你們。
SCRIPTSTRING_2083,You scream a hideous battle cry as you face,你發出駭人的戰吼，直面眼前的敵人
SCRIPTSTRING_2084,"""You Wimps!"" screams Brilhasti ap Tarj as the party bravely retreats.",「你們這些孬種！」Brilhasti ap Tarj 在隊伍英勇撤退時大聲叫囂。
SCRIPTSTRING_2085,The party has killed Brilhasti ap Tarj!,隊伍已擊殺 Brilhasti ap Tarj！
SCRIPTSTRING_2086,A force is enveloping the party...,一股力量正籠罩著隊伍……
SCRIPTSTRING_2087,This place is marked by the remains of a mighty battle... \n\nThis is where Brilhasti ap Tarj was defeated...,此處滿是激烈戰鬥的遺跡……\n\n這裡正是 Brilhasti ap Tarj 落敗之地……
SCRIPTSTRING_2088,Tar quarry,焦油礦坑
SCRIPTSTRING_2089,The god-awful stench of sulphurous tar swirls through this pit like a cyclone. Through the wisps of choking mist you see a small building amid bubbling tar flats.,硫磺焦油的惡臭如同旋風般在這座礦坑中翻騰。透過令人窒息的煙霧，你看到在冒泡的焦油平地中有一座小建築物。
SCRIPTSTRING_2090,You see the forest from here.,你從這裡可以看到森林。
SCRIPTSTRING_2091,\nDo you wish to go back?,\n你是否想要回去？
SCRIPTSTRING_2092,To the east you see a wide area of oozing tar that produces noxious burst of steam as bubbles burst and flick tar droplets around. To your horror you see things moving in the seething pool.,向東望去，你看到一大片滲出焦油的區域，氣泡破裂時噴出有毒的蒸氣，並濺起焦油滴。令你驚恐的是，你看到翻騰的池中有東西在移動。
SCRIPTSTRING_2093,North and south of you the skeletons and gnawed corpses of creatures trapped in the tar serve as grisly evidence of the deceptive dangers of the tar pit.,在你的南北兩側，被困在焦油中的生物骨骸與啃食過的屍體，成了這片焦油坑隱藏致命危險的駭人證據。
SCRIPTSTRING_2094,"The roiling slime-pit to the west reeks of putrefaction and decay. You see something move within the tar, but you are wise enough to keep your distance.",西側翻騰的泥沼坑散發著腐敗與朽爛的惡臭。你看見焦油中有東西在移動，但你夠聰明，懂得保持距離。
SCRIPTSTRING_2095,In the middle of the little building you see a small fountain jetting viscous black tar.,在小建築物的中央，你看見一座小噴泉正噴出黏稠的黑色焦油。
SCRIPTSTRING_2096,{0} collects some of the gooey tar.,{0} 收集了一些黏稠的焦油。
SCRIPTSTRING_2097,Shadow Canyon,暗影峽谷
SCRIPTSTRING_2098,"The Shadow Canyon stretches off into the distance. It appears to be without end but, you expect, this is, like so many other things in Tenebrosia, an illusion of some sort.",暗影峽谷綿延至遠方，看似無盡，但你猜想，這和泰尼布羅西亞的許多事物一樣，不過是某種幻象。
SCRIPTSTRING_2099,A passage is here back to the forest.,此處有一條通道可返回森林。
SCRIPTSTRING_2100,Scrawled in a crude hand on the canyon wall you see the message: A castle is only as weak as its strongest wall.,峽谷壁上以粗劣的字跡刻著一則訊息：「一座城堡的弱點，在於它最堅固的城牆。」
SCRIPTSTRING_2101,"The canyon recedes into the land's twilight murk and you feel at the end of the canyon, yet still firmly in the middle of it. This place seems to ignore all logic.",峽谷逐漸沒入大地的暮色迷濛之中，你感覺自己已至峽谷盡頭，卻又仍深陷其中。這個地方似乎無視一切邏輯。
SCRIPTSTRING_2102,"Gibbering howls echo from black sandstone walls. You cannot tell from whence they originate, but you do know no human throat uttered the cries. You shiver involuntarily.",從黑砂岩牆壁傳來陣陣囈語般的嚎叫。你無法辨別其來源，但你知道那絕非人類喉嚨發出的嘶吼。你不禁打了個寒顫。
SCRIPTSTRING_2103,The walls are rotted around the traps.,陷阱周圍的牆壁已經腐朽。
SCRIPTSTRING_2104,Hidden away in a crevice on the cliff wall is a lock that looks more like a shadow than anything real.\n\n,懸崖壁上的一道裂縫中，藏著一把看起來與其說是實物、不如說是影子的鎖。\n\n
SCRIPTSTRING_2105,Found 'Shadow Lock'.,發現了「暗影鎖」。
SCRIPTSTRING_2106,Sceadu's Demens,斯凱亞杜的狂亂
SCRIPTSTRING_2107,"The darkness feels warm and living, yet is not menacing. It conceals things, but the sharply defined shadows also reveal a stability that lets you know this is the heart of Tenebrosia.",黑暗感覺溫暖而有生命，卻不帶威脅。它隱藏了許多事物，但那些輪廓鮮明的陰影也展現出一種穩定感，讓你知道這裡正是泰諾布羅西亞的核心。
SCRIPTSTRING_2108,"Through the murk you see walls defining rooms with an utter absence of anything you would consider reason. You don't feel mortal dread, but a healthy fear of the unknown mixed with fear of surprises.",透過昏暗的光線，你看見牆壁劃分出房間，卻完全沒有任何你認為合理的邏輯。你並不感到致命的恐懼，而是對未知懷有健康的畏懼，混雜著對突發狀況的戒備。
SCRIPTSTRING_2109,"Hushed whispers remind you of town gossips, and your ears burn as you are certain you've heard yourself mentioned several times, but you can recall no specific item and remember no definite words.",低語的竊竊私語讓你想起了鎮上的閒言閒語，你的耳朵發燙，因為你確定好幾次聽到了自己的名字，但你無法回憶起任何具體的細節，也記不住明確的話語。
SCRIPTSTRING_2110,"Scratched on the wall you see: Just because you're paranoid, it doesn't mean you don't have enemies. You feel unfriendly eyes watching you closely.",牆上刻著一行字：「就算你疑神疑鬼，也不代表你沒有敵人。」你感覺到不友善的目光正緊緊盯著你。
SCRIPTSTRING_2111,"Carved into the black basalt floor you see the gilded question: ""If Nowhere is a circle, then the middle is at the end, isn't it?""",黑色玄武岩地板上刻著鍍金的問題：「如果『無處』是一個圓，那麼中心就在終點，不是嗎？」
SCRIPTSTRING_2112,"You hear laughter echoing in your ears. ""Close, but the other end is where your prize lurks.""",你聽見笑聲在耳邊迴盪。「接近了，但另一頭才是你的獎賞潛伏之處。」
SCRIPTSTRING_2113,"A laugh floats hauntingly through the air. ""Alas, this end is not the end you seek.""",一陣笑聲幽幽飄盪在空中。「唉，這個結局並非你所追尋的終點。」
SCRIPTSTRING_2114,Sceadu,Sceadu
SCRIPTSTRING_2115,"Seated in a tall throne you see a powerful figure, but you notice almost immediately that it's easier to see him by not looking at him.",你看到一個威嚴的身影坐在高聳的王座上，但你幾乎立刻注意到，不直視他反而更容易看清他的模樣。
SCRIPTSTRING_2116,"He smiles somewhat uneasily. ""I know what you have come for, but I cannot surrender it to you.""",他略顯不安地微笑。「我知道你為何而來，但我無法將它交給你。」
SCRIPTSTRING_2117,Attacking you is,正在攻擊你的是
SCRIPTSTRING_2118,"Sceadu, stripped of his life, cries out and collapses. ""Damn you, Tarjan,"" he swears, then falls unconscious.",Sceadu 被奪去生命，慘叫一聲後癱倒在地。「去你的，Tarjan，」他咒罵道，隨即陷入昏迷。
SCRIPTSTRING_2119,"His labored chest heaves twice, then Sceadu lies utterly still.",他費力起伏的胸膛抽動了兩下，然後 Sceadu 便一動也不動了。
SCRIPTSTRING_2120,Sceadu's Cloak covers its now deceased owner.\n\n,Sceadu 的斗篷覆蓋著牠已故的主人。\n\n
SCRIPTSTRING_2121,Found 'Sceadu's Cloak'.,發現了「Sceadu 的斗篷」。
SCRIPTSTRING_2122,Next to Sceadu's throne is a beautifully crafted helmet. Too bad Sceadu wasn't wearing it when you ruined his day.\n\n,在 Sceadu 的王座旁，有一頂做工精美的頭盔。可惜你毀了他的一天時，他沒戴著它。\n\n
SCRIPTSTRING_2123,Found 'Helm of Justice'.,找到「正義頭盔」。
SCRIPTSTRING_2124,"You look in pity at the body of Sceadu, ""Why did he ally himself with the dark one?"" someone asks.",你憐憫地看著 Sceadu 的屍體，有人問道：「他為何要與黑暗者結盟？」
SCRIPTSTRING_2125,Tarjan,Tarjan
SCRIPTSTRING_2126,You feel an overpowering aura of evil here. You are close to finally fulfilling your quest.,你感受到一股壓倒性的邪惡氣息。你離最終完成任務已經不遠了。
SCRIPTSTRING_2127,You feel power pulsing like a heartbeat. You are very close to the source of all evil!,你感覺到力量如心跳般脈動。你已非常接近所有邪惡的源頭！
SCRIPTSTRING_2128,You feel that this is a gate back to the wilderness outside of Skara Brae.,你感覺到這是一道通往斯卡拉布雷城外荒野的傳送門。
SCRIPTSTRING_2129,\n\nDo you wish to take it?,\n\n你是否想要使用它？
SCRIPTSTRING_2130,A one-way dimensional hole from Tarjan's realm dumped us out here.,一道來自塔爾然領域的單向次元洞將我們拋到了這裡。
SCRIPTSTRING_2131,"A dark, cloaked figure laughs. ""So you think you could defeat me again, like the way you tricked me at Baron Harkyn's castle so many years ago?""",一個身穿黑袍的身影發出冷笑：「所以你以為你能再次擊敗我，就像多年前你在哈肯男爵城堡裡耍弄我的那樣？」
SCRIPTSTRING_2132,"""Now I'll have my revenge on you and I'll take what should rightfully be mine!!""",「現在我要向你復仇，並奪回理應屬於我的一切！！」
SCRIPTSTRING_2133,"""I will possess control over all space and time!!""",「我將掌控所有空間與時間！！」
SCRIPTSTRING_2134,Tarjan waves his arms and conjures up some friends.,Tarjan 揮動雙臂，召喚出一些幫手。
SCRIPTSTRING_2135,"""Here my pretties, time for target practice.""",「來吧我的寶貝們，該練練靶子了。」
SCRIPTSTRING_2136,You face,你面對
SCRIPTSTRING_2137,"""I knew you could never defeat my forces of darkness!""",「我就知道你永遠無法擊敗我的黑暗大軍！」
SCRIPTSTRING_2138,"Tarjan has a look of complete surprise on his face, ""Most impressive, you are a hardy lot.""",塔爾揚臉上露出完全驚訝的表情：「令人印象深刻，你們真是一群頑強的傢伙。」
SCRIPTSTRING_2139,"""Now I'll gleefully send you to the hell I came from and torment your souls for eternity.""",「現在我會樂不可支地將你們送進我來時的地獄，並永遠折磨你們的靈魂。」
SCRIPTSTRING_2140,"Tarjan waves his arms and cries, ""You will not live to see dawn!!""",塔爾揚揮舞雙臂大喊：「你們活不到黎明！！」
SCRIPTSTRING_2141,Ether,乙太
SCRIPTSTRING_2142,"You gather around Tarjan's dead body, carefully avoiding the steaming streams of vitriolic blood burning into the stone floor, and reality slowly begins to unravel around you.",你們圍聚在塔爾揚的屍體旁，小心翼翼地避開那腐蝕石地、冒著蒸氣的酸性血液溪流，而你們周圍的現實開始逐漸崩解。
SCRIPTSTRING_2143,"You look up and discover, where there had only been a dark rock ceiling, a brilliantly lit chimney of stone.",你抬頭一看，發現原本只有黑暗岩石天花板的地方，出現了一道光芒四射的石頭煙囪。
SCRIPTSTRING_2144,You slowly drift upward.,你緩緩向上飄升。
SCRIPTSTRING_2145,Time and space folds in upon itself and you reach a place made completely and utterly of light.,時間與空間在自身中摺疊，你抵達了一個完全由光芒構成的所在。
SCRIPTSTRING_2146,"Seated in a glowing throne, a man smiles at you. Though he is youthful and handsome, you recognize him instantly as the old man who sent you upon your quest.",一位男子坐在發光的王座上，對你微笑。儘管他年輕英俊，你立刻認出他就是派你踏上任務的那位老人。
SCRIPTSTRING_2147,"Beside him stands your friend, Hawkslayer.",他的身旁站著你的朋友，Hawkslayer。
SCRIPTSTRING_2148,The enthroned figure pulls out a sword and begins to speak...,端坐於王座上的身影拔出一柄劍，開始說話……
SCRIPTSTRING_2149,"Looking around, you recognise the site where Tarjan was finally defeated. Now quiet, though still the remnants of Tarjan's beasts wander through this realm of evil.",環顧四周，你認出這裡正是塔爾揚最終被擊敗的地點。如今雖已平靜，但塔爾揚的殘餘魔獸仍在這邪惡領域中遊蕩。
SCRIPTSTRING_2150,You're at the City Square gates,你位於城市廣場的大門前
SCRIPTSTRING_2151,We found the Scarlet Bard here.,我們在此處找到了赤紅吟遊詩人。
SCRIPTSTRING_2152,We found Saradon's corpse here.,我們在此處找到了薩拉頓的遺體。
SCRIPTSTRING_2153,We found a WardStone in Saradon's robes.,我們在薩拉東的長袍中找到了一顆守護石。
BESTIARY_ONE_KILL_LEFT,Need 1 more kill to unlock this information.,還需要再擊殺 1 次才能解鎖此資訊。
BESTIARY_MORE_KILLS_LEFT,Need {0} more kills to unlock this information.,還需要再擊殺 {0} 次才能解鎖此資訊。
ITEM_Acorn,Acorn,橡實
ITEM_Adamant Bracers,Adamant Bracers,精金護腕
ITEM_Adamant Chain,Adamant Chain,精金鎖鏈
ITEM_Adamant Dagger,Adamant Dagger,精金匕首
ITEM_Adamant Gloves,Adamant Gloves,精金手套
ITEM_Adamant Helm,Adamant Helm,精金頭盔
ITEM_Adamant Mace,Adamant Mace,精金釘頭錘
ITEM_Adamant Plate,Adamant Plate,精金板甲
ITEM_Adamant Scale,Adamant Scale,精金鱗甲
ITEM_Adamant Shield,Adamant Shield,精金盾牌
ITEM_Adamant Sword,Adamant Sword,精金長劍
ITEM_Ag's Arrows,Ag's Arrows,阿格之箭
ITEM_Ali's Carpet,Ali's Carpet,阿里的飛毯
ITEM_Angel's Harp,Angel's Harp,天使豎琴
ITEM_Angel's Ring,Angel's Ring,天使戒指
ITEM_Angra's Eye,Angra's Eye,安格拉之眼
ITEM_Aram's Knife,Aram's Knife,亞拉姆之刀
ITEM_Arc's Eye,Arc's Eye,阿爾克之眼
ITEM_Arc's Hammer,Arc's Hammer,阿爾克之錘
ITEM_Arcshield,Arcshield,弧光盾
ITEM_Arefolia,Arefolia,阿雷佛利亞
ITEM_Arrows,Arrows,箭矢
ITEM_Arrows of Life,Arrows of Life,生命箭矢
ITEM_Bard Bow,Bard Bow,吟遊詩人之弓
ITEM_Bardsword,Bardsword,吟遊詩人之劍
ITEM_Belt of Alliria,Belt of Alliria,艾利瑞亞腰帶
ITEM_Black Arrows,Black Arrows,黑箭矢
ITEM_Black Lens,Black Lens,黑色透鏡
ITEM_Blast Harp,Blast Harp,爆裂豎琴
ITEM_Blast Mandolin,Blast Mandolin,爆裂曼陀林
ITEM_Blood Axe,Blood Axe,血斧
ITEM_Blood Mesh Robe,Blood Mesh Robe,血網長袍
ITEM_Blue Rose,Blue Rose,藍玫瑰
ITEM_Bolt,Bolt,弩矢
ITEM_Boomerang,Boomerang,迴旋鏢
ITEM_Breathring,Breathring,吐息之環
ITEM_Broadsword,Broadsword,闊劍
ITEM_Broom,Broom,掃帚
ITEM_Brothers Figure,Brothers Figurine,兄弟雕像
ITEM_Buckler,Buckler,小圓盾
ITEM_Bulldozer Figure,Bulldozer Figurine,推土機雕像
ITEM_Canteen,Canteen,水壺
ITEM_Chain Mail,Chain Mail,鎖子甲
ITEM_Cli Lyre,Cli Lyre,克利里拉琴
ITEM_Cold Harp,Cold Harp,冰寒豎琴
ITEM_Cold Horn,Cold Horn,冰寒號角
ITEM_Conjurstaff,Conjurstaff,咒術之杖
ITEM_Crown of Truth,Crown of Truth,真理之冠
ITEM_Crystal Gem,Crystal Gem,水晶寶石
ITEM_Crystal Key,Crystal Key,水晶鑰匙
ITEM_Crystal Lens,Crystal Lens,水晶透鏡
ITEM_Crystal Sword,Crystal Sword,水晶劍
ITEM_Dag Stone,Dag Stone,達格之石
ITEM_Dagger,Dagger,匕首
ITEM_Dagger!,Dagger!,匕首！
ITEM_Dayblade,Dayblade,日刃
ITEM_Deadlyrang,Deadlyrang,致命迴旋鏢
ITEM_Death Dagger,Death Dagger,死亡匕首
ITEM_Death Figure,Death Figurine,死亡雕像
ITEM_Death Hammer,Death Hammer,死亡之錘
ITEM_Death Stars,Death Stars,死亡之星
ITEM_Deathhorn,Deathhorn,死亡號角
ITEM_Deathring,Deathring,死亡戒指
ITEM_Diamond Bracers,Diamond Bracers,鑽石護腕
ITEM_Diamond Dagger,Diamond Dagger,鑽石匕首
ITEM_Diamond Flail,Diamond Flail,鑽石連枷
ITEM_Diamond Helm,Diamond Helm,鑽石頭盔
ITEM_Diamond Plate,Diamond Plate,鑽石板甲
ITEM_Diamond Scale,Diamond Scale,鑽石鱗甲
ITEM_Diamond Shield,Diamond Shield,鑽石盾牌
ITEM_Diamond Staff,Diamond Staff,鑽石法杖
ITEM_Diamond Suit,Diamond Suit,鑽石全身甲
ITEM_Diamond Sword,Diamond Sword,鑽石劍
ITEM_Divine Halbard,Divine Halbard,神聖戟
ITEM_Dork Ring,Dork Ring,呆瓜戒指
ITEM_Dragon Blood,Dragon Blood,龍血
ITEM_Dragon Figure,Dragon Figurine,龍雕像
ITEM_Dragonshield,Dragonshield,龍盾
ITEM_Dragonsword,Dragonsword,龍劍
ITEM_Dragonwand,Dragonwand,龍杖
ITEM_Drums of Death,Drums of Death,死亡之鼓
ITEM_Dynamite,Dynamite,炸藥
ITEM_Eelskin Tunic,Eelskin Tunic,鰻皮緊身衣
ITEM_Elf Boots,Elf Boots,精靈靴
ITEM_Elf Cloak,Elf Cloak,精靈斗篷
ITEM_Eternal Torch,Eternal Torch,永恆火炬
ITEM_Exorwand,Exorwand,驅魔權杖
ITEM_Eye,Eye,眼球
ITEM_Familiar Figure,Familiar Figurine,使魔雕像
ITEM_Ferofist's Helm,Ferofist's Helm,費羅菲斯特頭盔
ITEM_Fin's Flute,Fin's Flute,芬恩之笛
ITEM_Fire Horn,Fire Horn,火焰號角
ITEM_Fire Mandolin,Fire Mandolin,火焰曼陀林
ITEM_Fire Spear,Fire Spear,火焰長矛
ITEM_Firebrand,Firebrand,火把劍
ITEM_Flame Flute,Flame Flute,烈焰笛
ITEM_Flame Horn,Flame Horn,烈焰號角
ITEM_Flame Knife,Flame Knife,烈焰匕首
ITEM_Flame Sword,Flame Sword,烈焰劍
ITEM_Flare Crystal,Flare Crystal,閃光水晶
ITEM_Flute,Flute,笛子
ITEM_Frost Drums,Frost Drums,冰霜鼓
ITEM_Frost Horn,Frost Horn,冰霜號角
ITEM_Galt's Flute,Galt's Flute,加爾特之笛
ITEM_Galvanic Oboe,Galvanic Oboe,電擊雙簧管
ITEM_Gauntlets,Gauntlets,護手
ITEM_Giant Figure,Giant Figurine,巨人雕像
ITEM_Gods' Blade,Gods' Blade,眾神之刃
ITEM_Golem Figure,Golem Figurine,魔像雕像
ITEM_Grenade,Grenade,榴彈
ITEM_Halbard,Halbard,長柄戟
ITEM_Hammer of Wrath,Hammer of Wrath,憤怒之鎚
ITEM_Harmonic Gem,Harmonic Gem,和諧寶石
ITEM_Harmonic Staff,Harmonic Staff,和諧法杖
ITEM_Harp,Harp,豎琴
ITEM_Hawkblade,Hawkblade,鷹刃
ITEM_Heal Harp,Heal Harp,治癒豎琴
ITEM_Heartseeker,Heartseeker,尋心者
ITEM_Helm,Helm,頭盔
ITEM_Helm of Justice,Helm of Justice,正義頭盔
ITEM_Herb Figure,Herb Figurine,藥草雕像
ITEM_Holy Avenger,Holy Avenger,神聖復仇者
ITEM_Holy Handgrenade,Holy Handgrenade,神聖手榴彈
ITEM_Holy Missile,Holy Missile,神聖飛彈
ITEM_Holy Sword,Holy Sword,神聖之劍
ITEM_Holy TNT,Holy TNT,神聖炸藥
ITEM_Horn of Gods,Horn of the Gods,眾神號角
ITEM_Hourglass,Hourglass,沙漏
ITEM_Hunter Blade,Hunter Blade,獵人刃
ITEM_Hunters Cloak,Hunters Cloak,獵人斗篷
ITEM_Huntsman Gloves,Huntsman Gloves,獵人手套
ITEM_I-ching,I-ching,易經
ITEM_Incense,Incense,薰香
ITEM_Item of K,Item of Kazdek,卡茲德克之物
ITEM_Kael's Axe,Kael's Axe,凱爾之斧
ITEM_Kali's Garrote,Kali's Garrote,卡莉的絞索
ITEM_Kato's Bracer,Kato's Bracer,加藤護腕
ITEM_Kiel's Compass,Kiel's Compass,基爾的指南針
ITEM_Lak's Lyre,Lak's Lyre,拉克的里拉琴
ITEM_Lamp,Lamp,燈具
ITEM_Leather Armor,Leather Armor,皮甲
ITEM_Leather Gloves,Leather Gloves,皮手套
ITEM_Left Key,Left Key,左鑰匙
ITEM_Lever,Lever,拉桿
ITEM_Lich Figure,Lich Figurine,巫妖雕像
ITEM_Lightstar,Lightstar,光之星
ITEM_Lightwand,Lightwand,光杖
ITEM_Long Bow,Long Bow,長弓
ITEM_Lorehelm,Lorehelm,知識頭盔
ITEM_Luckshield,Luckshield,幸運盾牌
ITEM_Mace,Mace,釘頭錘
ITEM_Mage Figure,Master Wizard Figurine,大巫師雕像
ITEM_MasterMage Figure,Master Mage Figurine,大法師雕像
ITEM_Mage Staff,Mage Staff,法師之杖
ITEM_Mages Cloak,Mages Cloak,法師斗篷
ITEM_Mages Glove,Mages Glove,法師手套
ITEM_Magic Mouth,Magic Mouth,魔法之口
ITEM_Magic Triangle,Magic Triangle,魔法三角
ITEM_Mandolin,Mandolin,曼陀林
ITEM_Master Key,Master Key,萬能鑰匙
ITEM_Master Wand,Master Wand,大師魔杖
ITEM_Minstrels Glove,Minstrels Glove,吟遊詩人之手套
ITEM_Misericorde,Misericorde,慈悲匕首
ITEM_Mithril Arrows,Mithril Arrows,秘銀箭矢
ITEM_Mithril Axe,Mithril Axe,秘銀斧
ITEM_Mithril Bracers,Mithril Bracers,秘銀護腕
ITEM_Mithril Chain,Mithril Chain,秘銀鎖甲
ITEM_Mithril Dagger,Mithril Dagger,秘銀匕首
ITEM_Mithril Gloves,Mithril Gloves,秘銀手套
ITEM_Mithril Helm,Mithril Helm,秘銀頭盔
ITEM_Mithril Mace,Mithril Mace,秘銀釘頭錘
ITEM_Mithril Plate,Mithril Plate,秘銀板甲
ITEM_Mithril Scale,Mithril Scale,秘銀鱗甲
ITEM_Mithril Shield,Mithril Shield,秘銀盾
ITEM_Mithril Suit,Mithril Suit,秘銀全身甲
ITEM_Mithril Sword,Mithril Sword,秘銀劍
ITEM_Molten Figure,Molten Figurine,熔融雕像
ITEM_Molten Flute,Molten Flute,熔融長笛
ITEM_Molten Harp,Molten Harp,熔融豎琴
ITEM_Molten Horn,Molten Horn,熔融號角
ITEM_Molten Mandolin,Molten Mandolin,熔融曼陀林
ITEM_Molten Tar,Molten Tar,熔融焦油
ITEM_Mongo Figure,Mongo Figurine,蒙哥雕像
ITEM_Mournblade,Mournblade,哀悼之刃
ITEM_Nightspear,Nightspear,夜矛
ITEM_Nospen Ring,Nospen Ring,諾斯本戒指
ITEM_Nut,Nut,堅果
ITEM_Ogre Figure,Ogre Figurine,食人魔雕像
ITEM_Ogrewand,Ogrewand,食人魔法杖
ITEM_Old Man Figure,Old Man Figurine,老人雕像
ITEM_Onyx Key,Onyx Key,瑪瑙鑰匙
ITEM_Oscon's Staff,Oscon's Staff,奧斯康之杖
ITEM_Pipes of Pan,Pan's Pipes,潘神之笛
ITEM_Plate Armor,Plate Armor,板甲
ITEM_Poison Dagger,Poison Dagger,毒匕首
ITEM_Powerstaff,Powerstaff,力量法杖
ITEM_Pure Shield,Pure Shield,純淨之盾
ITEM_Pureblade,Pureblade,純淨之刃
ITEM_Purple Heart,Purple Heart,紫心勳章
ITEM_Rainbow Rose,Rainbow Rose,彩虹玫瑰
ITEM_Red Rose,Red Rose,紅玫瑰
ITEM_Red's Stiletto,Red's Stiletto,紅色的細劍
ITEM_Right Key,Right Key,右鑰匙
ITEM_Ring of Power,Ring of Power,力量戒指
ITEM_Ring of Return,Ring of Return,歸返戒指
ITEM_Ring of Accuracy,Ring of Accuracy,精準戒指
ITEM_Robes,Robes,長袍
ITEM_GreenRobes,Green Warrior Robes,綠色戰士長袍
ITEM_Samurai Figurine,Samurai Figurine,武士人偶
ITEM_Scale Armor,Scale Armor,鱗甲
ITEM_Sceadu's Cloak,Sceadu's Cloak,斯凱杜之斗篷
ITEM_Shadelance,Shadelance,暗影長矛
ITEM_Shadow Door,Shadow Door,暗影之門
ITEM_Shadow Lock,Shadow Lock,暗影鎖
ITEM_Shadowshiv,Shadowshiv,暗影匕首
ITEM_Sheetmusic,Sheetmusic,樂譜
ITEM_Shield Ring,Shield Ring,盾牌戒指
ITEM_Shield Staff,Shield Staff,盾牌法杖
ITEM_Shock Drums,Shock Drums,震擊鼓
ITEM_Shock Harp,Shock Harp,震擊豎琴
ITEM_Short Sword,Short Sword,短劍
ITEM_Shrill Flute,Shrill Flute,尖銳長笛
ITEM_Shuriken,Shurikens,手裡劍
ITEM_Silver Circle,Silver Circle,銀環
ITEM_Silver Square,Silver Square,銀方塊
ITEM_Silver Triangle,Silver Triangle,銀三角
ITEM_Slayer Figure,Slayer Figurine,殺手人偶
ITEM_Smokey Lens,Smokey Lens,煙霧鏡片
ITEM_Song Axe,Song Axe,歌頌戰斧
ITEM_Soothing Balm,Soothing Balm,舒緩藥膏
ITEM_Sorcerer's Hood,Sorcerer's Hood,術士兜帽
ITEM_Sorcerstaff,Sorcerstaff,術士法杖
ITEM_Soul Mace,Soul Mace,靈魂釘頭錘
ITEM_Spanner,Spanner,扳手
ITEM_Spark Blade,Spark Blade,火花之刃
ITEM_Spear,Spear,長矛
ITEM_Spectre Mace,Spectre Mace,幽靈釘頭錘
ITEM_Spectre Snare,Spectre Snare,幽靈陷阱
ITEM_Speedboots,Speedboots,速度之靴
ITEM_Spell Spear,Spell Spear,法術長矛
ITEM_Sphere of Lanatir,Sphere of Lanatir,拉納提爾之球
ITEM_Spirit Drum,Spirit Drum,靈鼓
ITEM_Spirithelm,Spirithelm,靈盔
ITEM_Spirits,Spirits,烈酒
ITEM_Staff,Staff,法杖
ITEM_Staff of Gods,Staff of Gods,眾神法杖
ITEM_Staff of Lor,Staff of Lor,洛爾法杖
ITEM_Staff of Mangar,Staff of Mangar,曼加爾法杖
ITEM_Steady Eye,Steady Eye,穩固之眼
ITEM_Stealth Arrows,Stealth Arrows,潛行箭矢
ITEM_Stoneblade,Stoneblade,石刃
ITEM_Strifespear,Strifespear,紛爭長矛
ITEM_Surehand Amulet,Surehand Amulet,穩手護符
ITEM_Sword of Pak,Sword of Pak,帕克之劍
ITEM_Sword of Zar,Sword of Zar,扎爾之劍
ITEM_Tao Ring,Tao Ring,道之戒
ITEM_Tesla Ring,Tesla Ring,特斯拉之戒
ITEM_The Book,The Book,那本書
ITEM_The Ring,The Ring,那枚戒指
ITEM_The Scepter,The Scepter,那柄權杖
ITEM_Thief Dagger,Thief Dagger,盜賊匕首
ITEM_Thieve's Dart,Thieves Darts,盜賊飛鏢
ITEM_Thieves Hood,Thieves Hood,盜賊兜帽
ITEM_Thor Figure,Thor Figurine,索爾雕像
ITEM_Thor's Hammer,Thor's Hammer,索爾之錘
ITEM_Thunder Sword,Thunder Sword,雷霆之劍
ITEM_Titan Bracers,Titanium Bracers,鈦金護腕
ITEM_Titan Suit,Titanium Suit,鈦金戰甲
ITEM_Titan Figure,Titan Figure,泰坦雕像
ITEM_Titan Helm,Titanium Helm,鈦金頭盔
ITEM_Titan Plate,Titanium Plate,鈦金板甲
ITEM_Titan Shield,Titanium Shield,鈦金盾牌
ITEM_Torch,Torch,火把
ITEM_Torch!,Torch!,火把！
ITEM_Tower Shield,Tower Shield,塔盾
ITEM_Travelhelm,Travelhelm,旅行頭盔
ITEM_Trick Brick,Trick Brick,詭計磚塊
ITEM_Troll Ring,Troll Ring,巨魔戒指
ITEM_Troll Staff,Troll Staff,巨魔法杖
ITEM_Troth Lance,Troth Lance,忠誠長槍
ITEM_Troy P.,Troy P.,特洛伊 P.
ITEM_Truth Drum,Truth Drum,真理之鼓
ITEM_Tslotha's Head,Tslotha's Head,茲洛薩之首
ITEM_Tslotha's Heart,Tslotha's Heart,茲洛薩之心
ITEM_Tung Plate,Tungsten Plate,鎢鋼板甲
ITEM_Tung Shield,Tungsten Shield,鎢鋼盾牌
ITEM_Valarian's Bow,Valarian's Bow,瓦拉里安之弓
ITEM_Vanquisher Figure,Vanquisher Figurine,征服者雕像
ITEM_Vial,Vial,小瓶
ITEM_Wand of Force,Wand of Force,力場魔杖
ITEM_Wand of Fury,Wand of Fury,狂怒魔杖
ITEM_Wand of Power,Wand of Power,力量魔杖
ITEM_Wand Segment 1,Wand Segment 1,魔杖片段 1
ITEM_Wand Segment 2,Wand Segment 2,魔杖片段 2
ITEM_Wand Segment 3,Wand Segment 3,魔杖片段 3
ITEM_Wand Segment 4,Wand Segment 4,魔杖片段 4
ITEM_Wand Segment 5,Wand Segment 5,魔杖片段 5
ITEM_Wand Segment 6,Wand Segment 6,魔杖片段 6
ITEM_Wand Segment 7,Wand Segment 7,魔杖片段 7
ITEM_War Axe,War Axe,戰斧
ITEM_War Staff,War Staff,戰爭法杖
ITEM_WardStone,WardStone,守護石
ITEM_Wargloves,Wargloves,戰術手套
ITEM_Water,Water,水
ITEM_Water of Life,Water of Life,生命之水
ITEM_Werra's Shield,Werra's Shield,維拉的盾牌
ITEM_White Rose,White Rose,白玫瑰
ITEM_Willow Flute,Willow Flute,柳笛
ITEM_Wineskin,Wineskin,酒囊
ITEM_Wither Staff,Wither Staff,枯萎法杖
ITEM_Wizhelm,Wizhelm,巫師頭盔
ITEM_WizWand,WizWand,巫師魔杖
ITEM_Ybarrashield,Ybarrashield,伊巴拉盾牌
ITEM_Yellow Rose,Yellow Rose,黃玫瑰
ITEM_Yellow Staff,Yellow Staff,黃色法杖
ITEM_Youth Potion,Youth Potion,青春藥水
ITEM_Zen Arrows,Zen Arrows,禪意箭矢
PORTRAIT_Male Warrior,Male Warrior,男性戰士
PORTRAIT_Female Warrior,Female Warrior,女性戰士
PORTRAIT_Male Paladin,Male Paladin,男性聖騎士
PORTRAIT_Female Paladin,Female Paladin,女性聖騎士
PORTRAIT_Male Rogue,Male Rogue,男性盜賊
PORTRAIT_Female Rogue,Female Rogue,女性盜賊
PORTRAIT_Male Bard,Male Bard,男性吟遊詩人
PORTRAIT_Female Bard,Female Bard,女性吟遊詩人
PORTRAIT_Male Hunter,Male Hunter,男性獵人
PORTRAIT_Female Hunter,Female Hunter,女性獵人
PORTRAIT_Male Monk,Male Monk,男性武僧
PORTRAIT_Female Monk,Female Monk,女性武僧
PORTRAIT_Male Conjurer,Male Conjurer,男性咒術師
PORTRAIT_Female Conjurer,Female Conjurer,女性咒術師
PORTRAIT_Male Magician,Male Magician,男性幻術師
PORTRAIT_Female Magician,Female Magician,女性幻術師
PORTRAIT_Male Sorcerer,Male Sorcerer,男性術士
PORTRAIT_Female Sorcerer,Female Sorcerer,女性術士
PORTRAIT_Male Wizard,Male Wizard,男性巫師
PORTRAIT_Female Wizard,Female Wizard,女性巫師
PORTRAIT_Male Archmage,Male Archmage,男性大法師
PORTRAIT_Female Archmage,Female Archmage,女性大法師
PORTRAIT_Male Chronomancer,Male Chronomancer,男性時空術士
PORTRAIT_Female Chronomancer,Female Chronomancer,女性時空術士
PORTRAIT_Male Geomancer,Male Geomancer,男性大地術士
PORTRAIT_Female Geomancer,Female Geomancer,女性大地術士
PORTRAIT_Angel of Death,Angel of Death,死亡天使
PORTRAIT_Ogre,Ogre,食人魔
PORTRAIT_Dwarf,Dwarf,矮人
PORTRAIT_Mercenary,Mercenary,傭兵
PORTRAIT_Magician,Magician,幻術師
PORTRAIT_Forest Giant,Forest Giant,森林巨人
PORTRAIT_Thief,Thief,盜賊
PORTRAIT_Old Man,Old Man,老人
PORTRAIT_Orc,Orc,半獸人
PORTRAIT_Sorcerer,Sorcerer,術士
PORTRAIT_Monk,Monk,武僧
PORTRAIT_Samurai,Samurai,武士
PORTRAIT_Vampire,Vampire,吸血鬼
PORTRAIT_Barbarian,Barbarian,野蠻人
PORTRAIT_Elder,Elder,長老
PORTRAIT_Conjurer,Conjurer,咒術師
PORTRAIT_Giant,Giant,巨人
PORTRAIT_Berzerker,Berzerker,狂戰士
PORTRAIT_Goblin,Goblin,哥布林
PORTRAIT_Ninja,Ninja,忍者
PORTRAIT_Death Giant,Death Giant,死亡巨人
PORTRAIT_Lightning Giant,Lightning Giant,閃電巨人
PORTRAIT_Warlock,Warlock,邪術師
PORTRAIT_Cloud Giant,Cloud Giant,雲巨人
PORTRAIT_Witch,Witch,女巫
PORTRAIT_Cranbo,Cranbo,克蘭波
PORTRAIT_Air Giant,Air Giant,空氣巨人
PORTRAIT_Hobgoblin,Hobgoblin,熊地精
PORTRAIT_Guard,Guard,守衛
PORTRAIT_Guard Bald,Guard Bald,禿頭守衛
PORTRAIT_Gnome Warrior,Gnome Warrior,地精戰士
PORTRAIT_Shade Giant,Shade Giant,幽影巨人
PORTRAIT_Warrior,Warrior,戰士
PORTRAIT_Undead Thief,Undead Thief,亡靈盜賊
PORTRAIT_Vandal,Vandal,破壞者
PORTRAIT_Fox Maiden,Fox Maiden,狐女
PORTRAIT_Brute,Brute,蠻力者
PORTRAIT_Mongol,Mongol,蒙古人
PORTRAIT_Spartan,Spartan,斯巴達戰士
PORTRAIT_Priestess,Priestess,女祭司
PORTRAIT_Geomancer,Geomancer,大地術士
PORTRAIT_Red Mage,Red Mage,赤法師
PORTRAIT_Tarjan Warrior,Tarjan Warrior,塔爾揚戰士
PORTRAIT_Grey Wizard,Grey Wizard,灰袍巫師
PORTRAIT_White Wizard,White Wizard,白袍巫師
PORTRAIT_Black Wizard,Black Wizard,黑袍巫師
PORTRAIT_Dark Priest,Dark Priest,黑暗祭司
PORTRAIT_Sorceress,Sorceress,女術士
PORTRAIT_Cyanis,Cyanis,賽亞尼斯
PORTRAIT_Familiar,Familiar,魔寵
PORTRAIT_Tarjan's Bull,Tarjan's Bull,塔爾揚之牛
PORTRAIT_Frost Mage,Frost Mage,冰霜法師
PORTRAIT_Scary Mage,Scary Mage,駭人法師
PORTRAIT_Grizzly Mage,Grizzly Mage,灰熊法師
PORTRAIT_Mad Mage,Mad Mage,瘋狂法師
BT1_Ancient Enemy_SINGULAR,Ancient Enemy,遠古之敵
BT1_Ancient Enemy_PLURAL,Ancient Enemies,遠古眾敵
BT1_Archmage_SINGULAR,Archmage,大法師
BT1_Archmage_PLURAL,Archmages,大法師們
BT1_Assassin_SINGULAR,Assassin,刺客
BT1_Assassin_PLURAL,Assassins,刺客們
BT1_Azure Monk_SINGULAR,Azure Monk,蒼藍武僧
BT1_Azure Monk_PLURAL,Azure Monks,蒼藍武僧們
BT1_Balrog_SINGULAR,Balrog,巴洛炎魔
BT1_Balrog_PLURAL,Balrogs,巴洛炎魔們
BT1_Bandersnatch_SINGULAR,Bandersnatch,班達斯奈奇
BT1_Bandersnatch_PLURAL,Bandersnatches,班達斯奈奇們
BT1_Barbarian_SINGULAR,Barbarian,野蠻人
BT1_Barbarian_PLURAL,Barbarians,野蠻人
BT1_Basilisk_SINGULAR,Basilisk,石化蜥蜴
BT1_Basilisk_PLURAL,Basilisks,石化蜥蜴群
BT1_Beholder_SINGULAR,Beholder,眼魔
BT1_Beholder_PLURAL,Beholders,眼魔群
BT1_Berserker_SINGULAR,Berserker,狂戰士
BT1_Berserker_PLURAL,Berserkers,狂戰士群
BT1_Black Dragon_SINGULAR,Black Dragon,黑龍
BT1_Black Dragon_PLURAL,Black Dragons,黑龍群
BT1_Black Widow_SINGULAR,Black Widow,黑寡婦
BT1_Black Widow_PLURAL,Black Widows,黑寡婦群
BT1_Bladesman_SINGULAR,Bladesman,劍士
BT1_Bladesman_PLURAL,Bladesmen,劍士群
BT1_Blast Dragon_SINGULAR,Blast Dragon,爆裂龍
BT1_Blast Dragon_PLURAL,Blast Dragons,爆裂龍群
BT1_Blue Dragon_SINGULAR,Blue Dragon,藍龍
BT1_Blue Dragon_PLURAL,Blue Dragons,藍龍群
BT1_Body Snatcher_SINGULAR,Body Snatcher,奪身怪
BT1_Body Snatcher_PLURAL,Body Snatchers,奪身怪群
BT1_Bone Crusher_SINGULAR,Bone Crusher,碎骨者
BT1_Bone Crusher_PLURAL,Bone Crushers,碎骨者群
BT1_Bulldozer_SINGULAR,Bulldozer,推土機
BT1_Bulldozer_PLURAL,Bulldozers,推土機群
BT1_Cloud Giant_SINGULAR,Cloud Giant,雲巨人
BT1_Cloud Giant_PLURAL,Cloud Giants,雲巨人群
BT1_Conjuror_SINGULAR,Conjuror,咒術師
BT1_Conjuror_PLURAL,Conjurors,咒術師群
BT1_Conjuror2_SINGULAR,Conjuror,咒術師
BT1_Conjuror2_PLURAL,Conjurors,咒術師群
BT1_Conjuror3_SINGULAR,Conjuror,咒術師
BT1_Conjuror3_PLURAL,Conjurors,咒術師
BT1_Conjuror4_SINGULAR,Conjuror,咒術師
BT1_Conjuror4_PLURAL,Conjurors,咒術師
BT1_Conjuror5_SINGULAR,Conjuror,咒術師
BT1_Conjuror5_PLURAL,Conjurors,咒術師
BT1_Conjuror6_SINGULAR,Conjuror,咒術師
BT1_Conjuror6_PLURAL,Conjurors,咒術師
BT1_Copper Dragon_SINGULAR,Copper Dragon,銅龍
BT1_Copper Dragon_PLURAL,Copper Dragons,銅龍
BT1_Crystal Golem_SINGULAR,Crystal Golem,水晶魔像
BT1_Crystal Golem_PLURAL,Crystal Golems,水晶魔像
BT1_Death Denizen_SINGULAR,Death Denizen,死亡居民
BT1_Death Denizen_PLURAL,Death Denizens,死亡居民
BT1_Demon_SINGULAR,Demon,惡魔
BT1_Demon_PLURAL,Demons,惡魔
BT1_Demon Lord_SINGULAR,Demon Lord,惡魔領主
BT1_Demon Lord_PLURAL,Demon Lords,惡魔領主
BT1_Doppleganger_SINGULAR,Doppelganger,變形怪
BT1_Doppleganger_PLURAL,Doppelgangers,變形怪
BT1_Dwarf_SINGULAR,Dwarf,矮人
BT1_Dwarf_PLURAL,Dwarves,矮人
BT1_Dwarf King_SINGULAR,Dwarf King,矮人王
BT1_Dwarf King_PLURAL,Dwarf Kings,矮人王
BT1_Earth Elemental_SINGULAR,Earth Elemental,土元素
BT1_Earth Elemental_PLURAL,Earth Elementals,土元素
BT1_Evil Eye_SINGULAR,Evil Eye,邪眼
BT1_Evil Eye_PLURAL,Evil Eyes,邪眼
BT1_Eye Spy_SINGULAR,Eye Spy,監視之眼
BT1_Eye Spy_PLURAL,Eye Spies,監視之眼
BT1_Figurine Master Mage_SINGULAR,Master Mage,大法師
BT1_Figurine Master Mage_PLURAL,Master Mages,大法師
BT1_Fire Elemental_SINGULAR,Fire Elemental,火元素
BT1_Fire Elemental_PLURAL,Fire Elementals,火元素群
BT1_Fire Giant_SINGULAR,Fire Giant,火焰巨人
BT1_Fire Giant_PLURAL,Fire Giants,火焰巨人群
BT1_Fred_SINGULAR,Fred,Fred
BT1_Fred_PLURAL,Freds,Fred群
BT1_Ghost_SINGULAR,Ghost,幽靈
BT1_Ghost_PLURAL,Ghosts,幽靈群
BT1_Ghoul_SINGULAR,Ghoul,食屍鬼
BT1_Ghoul_PLURAL,Ghouls,食屍鬼群
BT1_Gimp_SINGULAR,Gimp,Gimp
BT1_Gimp_PLURAL,Gimps,Gimp群
BT1_Gnome_SINGULAR,Gnome,地侏
BT1_Gnome_PLURAL,Gnomes,地侏群
BT1_Goblin Lord_SINGULAR,Goblin Lord,哥布林領主
BT1_Goblin Lord_PLURAL,Goblin Lords,哥布林領主群
BT1_Golem_SINGULAR,Golem,魔像
BT1_Golem_PLURAL,Golems,魔像群
BT1_Greater Demon_SINGULAR,Greater Demon,大惡魔
BT1_Greater Demon_PLURAL,Greater Demons,大惡魔群
BT1_Green Dragon_SINGULAR,Green Dragon,綠龍
BT1_Green Dragon_PLURAL,Green Dragons,綠龍群
BT1_Grey Dragon_SINGULAR,Grey Dragon,灰龍
BT1_Grey Dragon_PLURAL,Grey Dragons,灰龍群
BT1_Half Orc_SINGULAR,Half Orc,半獸人
BT1_Half Orc_PLURAL,Half Orcs,半獸人群
BT1_Herb_SINGULAR,Herb,藥草
BT1_Herb_PLURAL,Herbs,藥草
BT1_Figurine Herb_SINGULAR,Herb,藥草
BT1_Figurine Herb_PLURAL,Herbs,藥草
BT1_Hero_SINGULAR,Hero,英雄
BT1_Hero_PLURAL,Heroes,英雄們
BT1_Hobbit_SINGULAR,Hobbit,哈比人
BT1_Hobbit_PLURAL,Hobbits,哈比人們
BT1_Hobgoblin_SINGULAR,Hobgoblin,大地精
BT1_Hobgoblin_PLURAL,Hobgoblins,大地精們
BT1_Hydra_SINGULAR,Hydra,九頭蛇
BT1_Hydra_PLURAL,Hydras,九頭蛇們
BT1_Ice Giant_SINGULAR,Ice Giant,冰霜巨人
BT1_Ice Giant_PLURAL,Ice Giants,冰霜巨人們
BT1_Ivory Monk_SINGULAR,Ivory Monk,象牙武僧
BT1_Ivory Monk_PLURAL,Ivory Monks,象牙武僧們
BT1_Jabberwock_SINGULAR,Jabberwock,炸脖龍
BT1_Jabberwock_PLURAL,Jabberwocks,炸脖龍們
BT1_Jackalwere_SINGULAR,Jackalwere,豺狼人
BT1_Jackalwere_PLURAL,Jackalweres,豺狼人們
BT1_Jade Monk_SINGULAR,Jade Monk,翡翠武僧
BT1_Jade Monk_PLURAL,Jade Monks,翡翠武僧們
BT1_Joe The Sword_SINGULAR,Joe The Sword,劍客喬
BT1_Joe The Sword_PLURAL,Joe The Sword,劍客喬
BT1_Kobold_SINGULAR,Kobold,狗頭人
BT1_Kobold_PLURAL,Kobolds,狗頭人們
BT1_Kringle Brother_SINGULAR,Kringle Brother,克林格兄弟
BT1_Kringle Brother_PLURAL,Kringle Brothers,克林格兄弟們
BT1_Lesser Demon_SINGULAR,Lesser Demon,次等惡魔
BT1_Lesser Demon_PLURAL,Lesser Demons,次等惡魔們
BT1_Lich_SINGULAR,Lich,巫妖
BT1_Lich_PLURAL,Liches,巫妖們
BT1_Lurker_SINGULAR,Lurker,潛伏者
BT1_Lurker_PLURAL,Lurkers,潛伏者
BT1_Mad Dog_SINGULAR,Mad Dog,瘋狗
BT1_Mad Dog_PLURAL,Mad Dogs,瘋狗群
BT1_Mad God_SINGULAR,Mad God,瘋神
BT1_Mad God_PLURAL,Mad Gods,瘋神群
BT1_Mage_SINGULAR,Mage,法師
BT1_Mage_PLURAL,Mages,法師群
BT1_Magician_SINGULAR,Magician,幻術師
BT1_Magician_PLURAL,Magicians,幻術師群
BT1_Magician2_SINGULAR,Magician,幻術師
BT1_Magician2_PLURAL,Magicians,幻術師群
BT1_Magician3_SINGULAR,Magician,幻術師
BT1_Magician3_PLURAL,Magicians,幻術師群
BT1_Magician4_SINGULAR,Magician,幻術師
BT1_Magician4_PLURAL,Magicians,幻術師群
BT1_Magician5_SINGULAR,Magician,幻術師
BT1_Magician5_PLURAL,Magicians,幻術師群
BT1_Magician6_SINGULAR,Magician,幻術師
BT1_Magician6_PLURAL,Magicians,幻術師群
BT1_Mandar Guard_SINGULAR,Mangar Guard,曼加守衛
BT1_Mandar Guard_PLURAL,Mangar Guards,曼加守衛群
BT1_Mangar_SINGULAR,Mangar,曼加
BT1_Mangar_PLURAL,Mangar,曼加
BT1_Master Conjuror_SINGULAR,Master Conjurer,咒術大師
BT1_Master Conjuror_PLURAL,Master Conjurors,咒術大師群
BT1_Master Magician_SINGULAR,Master Magician,幻術大師
BT1_Master Magician_PLURAL,Master Magicians,幻術大師群
BT1_Master Ninja_SINGULAR,Master Ninja,忍者大師
BT1_Master Ninja_PLURAL,Master Ninjas,忍者大師群
BT1_Master Sorcerer_SINGULAR,Master Sorcerer,術士大師
BT1_Master Sorcerer_PLURAL,Master Sorcerers,大術士
BT1_Master Thief_SINGULAR,Master Thief,盜賊大師
BT1_Master Thief_PLURAL,Master Thieves,盜賊大師們
BT1_Master Wizard_SINGULAR,Master Wizard,巫師大師
BT1_Master Wizard_PLURAL,Master Wizards,巫師大師們
BT1_Maze Dweller_SINGULAR,Maze Dweller,迷宮居民
BT1_Maze Dweller_PLURAL,Maze Dwellers,迷宮居民們
BT1_Maze Master_SINGULAR,Maze Master,迷宮大師
BT1_Maze Master_PLURAL,Maze Masters,迷宮大師們
BT1_Mercenary_SINGULAR,Mercenary,傭兵
BT1_Mercenary_PLURAL,Mercenaries,傭兵們
BT1_Mimic_SINGULAR,Mimic,擬態怪
BT1_Mimic_PLURAL,Mimics,擬態怪們
BT1_Mind Shadow_SINGULAR,Mind Shadow,心靈暗影
BT1_Mind Shadow_PLURAL,Mind Shadows,心靈暗影們
BT1_Molten Man_SINGULAR,Molten Man,熔岩人
BT1_Molten Man_PLURAL,Molten Men,熔岩人們
BT1_Mongo_SINGULAR,Mongo,蒙戈
BT1_Mongo_PLURAL,Mongos,蒙戈們
BT1_Ninja_SINGULAR,Ninja,忍者
BT1_Ninja_PLURAL,Ninjas,忍者們
BT1_Nomad_SINGULAR,Nomad,遊牧者
BT1_Nomad_PLURAL,Nomads,遊牧者們
BT1_Ogre_SINGULAR,Ogre,食人魔
BT1_Ogre_PLURAL,Ogres,食人魔們
BT1_Ogre Lord_SINGULAR,Ogre Lord,食人魔領主
BT1_Ogre Lord_PLURAL,Ogre Lords,食人魔領主們
BT1_Ogre Magi_SINGULAR,Ogre Magi,食人法師
BT1_Ogre Magi_PLURAL,Ogre Magi,食人法師們
BT1_Old Man_SINGULAR,Old Man,老人
BT1_Old Man_PLURAL,Old Men,老人
BT1_Orc_SINGULAR,Orc,獸人
BT1_Orc_PLURAL,Orcs,獸人群
BT1_Phantom_SINGULAR,Phantom,幻影
BT1_Phantom_PLURAL,Phantoms,幻影群
BT1_Red Dragon_SINGULAR,Red Dragon,紅龍
BT1_Red Dragon_PLURAL,Red Dragons,紅龍群
BT1_Samurai_SINGULAR,Samurai,武士
BT1_Samurai_PLURAL,Samurai,武士
BT1_Samurai Lord_SINGULAR,Samurai Lord,武士領主
BT1_Samurai Lord_PLURAL,Samurai Lords,武士領主群
BT1_Scarlet Monk_SINGULAR,Scarlet Monk,緋紅武僧
BT1_Scarlet Monk_PLURAL,Scarlet Monks,緋紅武僧群
BT1_Seeker_SINGULAR,Seeker,追尋者
BT1_Seeker_PLURAL,Seekers,追尋者群
BT1_Shadow_SINGULAR,Shadow,暗影
BT1_Shadow_PLURAL,Shadows,暗影群
BT1_Skeleton_SINGULAR,Skeleton,骷髏
BT1_Skeleton_PLURAL,Skeletons,骷髏群
BT1_Slayer_SINGULAR,Slayer,殺戮者
BT1_Slayer_PLURAL,Slayer,殺戮者
BT1_Figurine Slayer_SINGULAR,Slayer,殺戮者
BT1_Figurine Slayer_PLURAL,Slayers,殺戮者群
BT1_Sorcerer_SINGULAR,Sorcerer,術士
BT1_Sorcerer_PLURAL,Sorcerers,術士群
BT1_Sorcerer2_SINGULAR,Sorcerer,術士
BT1_Sorcerer2_PLURAL,Sorcerers,術士群
BT1_Sorcerer3_SINGULAR,Sorcerer,術士
BT1_Sorcerer3_PLURAL,Sorcerers,術士群
BT1_Sorcerer4_SINGULAR,Sorcerer,術士
BT1_Sorcerer4_PLURAL,Sorcerers,術士們
BT1_Sorcerer5_SINGULAR,Sorcerer,術士
BT1_Sorcerer5_PLURAL,Sorcerers,術士們
BT1_Soul Sucker_SINGULAR,Soul Sucker,噬魂者
BT1_Soul Sucker_PLURAL,Soul Suckers,噬魂者們
BT1_Spectre_SINGULAR,Spectre,幽靈
BT1_Spectre_PLURAL,Spectres,幽靈們
BT1_Spider_SINGULAR,Spider,蜘蛛
BT1_Spider_PLURAL,Spiders,蜘蛛們
BT1_Spinner_SINGULAR,Spinner,迷向器
BT1_Spinner_PLURAL,Spinners,迷向器們
BT1_Statue_SINGULAR,Statue,雕像
BT1_Statue_PLURAL,Statues,雕像們
BT1_Stone Elemental_SINGULAR,Stone Elemental,石元素
BT1_Stone Elemental_PLURAL,Stone Elementals,石元素們
BT1_Stone Giant_SINGULAR,Stone Giant,石巨人
BT1_Stone Giant_PLURAL,Stone Giants,石巨人們
BT1_Storm Giant_SINGULAR,Storm Giant,風暴巨人
BT1_Storm Giant_PLURAL,Storm Giants,風暴巨人們
BT1_Figurine Storm Giant_SINGULAR,Storm Giant,風暴巨人
BT1_Figurine Storm Giant_PLURAL,Storm Giants,風暴巨人們
BT1_Swordsman_SINGULAR,Swordsman,劍士
BT1_Swordsman_PLURAL,Swordsmen,劍士們
BT1_Target Dummy_SINGULAR,Target Dummy,標靶假人
BT1_Target Dummy_PLURAL,Target Dummy,標靶假人
BT1_Thief_SINGULAR,Thief,盜賊
BT1_Thief_PLURAL,Thieves,盜賊們
BT1_Thor_SINGULAR,Thor,索爾
BT1_Thor_PLURAL,Thor,索爾
BT1_Titan_SINGULAR,Titan,泰坦
BT1_Titan_PLURAL,Titans,泰坦
BT1_Vampire_SINGULAR,Vampire,吸血鬼
BT1_Vampire_PLURAL,Vampires,吸血鬼群
BT1_Vampire Lord_SINGULAR,Vampire Lord,吸血鬼領主
BT1_Vampire Lord_PLURAL,Vampire Lords,吸血鬼領主群
BT1_Vanquisher_SINGULAR,Vanquisher,征服者
BT1_Vanquisher_PLURAL,Vanquishers,征服者群
BT1_War Giant_SINGULAR,War Giant,戰爭巨人
BT1_War Giant_PLURAL,War Giants,戰爭巨人群
BT1_Warrior Elite_SINGULAR,Warrior Elite,精英戰士
BT1_Warrior Elite_PLURAL,Warriors Elite,精英戰士群
BT1_Weretiger_SINGULAR,Weretiger,虎人
BT1_Weretiger_PLURAL,Weretigers,虎人群
BT1_Werewolf_SINGULAR,Werewolf,狼人
BT1_Werewolf_PLURAL,Werewolves,狼人群
BT1_White Dragon_SINGULAR,White Dragon,白龍
BT1_White Dragon_PLURAL,White Dragons,白龍群
BT1_Wight_SINGULAR,Wight,屍妖
BT1_Wight_PLURAL,Wights,屍妖群
BT1_Wizard_SINGULAR,Wizard,巫師
BT1_Wizard_PLURAL,Wizards,巫師群
BT1_Wizard Wall_SINGULAR,Wizard Wall,巫師之牆
BT1_Wizard Wall_PLURAL,Wizard Wall,巫師之牆
BT1_Wizard2_SINGULAR,Wizard,巫師
BT1_Wizard2_PLURAL,Wizards,巫師群
BT1_Wizard3_SINGULAR,Wizard,巫師
BT1_Wizard3_PLURAL,Wizards,巫師群
BT1_Wizard4_SINGULAR,Wizard,巫師
BT1_Wizard4_PLURAL,Wizards,巫師群
BT1_Wizard5_SINGULAR,Wizard,巫師
BT1_Wizard5_PLURAL,Wizards,巫師
BT1_Wolf_SINGULAR,Wolf,狼
BT1_Wolf_PLURAL,Wolves,狼群
BT1_Wraith_SINGULAR,Wraith,縛靈
BT1_Wraith_PLURAL,Wraiths,縛靈群
BT1_Xorn_SINGULAR,Xorn,鑽地怪
BT1_Xorn_PLURAL,Xorns,鑽地怪群
BT1_Zombie_SINGULAR,Zombie,殭屍
BT1_Zombie_PLURAL,Zombies,殭屍群
BT2_A Friend_SINGULAR,A Friend,一位朋友
BT2_A Friend_PLURAL,A Friend,一位朋友
BT2_Abyssian_SINGULAR,Abyssian,深淵魔
BT2_Abyssian_PLURAL,Abyssians,深淵魔群
BT2_Ace Of Hearts_SINGULAR,Ace Of Hearts,紅心A
BT2_Ace Of Hearts_PLURAL,Ace Of Hearts,紅心A
BT2_Air Titan_SINGULAR,Air Titan,氣元素巨靈
BT2_Air Titan_PLURAL,Air Titans,氣元素巨靈群
BT2_Ancient Enemy_SINGULAR,Ancient Enemy,遠古宿敵
BT2_Ancient Enemy_PLURAL,Ancient Enemy,遠古宿敵
BT2_Ancient Mage_SINGULAR,Ancient Mage,遠古法師
BT2_Ancient Mage_PLURAL,Ancient Mages,遠古法師群
BT2_Apprentice_SINGULAR,Apprentice,學徒
BT2_Apprentice_PLURAL,Apprentice,學徒
BT2_Arc Knight_SINGULAR,Arc Knight,弧光騎士
BT2_Arc Knight_PLURAL,Arc Knights,弧光騎士群
BT2_Arch Dragon_SINGULAR,Arch Dragon,遠古巨龍
BT2_Arch Dragon_PLURAL,Arch Dragons,遠古巨龍群
BT2_Archer_SINGULAR,Apprentice Archer,學徒弓手
BT2_Archer_PLURAL,Apprentice Archers,學徒弓手群
BT2_Archer1_SINGULAR,Archer,弓手
BT2_Archer1_PLURAL,Archers,弓箭手
BT2_Archer2_SINGULAR,Adept Archer,熟練弓箭手
BT2_Archer2_PLURAL,Adept Archers,熟練弓箭手群
BT2_Archer3_SINGULAR,Master Archer,弓箭大師
BT2_Archer3_PLURAL,Master Archers,弓箭大師群
BT2_Archmonger_SINGULAR,Archmonger,大法師工匠
BT2_Archmonger_PLURAL,Archmongers,大法師工匠群
BT2_Argadoom_SINGULAR,Argadoom,阿加杜姆
BT2_Argadoom_PLURAL,Argadooms,阿加杜姆群
BT2_Argonaut_SINGULAR,Argonaut,阿爾戈英雄
BT2_Argonaut_PLURAL,Argonauts,阿爾戈英雄群
BT2_Arms Master_SINGULAR,Arms Master,武器大師
BT2_Arms Master_PLURAL,Arms Master,武器大師
BT2_Arn Wraith_SINGULAR,Arn Wraith,阿恩縛靈
BT2_Arn Wraith_PLURAL,Arn Wraiths,阿恩縛靈群
BT2_Assassin_SINGULAR,Assassin,刺客
BT2_Assassin_PLURAL,Assassins,刺客群
BT2_Astral Guard_SINGULAR,Astral Guard,星界守衛
BT2_Astral Guard_PLURAL,Astral Guards,星界守衛群
BT2_Axeman_SINGULAR,Axeman,斧戰士
BT2_Axeman_PLURAL,Axemen,斧戰士群
BT2_Axeman1_SINGULAR,Savage Axeman,野蠻斧戰士
BT2_Axeman1_PLURAL,Savage Axemen,野蠻斧戰士群
BT2_Baf Mage_SINGULAR,Baf Mage,巴夫法師
BT2_Baf Mage_PLURAL,Baf Mages,巴夫法師群
BT2_Balad Giant_SINGULAR,Balad Giant,巴拉德巨人
BT2_Balad Giant_PLURAL,Balad Giants,巴拉德巨人群
BT2_Balder Guard_SINGULAR,Balder Guard,巴爾德守衛
BT2_Balder Guard_PLURAL,Balder Guards,巴爾德守衛群
BT2_Bander_SINGULAR,Bander,班德爾
BT2_Bander_PLURAL,Banders,班德斯
BT2_Barbarian_SINGULAR,Barbarian,野蠻人
BT2_Barbarian_PLURAL,Barbarians,野蠻人群
BT2_Basilisk_SINGULAR,Basilisk,石化蜥蜴
BT2_Basilisk_PLURAL,Basilisks,石化蜥蜴群
BT2_Basilisk1_SINGULAR,Gigantic Basilisk,巨型石化蜥蜴
BT2_Basilisk1_PLURAL,Gigantic Basilisks,巨型石化蜥蜴群
BT2_Basilisk2_SINGULAR,Slimy Basilisk,黏液石化蜥蜴
BT2_Basilisk2_PLURAL,Slimy Basilisks,黏液石化蜥蜴群
BT2_Battlelord_SINGULAR,Battlelord,戰領
BT2_Battlelord_PLURAL,Battlelords,戰領群
BT2_Baylor The Bold_SINGULAR,Baylor The Bold,大膽的貝勒
BT2_Baylor The Bold_PLURAL,Baylor The Bold,大膽的貝勒
BT2_Befar Wizard_SINGULAR,Befar Wizard,貝法巫師
BT2_Befar Wizard_PLURAL,Befar Wizards,貝法巫師群
BT2_Berserker_SINGULAR,Berserker,狂戰士
BT2_Berserker_PLURAL,Berserkers,狂戰士群
BT2_Berserker1_SINGULAR,Stalwart Berserker,強壯狂戰士
BT2_Berserker1_PLURAL,Stalwart Berserkers,強壯狂戰士群
BT2_Bink_SINGULAR,Bink,賓克
BT2_Bink_PLURAL,Binks,賓克群
BT2_Black Giant_SINGULAR,Black Giant,黑色巨人
BT2_Black Giant_PLURAL,Black Giants,黑色巨人群
BT2_Black Priest_SINGULAR,Black Priest,黑色祭司
BT2_Black Priest_PLURAL,Black Priests,黑色祭司群
BT2_Black Skull_SINGULAR,Black Skull,黑色骷髏
BT2_Black Skull_PLURAL,Black Skulls,黑色骷髏群
BT2_Blast Dragon_SINGULAR,Blast Dragon,爆裂龍
BT2_Blast Dragon_PLURAL,Blast Dragons,爆裂龍群
BT2_Blockhead_SINGULAR,Blockhead,木頭人
BT2_Blockhead_PLURAL,Blockhead,木頭人
BT2_Blood Sucker_SINGULAR,Blood Sucker,吸血者
BT2_Blood Sucker_PLURAL,Blood Suckers,吸血者群
BT2_Bloodman_SINGULAR,Bloodman,血人
BT2_Bloodman_PLURAL,Bloodmen,血人群
BT2_Bloodthief_SINGULAR,Bloodthief,血賊
BT2_Bloodthief_PLURAL,Bloodthieves,血賊群
BT2_Blue Dragon_SINGULAR,Blue Dragon,藍龍
BT2_Blue Dragon_PLURAL,Blue Dragons,藍龍群
BT2_Blue Ghost_SINGULAR,Blue Ghost,藍幽靈
BT2_Blue Ghost_PLURAL,Blue Ghosts,藍幽靈群
BT2_Bodyguard_SINGULAR,Bodyguard,護衛
BT2_Bodyguard_PLURAL,Bodyguard,護衛
BT2_Bog Wraith_SINGULAR,Bog Wraith,沼澤縛靈
BT2_Bog Wraith_PLURAL,Bog Wraiths,沼澤縛靈群
BT2_Bogster_SINGULAR,Bogster,沼澤怪
BT2_Bogster_PLURAL,Bogsters,沼澤怪群
BT2_Bone Drone_SINGULAR,Bone Drone,骨蜂
BT2_Bone Drone_PLURAL,Bone Drones,骨蜂群
BT2_Boneman_SINGULAR,Boneman,骨人
BT2_Boneman_PLURAL,Bonemen,骨人群
BT2_Bonzai_SINGULAR,Bonzai,盆栽
BT2_Bonzai_PLURAL,Bonzais,盆栽群
BT2_Bosco Giant_SINGULAR,Bosco Giant,Bosco巨人
BT2_Bosco Giant_PLURAL,Bosco Giants,Bosco巨人群
BT2_Bradakus_SINGULAR,Bradakus,Bradakus
BT2_Bradakus_PLURAL,Bradakuses,Bradakus群
BT2_Braggart_SINGULAR,Braggart,吹牛者
BT2_Braggart_PLURAL,Braggarts,吹牛者群
BT2_Brass Dragon_SINGULAR,Brass Dragon,黃銅龍
BT2_Brass Dragon_PLURAL,Brass Dragons,黃銅龍
BT2_Brass Giant_SINGULAR,Brass Giant,黃銅巨人
BT2_Brass Giant_PLURAL,Brass Giants,黃銅巨人
BT2_Brockter_SINGULAR,Brockter,布羅克特
BT2_Brockter_PLURAL,Brockters,布羅克特
BT2_Brute_SINGULAR,Brute,蠻力獸
BT2_Brute_PLURAL,Brutes,蠻力獸
BT2_Bug Man_SINGULAR,Bug Man,蟲人
BT2_Bug Man_PLURAL,Bug Men,蟲人
BT2_Bugger_SINGULAR,Bugger,小蟲怪
BT2_Bugger_PLURAL,Buggers,小蟲怪
BT2_Bulldozer_SINGULAR,Bulldozer,推土獸
BT2_Bulldozer_PLURAL,Bulldozers,推土獸
BT2_Burgerman_SINGULAR,Burgerman,漢堡人
BT2_Burgerman_PLURAL,Burgermen,漢堡人
BT2_Burner_SINGULAR,Burner,燃燒者
BT2_Burner_PLURAL,Burner,燃燒者
BT2_Caliard_SINGULAR,Caliard,卡利亞德
BT2_Caliard_PLURAL,Caliards,卡利亞德
BT2_Cannibal_SINGULAR,Cannibal,食人魔
BT2_Cannibal_PLURAL,Cannibals,食人魔
BT2_Carbonite_SINGULAR,Carbonite,碳化體
BT2_Carbonite_PLURAL,Carbonites,碳化體
BT2_Cave Giant_SINGULAR,Cave Giant,洞穴巨人
BT2_Cave Giant_PLURAL,Cave Giants,洞穴巨人
BT2_Centron_SINGULAR,Centron,森特隆
BT2_Centron_PLURAL,Centrons,森特隆
BT2_Champion_SINGULAR,Champion,冠軍
BT2_Champion_PLURAL,Champions,冠軍
BT2_Cloud Giant_SINGULAR,Cloud Giant,雲巨人
BT2_Cloud Giant_PLURAL,Cloud Giants,雲巨人
BT2_Cloud Wraith_SINGULAR,Cloud Wraith,雲縛靈
BT2_Cloud Wraith_PLURAL,Cloud Wraiths,雲縛靈群
BT2_Cloudsman_SINGULAR,Cloudsman,雲行者
BT2_Cloudsman_PLURAL,Cloudsmen,雲行者們
BT2_Colossus_SINGULAR,Colossus,巨像
BT2_Colossus_PLURAL,Colossuses,巨像群
BT2_Conjurer_SINGULAR,Lesser Conjurer,見習咒術師
BT2_Conjurer_PLURAL,Lesser Conjurers,見習咒術師們
BT2_Conjurer1_SINGULAR,Conjurer,咒術師
BT2_Conjurer1_PLURAL,Conjurers,咒術師們
BT2_Conjurer2_SINGULAR,Journeyman Conjurer,熟練咒術師
BT2_Conjurer2_PLURAL,Journeyman Conjurers,熟練咒術師們
BT2_Conjuror_SINGULAR,Master Conjurer,咒術大師
BT2_Conjuror_PLURAL,Master Conjurors,咒術大師們
BT2_Cool Dude_SINGULAR,Cool Dude,酷哥
BT2_Cool Dude_PLURAL,Cool Dudes,酷哥們
BT2_Corpse_SINGULAR,Corpse,屍體
BT2_Corpse_PLURAL,Corpses,屍體堆
BT2_Corpse1_SINGULAR,Decaying Corpse,腐爛屍體
BT2_Corpse1_PLURAL,Decaying Corpses,腐爛屍體堆
BT2_Crambo_SINGULAR,Crambo,克拉姆波
BT2_Crambo_PLURAL,Crambos,克拉姆波群
BT2_Cranbo_SINGULAR,Cranbo,克蘭波
BT2_Cranbo_PLURAL,Cranbos,克蘭波群
BT2_Crypt Killer_SINGULAR,Crypt Killer,墓穴殺手
BT2_Crypt Killer_PLURAL,Crypt Killers,墓穴殺手們
BT2_Crypt Knight_SINGULAR,Crypt Knight,墓穴騎士
BT2_Crypt Knight_PLURAL,Crypt Knights,墓穴騎士們
BT2_Cryslar_SINGULAR,Cryslar,克萊斯拉
BT2_Cryslar_PLURAL,Cryslars,冰晶劍
BT2_Cyclone_SINGULAR,Cyclone,旋風
BT2_Cyclone_PLURAL,Cyclones,旋風群
BT2_Daemon_SINGULAR,Daemon,惡魔
BT2_Daemon_PLURAL,Daemons,惡魔群
BT2_Dargoth_SINGULAR,Dargoth,達戈斯
BT2_Dargoth_PLURAL,Dargoth,達戈斯
BT2_Dark Acolyte_SINGULAR,Dark Acolyte,黑暗侍僧
BT2_Dark Acolyte_PLURAL,Dark Acolytes,黑暗侍僧群
BT2_Dark Dragon_SINGULAR,Dark Dragon,黑暗龍
BT2_Dark Dragon_PLURAL,Dark Dragons,黑暗龍群
BT2_Dark Giant_SINGULAR,Dark Giant,黑暗巨人
BT2_Dark Giant_PLURAL,Dark Giants,黑暗巨人群
BT2_Dark Mage_SINGULAR,Dark Mage,黑暗法師
BT2_Dark Mage_PLURAL,Dark Mages,黑暗法師群
BT2_Dark Vampire_SINGULAR,Dark Vampire,黑暗吸血鬼
BT2_Dark Vampire_PLURAL,Dark Vampires,黑暗吸血鬼群
BT2_D'Artagnon_SINGULAR,D'Artagnon,達塔尼昂
BT2_D'Artagnon_PLURAL,D'Artagnon,達塔尼昂
BT2_Dazzler_SINGULAR,Dazzler,炫目者
BT2_Dazzler_PLURAL,Dazzlers,炫目者群
BT2_Death Dealer_SINGULAR,Death Dealer,死亡使者
BT2_Death Dealer_PLURAL,Death Dealers,死亡使者群
BT2_Death Dragon_SINGULAR,Death Dragon,死亡龍
BT2_Death Dragon_PLURAL,Death Dragons,死亡龍群
BT2_Death Dragon1_SINGULAR,Ancient Death Dragon,遠古死亡龍
BT2_Death Dragon1_PLURAL,Ancient Death Dragons,遠古死亡龍群
BT2_Death Drek_SINGULAR,Death Drek,死亡德雷克
BT2_Death Drek_PLURAL,Death Dreks,死亡德雷克群
BT2_Death Ghoul_SINGULAR,Death Ghoul,死亡食屍鬼
BT2_Death Ghoul_PLURAL,Death Ghouls,死亡食屍鬼
BT2_Death Giant_SINGULAR,Death Giant,死亡巨人
BT2_Death Giant_PLURAL,Death Giants,死亡巨人
BT2_Death Giant1_SINGULAR,Mighty Death Giant,強力死亡巨人
BT2_Death Giant1_PLURAL,Mighty Death Giants,強力死亡巨人
BT2_Death Reaper_SINGULAR,Death Reaper,死亡收割者
BT2_Death Reaper_PLURAL,Death Reapers,死亡收割者
BT2_Death Reaper1_SINGULAR,Unforgiving Death Reaper,無情死亡收割者
BT2_Death Reaper1_PLURAL,Unforgiving Death Reapers,無情死亡收割者
BT2_Death Sword_SINGULAR,Death Sword,死亡之劍
BT2_Death Sword_PLURAL,Death Swords,死亡之劍
BT2_Deathadren_SINGULAR,Deathadren,死亡亞卓
BT2_Deathadren_PLURAL,Deathadren,死亡亞卓
BT2_Deathman_SINGULAR,Deathman,死亡人
BT2_Deathman_PLURAL,Deathmen,死亡人
BT2_Demi Lich_SINGULAR,Demi Lich,半巫妖
BT2_Demi Lich_PLURAL,Demi Liches,半巫妖
BT2_Demon_SINGULAR,Demon,惡魔
BT2_Demon_PLURAL,Demons,惡魔
BT2_Demon Lord_SINGULAR,Demon Lord,惡魔領主
BT2_Demon Lord_PLURAL,Demon Lords,惡魔領主
BT2_Denizen_SINGULAR,Denizen,居民
BT2_Denizen_PLURAL,Denizens,居民
BT2_Desicator_SINGULAR,Desicator,乾枯者
BT2_Desicator_PLURAL,Desicators,乾枯者
BT2_Devil Dog_SINGULAR,Devil Dog,魔犬
BT2_Devil Dog_PLURAL,Devil Dogs,魔犬
BT2_Devourer_SINGULAR,Devourer,吞噬者
BT2_Devourer_PLURAL,Devourers,吞噬者
BT2_Dexter_SINGULAR,Dexter,德克斯特
BT2_Dexter_PLURAL,Dexter,Dexter
BT2_Dezer Mage_SINGULAR,Dezer Mage,Dezer Mage
BT2_Dezer Mage_PLURAL,Dezer Mages,Dezer Mages
BT2_Diamond Dog_SINGULAR,Diamond Dog,鑽石犬
BT2_Diamond Dog_PLURAL,Diamond Dogs,鑽石犬群
BT2_Dick The Brick_SINGULAR,Dick The Brick,磚頭迪克
BT2_Dick The Brick_PLURAL,Dick The Brick,磚頭迪克
BT2_Diet Fiend_SINGULAR,Diet Fiend,節食惡魔
BT2_Diet Fiend_PLURAL,Diet Fiends,節食惡魔群
BT2_Doppleganger_SINGULAR,Doppelganger,分身怪
BT2_Doppleganger_PLURAL,Doppelgangers,分身怪群
BT2_Doppleganger1_SINGULAR,Crafty Doppelganger,狡猾分身怪
BT2_Doppleganger1_PLURAL,Crafty Doppelgangers,狡猾分身怪群
BT2_Doppleganger2_SINGULAR,Shady Doppelganger,陰影分身怪
BT2_Doppleganger2_PLURAL,Shady Doppelgangers,陰影分身怪群
BT2_Drach_SINGULAR,Drach,Drach
BT2_Drach_PLURAL,Drachs,Drachs
BT2_Drain Dragon_SINGULAR,Drain Dragon,吸取龍
BT2_Drain Dragon_PLURAL,Drain Dragons,吸取龍群
BT2_Dread Giant_SINGULAR,Dread Giant,恐懼巨人
BT2_Dread Giant_PLURAL,Dread Giants,恐懼巨人群
BT2_Dreadnought_SINGULAR,Dreadnought,無畏戰艦
BT2_Dreadnought_PLURAL,Dreadnoughts,無畏戰艦群
BT2_Dreadnought1_SINGULAR,Crazed Dreadnought,瘋狂無畏戰艦
BT2_Dreadnought1_PLURAL,Crazed Dreadnoughts,瘋狂無畏戰艦群
BT2_Dream Mage_SINGULAR,Dream Mage,夢魘法師
BT2_Dream Mage_PLURAL,Dream Mages,夢魘法師群
BT2_Dren_SINGULAR,Dren,Dren
BT2_Dren_PLURAL,Drens,Drens
BT2_Druid_SINGULAR,Druid,德魯伊
BT2_Druid_PLURAL,Druids,德魯伊
BT2_Dust Dragon_SINGULAR,Dust Dragon,塵龍
BT2_Dust Dragon_PLURAL,Dust Dragons,塵龍群
BT2_Dust Mage_SINGULAR,Dust Mage,塵法師
BT2_Dust Mage_PLURAL,Dust Mages,塵法師群
BT2_Dust Man_SINGULAR,Dust Man,塵人
BT2_Dust Man_PLURAL,Dust Men,塵人群
BT2_Dust Samurai_SINGULAR,Dust Samurai,塵武士
BT2_Dust Samurai_PLURAL,Dust Samurai,塵武士
BT2_Dust Soldier_SINGULAR,Dust Soldier,塵士兵
BT2_Dust Soldier_PLURAL,Dust Soldiers,塵士兵群
BT2_Dust Wizard_SINGULAR,Dust Wizard,塵巫師
BT2_Dust Wizard_PLURAL,Dust Wizards,塵巫師群
BT2_Earth Elemental_SINGULAR,Earth Elemental,土元素
BT2_Earth Elemental_PLURAL,Earth Elementals,土元素群
BT2_Elik The Great_SINGULAR,Elik The Great,偉大的艾利克
BT2_Elik The Great_PLURAL,Elik The Great,偉大的艾利克
BT2_Elite Guard_SINGULAR,Elite Guard,精英護衛
BT2_Elite Guard_PLURAL,Elite Guards,精英護衛群
BT2_Energon_SINGULAR,Energon,能量體
BT2_Energon_PLURAL,Energons,能量體群
BT2_Enforcer_SINGULAR,Enforcer,執法者
BT2_Enforcer_PLURAL,Enforcers,執法者群
BT2_Evil Doer_SINGULAR,Evil Doer,惡徒
BT2_Evil Doer_PLURAL,Evil Doers,惡徒群
BT2_Evil Mage_SINGULAR,Evil Mage,邪惡法師
BT2_Evil Mage_PLURAL,Evil Mages,邪惡法師群
BT2_Extramage_SINGULAR,Extramage,超維法師
BT2_Extramage_PLURAL,Extramage,超維法師
BT2_Fanskar_SINGULAR,Fanskar,凡斯卡
BT2_Fanskar_PLURAL,Fanskar,Fanskar
BT2_Far Archer_SINGULAR,Far Archer,遠程弓箭手
BT2_Far Archer_PLURAL,Far Archers,遠程弓箭手群
BT2_Far Archer1_SINGULAR,Journeyman Far Archer,熟練遠程弓箭手
BT2_Far Archer1_PLURAL,Journeyman Far Archers,熟練遠程弓箭手群
BT2_Far Giant_SINGULAR,Far Giant,遠古巨人
BT2_Far Giant_PLURAL,Far Giants,遠古巨人群
BT2_Father Kringle_SINGULAR,Father Kringle,克林格老爹
BT2_Father Kringle_PLURAL,Father Kringle,克林格老爹
BT2_Fazer_SINGULAR,Fazer,費澤
BT2_Fazer_PLURAL,Fazers,費澤群
BT2_Fearless_SINGULAR,Fearless,無畏者
BT2_Fearless_PLURAL,Fearless,無畏者
BT2_Fiend_SINGULAR,Fiend,惡魔
BT2_Fiend_PLURAL,Fiends,惡魔群
BT2_Figurine Herb_SINGULAR,Herb,藥草
BT2_Figurine Herb_PLURAL,Herbs,藥草
BT2_Figurine Master Mage_SINGULAR,Master Mage,大師級法師
BT2_Figurine Master Mage_PLURAL,Master Mages,大師級法師群
BT2_Figurine Storm Giant_SINGULAR,Storm Giant,風暴巨人
BT2_Figurine Storm Giant_PLURAL,Storm Giants,風暴巨人群
BT2_Fire Elemental_SINGULAR,Fire Elemental,火元素
BT2_Fire Elemental_PLURAL,Fire Elementals,火元素群
BT2_Fire Guard_SINGULAR,Fire Guard,火焰守衛
BT2_Fire Guard_PLURAL,Fire Guards,火焰守衛群
BT2_Fire Master_SINGULAR,Fire Master,火焰大師
BT2_Fire Master_PLURAL,Fire Masters,火焰大師群
BT2_Flame Guard_SINGULAR,Flame Guard,烈焰守衛
BT2_Flame Guard_PLURAL,Flame Guards,烈焰守衛群
BT2_Flame Mage_SINGULAR,Flame Mage,烈焰法師
BT2_Flame Mage_PLURAL,Flame Mages,火焰法師
BT2_Flame Master_SINGULAR,Flame Master,火焰大師
BT2_Flame Master_PLURAL,Flame Masters,火焰大師群
BT2_Flame Scion_SINGULAR,Flame Scion,火焰嫡系
BT2_Flame Scion_PLURAL,Flame Scions,火焰嫡系群
BT2_Flame Sprite_SINGULAR,Flame Sprite,火焰精靈
BT2_Flame Sprite_PLURAL,Flame Sprites,火焰精靈群
BT2_Flamester_SINGULAR,Flamester,焰術師
BT2_Flamester_PLURAL,Flamesters,焰術師群
BT2_Flamra Guard_SINGULAR,Flamra Guard,弗拉姆拉守衛
BT2_Flamra Guard_PLURAL,Flamra Guards,弗拉姆拉守衛群
BT2_Flash Dragon_SINGULAR,Flash Dragon,閃光龍
BT2_Flash Dragon_PLURAL,Flash Dragons,閃光龍群
BT2_Flayer_SINGULAR,Flayer,剝皮者
BT2_Flayer_PLURAL,Flayers,剝皮者群
BT2_Flesh Eater_SINGULAR,Flesh Eater,噬肉者
BT2_Flesh Eater_PLURAL,Flesh Eaters,噬肉者群
BT2_Flexor_SINGULAR,Flexor,屈肌怪
BT2_Flexor_PLURAL,Flexors,屈肌怪群
BT2_Force Ghost_SINGULAR,Force Ghost,力場幽靈
BT2_Force Ghost_PLURAL,Force Ghosts,力場幽靈群
BT2_Forest Giant_SINGULAR,Forest Giant,森林巨人
BT2_Forest Giant_PLURAL,Forest Giants,森林巨人群
BT2_Fracter_SINGULAR,Fracter,碎裂者
BT2_Fracter_PLURAL,Fracters,碎裂者群
BT2_Fred_SINGULAR,Fred,弗雷德
BT2_Fred_PLURAL,Fred,弗雷德
BT2_Fred The Dop_SINGULAR,Fred The Dop,呆子弗雷德
BT2_Fred The Dop_PLURAL,Fred The Dop,呆子弗雷德
BT2_Fright_SINGULAR,Fright,驚懼怪
BT2_Fright_PLURAL,Frights,驚駭
BT2_Gandravalk_SINGULAR,Gandravalk,Gandravalk
BT2_Gandravalk_PLURAL,Gandravalk,Gandravalk
BT2_Gard Dragon_SINGULAR,Gard Dragon,花園巨龍
BT2_Gard Dragon_PLURAL,Gard Dragons,花園巨龍群
BT2_Garslayer_SINGULAR,Garslayer,屠魚者
BT2_Garslayer_PLURAL,Garslayers,屠魚者群
BT2_Ghast_SINGULAR,Ghast,妖鬼
BT2_Ghast_PLURAL,Ghasts,妖鬼群
BT2_Ghast1_SINGULAR,Spiteful Ghast,惡毒妖鬼
BT2_Ghast1_PLURAL,Spiteful Ghasts,惡毒妖鬼群
BT2_Ghost_SINGULAR,Ghost,幽靈
BT2_Ghost_PLURAL,Ghosts,幽靈群
BT2_Ghoul_SINGULAR,Ghoul,食屍鬼
BT2_Ghoul_PLURAL,Ghouls,食屍鬼群
BT2_Giant_SINGULAR,Giant,巨人
BT2_Giant_PLURAL,Giants,巨人群
BT2_Gnoll_SINGULAR,Gnoll,豺狼人
BT2_Gnoll_PLURAL,Gnolls,豺狼人群
BT2_Gnome_SINGULAR,Gnome,地侏
BT2_Gnome_PLURAL,Gnomes,地侏群
BT2_Goblin_SINGULAR,Goblin,哥布林
BT2_Goblin_PLURAL,Goblins,哥布林群
BT2_Goblin1_SINGULAR,Trickster Goblin,詭詐哥布林
BT2_Goblin1_PLURAL,Trickster Goblins,詭詐哥布林群
BT2_Golem_SINGULAR,Golem,魔像
BT2_Golem_PLURAL,Golem,魔像
BT2_Gore Ghost_SINGULAR,Gore Ghost,血污幽靈
BT2_Gore Ghost_PLURAL,Gore Ghosts,血污幽靈群
BT2_Gozman_SINGULAR,Gozman,Gozman
BT2_Gozman_PLURAL,Gozmen,哥茲曼
BT2_Graphnar Lord_SINGULAR,Graphnar Lord,格拉夫納領主
BT2_Graphnar Lord_PLURAL,Graphnar Lord,格拉夫納領主
BT2_Greater Demon_SINGULAR,Greater Demon,大惡魔
BT2_Greater Demon_PLURAL,Greater Demons,大惡魔群
BT2_Greatful Dead_SINGULAR,Greatful Dead,感恩亡靈
BT2_Greatful Dead_PLURAL,Greatful Dead,感恩亡靈
BT2_Greklin_SINGULAR,Greklin,格雷克林
BT2_Greklin_PLURAL,Greklins,格雷克林群
BT2_Gremlin_SINGULAR,Gremlin,小精怪
BT2_Gremlin_PLURAL,Gremlins,小精怪群
BT2_Grey Acolyte_SINGULAR,Grey Acolyte,灰袍侍僧
BT2_Grey Acolyte_PLURAL,Grey Acolytes,灰袍侍僧群
BT2_Grey Axeman_SINGULAR,Grey Axeman,灰斧兵
BT2_Grey Axeman_PLURAL,Grey Axemen,灰斧兵群
BT2_Grey Ghost_SINGULAR,Grey Ghost,灰幽靈
BT2_Grey Ghost_PLURAL,Grey Ghosts,灰幽靈群
BT2_Grey Lurker_SINGULAR,Grey Lurker,灰潛伏者
BT2_Grey Lurker_PLURAL,Grey Lurkers,灰潛伏者群
BT2_Grey Ninja_SINGULAR,Grey Ninja,灰忍者
BT2_Grey Ninja_PLURAL,Grey Ninjas,灰忍者群
BT2_Grin Dragon_SINGULAR,Grin Dragon,咧嘴龍
BT2_Grin Dragon_PLURAL,Grin Dragons,咧嘴龍群
BT2_Grin Dragon1_SINGULAR,Grin Dragon,咧嘴龍
BT2_Grin Dragon1_PLURAL,Grin Dragons,咧嘴龍群
BT2_Groper_SINGULAR,Groper,摸索者
BT2_Groper_PLURAL,Gropers,摸索者群
BT2_Growler_SINGULAR,Growler,咆哮獸
BT2_Growler_PLURAL,Growlers,咆哮獸群
BT2_Guard_SINGULAR,Guard,守衛
BT2_Guard_PLURAL,Guards,衛兵
BT2_Guardian_SINGULAR,Guardian,守護者
BT2_Guardian_PLURAL,Guardians,守護者群
BT2_Guardian1_SINGULAR,Stalwart Guardian,堅毅守護者
BT2_Guardian1_PLURAL,Stalwart Guardians,堅毅守護者群
BT2_Guardsman_SINGULAR,Ancient Guardsman,遠古衛兵
BT2_Guardsman_PLURAL,Ancient Guardsmen,遠古衛兵群
BT2_Guardsman1_SINGULAR,Guardsman,衛兵
BT2_Guardsman1_PLURAL,Guardsmen,衛兵群
BT2_Hawkin_SINGULAR,Hawkin,霍金
BT2_Hawkin_PLURAL,Hawkins,霍金群
BT2_Hazer_SINGULAR,Hazer,迷霧者
BT2_Hazer_PLURAL,Hazers,迷霧者群
BT2_Head Banger_SINGULAR,Head Banger,搖頭狂
BT2_Head Banger_PLURAL,Head Bangers,搖頭狂群
BT2_Headbanger_SINGULAR,Head Banger,搖頭狂
BT2_Headbanger_PLURAL,Head Bangers,搖頭狂群
BT2_Herb_SINGULAR,Herb,藥草
BT2_Herb_PLURAL,Herbs,藥草堆
BT2_Hero_SINGULAR,Hero,英雄
BT2_Hero_PLURAL,Heroes,英雄群
BT2_Hobbit_SINGULAR,Hobbit,哈比人
BT2_Hobbit_PLURAL,Hobbits,哈比人群
BT2_Hound Spirit_SINGULAR,Hound Spirit,獵犬之靈
BT2_Hound Spirit_PLURAL,Hound Spirits,獵犬之靈群
BT2_Howler_SINGULAR,Howler,嚎叫者
BT2_Howler_PLURAL,Howlers,嚎叫者群
BT2_Human Torch_SINGULAR,Human Torch,人體火炬
BT2_Human Torch_PLURAL,Human Torches,人體火炬群
BT2_Hunter_SINGULAR,Hunter,獵人
BT2_Hunter_PLURAL,Hunters,獵人
BT2_Icehole_SINGULAR,Icehole,冰洞
BT2_Icehole_PLURAL,Iceholes,冰洞群
BT2_Ichor Fiend_SINGULAR,Ichor Fiend,膿液惡魔
BT2_Ichor Fiend_PLURAL,Ichor Fiends,膿液惡魔群
BT2_Imp_SINGULAR,Imp,小惡魔
BT2_Imp_PLURAL,Imps,小惡魔群
BT2_Ingroid_SINGULAR,Ingroid,英格羅伊德
BT2_Ingroid_PLURAL,Ingroids,英格羅伊德群
BT2_Intramage_SINGULAR,Intramage,內維法師
BT2_Intramage_PLURAL,Intramage,內維法師
BT2_It's My Bud_SINGULAR,It's My Bud,我的哥兒們
BT2_It's My Bud_PLURAL,It's My Bud,我的哥兒們
BT2_Jack Of Spades_SINGULAR,Jack Of Spades,黑桃傑克
BT2_Jack Of Spades_PLURAL,Jack Of Spades,黑桃傑克
BT2_Jag Giant_SINGULAR,Jag Giant,鋸齒巨人
BT2_Jag Giant_PLURAL,Jag Giants,鋸齒巨人群
BT2_Joe The Sword_SINGULAR,Joe The Sword,劍客喬
BT2_Joe The Sword_PLURAL,Joe The Sword,劍客喬
BT2_Kargan_SINGULAR,Kargan,卡爾根
BT2_Kargan_PLURAL,Kargans,卡爾根群
BT2_Kasdrek_SINGULAR,Kasdrek,卡斯德雷克
BT2_Kasdrek_PLURAL,Kasdrek,卡斯德雷克
BT2_Keel Dragon_SINGULAR,Keel Dragon,龍骨龍
BT2_Keel Dragon_PLURAL,Keel Dragons,龍骨龍群
BT2_Kiel Mastermage_SINGULAR,Kiel Mastermage,基爾大法師
BT2_Kiel Mastermage_PLURAL,Kiel Mastermage,基爾大法師
BT2_King Giant_SINGULAR,King Giant,巨人王
BT2_King Giant_PLURAL,King Giants,巨人王群
BT2_King Of Clubs_SINGULAR,King Of Clubs,梅花王
BT2_King Of Clubs_PLURAL,King Of Clubs,梅花王
BT2_Kinstral_SINGULAR,Kinstral,Kinstral
BT2_Kinstral_PLURAL,Kinstrals,Kinstrals
BT2_Knave Of Swords_SINGULAR,Knave Of Swords,劍侍從
BT2_Knave Of Swords_PLURAL,Knave Of Swords,劍侍從
BT2_Kner Drone_SINGULAR,Kner Drone,Kner 無人機
BT2_Kner Drone_PLURAL,Kner Drones,Kner 無人機群
BT2_Knifeman_SINGULAR,Knifeman,刀客
BT2_Knifeman_PLURAL,Knifemen,刀客們
BT2_Knight Diamonds_SINGULAR,Knight Diamonds,方塊騎士
BT2_Knight Diamonds_PLURAL,Knight Diamonds,方塊騎士
BT2_Kobold_SINGULAR,Kobold,狗頭人
BT2_Kobold_PLURAL,Kobolds,狗頭人群
BT2_Kobold1_SINGULAR,Mammoth Kobold,巨型狗頭人
BT2_Kobold1_PLURAL,Mammoth Kobolds,巨型狗頭人群
BT2_Krae Dragon_SINGULAR,Krae Dragon,Krae 龍
BT2_Krae Dragon_PLURAL,Krae Dragons,Krae 龍群
BT2_Krakatoa_SINGULAR,Krakatoa,Krakatoa
BT2_Krakatoa_PLURAL,Krakatoa,Krakatoa
BT2_Kringle Brother_SINGULAR,Kringle Brother,Kringle 兄弟
BT2_Kringle Brother_PLURAL,Kringle Brothers,Kringle 兄弟們
BT2_Kryll Mage_SINGULAR,Kryll Mage,Kryll 法師
BT2_Kryll Mage_PLURAL,Kryll Mages,Kryll 法師們
BT2_Kwi Chang_SINGULAR,Kwi Chang,Kwi Chang
BT2_Kwi Chang_PLURAL,Kwi Chang,Kwi Chang
BT2_Kwon Dragon_SINGULAR,Kwon Dragon,Kwon 龍
BT2_Kwon Dragon_PLURAL,Kwon Dragons,Kwon 龍群
BT2_Lagoth Zanta_SINGULAR,Lagoth Zanta,Lagoth Zanta
BT2_Lagoth Zanta_PLURAL,Lagoth Zanta,Lagoth Zanta
BT2_Land Titan_SINGULAR,Land Titan,陸行泰坦
BT2_Land Titan_PLURAL,Land Titans,陸地泰坦
BT2_Larry_SINGULAR,Larry,Larry
BT2_Larry_PLURAL,Larry,Larry
BT2_Last Destroyer_SINGULAR,Last Destroyer,終末毀滅者
BT2_Last Destroyer_PLURAL,Last Destroyer,終末毀滅者
BT2_Leaper_SINGULAR,Leaper,跳躍者
BT2_Leaper_PLURAL,Leapers,跳躍者群
BT2_Lesser Demon_SINGULAR,Lesser Demon,次級惡魔
BT2_Lesser Demon_PLURAL,Lesser Demons,次級惡魔群
BT2_Lich_SINGULAR,Lich,巫妖
BT2_Lich_PLURAL,Lichs,巫妖群
BT2_Lich Master_SINGULAR,Lich Master,巫妖大師
BT2_Lich Master_PLURAL,Lich Masters,巫妖大師群
BT2_Lich1_SINGULAR,Ancient Lich,遠古巫妖
BT2_Lich1_PLURAL,Ancient Liches,遠古巫妖群
BT2_Lich2_SINGULAR,Festering Lich,腐敗巫妖
BT2_Lich2_PLURAL,Festering Liches,腐敗巫妖群
BT2_Life Force_SINGULAR,Life Force,生命之力
BT2_Life Force_PLURAL,Life Forcer,生命之力者
BT2_Lifesucker_SINGULAR,Lifesucker,生命吸取者
BT2_Lifesucker_PLURAL,Lifesuckers,生命吸取者群
BT2_Living Dead_SINGULAR,Living Dead,活屍
BT2_Living Dead_PLURAL,Living Dead,活屍群
BT2_Living Ender_SINGULAR,Living Ender,生命終結者
BT2_Living Ender_PLURAL,Living Enders,生命終結者群
BT2_Living Statue_SINGULAR,Living Statue,活雕像
BT2_Living Statue_PLURAL,Living Statue,活雕像群
BT2_Lizard Man_SINGULAR,Lizard Man,蜥蜴人
BT2_Lizard Man_PLURAL,Lizard Men,蜥蜴人群
BT2_Lizard Man1_SINGULAR,Vile Lizard Man,邪惡蜥蜴人
BT2_Lizard Man1_PLURAL,Vile Lizard Men,邪惡蜥蜴人
BT2_Lurker_SINGULAR,Lurker,潛伏者
BT2_Lurker_PLURAL,Lurkers,潛伏者群
BT2_Mad Cur_SINGULAR,Mad Cur,瘋犬
BT2_Mad Cur_PLURAL,Mad Curs,瘋犬群
BT2_Mad Mage_SINGULAR,Mad Mage,瘋狂法師
BT2_Mad Mage_PLURAL,Mad Mages,瘋狂法師群
BT2_Madco Mage_SINGULAR,Madco Mage,馬德科法師
BT2_Madco Mage_PLURAL,Madco Mages,馬德科法師群
BT2_Mage_SINGULAR,Mage,法師
BT2_Mage_PLURAL,Mages,法師群
BT2_Mage Of Alk_SINGULAR,Mage Of Alk,阿爾克法師
BT2_Mage Of Alk_PLURAL,Mage Of Alk,阿爾克法師
BT2_Magic Dragon_SINGULAR,Magic Dragon,魔法龍
BT2_Magic Dragon_PLURAL,Magic Dragons,魔法龍群
BT2_Magician_SINGULAR,Magician,幻術師
BT2_Magician_PLURAL,Magicians,幻術師群
BT2_Major Domo_SINGULAR,Major Domo,總管
BT2_Major Domo_PLURAL,Major Domos,總管群
BT2_Maker_SINGULAR,Maker,造物者
BT2_Maker_PLURAL,Makers,造物者群
BT2_Makron_SINGULAR,Makron,馬克隆
BT2_Makron_PLURAL,Makrons,馬克隆群
BT2_Malar Dragon_SINGULAR,Malar Dragon,瑪拉龍
BT2_Malar Dragon_PLURAL,Malar Dragons,瑪拉龍群
BT2_Man Masher_SINGULAR,Man Masher,碎人者
BT2_Man Masher_PLURAL,Man Mashers,碎人者群
BT2_Man-Masher_SINGULAR,Man-Masher,碎人者
BT2_Man-Masher_PLURAL,Man-Mashers,碎人者群
BT2_Man-Rock_SINGULAR,Man-Rock,人岩
BT2_Man-Rock_PLURAL,Man-Rock,人岩
BT2_Mantis_SINGULAR,Mantis,螳螂
BT2_Mantis_PLURAL,Mantises,螳螂群
BT2_Manwall_SINGULAR,Manwall,人牆
BT2_Manwall_PLURAL,Manwalls,人牆群
BT2_Mar Mage_SINGULAR,Mar Mage,海法師
BT2_Mar Mage_PLURAL,Mar Mages,海法師群
BT2_Marksman_SINGULAR,Marksman,神射手
BT2_Marksman_PLURAL,Marksmen,神射手群
BT2_Marvin The Dop_SINGULAR,Marvin The Dop,呆子馬文
BT2_Marvin The Dop_PLURAL,Marvin The Dop,呆子馬文
BT2_Massacre Mage_SINGULAR,Massacre Mage,屠殺法師
BT2_Massacre Mage_PLURAL,Massacre Mage,屠殺法師
BT2_Master Mage_SINGULAR,Master Mage,大師法師
BT2_Master Mage_PLURAL,Master Mages,大師法師群
BT2_Mastersword_SINGULAR,Mastersword,大師之劍
BT2_Mastersword_PLURAL,Masterswords,大師之劍群
BT2_Matt The Dop_SINGULAR,Matt The Dop,呆子麥特
BT2_Matt The Dop_PLURAL,Matt The Dop,呆子麥特
BT2_Maul Ghoul_SINGULAR,Maul Ghoul,重擊食屍鬼
BT2_Maul Ghoul_PLURAL,Maul Ghouls,重擊食屍鬼群
BT2_Maze Dragon_SINGULAR,Maze Dragon,迷宮龍
BT2_Maze Dragon_PLURAL,Maze Dragons,迷宮龍群
BT2_Maze Giant_SINGULAR,Maze Giant,迷宮巨人
BT2_Maze Giant_PLURAL,Maze Giants,迷宮巨人群
BT2_Maze Lizard_SINGULAR,Maze Lizard,迷宮蜥蜴
BT2_Maze Lizard_PLURAL,Maze Lizards,迷宮蜥蜴群
BT2_Medarch_SINGULAR,Medarch,梅達克
BT2_Medarch_PLURAL,Medarchs,梅達克群
BT2_Medusa_SINGULAR,Medusa,梅杜莎
BT2_Medusa_PLURAL,Medusas,梅杜莎
BT2_Melee Man_SINGULAR,Melee Man,近戰人
BT2_Melee Man_PLURAL,Melee Men,近戰人群
BT2_Melee Monk_SINGULAR,Melee Monk,近戰武僧
BT2_Melee Monk_PLURAL,Melee Monks,近戰武僧群
BT2_Menzo Monk_SINGULAR,Menzo Monk,曼佐武僧
BT2_Menzo Monk_PLURAL,Menzo Monks,曼佐武僧群
BT2_Mercenary_SINGULAR,Mercenary,傭兵
BT2_Mercenary_PLURAL,Mercenaries,傭兵團
BT2_Micromage_SINGULAR,Micromage,微法師
BT2_Micromage_PLURAL,Micromage,微法師
BT2_Mike's Golem_SINGULAR,Mike's Golem,麥克的魔像
BT2_Mike's Golem_PLURAL,Mike's Golems,麥克的魔像群
BT2_Milt_SINGULAR,Milt,米爾特
BT2_Milt_PLURAL,Milt,米爾特
BT2_Mind Mimic_SINGULAR,Mind Mimic,心靈模仿怪
BT2_Mind Mimic_PLURAL,Mind Mimics,心靈模仿怪群
BT2_Minzu Dial_SINGULAR,Minzu Dial,民祖轉盤
BT2_Minzu Dial_PLURAL,Minzu Dials,民祖轉盤群
BT2_Miracle Mage_SINGULAR,Miracle Mage,奇蹟法師
BT2_Miracle Mage_PLURAL,Miracle Mages,奇蹟法師群
BT2_Mist Giant_SINGULAR,Mist Giant,迷霧巨人
BT2_Mist Giant_PLURAL,Mist Giants,迷霧巨人群
BT2_Molten Man_SINGULAR,Molten Man,熔岩人
BT2_Molten Man_PLURAL,Molten Men,熔岩人群
BT2_Mongo_SINGULAR,Mongo,蒙哥
BT2_Mongo_PLURAL,Mongos,蒙哥群
BT2_Mongrel_SINGULAR,Mongrel,混種怪
BT2_Mongrel_PLURAL,Mongrels,混種怪群
BT2_Multimage_SINGULAR,Multimage,多重法師
BT2_Multimage_PLURAL,Multimage,多重影像
BT2_Ninja_SINGULAR,Apprentice Ninja,見習忍者
BT2_Ninja_PLURAL,Apprentice Ninjas,見習忍者們
BT2_Ninja1_SINGULAR,Ninja,忍者
BT2_Ninja1_PLURAL,Ninjas,忍者們
BT2_Ninja2_SINGULAR,Ninja Master,忍者大師
BT2_Ninja2_PLURAL,Ninja Masters,忍者大師們
BT2_Nite Dweller_SINGULAR,Nite Dweller,夜居者
BT2_Nite Dweller_PLURAL,Nite Dwellers,夜居者們
BT2_Norseman_SINGULAR,Norseman,北歐戰士
BT2_Norseman_PLURAL,Norsemen,北歐戰士們
BT2_Officer_SINGULAR,Officer,軍官
BT2_Officer_PLURAL,Officers,軍官們
BT2_Ogre_SINGULAR,Ogre,食人魔
BT2_Ogre_PLURAL,Ogres,食人魔們
BT2_Ogre Hero_SINGULAR,Ogre Hero,食人魔英雄
BT2_Ogre Hero_PLURAL,Ogre Heroes,食人魔英雄們
BT2_Ogre Lord_SINGULAR,Ogre Lord,食人魔領主
BT2_Ogre Lord_PLURAL,Ogre Lords,食人魔領主們
BT2_Ogre Magi_SINGULAR,Ogre Magi,食人法師
BT2_Ogre Magi_PLURAL,Ogre Magi,食人法師們
BT2_Ogre1_SINGULAR,Burly Ogre,魁梧食人魔
BT2_Ogre1_PLURAL,Burly Ogres,魁梧食人魔們
BT2_Old Man_SINGULAR,Old Man,老人
BT2_Old Man_PLURAL,Old Men,老人們
BT2_Old Warrior_SINGULAR,Old Warrior,老戰士
BT2_Old Warrior_PLURAL,Old Warrior,老戰士們
BT2_Orc_SINGULAR,Orc,半獸人
BT2_Orc_PLURAL,Orcs,半獸人們
BT2_Orc Warrior_SINGULAR,Orc Warrior,半獸人戰士
BT2_Orc Warrior_PLURAL,Orc Warriors,獸人戰士
BT2_Oscon_SINGULAR,Oscon,Oscon
BT2_Oscon_PLURAL,Oscon,Oscon
BT2_PAPER_SINGULAR,PAPER,紙張
BT2_PAPER_PLURAL,PAPER,紙張
BT2_Pet Dragon_SINGULAR,Pet Dragon,寵物龍
BT2_Pet Dragon_PLURAL,Pet Dragons,寵物龍群
BT2_Phaz Monster_SINGULAR,Phaze Monster,相位怪物
BT2_Phaz Monster_PLURAL,Phaze Monsters,相位怪物群
BT2_Pickpocket_SINGULAR,Pickpocket,扒手
BT2_Pickpocket_PLURAL,Pickpockets,扒手群
BT2_Pit Skrull_SINGULAR,Pit Skrull,坑洞骷髏
BT2_Pit Skrull_PLURAL,Pit Skrulls,坑洞骷髏群
BT2_Pogoman_SINGULAR,Pogoman,跳跳人
BT2_Pogoman_PLURAL,Pogomen,跳跳人群
BT2_Poison Giant_SINGULAR,Poison Giant,毒巨人
BT2_Poison Giant_PLURAL,Poison Giants,毒巨人群
BT2_Poltergeist_SINGULAR,Poltergeist,騷靈
BT2_Poltergeist_PLURAL,Poltergeists,騷靈群
BT2_Power Giant_SINGULAR,Power Giant,力量巨人
BT2_Power Giant_PLURAL,Power Giants,力量巨人群
BT2_Protomage_SINGULAR,Protomage,原初法師
BT2_Protomage_PLURAL,Protomages,原初法師群
BT2_Pummel Giant_SINGULAR,Pummel Giant,重擊巨人
BT2_Pummel Giant_PLURAL,Pummel Giants,重擊巨人群
BT2_Pupil_SINGULAR,Pupil,學徒
BT2_Pupil_PLURAL,Pupils,學徒群
BT2_Puzzler_SINGULAR,Puzzler,謎題師
BT2_Puzzler_PLURAL,Puzzlers,謎題師群
BT2_Pyro_SINGULAR,Pyro,火術士
BT2_Pyro_PLURAL,Pyros,派羅斯
BT2_Pyro1_SINGULAR,Pyro Disciple,派羅斯信徒
BT2_Pyro1_PLURAL,Pyros,派羅斯
BT2_Rack Golem_SINGULAR,Rack Golem,刑架魔像
BT2_Rack Golem_PLURAL,Rack Golems,刑架魔像群
BT2_Racknid Man_SINGULAR,Racknid Man,拉克尼德人
BT2_Racknid Man_PLURAL,Racknid Men,拉克尼德人群
BT2_Rakmonger_SINGULAR,Rakmonger,拉克販子
BT2_Rakmonger_PLURAL,Rakmongers,拉克販子群
BT2_Ranger_SINGULAR,Ranger,遊俠
BT2_Ranger_PLURAL,Rangers,遊俠群
BT2_Raver_SINGULAR,Raver,狂亂者
BT2_Raver_PLURAL,Ravers,狂亂者群
BT2_Red Dragon_SINGULAR,Red Dragon,紅龍
BT2_Red Dragon_PLURAL,Red Dragons,紅龍群
BT2_Reptilian_SINGULAR,Reptilian,爬蟲人
BT2_Reptilian_PLURAL,Reptilians,爬蟲人群
BT2_Riddle Master_SINGULAR,Riddle Master,謎題大師
BT2_Riddle Master_PLURAL,Riddle Master,謎題大師
BT2_ROCK_SINGULAR,ROCK,岩石
BT2_ROCK_PLURAL,ROCK,岩石
BT2_Rock Giant_SINGULAR,Rock Giant,岩石巨人
BT2_Rock Giant_PLURAL,Rock Giants,岩石巨人群
BT2_Rock N' Roller_SINGULAR,Rock N' Roller,搖滾客
BT2_Rock N' Roller_PLURAL,Rock N' Roller,搖滾客
BT2_Rockblock_SINGULAR,Rockblock,岩塊
BT2_Rockblock_PLURAL,Rockblocks,岩塊群
BT2_Sahar Guard_SINGULAR,Sahar Guard,薩哈爾衛兵
BT2_Sahar Guard_PLURAL,Sahar Guards,薩哈爾衛兵群
BT2_Samurai_SINGULAR,Samurai,武士
BT2_Samurai_PLURAL,Samurai,武士
BT2_Sancrilar_SINGULAR,Sancrilar,Sancrilar
BT2_Sancrilar_PLURAL,Sancrilars,Sancrilars
BT2_Sargon_SINGULAR,Sargon,Sargon
BT2_Sargon_PLURAL,Sargon,Sargon
BT2_Sauron_SINGULAR,Corrupt Wizard,墮落巫師
BT2_Sauron_PLURAL,Corrupt Wizard,墮落巫師
BT2_Scalord_SINGULAR,Scalord,海龍兵
BT2_Scalord_PLURAL,Scalords,海龍兵
BT2_Scar Blader_SINGULAR,Scar Blader,疤痕刀客
BT2_Scar Blader_PLURAL,Scar Bladers,疤痕刀客
BT2_Scarab_SINGULAR,Scarab,聖甲蟲
BT2_Scarab_PLURAL,Scarabs,聖甲蟲
BT2_Scarlet Bard_SINGULAR,Scarlet Bard,緋紅吟遊詩人
BT2_Scarlet Bard_PLURAL,Scarlet Bard,緋紅吟遊詩人
BT2_Scathe Mage_SINGULAR,Scathe Mage,灼傷法師
BT2_Scathe Mage_PLURAL,Scathe Mages,灼傷法師
BT2_SCISSOR_SINGULAR,SCISSOR,剪刀
BT2_SCISSOR_PLURAL,SCISSOR,剪刀
BT2_Screamer_SINGULAR,Screamer,尖叫者
BT2_Screamer_PLURAL,Screamers,尖叫者
BT2_Shadow_SINGULAR,Shadow,暗影
BT2_Shadow_PLURAL,Shadows,暗影
BT2_Shadow Lord_SINGULAR,Shadow Lord,暗影領主
BT2_Shadow Lord_PLURAL,Shadow Lords,暗影領主
BT2_Shadowshrif_SINGULAR,Shadowshrif,暗影收縮者
BT2_Shadowshrif_PLURAL,Shadowshrifs,暗影收縮者
BT2_Silk Dragon_SINGULAR,Silk Dragon,絲龍
BT2_Silk Dragon_PLURAL,Silk Dragons,絲龍
BT2_Sinister_SINGULAR,Sinister,邪惡者
BT2_Sinister_PLURAL,Sinisters,凶煞
BT2_Sinstriker_SINGULAR,Sinstriker,凶煞擊者
BT2_Sinstriker_PLURAL,Sinstrikers,凶煞擊者群
BT2_Skalen_SINGULAR,Skalen,斯卡倫
BT2_Skalen_PLURAL,Skalens,斯卡倫群
BT2_Skeleman_SINGULAR,Skeleman,骷髏人
BT2_Skeleman_PLURAL,Skelemen,骷髏人群
BT2_Skeleton_SINGULAR,Skeleton,骷髏
BT2_Skeleton_PLURAL,Skeletons,骷髏群
BT2_Skeleton1_SINGULAR,Bloodthirsty Skeleton,嗜血骷髏
BT2_Skeleton1_PLURAL,Bloodthirsty Skeletons,嗜血骷髏群
BT2_Skull Giant_SINGULAR,Skull Giant,顱骨巨人
BT2_Skull Giant_PLURAL,Skull Giants,顱骨巨人群
BT2_Skull Warden_SINGULAR,Skull Warden,顱骨守衛
BT2_Skull Warden_PLURAL,Skull Wardens,顱骨守衛群
BT2_Slammer_SINGULAR,Slammer,重擊者
BT2_Slammer_PLURAL,Slammers,重擊者群
BT2_Slammer1_SINGULAR,Colossal Slammer,巨型重擊者
BT2_Slammer1_PLURAL,Colossal Slammers,巨型重擊者群
BT2_Slayer_SINGULAR,Slayer,殺戮者
BT2_Slayer_PLURAL,Slayer,殺戮者
BT2_Figurine Slayer_SINGULAR,Slayer,殺戮者
BT2_Figurine Slayer_PLURAL,Slayers,殺戮者群
BT2_Slayer Lord_SINGULAR,Slayer Lord,殺戮領主
BT2_Slayer Lord_PLURAL,Slayer Lords,殺戮領主群
BT2_Slaymaker_SINGULAR,Slaymaker,屠戮匠
BT2_Slaymaker_PLURAL,Slaymakers,屠戮匠群
BT2_Slimer_SINGULAR,Slimer,黏液怪
BT2_Slimer_PLURAL,Slimers,黏液怪群
BT2_Sloggoth_SINGULAR,Sloggoth,史洛戈斯
BT2_Sloggoth_PLURAL,Sloggoths,史洛戈斯
BT2_Sorcerer_SINGULAR,Sorcerer,術士
BT2_Sorcerer_PLURAL,Sorcerers,術士群
BT2_Sorceror_SINGULAR,Greater Sorcerer,高階術士
BT2_Sorceror_PLURAL,Greater Sorcerers,高階術士群
BT2_Soron_SINGULAR,Soron,索隆
BT2_Soron_PLURAL,Sorons,索隆群
BT2_Soul Sucker_SINGULAR,Soul Sucke,吸魂者
BT2_Soul Sucker_PLURAL,Soul Suckers,吸魂者群
BT2_Soul Sucker1_SINGULAR,Fiendish Soul Sucker,兇惡吸魂者
BT2_Soul Sucker1_PLURAL,Fiendish Soul Suckers,兇惡吸魂者群
BT2_Spectre_SINGULAR,Spectre,幽靈
BT2_Spectre_PLURAL,Spectres,幽靈群
BT2_Spectre1_SINGULAR,Wailing Spectre,哀嚎幽靈
BT2_Spectre1_PLURAL,Wailing Spectres,哀嚎幽靈群
BT2_Spellcaster_SINGULAR,Spellcaster,施法者
BT2_Spellcaster_PLURAL,Spellcasters,施法者群
BT2_Spirit Mage_SINGULAR,Spirit Mage,靈能法師
BT2_Spirit Mage_PLURAL,Spirit Mages,靈能法師群
BT2_Stalker_SINGULAR,Stalker,潛行者
BT2_Stalker_PLURAL,Stalkers,潛行者群
BT2_Statue_SINGULAR,Statue,雕像
BT2_Statue_PLURAL,Statues,雕像群
BT2_Steel Fist_SINGULAR,Steel Fist,鋼鐵拳
BT2_Steel Fist_PLURAL,Steel Fists,鋼鐵拳群
BT2_Steel Giant_SINGULAR,Steel Giant,鋼鐵巨人
BT2_Steel Giant_PLURAL,Steel Giants,鋼鐵巨人群
BT2_Steve The Dop_SINGULAR,Steve The Dop,呆子史提夫
BT2_Steve The Dop_PLURAL,Steve The Dop,呆子史提夫
BT2_Stone Dragon_SINGULAR,Stone Dragon,石龍
BT2_Stone Dragon_PLURAL,Stone Dragons,石龍
BT2_Stone Elemental_SINGULAR,Stone Elemental,石元素
BT2_Stone Elemental_PLURAL,Stone Elemental,石元素
BT2_Stone Golem_SINGULAR,Stone Golem,石魔像
BT2_Stone Golem_PLURAL,Stone Golems,石魔像群
BT2_Stone Man_SINGULAR,Stone Man,石人
BT2_Stone Man_PLURAL,Stone Men,石人群
BT2_Stonefist_SINGULAR,Stonefist,石拳
BT2_Stonefist_PLURAL,Stonefist,石拳
BT2_Stonra Guard_SINGULAR,Stonra Guard,史東拉守衛
BT2_Stonra Guard_PLURAL,Stonra Guards,史東拉守衛群
BT2_Storal Sorcerer_SINGULAR,Storal Sorcerer,史托拉爾術士
BT2_Storal Sorcerer_PLURAL,Storal Sorcerer,史托拉爾術士
BT2_Storm Giant_SINGULAR,Storm Giant,風暴巨人
BT2_Storm Giant_PLURAL,Storm Giants,風暴巨人群
BT2_Summoner_SINGULAR,Summoner,召喚師
BT2_Summoner_PLURAL,Summoners,召喚師群
BT2_Super Slayer_SINGULAR,Super Slayer,超級殺手
BT2_Super Slayer_PLURAL,Super Slayers,超級殺手群
BT2_Swordsman_SINGULAR,Swordsman,劍士
BT2_Swordsman_PLURAL,Swordsmen,劍士群
BT2_Tanderclaw_SINGULAR,Tanderclaw,坦德爪
BT2_Tanderclaw_PLURAL,Tanderclaws,坦德爪群
BT2_Tanic Dragon_SINGULAR,Tanic Dragon,坦尼克龍
BT2_Tanic Dragon_PLURAL,Tanic Dragons,坦尼克龍群
BT2_Target Dummy_SINGULAR,Target Dummy,標靶假人
BT2_Target Dummy_PLURAL,Target Dummy,標靶假人
BT2_Taskman_SINGULAR,Taskman,工頭
BT2_Taskman_PLURAL,Taskmen,工頭群
BT2_Tazra Dragon_SINGULAR,Tazra Dragon,塔茲拉龍
BT2_Tazra Dragon_PLURAL,Tazra Dragons,塔茲拉龍
BT2_The Block Jock_SINGULAR,The Block Jock,方塊運動員
BT2_The Block Jock_PLURAL,The Block Jock,方塊運動員
BT2_The Dark Lord_SINGULAR,The Dark Lord,黑暗領主
BT2_The Dark Lord_PLURAL,The Dark Lord,黑暗領主
BT2_The Dead King_SINGULAR,The Dead King,死亡之王
BT2_The Dead King_PLURAL,The Dead King,死亡之王
BT2_The Princess_SINGULAR,The Princess,公主
BT2_The Princess_PLURAL,The Princess,公主
BT2_Thor_SINGULAR,Thor,索爾
BT2_Thor_PLURAL,Thor,索爾
BT2_Thrasher_SINGULAR,Thrasher,碎骨者
BT2_Thrasher_PLURAL,Thrashers,碎骨者群
BT2_Thunder Dragon_SINGULAR,Thunder Dragon,雷龍
BT2_Thunder Dragon_PLURAL,Thunder Dragon,雷龍
BT2_Titan Mage_SINGULAR,Titan Mage,泰坦法師
BT2_Titan Mage_PLURAL,Titan Mages,泰坦法師群
BT2_Tomb Guard_SINGULAR,Tomb Guard,墓穴守衛
BT2_Tomb Guard_PLURAL,Tomb Guards,墓穴守衛群
BT2_Torcher_SINGULAR,Torcher,焚燒者
BT2_Torcher_PLURAL,Torchers,焚燒者群
BT2_Toxic Giant_SINGULAR,Toxic Giant,毒巨魔
BT2_Toxic Giant_PLURAL,Toxic Giant,毒巨魔
BT2_Toy Dragon_SINGULAR,Toy Dragon,玩具龍
BT2_Toy Dragon_PLURAL,Toy Dragons,玩具龍群
BT2_Transylvan_SINGULAR,Transylvan,特蘭西瓦尼亞人
BT2_Transylvan_PLURAL,Transylvans,特蘭西瓦尼亞人群
BT2_Troglodyte_SINGULAR,Troglodyte,穴居怪
BT2_Troglodyte_PLURAL,Troglodytes,穴居怪群
BT2_Troll_SINGULAR,Troll,巨魔
BT2_Troll_PLURAL,Trolls,巨魔
BT2_Troll Master_SINGULAR,Troll Master,巨魔大師
BT2_Troll Master_PLURAL,Troll Masters,巨魔大師群
BT2_Troll1_SINGULAR,Monstrous Troll,巨型巨魔
BT2_Troll1_PLURAL,Monstrous Trolls,巨型巨魔群
BT2_Troy The Dop_SINGULAR,Troy The Dop,呆子特洛伊
BT2_Troy The Dop_PLURAL,Troy The Dop,呆子特洛伊
BT2_Undead Fred_SINGULAR,Undead Fred,亡靈弗雷德
BT2_Undead Fred_PLURAL,Undead Fred,亡靈弗雷德
BT2_Vampire_SINGULAR,Vampire,吸血鬼
BT2_Vampire_PLURAL,Vampires,吸血鬼群
BT2_Vampire Dragon_SINGULAR,Vampire Dragon,吸血鬼龍
BT2_Vampire Dragon_PLURAL,Vampire Dragon,吸血鬼龍
BT2_Vampire Lord_SINGULAR,Vampire Lord,吸血鬼領主
BT2_Vampire Lord_PLURAL,Vampire Lords,吸血鬼領主群
BT2_Vampire1_SINGULAR,Wicked Vampire,邪惡吸血鬼
BT2_Vampire1_PLURAL,Wicked Vampires,邪惡吸血鬼群
BT2_Vampire2_SINGULAR,Malevolent Vampire,惡毒吸血鬼
BT2_Vampire2_PLURAL,Malevolent Vampires,惡毒吸血鬼群
BT2_Vandryl_SINGULAR,Vandryl,凡德瑞爾
BT2_Vandryl_PLURAL,Vandryl,凡德瑞爾
BT2_Vanquisher_SINGULAR,Vanquisher,征服者
BT2_Vanquisher_PLURAL,Vanquishers,征服者群
BT2_Vapra Guard_SINGULAR,Vapra Guard,瓦普拉守衛
BT2_Vapra Guard_PLURAL,Vapra Guards,瓦普拉守衛群
BT2_Viking_SINGULAR,Viking,維京戰士
BT2_Viking_PLURAL,Vikings,維京戰士群
BT2_Viking1_SINGULAR,Aesir,阿薩神族
BT2_Viking1_PLURAL,Aesirs,阿薩神族群
BT2_Void Boyd_SINGULAR,Void Boyd,虛空博伊德
BT2_Void Boyd_PLURAL,Void Boyds,虛空博伊德
BT2_Void Shade_SINGULAR,Void Shade,虛空暗影
BT2_Void Shade_PLURAL,Void Shades,虛空暗影群
BT2_Voidian Slip_SINGULAR,Voidian Slip,虛空滑行者
BT2_Voidian Slip_PLURAL,Voidian Slips,虛空滑行者群
BT2_Voor Dragon_SINGULAR,Voor Dragon,沃爾龍
BT2_Voor Dragon_PLURAL,Voor Dragons,沃爾龍群
BT2_Vren Dragon_SINGULAR,Vren Dragon,弗倫龍
BT2_Vren Dragon_PLURAL,Vren Dragons,弗倫龍群
BT2_Wacum The Wiz_SINGULAR,Wacum The Wiz,巫師瓦庫姆
BT2_Wacum The Wiz_PLURAL,Wacum The Wiz,巫師瓦庫姆
BT2_Wander Mage_SINGULAR,Wander Mage,漫遊法師
BT2_Wander Mage_PLURAL,Wander Mages,漫遊法師群
BT2_War Giant_SINGULAR,War Giant,戰爭巨人
BT2_War Giant_PLURAL,War Giants,戰爭巨人群
BT2_War Wizard_SINGULAR,War Wizard,戰爭巫師
BT2_War Wizard_PLURAL,War Wizards,戰爭巫師群
BT2_Warlock_SINGULAR,Warlock,邪術師
BT2_Warlock_PLURAL,Warlocks,邪術師群
BT2_Warrior_SINGULAR,Savage Warrior,野蠻戰士
BT2_Warrior_PLURAL,Savage Warriors,野蠻戰士群
BT2_Warrior1_SINGULAR,Warrior,戰士
BT2_Warrior1_PLURAL,Warriors,戰士群
BT2_Web Dragon_SINGULAR,Web Dragon,蛛網龍
BT2_Web Dragon_PLURAL,Web Dragons,蛛網龍群
BT2_Weelr Deeler_SINGULAR,Weelr Deeler,威爾迪勒
BT2_Weelr Deeler_PLURAL,Weelr Deelers,威爾迪勒群
BT2_Werewolf_SINGULAR,Werewolf,狼人
BT2_Werewolf_PLURAL,Werewolves,狼人群
BT2_Werewolf1_SINGULAR,Revered Werewolf,尊崇狼人
BT2_Werewolf1_PLURAL,Revered Werewolves,受人尊敬的狼人
BT2_What-a-dealr_SINGULAR,What-a-dealr,好康商
BT2_What-a-dealr_PLURAL,What-a-dealrs,好康商們
BT2_Wight_SINGULAR,Wight,屍妖
BT2_Wight_PLURAL,Wights,屍妖群
BT2_Will O' Wisp_SINGULAR,Will O' Wisp,鬼火
BT2_Will O' Wisp_PLURAL,Will O' Wisps,鬼火群
BT2_Wind Walker_SINGULAR,Wind Walker,風行者
BT2_Wind Walker_PLURAL,Wind Walkers,風行者群
BT2_Winged Creature_SINGULAR,Winged Creature,有翼生物
BT2_Winged Creature_PLURAL,Winged Creature,有翼生物
BT2_Witch King_SINGULAR,Witch King,巫王
BT2_Witch King_PLURAL,Witch Kings,巫王群
BT2_Wizard_SINGULAR,Wizard,巫師
BT2_Wizard_PLURAL,Wizards,巫師群
BT2_Wizard Of Iz_SINGULAR,Wizard Of Iz,伊茲巫師
BT2_Wizard Of Iz_PLURAL,Wizard Of Iz,伊茲巫師
BT2_Wizard Of War_SINGULAR,Wizard Of War,戰爭巫師
BT2_Wizard Of War_PLURAL,Wizard Of War,戰爭巫師
BT2_Wizard Of War1_SINGULAR,Wizard Of War,戰爭巫師
BT2_Wizard Of War1_PLURAL,Wizard Of War,戰爭巫師
BT2_Wizard Wall_SINGULAR,Wizard Wall,巫師之牆
BT2_Wizard Wall_PLURAL,Wizard Wall,巫師之牆
BT2_Wizard1_SINGULAR,Adept Wizard,熟練巫師
BT2_Wizard1_PLURAL,Adept Wizards,熟練巫師群
BT2_Wize One_SINGULAR,Wize One,智者
BT2_Wize One_PLURAL,Wize Ones,智者群
BT2_Wolf_SINGULAR,Wolf,狼
BT2_Wolf_PLURAL,Wolves,狼群
BT2_Wolf Priest_SINGULAR,Wolf Priest,狼祭司
BT2_Wolf Priest_PLURAL,Wolf Priests,狼祭司
BT2_Wolfman_SINGULAR,Wolfman,狼人
BT2_Wolfman_PLURAL,Wolfmen,狼人群
BT2_Wolfman1_SINGULAR,Wolfman,狼人
BT2_Wolfman1_PLURAL,Wolfmen,狼人群
BT2_Wood Sprite_SINGULAR,Wood Sprite,木精靈
BT2_Wood Sprite_PLURAL,Wood Sprites,木精靈群
BT2_Wraith_SINGULAR,Wraith,縛靈
BT2_Wraith_PLURAL,Wraiths,縛靈群
BT2_Ybarra The Mage_SINGULAR,Ybarra The Mage,法師亞巴拉
BT2_Ybarra The Mage_PLURAL,Ybarra The Mage,法師亞巴拉
BT2_Zado Giant_SINGULAR,Zado Giant,扎多巨人
BT2_Zado Giant_PLURAL,Zado Giants,扎多巨人群
BT2_Zag Giant_SINGULAR,Zag Giant,扎格巨人
BT2_Zag Giant_PLURAL,Zag Giants,扎格巨人群
BT2_Zargo Din_SINGULAR,Zargo Din,扎爾戈·丁
BT2_Zargo Din_PLURAL,Zargo Din,扎爾戈·丁
BT2_Zealot_SINGULAR,Zealot,狂熱者
BT2_Zealot_PLURAL,Zealots,狂熱者群
BT2_Zeeto Brag_SINGULAR,Zeeto Brag,齊托·布拉格
BT2_Zeeto Brag_PLURAL,Zeeto Brags,齊托·布拉格群
BT2_Zen Master_SINGULAR,Zen Master,禪宗大師
BT2_Zen Master_PLURAL,Zen Master,禪宗大師
BT2_Zendar_SINGULAR,Zendar,贊達爾
BT2_Zendar_PLURAL,Zendars,贊達爾群
BT2_Zombie_SINGULAR,Zombie,殭屍
BT2_Zombie_PLURAL,Zombies,殭屍群
BT2_Zombie King_SINGULAR,Zombie King,殭屍王
BT2_Zombie King_PLURAL,Zombie Kings,殭屍王群
BT2_Zombie1_SINGULAR,Withered Zombie,枯萎殭屍
BT2_Zombie1_PLURAL,Withered Zombies,枯萎殭屍
BT2_Zone Dragon_SINGULAR,Zone Dragon,區域龍
BT2_Zone Dragon_PLURAL,Zone Dragons,區域龍群
BT2_Zone Golem_SINGULAR,Zone Golem,區域魔像
BT2_Zone Golem_PLURAL,Zone Golems,區域魔像群
BT2_Zotter_SINGULAR,Zotter,佐特
BT2_Zotter_PLURAL,Zotters,佐特群
BT3_Accursed One_SINGULAR,Accursed One,受詛咒者
BT3_Accursed One_PLURAL,Accursed Ones,受詛咒者群
BT3_Aciddrooler_SINGULAR,Aciddrooler,酸液滴者
BT3_Aciddrooler_PLURAL,Aciddroolers,酸液滴者群
BT3_Adept Daemon_SINGULAR,Adept Daemon,熟練惡魔
BT3_Adept Daemon_PLURAL,Adept Daemons,熟練惡魔群
BT3_Agent Orange_SINGULAR,Agent Orange,橘色特務
BT3_Agent Orange_PLURAL,Agent Oranges,橘色特務群
BT3_Alpha Scrambler_SINGULAR,Alpha Scrambler,阿爾法擾亂者
BT3_Alpha Scrambler_PLURAL,Alpha Scramblers,阿爾法擾亂者群
BT3_Amida Monk_SINGULAR,Amida Monk,阿彌陀武僧
BT3_Amida Monk_PLURAL,Amida Monks,阿彌陀武僧群
BT3_Ape General_SINGULAR,Ape General,猿將軍
BT3_Ape General_PLURAL,Ape Generals,猿將軍群
BT3_Ape Grunt_SINGULAR,Ape Grunt,猿兵卒
BT3_Ape Grunt_PLURAL,Ape Grunts,猿兵卒群
BT3_Ape Ranger1_SINGULAR,Ape Ranger,猿遊俠
BT3_Ape Ranger1_PLURAL,Ape Rangers,猿遊俠群
BT3_Ape Ranger_SINGULAR,Ape Ranger,猿遊俠
BT3_Ape Ranger_PLURAL,Ape Rangers,猿遊俠群
BT3_Ape Soldier2_SINGULAR,Ape Soldier,猿士兵
BT3_Ape Soldier2_PLURAL,Ape Soldiers,猿士兵群
BT3_Ape Soldier_SINGULAR,Ape Soldier,猿士兵
BT3_Ape Soldier_PLURAL,Ape Soldiers,猿人士兵
BT3_Ape Soldier3_SINGULAR,Ape Soldier,猿人士兵
BT3_Ape Soldier3_PLURAL,Ape Soldiers,猿人士兵
BT3_Ape Soldier1_SINGULAR,Ape Soldier,猿人士兵
BT3_Ape Soldier1_PLURAL,Ape Soldiers,猿人士兵
BT3_Apollo's Priest_SINGULAR,Apollo's Priest,阿波羅祭司
BT3_Apollo's Priest_PLURAL,Apollo's Priests,阿波羅祭司們
BT3_Arch Dragon_SINGULAR,Arch Dragon,遠古巨龍
BT3_Arch Dragon_PLURAL,Arch Dragons,遠古巨龍們
BT3_Arch Dragon1_SINGULAR,Arch Dragon,遠古巨龍
BT3_Arch Dragon1_PLURAL,Arch Dragons,遠古巨龍們
BT3_Arctic Mage2_SINGULAR,Arctic Mage,極地法師
BT3_Arctic Mage2_PLURAL,Arctic Mages,極地法師們
BT3_Arctic Mage1_SINGULAR,Arctic Mage,極地法師
BT3_Arctic Mage1_PLURAL,Arctic Mages,極地法師們
BT3_Arctic Mage_SINGULAR,Arctic Mage,極地法師
BT3_Arctic Mage_PLURAL,Arctic Mages,極地法師們
BT3_Artic Ranger_SINGULAR,Arctic Ranger,極地遊俠
BT3_Artic Ranger_PLURAL,Arctic Rangers,極地遊俠們
BT3_Athenian_SINGULAR,Athenian,雅典人
BT3_Athenian_PLURAL,Athenians,雅典人們
BT3_Atlantian_SINGULAR,Atlantian,亞特蘭提斯人
BT3_Atlantian_PLURAL,Atlantians,亞特蘭提斯人們
BT3_Auntie Magic_SINGULAR,Auntie Magic,魔法嬸嬸
BT3_Auntie Magic_PLURAL,Auntie Magics,魔法嬸嬸們
BT3_Avian1_SINGULAR,Avian,鳥人
BT3_Avian1_PLURAL,Avians,鳥人們
BT3_Avian3_SINGULAR,Avian,鳥人
BT3_Avian3_PLURAL,Avians,鳥人們
BT3_Avian2_SINGULAR,Avian,鳥人
BT3_Avian2_PLURAL,Avians,飛禽
BT3_Avian_SINGULAR,Avian,飛禽
BT3_Avian_PLURAL,Avians,飛禽
BT3_Bandit_SINGULAR,Bandit,強盜
BT3_Bandit_PLURAL,Bandits,強盜
BT3_Barlow_SINGULAR,Barlow,巴洛
BT3_Barlow_PLURAL,Barlows,巴洛
BT3_Basilisk1_SINGULAR,Basilisk,石化蜥蜴
BT3_Basilisk1_PLURAL,Basilisks,石化蜥蜴
BT3_Basilisk_SINGULAR,Basilisk,石化蜥蜴
BT3_Basilisk_PLURAL,Basilisks,石化蜥蜴
BT3_Bear Wani_SINGULAR,Bear Wani,熊瓦尼
BT3_Bear Wani_PLURAL,Bear Wanis,熊瓦尼
BT3_Big Slath_SINGULAR,Big Slath,大史萊斯
BT3_Big Slath_PLURAL,Big Slaths,大史萊斯
BT3_Biker_SINGULAR,Biker,騎士
BT3_Biker_PLURAL,Bikers,騎士
BT3_Black Dragon1_SINGULAR,Black Dragon,黑龍
BT3_Black Dragon1_PLURAL,Black Dragons,黑龍
BT3_Black Dragon_SINGULAR,Black Dragon,黑龍
BT3_Black Dragon_PLURAL,Black Dragons,黑龍
BT3_Black Guard_SINGULAR,Black Guard,黑衛士
BT3_Black Guard_PLURAL,Black Guards,黑衛士
BT3_Black Hobbit_SINGULAR,Black Hobbit,黑哈比人
BT3_Black Hobbit_PLURAL,Black Hobbits,黑哈比人
BT3_Black Paladin_SINGULAR,Black Paladin,黑聖騎士
BT3_Black Paladin_PLURAL,Black Paladins,黑聖騎士
BT3_Black Slayer2_SINGULAR,Black Slayer,黑殺手
BT3_Black Slayer2_PLURAL,Black Slayers,黑殺手
BT3_Black Slayer_SINGULAR,Black Slayer,黑殺手
BT3_Black Slayer_PLURAL,Black Slayers,黑色殺手
BT3_Black Slayer1_SINGULAR,Black Slayer,黑色殺手
BT3_Black Slayer1_PLURAL,Black Slayers,黑色殺手群
BT3_Black Wizard1_SINGULAR,Black Wizard,黑巫師
BT3_Black Wizard1_PLURAL,Black Wizards,黑巫師群
BT3_Black Wizard3_SINGULAR,Black Wizard,黑巫師
BT3_Black Wizard3_PLURAL,Black Wizards,黑巫師群
BT3_Black Wizard4_SINGULAR,Black Wizard,黑巫師
BT3_Black Wizard4_PLURAL,Black Wizards,黑巫師群
BT3_Black Wizard5_SINGULAR,Black Wizard,黑巫師
BT3_Black Wizard5_PLURAL,Black Wizards,黑巫師群
BT3_Black Wizard6_SINGULAR,Black Wizard,黑巫師
BT3_Black Wizard6_PLURAL,Black Wizards,黑巫師群
BT3_Black Wizard_SINGULAR,Black Wizard,黑巫師
BT3_Black Wizard_PLURAL,Black Wizards,黑巫師群
BT3_Black Wizard2_SINGULAR,Black Wizard,黑巫師
BT3_Black Wizard2_PLURAL,Black Wizards,黑巫師群
BT3_Blackclaw_SINGULAR,Blackclaw,黑爪
BT3_Blackclaw_PLURAL,Blackclaws,黑爪群
BT3_Blank Mage1_SINGULAR,Blank Mage,空白法師
BT3_Blank Mage1_PLURAL,Blank Mages,空白法師群
BT3_Blank Mage2_SINGULAR,Blank Mage,空白法師
BT3_Blank Mage2_PLURAL,Blank Mages,空白法師群
BT3_Blank Mage_SINGULAR,Blank Mage,空白法師
BT3_Blank Mage_PLURAL,Blank Mages,空白法師群
BT3_Blank Mage3_SINGULAR,Blank Mage,空白法師
BT3_Blank Mage3_PLURAL,Blank Mages,空白法師群
BT3_Blizzard Demon1_SINGULAR,Blizzard Demon,暴風雪惡魔
BT3_Blizzard Demon1_PLURAL,Blizzard Demons,暴風雪惡魔群
BT3_Blizzard Demon_SINGULAR,Blizzard Demon,暴風雪惡魔
BT3_Blizzard Demon_PLURAL,Blizzard Demons,暴風雪惡魔
BT3_Blood Acolyte_SINGULAR,Blood Acolyte,鮮血侍僧
BT3_Blood Acolyte_PLURAL,Blood Acolytes,鮮血侍僧群
BT3_Blood Feaster_SINGULAR,Blood Feaster,噬血者
BT3_Blood Feaster_PLURAL,Blood Feasters,噬血者群
BT3_Blood Mage1_SINGULAR,Blood Mage,血法師
BT3_Blood Mage1_PLURAL,Blood Mages,血法師群
BT3_Blood Mage_SINGULAR,Blood Mage,血法師
BT3_Blood Mage_PLURAL,Blood Mages,血法師群
BT3_Blood Mage3_SINGULAR,Blood Mage,血法師
BT3_Blood Mage3_PLURAL,Blood Mages,血法師群
BT3_Blood Mage2_SINGULAR,Blood Mage,血法師
BT3_Blood Mage2_PLURAL,Blood Mages,血法師群
BT3_Blood Nefast_SINGULAR,Blood Nefast,血邪靈
BT3_Blood Nefast_PLURAL,Blood Nefasts,血邪靈群
BT3_Bloodfiend_SINGULAR,Bloodfiend,血魔
BT3_Bloodfiend_PLURAL,Bloodfiends,血魔群
BT3_Bloodwarrior_SINGULAR,Bloodwarrior,血戰士
BT3_Bloodwarrior_PLURAL,Bloodwarriors,血戰士群
BT3_Bloody Masher_SINGULAR,Bloody Masher,血腥搗碎者
BT3_Bloody Masher_PLURAL,Bloody Mashers,血腥搗碎者群
BT3_Blue Guard_SINGULAR,Blue Guard,藍衛兵
BT3_Blue Guard_PLURAL,Blue Guards,藍衛兵群
BT3_Blue Mage1_SINGULAR,Blue Mage,藍法師
BT3_Blue Mage1_PLURAL,Blue Mages,藍法師群
BT3_Blue Mage2_SINGULAR,Blue Mage,藍法師
BT3_Blue Mage2_PLURAL,Blue Mages,藍法師群
BT3_Blue Mage_SINGULAR,Blue Mage,藍法師
BT3_Blue Mage_PLURAL,Blue Mages,藍法師群
BT3_Blue Mage3_SINGULAR,Blue Mage,藍法師
BT3_Blue Mage3_PLURAL,Blue Mages,藍法師
BT3_Bone Acolyte_SINGULAR,Bone Acolyte,骸骨侍僧
BT3_Bone Acolyte_PLURAL,Bone Acolytes,骸骨侍僧群
BT3_Bone Gnawer_SINGULAR,Bone Gnawer,噬骨者
BT3_Bone Gnawer_PLURAL,Bone Gnawers,噬骨者群
BT3_Brass Basher_SINGULAR,Brass Basher,黃銅重擊者
BT3_Brass Basher_PLURAL,Brass Bashers,黃銅重擊者群
BT3_Brass Clanker_SINGULAR,Brass Clanker,黃銅鏗鏘者
BT3_Brass Clanker_PLURAL,Brass Clankers,黃銅鏗鏘者群
BT3_Brass Jaw_SINGULAR,Brass Jaw,黃銅顎
BT3_Brass Jaw_PLURAL,Brass Jaws,黃銅顎群
BT3_Brass Render_SINGULAR,Brass Render,黃銅撕裂者
BT3_Brass Render_PLURAL,Brass Renders,黃銅撕裂者群
BT3_Brilhasti_SINGULAR,Brilhasti,布里哈斯蒂
BT3_Brilhasti_PLURAL,Brilhasti,布里哈斯蒂
BT3_Bronze Boa_SINGULAR,Bronze Boa,青銅蟒
BT3_Bronze Boa_PLURAL,Bronze Boas,青銅蟒群
BT3_Brute1_SINGULAR,Brute,蠻力者
BT3_Brute1_PLURAL,Brutes,蠻力者群
BT3_Brute_SINGULAR,Brute,蠻力者
BT3_Brute_PLURAL,Brutes,蠻力者群
BT3_Buddhist Monk_SINGULAR,Buddhist Monk,佛教武僧
BT3_Buddhist Monk_PLURAL,Buddhist Monks,佛教武僧群
BT3_Carbon Ripper_SINGULAR,Carbon Ripper,碳素撕裂者
BT3_Carbon Ripper_PLURAL,Carbon Rippers,碳素撕裂者群
BT3_Centurion_SINGULAR,Centurion,百夫長
BT3_Centurion_PLURAL,Centurions,百夫長群
BT3_Chain Viper_SINGULAR,Chain Viper,鎖鏈毒蛇
BT3_Chain Viper_PLURAL,Chain Vipers,鎖鏈毒蛇群
BT3_Chaos Fiend2_SINGULAR,Chaos Fiend,混沌惡魔
BT3_Chaos Fiend2_PLURAL,Chaos Fiends,混沌惡魔
BT3_Chaos Fiend_SINGULAR,Chaos Fiend,混沌惡魔
BT3_Chaos Fiend_PLURAL,Chaos Fiends,混沌惡魔群
BT3_Chaos Fiend1_SINGULAR,Chaos Fiend,混沌惡魔
BT3_Chaos Fiend1_PLURAL,Chaos Fiends,混沌惡魔群
BT3_Clanker_SINGULAR,Clanker,鏗鏘怪
BT3_Clanker_PLURAL,Clankers,鏗鏘怪群
BT3_Clay Prince_SINGULAR,Clay Prince,黏土王子
BT3_Clay Prince_PLURAL,Clay Prince,黏土王子
BT3_Clay Prince1_SINGULAR,Clay Prince,黏土王子
BT3_Clay Prince1_PLURAL,Clay Princes,黏土王子群
BT3_Collector_SINGULAR,Collector,收集者
BT3_Collector_PLURAL,Collectors,收集者群
BT3_Commisar1_SINGULAR,Commissar,政委
BT3_Commisar1_PLURAL,Commissars,政委群
BT3_Commisar_SINGULAR,Commissar,政委
BT3_Commisar_PLURAL,Commissars,政委群
BT3_Converter1_SINGULAR,Converter,轉化者
BT3_Converter1_PLURAL,Converters,轉化者群
BT3_Converter_SINGULAR,Converter,轉化者
BT3_Converter_PLURAL,Converters,轉化者群
BT3_Copper Kraken_SINGULAR,Copper Kraken,銅色克拉肯
BT3_Copper Kraken_PLURAL,Copper Kraken,銅色克拉肯
BT3_Corrupter_SINGULAR,Corrupter,腐化者
BT3_Corrupter_PLURAL,Corrupters,腐化者群
BT3_Crazy Eddie_SINGULAR,Crazy Eddie,瘋狂艾迪
BT3_Crazy Eddie_PLURAL,Crazy Eddies,瘋狂艾迪群
BT3_Cursed Nuisance_SINGULAR,Cursed Nuisance,受詛咒的麻煩精
BT3_Cursed Nuisance_PLURAL,Cursed Nuisances,受詛咒的麻煩精群
BT3_Cyanis_SINGULAR,Cyanis,賽亞尼斯
BT3_Cyanis_PLURAL,Cyanis,Cyanis
BT3_Cyborg Squid_SINGULAR,Cyborg Squid,生化烏賊
BT3_Cyborg Squid_PLURAL,Cyborg Squids,生化烏賊群
BT3_Daemongar_SINGULAR,Daemongar,Daemongar
BT3_Daemongar_PLURAL,Daemongari,Daemongari
BT3_Daemongari_SINGULAR,Daemongari,Daemongari
BT3_Daemongari_PLURAL,Daemongaris,Daemongaris
BT3_Daemongari Lord_SINGULAR,Daemongari Lord,Daemongari 領主
BT3_Daemongari Lord_PLURAL,Daemongari Lord,Daemongari 領主
BT3_Daemonscion_SINGULAR,Daemonscion,Daemonscion
BT3_Daemonscion_PLURAL,Daemonscions,Daemonscions
BT3_Dark Gnome_SINGULAR,Dark Gnome,黑暗地精
BT3_Dark Gnome_PLURAL,Dark Gnomes,黑暗地精群
BT3_Dark Guard_SINGULAR,Dark Guard,黑暗衛兵
BT3_Dark Guard_PLURAL,Dark Guards,黑暗衛兵群
BT3_Dark Lurker_SINGULAR,Dark Lurker,黑暗潛伏者
BT3_Dark Lurker_PLURAL,Dark Lurkers,黑暗潛伏者群
BT3_Dark Priest_SINGULAR,Dark Priest,黑暗祭司
BT3_Dark Priest_PLURAL,Dark Priests,黑暗祭司群
BT3_Dark Stalker_SINGULAR,Dark Stalker,黑暗潛行者
BT3_Dark Stalker_PLURAL,Dark Stalkers,黑暗潛行者群
BT3_Dark Warrior_SINGULAR,Dark Warrior,黑暗戰士
BT3_Dark Warrior_PLURAL,Dark Warriors,黑暗戰士群
BT3_Dark Witch_SINGULAR,Dark Witch,黑暗女巫
BT3_Dark Witch_PLURAL,Dark Witches,黑暗女巫群
BT3_Death Adder_SINGULAR,Death Adder,死亡蝮蛇
BT3_Death Adder_PLURAL,Death Adders,死亡蝮蛇群
BT3_Death Imp_SINGULAR,Death Imp,死亡小惡魔
BT3_Death Imp_PLURAL,Death Imps,死亡小惡魔群
BT3_Death Mage_SINGULAR,Death Mage,死亡法師
BT3_Death Mage_PLURAL,Death Mages,死亡法師
BT3_Death Warden_SINGULAR,Death Warden,死亡守衛
BT3_Death Warden_PLURAL,Death Wardens,死亡守衛群
BT3_Death Warden1_SINGULAR,Death Warden,死亡守衛
BT3_Death Warden1_PLURAL,Death Wardens,死亡守衛群
BT3_Deathclaw_SINGULAR,Deathclaw,死亡之爪
BT3_Deathclaw_PLURAL,Deathclaws,死亡之爪群
BT3_Deathhound_SINGULAR,Deathhound,死亡獵犬
BT3_Deathhound_PLURAL,Deathhounds,死亡獵犬群
BT3_Deathlion_SINGULAR,Deathlion,死亡獅
BT3_Deathlion_PLURAL,Deathlions,死亡獅群
BT3_Dejuvenator_SINGULAR,Dejuvenator,返老還童者
BT3_Dejuvenator_PLURAL,Dejuvenators,返老還童者群
BT3_Desert Raider_SINGULAR,Desert Raider,沙漠掠奪者
BT3_Desert Raider_PLURAL,Desert Raiders,沙漠掠奪者群
BT3_Dirt Bag_SINGULAR,Dirt Bag,骯髒袋
BT3_Dirt Bag_PLURAL,Dirt Bags,骯髒袋群
BT3_Dirtgrubber_SINGULAR,Dirtgrubber,掘土者
BT3_Dirtgrubber_PLURAL,Dirtgrubbers,掘土者群
BT3_Discorian_SINGULAR,Discordian,不和者
BT3_Discorian_PLURAL,Discordians,不和者群
BT3_Dolorian2_SINGULAR,Dolorian,悲傷者
BT3_Dolorian2_PLURAL,Dolorians,悲傷者群
BT3_Dolorian3_SINGULAR,Dolorian,悲傷者
BT3_Dolorian3_PLURAL,Dolorians,悲傷者群
BT3_Dolorian_SINGULAR,Dolorian,悲傷者
BT3_Dolorian_PLURAL,Dolorians,悲傷者群
BT3_Dolorian1_SINGULAR,Dolorian,悲傷者
BT3_Dolorian1_PLURAL,Dolorians,悲傷者群
BT3_Dragon King_SINGULAR,Dragon King,龍王
BT3_Dragon King_PLURAL,Dragon Kings,龍王
BT3_Druid_SINGULAR,Druid,德魯伊
BT3_Druid_PLURAL,Druids,德魯伊們
BT3_Ebon Archmage_SINGULAR,Ebon Archmage,黑檀大法師
BT3_Ebon Archmage_PLURAL,Ebon Archmages,黑檀大法師們
BT3_Ebon Champions_SINGULAR,Ebon Champion,黑檀冠軍
BT3_Ebon Champions_PLURAL,Ebon Champions,黑檀冠軍們
BT3_Ebon Harpy_SINGULAR,Ebon Harpy,黑檀鷹身女妖
BT3_Ebon Harpy_PLURAL,Ebon Harpies,黑檀鷹身女妖們
BT3_Ebon Ranger2_SINGULAR,Ebon Ranger,黑檀遊俠
BT3_Ebon Ranger2_PLURAL,Ebon Rangers,黑檀遊俠們
BT3_Ebon Ranger1_SINGULAR,Ebon Ranger,黑檀遊俠
BT3_Ebon Ranger1_PLURAL,Ebon Rangers,黑檀遊俠們
BT3_Ebon Ranger_SINGULAR,Ebon Ranger,黑檀遊俠
BT3_Ebon Ranger_PLURAL,Ebon Rangers,黑檀遊俠們
BT3_Ebon Shark_SINGULAR,Ebon Shark,黑檀鯊魚
BT3_Ebon Shark_PLURAL,Ebon Sharks,黑檀鯊魚們
BT3_Ebon Zombie1_SINGULAR,Ebon Zombie,黑檀殭屍
BT3_Ebon Zombie1_PLURAL,Ebon Zombies,黑檀殭屍們
BT3_Ebon Zombie3_SINGULAR,Ebon Zombie,黑檀殭屍
BT3_Ebon Zombie3_PLURAL,Ebon Zombies,黑檀殭屍們
BT3_Ebon Zombie_SINGULAR,Ebon Zombie,黑檀殭屍
BT3_Ebon Zombie_PLURAL,Ebon Zombies,黑檀殭屍們
BT3_Ebon Zombie2_SINGULAR,Ebon Zombie,黑檀殭屍
BT3_Ebon Zombie2_PLURAL,Ebon Zombies,黑檀殭屍們
BT3_Electric Eel_SINGULAR,Electric Eel,電鰻
BT3_Electric Eel_PLURAL,Electric Eel,電鰻
BT3_Electrum Eel_SINGULAR,Electrum Eel,琥珀金鰻
BT3_Electrum Eel_PLURAL,Electrum Eels,琥珀金鰻們
BT3_Eye Cryer_SINGULAR,Eye Cryer,哭眼怪
BT3_Eye Cryer_PLURAL,Eye Cryers,哭眼魔
BT3_Eye Gotcha_SINGULAR,Eye Gotcha,逮眼魔
BT3_Eye Gotcha_PLURAL,Eye Gotchas,逮眼魔群
BT3_Eye Stalker_SINGULAR,Eye Stalker,眼魔潛行者
BT3_Eye Stalker_PLURAL,Eye Stalkers,眼魔潛行者群
BT3_Familiar1_SINGULAR,Familiar,魔寵
BT3_Familiar1_PLURAL,Familiars,魔寵群
BT3_Familiar3_SINGULAR,Familiar,魔寵
BT3_Familiar3_PLURAL,Familiars,魔寵群
BT3_Familiar_SINGULAR,Familiar,魔寵
BT3_Familiar_PLURAL,Familiars,魔寵群
BT3_Familiar2_SINGULAR,Familiar,魔寵
BT3_Familiar2_PLURAL,Familiars,魔寵群
BT3_Filcher_SINGULAR,Filcher,竊賊
BT3_Filcher_PLURAL,Filchers,竊賊群
BT3_Flame Mage_SINGULAR,Flame Mage,火焰法師
BT3_Flame Mage_PLURAL,Flame Mages,火焰法師群
BT3_Flying Fish_SINGULAR,Flying Fish,飛魚
BT3_Flying Fish_PLURAL,Flying Fish,飛魚群
BT3_Fogger_SINGULAR,Fogger,迷霧怪
BT3_Fogger_PLURAL,Foggers,迷霧怪群
BT3_Foul Stalker_SINGULAR,Foul Stalker,邪惡潛行者
BT3_Foul Stalker_PLURAL,Foul Stalkers,邪惡潛行者群
BT3_Fox Kani_SINGULAR,Fox Kani,狐妖
BT3_Fox Kani_PLURAL,Fox Kanis,狐妖群
BT3_Fox Maiden_SINGULAR,Fox Maiden,狐女
BT3_Fox Maiden_PLURAL,Fox Maidens,狐女群
BT3_Free-techer1_SINGULAR,Free-techer,自由導師
BT3_Free-techer1_PLURAL,Free-techers,自由導師群
BT3_Free-techer_SINGULAR,Free-techer,自由導師
BT3_Free-techer_PLURAL,Free-techers,自由技師
BT3_Freezer_SINGULAR,Freezer,冰凍者
BT3_Freezer_PLURAL,Freezer,冰凍者
BT3_Frost Cat_SINGULAR,Frost Cat,霜貓
BT3_Frost Cat_PLURAL,Frost Cats,霜貓群
BT3_Frost Guard_SINGULAR,Frost Guard,霜衛
BT3_Frost Guard_PLURAL,Frost Guards,霜衛群
BT3_Frost Mage_SINGULAR,Frost Mage,霜法師
BT3_Frost Mage_PLURAL,Frost Mages,霜法師群
BT3_Frost Tiger_SINGULAR,Frost Tiger,霜虎
BT3_Frost Tiger_PLURAL,Frost Tigers,霜虎群
BT3_Frostling_SINGULAR,Frostling,霜精
BT3_Frostling_PLURAL,Frostlings,霜精群
BT3_Gargoyle_SINGULAR,Gargoyle,石像鬼
BT3_Gargoyle_PLURAL,Gargoyles,石像鬼群
BT3_Gargoyle1_SINGULAR,Gargoyle,石像鬼
BT3_Gargoyle1_PLURAL,Gargoyles,石像鬼群
BT3_Gargoyle2_SINGULAR,Gargoyle,石像鬼
BT3_Gargoyle2_PLURAL,Gargoyles,石像鬼群
BT3_Geared Ranger_SINGULAR,Geared Ranger,裝備遊俠
BT3_Geared Ranger_PLURAL,Geared Rangers,裝備遊俠群
BT3_Ghast_SINGULAR,Ghast,幽靈
BT3_Ghast_PLURAL,Ghasts,幽靈群
BT3_Ghoul_SINGULAR,Ghoul,食屍鬼
BT3_Ghoul_PLURAL,Ghouls,食屍鬼群
BT3_Giant Newt1_SINGULAR,Giant Newt,巨蠑螈
BT3_Giant Newt1_PLURAL,Giant Newts,巨蠑螈群
BT3_Giant Newt_SINGULAR,Giant Newt,巨蠑螈
BT3_Giant Newt_PLURAL,Giant Newts,巨蠑螈群
BT3_Giant Python3_SINGULAR,Giant Python,巨蟒
BT3_Giant Python3_PLURAL,Giant Pythons,巨蟒
BT3_Giant Python_SINGULAR,Giant Python,巨蟒
BT3_Giant Python_PLURAL,Giant Pythons,巨蟒
BT3_Giant Python1_SINGULAR,Giant Python,巨蟒
BT3_Giant Python1_PLURAL,Giant Pythons,巨蟒
BT3_Giant Python2_SINGULAR,Giant Python,巨蟒
BT3_Giant Python2_PLURAL,Giant Pythons,巨蟒
BT3_Giant Squid_SINGULAR,Giant Squid,巨型烏賊
BT3_Giant Squid_PLURAL,Giant Squids,巨型烏賊
BT3_Gila monster_SINGULAR,Gila monster,吉拉毒蜥
BT3_Gila monster_PLURAL,Gila monsters,吉拉毒蜥
BT3_Glacier Golem1_SINGULAR,Glacier Golem,冰河魔像
BT3_Glacier Golem1_PLURAL,Glacier Golems,冰河魔像
BT3_Glacier Golem_SINGULAR,Glacier Golem,冰河魔像
BT3_Glacier Golem_PLURAL,Glacier Golems,冰河魔像
BT3_Glacier Golem2_SINGULAR,Glacier Golem,冰河魔像
BT3_Glacier Golem2_PLURAL,Glacier Golems,冰河魔像
BT3_Gladiator_SINGULAR,Gladiator,角鬥士
BT3_Gladiator_PLURAL,Gladiators,角鬥士
BT3_Glaze Wolf_SINGULAR,Glaze Wolf,釉狼
BT3_Glaze Wolf_PLURAL,Glaze Wolves,釉狼
BT3_Glaze Wraith_SINGULAR,Glaze Wraith,釉色縛靈
BT3_Glaze Wraith_PLURAL,Glaze Wraiths,釉色縛靈
BT3_Glaze Wraith1_SINGULAR,Glaze Wraith,釉色縛靈
BT3_Glaze Wraith1_PLURAL,Glaze Wraiths,釉色縛靈
BT3_Gloom Bard_SINGULAR,Gloom Bard,陰鬱吟遊詩人
BT3_Gloom Bard_PLURAL,Gloom Bards,陰鬱吟遊詩人
BT3_Goblin Gulper_SINGULAR,Goblin Gulper,哥布林吞噬者
BT3_Goblin Gulper_PLURAL,Goblin Gulpers,哥布林吞噬者
BT3_Gold Mangler_SINGULAR,Gold Mangler,黃金撕裂者
BT3_Gold Mangler_PLURAL,Gold Manglers,金幣盜賊
BT3_Golden Dragon_SINGULAR,Golden Dragon,金龍
BT3_Golden Dragon_PLURAL,Golden Dragons,金龍群
BT3_Goredrooler_SINGULAR,Goredrooler,血滴獸
BT3_Goredrooler_PLURAL,Goredroolers,血滴獸群
BT3_Goresucker_SINGULAR,Goresucker,吸血蛭
BT3_Goresucker_PLURAL,Goresuckers,吸血蛭群
BT3_Gorgon_SINGULAR,Gorgon,蛇髮女妖
BT3_Gorgon_PLURAL,Gorgons,蛇髮女妖群
BT3_Goth Raider_SINGULAR,Goth Raider,哥德掠奪者
BT3_Goth Raider_PLURAL,Goth Raiders,哥德掠奪者群
BT3_Grand Slath_SINGULAR,Grand Slath,大史萊斯
BT3_Grand Slath_PLURAL,Grand Slaths,大史萊斯群
BT3_Grave Robber1_SINGULAR,Grave Robber,盜墓者
BT3_Grave Robber1_PLURAL,Grave Robbers,盜墓者群
BT3_Grave Robber_SINGULAR,Grave Robber,盜墓者
BT3_Grave Robber_PLURAL,Grave Robbers,盜墓者群
BT3_Green Viper_SINGULAR,Green Viper,綠毒蛇
BT3_Green Viper_PLURAL,Green Vipers,綠毒蛇群
BT3_Greenclaw_SINGULAR,Greenclaw,綠爪獸
BT3_Greenclaw_PLURAL,Greenclaws,綠爪獸群
BT3_Gremlin2_SINGULAR,Gremlin,小妖精
BT3_Gremlin2_PLURAL,Gremlins,小妖精群
BT3_Gremlin_SINGULAR,Gremlin,小妖精
BT3_Gremlin_PLURAL,Gremlins,小妖精群
BT3_Gremlin1_SINGULAR,Gremlin,小妖精
BT3_Gremlin1_PLURAL,Gremlins,小妖精群
BT3_Grey Wizard_SINGULAR,Grey Wizard,灰袍巫師
BT3_Grey Wizard_PLURAL,Grey Wizards,灰袍巫師群
BT3_Gyroguard_SINGULAR,Gyroguard,陀螺衛兵
BT3_Gyroguard_PLURAL,Gyroguards,陀螺守衛
BT3_Gyrohunter_SINGULAR,Gyrohunter,陀螺獵人
BT3_Gyrohunter_PLURAL,Gyrohunters,陀螺獵人群
BT3_Haste Mage_SINGULAR,Haste Mage,加速法師
BT3_Haste Mage_PLURAL,Haste Mages,加速法師群
BT3_Haste Mage1_SINGULAR,Haste Mage,加速法師
BT3_Haste Mage1_PLURAL,Haste Mages,加速法師群
BT3_Haste Mage4_SINGULAR,Haste Mage,加速法師
BT3_Haste Mage4_PLURAL,Haste Mages,加速法師群
BT3_Haste Mage2_SINGULAR,Haste Mage,加速法師
BT3_Haste Mage2_PLURAL,Haste Mages,加速法師群
BT3_Haste Mage3_SINGULAR,Haste Mage,加速法師
BT3_Haste Mage3_PLURAL,Haste Mages,加速法師群
BT3_Hawkslayer_SINGULAR,Hawkslayer,鷹殺者
BT3_Hawkslayer_PLURAL,Hawkslayer,鷹殺者
BT3_Hawkslayer1_SINGULAR,Hawkslayer,鷹殺者
BT3_Hawkslayer1_PLURAL,Hawkslayer,鷹殺者
BT3_Head Banger_SINGULAR,Head Banger,撞頭者
BT3_Head Banger_PLURAL,Head Bangers,撞頭者群
BT3_Head Dicer_SINGULAR,Head Dicer,切頭者
BT3_Head Dicer_PLURAL,Head Dicers,切頭者群
BT3_Hedge Lizard_SINGULAR,Hedge Lizard,樹籬蜥蜴
BT3_Hedge Lizard_PLURAL,Hedge Lizards,樹籬蜥蜴群
BT3_Hell Fiend_SINGULAR,Hell Fiend,地獄惡魔
BT3_Hell Fiend_PLURAL,Hell Fiends,地獄惡魔群
BT3_Hellhound_SINGULAR,Hellhound,地獄犬
BT3_Hellhound_PLURAL,Hellhounds,地獄犬群
BT3_Hellhound1_SINGULAR,Hellhound,地獄犬
BT3_Hellhound1_PLURAL,Hellhounds,地獄犬群
BT3_Hera's Priest_SINGULAR,Hera's Priest,赫拉祭司
BT3_Hera's Priest_PLURAL,Hera's Priests,赫拉祭司
BT3_Hera's Priest1_SINGULAR,Hera's Priest,赫拉祭司
BT3_Hera's Priest1_PLURAL,Hera's Priests,赫拉祭司
BT3_Herb_SINGULAR,Herb,藥草
BT3_Herb_PLURAL,Herbs,藥草
BT3_High Priestess_SINGULAR,High Priestess,高階女祭司
BT3_High Priestess_PLURAL,High Priestesses,高階女祭司
BT3_High Wizard_SINGULAR,High Wizard,高階巫師
BT3_High Wizard_PLURAL,High Wizards,高階巫師
BT3_Hobgoblin_SINGULAR,Hobgoblin,大地精
BT3_Hobgoblin_PLURAL,Hobgoblins,大地精
BT3_Hookfang_SINGULAR,Hookfang,鉤牙
BT3_Hookfang_PLURAL,Hookfangs,鉤牙
BT3_Howler_SINGULAR,Howler,嚎叫者
BT3_Howler_PLURAL,Howlers,嚎叫者
BT3_Huge Slath_SINGULAR,Huge Slath,巨型史萊斯
BT3_Huge Slath_PLURAL,Huge Slaths,巨型史萊斯
BT3_Hun_SINGULAR,Hun,匈人
BT3_Hun_PLURAL,Huns,匈人
BT3_Hun Warrior_SINGULAR,Hun Warrior,匈人戰士
BT3_Hun Warrior_PLURAL,Hun Warriors,匈人戰士
BT3_Hunter Nefast_SINGULAR,Hunter Nefast,獵人涅法斯特
BT3_Hunter Nefast_PLURAL,Hunter Nefasts,獵人涅法斯特
BT3_Ice Bear_SINGULAR,Ice Bear,冰熊
BT3_Ice Bear_PLURAL,Ice Bears,冰熊
BT3_Ice Bear1_SINGULAR,Ice Bear,冰熊
BT3_Ice Bear1_PLURAL,Ice Bears,冰熊
BT3_Ice Bear2_SINGULAR,Ice Bear,冰熊
BT3_Ice Bear2_PLURAL,Ice Bears,冰熊
BT3_Ice Reaver2_SINGULAR,Ice Reaver,冰霜掠奪者
BT3_Ice Reaver2_PLURAL,Ice Reavers,冰霜掠奪者
BT3_Ice Reaver1_SINGULAR,Ice Reaver,冰霜掠奪者
BT3_Ice Reaver1_PLURAL,Ice Reavers,冰霜掠奪者
BT3_Ice Reaver3_SINGULAR,Ice Reaver,冰霜掠奪者
BT3_Ice Reaver3_PLURAL,Ice Reavers,冰霜掠奪者
BT3_Ice Reaver_SINGULAR,Ice Reaver,冰霜掠奪者
BT3_Ice Reaver_PLURAL,Ice Reavers,冰霜掠奪者
BT3_Ice Viper_SINGULAR,Ice Viper,冰霜毒蛇
BT3_Ice Viper_PLURAL,Ice Vipers,冰霜毒蛇
BT3_Ice Viper1_SINGULAR,Ice Viper,冰霜毒蛇
BT3_Ice Viper1_PLURAL,Ice Vipers,冰霜毒蛇
BT3_Ice Warrior_SINGULAR,Ice Warrior,冰霜戰士
BT3_Ice Warrior_PLURAL,Ice Warriors,冰霜戰士
BT3_Imp_SINGULAR,Imp,小惡魔
BT3_Imp_PLURAL,Imps,小惡魔
BT3_Indigo Dragon_SINGULAR,Indigo Dragon,靛藍龍
BT3_Indigo Dragon_PLURAL,Indigo Dragons,靛藍龍
BT3_Infiltrator_SINGULAR,Infiltrator,滲透者
BT3_Infiltrator_PLURAL,Infiltrators,滲透者
BT3_Invultron_SINGULAR,Invultron,因弗爾特隆
BT3_Invultron_PLURAL,Invultron,因弗爾特隆
BT3_Iron Droid_SINGULAR,Iron Droid,鐵製機器人
BT3_Iron Droid_PLURAL,Iron Droids,鐵製機器人
BT3_Iron Sucker_SINGULAR,Iron Sucker,鐵吸怪
BT3_Iron Sucker_PLURAL,Iron Suckers,鐵吸怪
BT3_Ixtl Corsair4_SINGULAR,Ixtl Corsair,伊克斯托海盜
BT3_Ixtl Corsair4_PLURAL,Ixtl Corsairs,伊克斯托海盜
BT3_Ixtl Corsair2_SINGULAR,Ixtl Corsair,伊克斯托海盜
BT3_Ixtl Corsair2_PLURAL,Ixtl Corsairs,伊克斯托海盜
BT3_Ixtl Corsair3_SINGULAR,Ixtl Corsair,伊克斯托海盜
BT3_Ixtl Corsair3_PLURAL,Ixtl Corsairs,伊克斯托海盜
BT3_Ixtl Corsair1_SINGULAR,Ixtl Corsair,伊克斯托海盜
BT3_Ixtl Corsair1_PLURAL,Ixtl Corsairs,伊克斯托海盜群
BT3_Ixtl Corsair_SINGULAR,Ixtl Corsair,伊克斯托海盜
BT3_Ixtl Corsair_PLURAL,Ixtl Corsairs,伊克斯托海盜群
BT3_Ixtl Drone_SINGULAR,Ixtl Drone,伊克斯托工蜂
BT3_Ixtl Drone_PLURAL,Ixtl Drones,伊克斯托工蜂群
BT3_Ixtl Drone1_SINGULAR,Ixtl Drone,伊克斯托工蜂
BT3_Ixtl Drone1_PLURAL,Ixtl Drones,伊克斯托工蜂群
BT3_Ixtl Mage_SINGULAR,Ixtl Mage,伊克斯托法師
BT3_Ixtl Mage_PLURAL,Ixtl Mages,伊克斯托法師群
BT3_Ixtl Nymph2_SINGULAR,Ixtl Nymph,伊克斯托寧芙
BT3_Ixtl Nymph2_PLURAL,Ixtl Nymphs,伊克斯托寧芙群
BT3_Ixtl Nymph1_SINGULAR,Ixtl Nymph,伊克斯托寧芙
BT3_Ixtl Nymph1_PLURAL,Ixtl Nymphs,伊克斯托寧芙群
BT3_Ixtl Nymph_SINGULAR,Ixtl Nymph,伊克斯托寧芙
BT3_Ixtl Nymph_PLURAL,Ixtl Nymphs,伊克斯托寧芙群
BT3_Ixtl Nymph4_SINGULAR,Ixtl Nymph,伊克斯托寧芙
BT3_Ixtl Nymph4_PLURAL,Ixtl Nymphs,伊克斯托寧芙群
BT3_Ixtl Nymph3_SINGULAR,Ixtl Nymph,伊克斯托寧芙
BT3_Ixtl Nymph3_PLURAL,Ixtl Nymphs,伊克斯托寧芙群
BT3_Ixtl Queen_SINGULAR,Ixtl Queen,伊克斯托女王
BT3_Ixtl Queen_PLURAL,Ixtl Queens,伊克斯托女王群
BT3_Ixtl Wizard3_SINGULAR,Ixtl Wizard,伊克斯托巫師
BT3_Ixtl Wizard3_PLURAL,Ixtl Wizards,伊克斯托巫師群
BT3_Ixtl Wizard1_SINGULAR,Ixtl Wizard,伊克斯托巫師
BT3_Ixtl Wizard1_PLURAL,Ixtl Wizards,伊克斯托巫師群
BT3_Ixtl Wizard4_SINGULAR,Ixtl Wizard,伊克斯托巫師
BT3_Ixtl Wizard4_PLURAL,Ixtl Wizards,伊克斯托巫師群
BT3_Ixtl Wizard2_SINGULAR,Ixtl Wizard,伊克斯托巫師
BT3_Ixtl Wizard2_PLURAL,Ixtl Wizards,伊克斯托巫師
BT3_Ixtl Wizard_SINGULAR,Ixtl Wizard,伊克斯托巫師
BT3_Ixtl Wizard_PLURAL,Ixtl Wizards,伊克斯托巫師群
BT3_Jack Frost1_SINGULAR,Jack Frost,冰霜傑克
BT3_Jack Frost1_PLURAL,Jack Frost,冰霜傑克
BT3_Jack Frost_SINGULAR,Jack Frost,冰霜傑克
BT3_Jack Frost_PLURAL,Jack Frost,冰霜傑克
BT3_Jaws_SINGULAR,Jaws,巨顎
BT3_Jaws_PLURAL,Jaws,巨顎
BT3_Juno's Priest_SINGULAR,Juno's Priest,朱諾祭司
BT3_Juno's Priest_PLURAL,Juno's Priests,朱諾祭司群
BT3_Kalt Mage2_SINGULAR,Kalt Mage,卡爾特法師
BT3_Kalt Mage2_PLURAL,Kalt Mages,卡爾特法師群
BT3_Kalt Mage3_SINGULAR,Kalt Mage,卡爾特法師
BT3_Kalt Mage3_PLURAL,Kalt Mages,卡爾特法師群
BT3_Kalt Mage_SINGULAR,Kalt Mage,卡爾特法師
BT3_Kalt Mage_PLURAL,Kalt Mages,卡爾特法師群
BT3_Kalt Mage1_SINGULAR,Kalt Mage,卡爾特法師
BT3_Kalt Mage1_PLURAL,Kalt Mages,卡爾特法師群
BT3_Killer Nefast_SINGULAR,Killer Nefast,殺手涅法斯特
BT3_Killer Nefast_PLURAL,Killer Nefasts,殺手涅法斯特群
BT3_Kinetic Kid_SINGULAR,Kinetic Kid,念力小子
BT3_Kinetic Kid_PLURAL,Kinetic Kids,念力小子群
BT3_Kraken_SINGULAR,Kraken,克拉肯
BT3_Kraken_PLURAL,Krakens,克拉肯群
BT3_Kringle Cuz_SINGULAR,Kringle Cuz,克林格爾·卡茲
BT3_Kringle Cuz_PLURAL,Kringle Cuz's,克林格爾·卡茲群
BT3_Kura-okami_SINGULAR,Kura-okami,暗神
BT3_Kura-okami_PLURAL,Kura-okamis,暗神群
BT3_Kura-yama-tsumi_SINGULAR,Kura-yama-tsumi,暗山神
BT3_Kura-yama-tsumi_PLURAL,Kura-yama-tsumi,Kura-yama-tsumi
BT3_La Machine_SINGULAR,La Machine,La Machine
BT3_La Machine_PLURAL,La Machines,La Machines
BT3_Lamprey_SINGULAR,Lamprey,七鰓鰻
BT3_Lamprey_PLURAL,Lampreys,七鰓鰻群
BT3_Land Reaver_SINGULAR,Land Reaver,掠地者
BT3_Land Reaver_PLURAL,Land Reavers,掠地者群
BT3_Legionnaire_SINGULAR,Legionnaire,軍團兵
BT3_Legionnaire_PLURAL,Legionnaires,軍團兵群
BT3_Lestat_SINGULAR,Lestat,Lestat
BT3_Lestat_PLURAL,Lestat,Lestat
BT3_Lochlich_SINGULAR,Lochlich,Lochlich
BT3_Lochlich_PLURAL,Lochliches,Lochliches
BT3_Lorini_SINGULAR,Lorini,Lorini
BT3_Lorini_PLURAL,Lorini,Lorini
BT3_Low-life_SINGULAR,Low-life,賤民
BT3_Low-life_PLURAL,Low-lifes,賤民群
BT3_Mad Eye1_SINGULAR,Mad Eye,邪眼
BT3_Mad Eye1_PLURAL,Mad Eyes,邪眼群
BT3_Mad Eye_SINGULAR,Mad Eye,邪眼
BT3_Mad Eye_PLURAL,Mad Eyes,邪眼群
BT3_Mad Howler_SINGULAR,Mad Howler,狂嚎者
BT3_Mad Howler_PLURAL,Mad Howlers,狂嚎者群
BT3_Mad Mage_SINGULAR,Mad Mage,瘋狂法師
BT3_Mad Mage_PLURAL,Mad Mages,瘋狂法師群
BT3_Mad Mage1_SINGULAR,Mad Mage,瘋狂法師
BT3_Mad Mage1_PLURAL,Mad Mages,瘋狂法師群
BT3_Mage Waster_SINGULAR,Mage Waster,法師殺手
BT3_Mage Waster_PLURAL,Mage Wasters,法師殺手群
BT3_Mage Waster1_SINGULAR,Mage Waster,法師殺手
BT3_Mage Waster1_PLURAL,Mage Wasters,法師廢滅者
BT3_Magic Syphon_SINGULAR,Magic Syphon,魔法虹吸者
BT3_Magic Syphon_PLURAL,Magic Syphons,魔法虹吸者
BT3_Magic Syphon2_SINGULAR,Magic Syphon,魔法虹吸者
BT3_Magic Syphon2_PLURAL,Magic Syphons,魔法虹吸者
BT3_Magic Syphon1_SINGULAR,Magic Syphon,魔法虹吸者
BT3_Magic Syphon1_PLURAL,Magic Syphons,魔法虹吸者
BT3_Magic Syphon3_SINGULAR,Magic Syphon,魔法虹吸者
BT3_Magic Syphon3_PLURAL,Magic Syphons,魔法虹吸者
BT3_Magic-eater_SINGULAR,Magic-eater,噬法者
BT3_Magic-eater_PLURAL,Magic-eaters,噬法者
BT3_Magic-eater2_SINGULAR,Magic-eater,噬法者
BT3_Magic-eater2_PLURAL,Magic-eaters,噬法者
BT3_Magic-eater1_SINGULAR,Magic-eater,噬法者
BT3_Magic-eater1_PLURAL,Magic-eaters,噬法者
BT3_Magic-eater3_SINGULAR,Magic-eater,噬法者
BT3_Magic-eater3_PLURAL,Magic-eaters,噬法者
BT3_Mako Mech_SINGULAR,Mako Mech,魔科機械
BT3_Mako Mech_PLURAL,Mako Mechs,魔科機械
BT3_Malefia Mage_SINGULAR,Malefia Mage,瑪勒菲亞法師
BT3_Malefia Mage_PLURAL,Malefia Mages,瑪勒菲亞法師
BT3_Malefic Champ_SINGULAR,Malefic Champ,瑪勒菲亞冠軍
BT3_Malefic Champ_PLURAL,Malefic Champs,瑪勒菲亞冠軍
BT3_Man Masher_SINGULAR,Man Masher,碎人者
BT3_Man Masher_PLURAL,Man Mashers,碎人者
BT3_Marrow Sucker_SINGULAR,Marrow Sucker,吸髓者
BT3_Marrow Sucker_PLURAL,Marrow Suckers,吸髓者
BT3_Mask of Death1_SINGULAR,Mask of Death,死亡面具
BT3_Mask of Death1_PLURAL,Mask of Death,死亡面具
BT3_Mask of Death_SINGULAR,Mask of Death,死亡面具
BT3_Mask of Death_PLURAL,Mask of Death,死亡面具
BT3_Master Daemon_SINGULAR,Master Daemon,大師惡魔
BT3_Master Daemon_PLURAL,Master Daemons,大師惡魔群
BT3_Master Summoner_SINGULAR,Master Summoner,大師召喚師
BT3_Master Summoner_PLURAL,Master Summoner,大師召喚師
BT3_Maze Fury_SINGULAR,Maze Fury,迷宮狂怒者
BT3_Maze Fury_PLURAL,Maze Furies,迷宮狂怒者群
BT3_Mean Green_SINGULAR,Mean Green,陰險綠怪
BT3_Mean Green_PLURAL,Mean Greens,陰險綠怪群
BT3_Mechmasher1_SINGULAR,Mechmasher,機械粉碎者
BT3_Mechmasher1_PLURAL,Mechmashers,機械粉碎者群
BT3_Mechmasher_SINGULAR,Mechmasher,機械粉碎者
BT3_Mechmasher_PLURAL,Mechmashers,機械粉碎者群
BT3_Mechmasher2_SINGULAR,Mechmasher,機械粉碎者
BT3_Mechmasher2_PLURAL,Mechmashers,機械粉碎者群
BT3_Mermech_SINGULAR,Mermech,機械水妖
BT3_Mermech_PLURAL,Mermechs,機械水妖群
BT3_Merry Man_SINGULAR,Merry Man,歡樂漢子
BT3_Merry Man_PLURAL,Merry Men,歡樂漢子群
BT3_Metal Eel_SINGULAR,Metal Eel,金屬鰻魚
BT3_Metal Eel_PLURAL,Metal Eels,金屬鰻魚群
BT3_Metal Man_SINGULAR,Metal Man,金屬人
BT3_Metal Man_PLURAL,Metal Men,金屬人群
BT3_Metal Maniac_SINGULAR,Metal Maniac,金屬狂人
BT3_Metal Maniac_PLURAL,Metal Maniacs,金屬狂人群
BT3_Miasmal Cur_SINGULAR,Miasmal Cur,瘴氣惡犬
BT3_Miasmal Cur_PLURAL,Miasmal Curs,瘴氣惡犬群
BT3_Mind Mage4_SINGULAR,Mind Mage,心靈法師
BT3_Mind Mage4_PLURAL,Mind Mages,心靈法師群
BT3_Mind Mage3_SINGULAR,Mind Mage,心靈法師
BT3_Mind Mage3_PLURAL,Mind Mages,心靈法師
BT3_Mind Mage1_SINGULAR,Mind Mage,心靈法師
BT3_Mind Mage1_PLURAL,Mind Mages,心靈法師
BT3_Mind Mage_SINGULAR,Mind Mage,心靈法師
BT3_Mind Mage_PLURAL,Mind Mages,心靈法師
BT3_Mind Mage2_SINGULAR,Mind Mage,心靈法師
BT3_Mind Mage2_PLURAL,Mind Mages,心靈法師
BT3_Mk3 Neptune_SINGULAR,Mk3 Neptune,Mk3 海王星
BT3_Mk3 Neptune_PLURAL,Mk3 Neptunes,Mk3 海王星群
BT3_Mommoth_SINGULAR,Mommoth,猛獁象
BT3_Mommoth_PLURAL,Mommoths,猛獁象群
BT3_Mongol_SINGULAR,Mongol,蒙古人
BT3_Mongol_PLURAL,Mongols,蒙古人群
BT3_Mongol Prince_SINGULAR,Mongol Prince,蒙古王子
BT3_Mongol Prince_PLURAL,Mongol Princes,蒙古王子們
BT3_Mongol Raider_SINGULAR,Mongol Raider,蒙古掠奪者
BT3_Mongol Raider_PLURAL,Mongol Raiders,蒙古掠奪者群
BT3_Monkey Spirit_SINGULAR,Monkey Spirit,猴靈
BT3_Monkey Spirit_PLURAL,Monkey Spirits,猴靈群
BT3_Mud Dragon1_SINGULAR,Mud Dragon,泥龍
BT3_Mud Dragon1_PLURAL,Mud Dragons,泥龍群
BT3_Mud Dragon_SINGULAR,Mud Dragon,泥龍
BT3_Mud Dragon_PLURAL,Mud Dragons,泥龍群
BT3_Mud Dragon2_SINGULAR,Mud Dragon,泥龍
BT3_Mud Dragon2_PLURAL,Mud Dragons,泥龍群
BT3_Murk Mage_SINGULAR,Murk Mage,暗影法師
BT3_Murk Mage_PLURAL,Murk Mages,暗影法師群
BT3_Mutant Biker_SINGULAR,Mutant Biker,變異騎士
BT3_Mutant Biker_PLURAL,Mutant Bikers,變異騎士群
BT3_Myrmidon_SINGULAR,Myrmidon,密爾米頓
BT3_Myrmidon_PLURAL,Myrmidons,密爾米頓戰士
BT3_Nazi Soldier_SINGULAR,Soldier,士兵
BT3_Nazi Soldier_PLURAL,Soldiers,士兵們
BT3_Nazi Soldier1_SINGULAR,Soldier,士兵
BT3_Nazi Soldier1_PLURAL,Soldiers,士兵們
BT3_Nefast_SINGULAR,Nefast,涅法斯特
BT3_Nefast_PLURAL,Nefasts,涅法斯特們
BT3_Nefastmaster3_SINGULAR,Nefastmaster,涅法斯特大師
BT3_Nefastmaster3_PLURAL,Nefastmasters,涅法斯特大師們
BT3_Nefastmaster2_SINGULAR,Nefastmaster,涅法斯特大師
BT3_Nefastmaster2_PLURAL,Nefastmasters,涅法斯特大師們
BT3_Nefastmaster1_SINGULAR,Nefastmaster,涅法斯特大師
BT3_Nefastmaster1_PLURAL,Nefastmasters,涅法斯特大師們
BT3_Nefastmaster_SINGULAR,Nefastmaster,涅法斯特大師
BT3_Nefastmaster_PLURAL,Nefastmasters,涅法斯特大師們
BT3_New Ager1_SINGULAR,New Ager,新世代者
BT3_New Ager1_PLURAL,New Agers,新世代者們
BT3_New Ager_SINGULAR,New Ager,新世代者
BT3_New Ager_PLURAL,New Agers,新世代者們
BT3_Night Creeper_SINGULAR,Night Creeper,夜行潛伏者
BT3_Night Creeper_PLURAL,Night Creepers,夜行潛伏者們
BT3_Ninja_SINGULAR,Ninja,忍者
BT3_Ninja_PLURAL,Ninjas,忍者們
BT3_Ninja1_SINGULAR,Ninja,忍者
BT3_Ninja1_PLURAL,Ninjas,忍者們
BT3_Norman1_SINGULAR,Norman,諾曼人
BT3_Norman1_PLURAL,Normans,諾曼人們
BT3_Norman_SINGULAR,Norman,諾曼人
BT3_Norman_PLURAL,Normans,諾曼人們
BT3_Norman Knight_SINGULAR,Norman Knight,諾曼騎士
BT3_Norman Knight_PLURAL,Norman Knights,諾曼騎士
BT3_Norman Squire_SINGULAR,Norman Squire,諾曼侍從
BT3_Norman Squire_PLURAL,Norman Squires,諾曼侍從們
BT3_Nosferatu_SINGULAR,Nosferatu,諾斯費拉圖
BT3_Nosferatu_PLURAL,Nosferatu,諾斯費拉圖
BT3_Noxious Eye_SINGULAR,Noxious Eye,毒氣之眼
BT3_Noxious Eye_PLURAL,Noxious Eyes,毒氣之眼群
BT3_Oberlieutenant_SINGULAR,Oberlieutenant,上尉
BT3_Oberlieutenant_PLURAL,Oberlieutenant,上尉
BT3_Octomech_SINGULAR,Octomech,八爪機械
BT3_Octomech_PLURAL,Octomechs,八爪機械群
BT3_Octupus_SINGULAR,Octopus,章魚
BT3_Octupus_PLURAL,Octopi,章魚群
BT3_Old Yeller_SINGULAR,Old Yeller,老黃
BT3_Old Yeller_PLURAL,Old Yellers,老黃群
BT3_Orange Dragon_SINGULAR,Orange Dragon,橙龍
BT3_Orange Dragon_PLURAL,Orange Dragon,橙龍
BT3_Orange Ogre_SINGULAR,Orange Ogre,橙食人魔
BT3_Orange Ogre_PLURAL,Orange Ogres,橙食人魔群
BT3_Orange Wizard_SINGULAR,Orange Wizard,橙巫師
BT3_Orange Wizard_PLURAL,Orange Wizards,橙巫師群
BT3_Peasant_SINGULAR,Peasant,農民
BT3_Peasant_PLURAL,Peasants,農民們
BT3_Peasant1_SINGULAR,Peasant,農民
BT3_Peasant1_PLURAL,Peasants,農民們
BT3_Petrifier_SINGULAR,Petrifier,石化者
BT3_Petrifier_PLURAL,Petrifiers,石化者群
BT3_Phantom2_SINGULAR,Phantom,幻影
BT3_Phantom2_PLURAL,Phantoms,幻影群
BT3_Phantom_SINGULAR,Phantom,幻影
BT3_Phantom_PLURAL,Phantoms,魅影
BT3_Phantom1_SINGULAR,Phantom,魅影
BT3_Phantom1_PLURAL,Phantoms,魅影群
BT3_Phantom Champ_SINGULAR,Phantom Champ,魅影冠軍
BT3_Phantom Champ_PLURAL,Phantom Champ,魅影冠軍
BT3_Pit Beast1_SINGULAR,Pit Beast,深坑野獸
BT3_Pit Beast1_PLURAL,Pit Beasts,深坑獸群
BT3_Pit Beast_SINGULAR,Pit Beast,深坑野獸
BT3_Pit Beast_PLURAL,Pit Beasts,深坑獸群
BT3_Pit Demon_SINGULAR,Pit Demon,深坑惡魔
BT3_Pit Demon_PLURAL,Pit Demons,深坑惡魔群
BT3_Polar Bear_SINGULAR,Polar Bear,北極熊
BT3_Polar Bear_PLURAL,Polar Bears,北極熊群
BT3_Polar Bear1_SINGULAR,Polar Bear,北極熊
BT3_Polar Bear1_PLURAL,Polar Bears,北極熊群
BT3_Politician_SINGULAR,Politician,政客
BT3_Politician_PLURAL,Politicians,政客們
BT3_Pooka1_SINGULAR,Pooka,普卡
BT3_Pooka1_PLURAL,Pookas,普卡群
BT3_Pooka_SINGULAR,Pooka,普卡
BT3_Pooka_PLURAL,Pookas,普卡群
BT3_Priest_SINGULAR,Priest,祭司
BT3_Priest_PLURAL,Priests,祭司們
BT3_Priestess_SINGULAR,Priestess,女祭司
BT3_Priestess_PLURAL,Priestesses,女祭司們
BT3_Prime Daemon_SINGULAR,Prime Daemon,原初惡魔
BT3_Prime Daemon_PLURAL,Prime Daemons,原初惡魔群
BT3_Puma_SINGULAR,Puma,美洲獅
BT3_Puma_PLURAL,Pumas,美洲獅群
BT3_Putrid Zombie_SINGULAR,Putrid Zombie,腐爛殭屍
BT3_Putrid Zombie_PLURAL,Putrid Zombies,腐爛殭屍
BT3_Putrifier_SINGULAR,Putrifier,腐化者
BT3_Putrifier_PLURAL,Putrifiers,腐化者群
BT3_Pyro_SINGULAR,Pyro,火焰術士
BT3_Pyro_PLURAL,Pyros,火焰術士群
BT3_Rachet Reaver_SINGULAR,Rachet Reaver,棘輪掠奪者
BT3_Rachet Reaver_PLURAL,Rachet Reavers,棘輪掠奪者群
BT3_Rage Wraith_SINGULAR,Rage Wraith,怒靈
BT3_Rage Wraith_PLURAL,Rage Wraiths,怒靈群
BT3_Rainbow Dragon_SINGULAR,Rainbow Dragon,彩虹龍
BT3_Rainbow Dragon_PLURAL,Rainbow Dragon,彩虹龍
BT3_Red Army Hero_SINGULAR,Red Army Hero,紅軍英雄
BT3_Red Army Hero_PLURAL,Red Army Hero,紅軍英雄
BT3_Red Captain_SINGULAR,Red Captain,赤紅隊長
BT3_Red Captain_PLURAL,Red Captains,赤紅隊長群
BT3_Red Dragon_SINGULAR,Red Dragon,紅龍
BT3_Red Dragon_PLURAL,Red Dragons,紅龍群
BT3_Red Eye_SINGULAR,Red Eye,赤眼
BT3_Red Eye_PLURAL,Red Eyes,赤眼群
BT3_Red General_SINGULAR,Red General,赤紅將軍
BT3_Red General_PLURAL,Red Generals,赤紅將軍群
BT3_Red Guard_SINGULAR,Red Guard,赤紅衛兵
BT3_Red Guard_PLURAL,Red Guards,赤紅衛兵群
BT3_Red Mage_SINGULAR,Red Mage,赤紅法師
BT3_Red Mage_PLURAL,Red Mages,赤紅法師群
BT3_Red Officer_SINGULAR,Red Officer,赤紅軍官
BT3_Red Officer_PLURAL,Red Officers,赤紅軍官群
BT3_Redbeard_SINGULAR,Redbeard,紅鬍子
BT3_Redbeard_PLURAL,Redbeard,紅鬍子
BT3_Renegade_SINGULAR,Renegade,叛逃者
BT3_Renegade_PLURAL,Renegades,叛徒
BT3_Rime Lord2_SINGULAR,Rime Lord,霜寒領主
BT3_Rime Lord2_PLURAL,Rime Lords,霜寒領主們
BT3_Rime Lord1_SINGULAR,Rime Lord,霜寒領主
BT3_Rime Lord1_PLURAL,Rime Lords,霜寒領主們
BT3_Rime Lord_SINGULAR,Rime Lord,霜寒領主
BT3_Rime Lord_PLURAL,Rime Lords,霜寒領主們
BT3_Rock Demon_SINGULAR,Rock Demon,岩石惡魔
BT3_Rock Demon_PLURAL,Rock Demons,岩石惡魔們
BT3_Rock Man_SINGULAR,Rock Man,石人
BT3_Rock Man_PLURAL,Rock Men,石人們
BT3_Roman Guard_SINGULAR,Roman Guard,羅馬衛兵
BT3_Roman Guard_PLURAL,Roman Guards,羅馬衛兵們
BT3_Roman Guard1_SINGULAR,Roman Guard,羅馬衛兵
BT3_Roman Guard1_PLURAL,Roman Guards,羅馬衛兵們
BT3_Roman Guard2_SINGULAR,Roman Guard,羅馬衛兵
BT3_Roman Guard2_PLURAL,Roman Guards,羅馬衛兵們
BT3_Romero_SINGULAR,Romero,羅梅洛
BT3_Romero_PLURAL,Romeros,羅梅洛們
BT3_Ronin1_SINGULAR,Ronin,浪人
BT3_Ronin1_PLURAL,Ronins,浪人們
BT3_Ronin_SINGULAR,Ronin,浪人
BT3_Ronin_PLURAL,Ronins,浪人們
BT3_Rubble Glider_SINGULAR,Rubble Glider,碎石滑行者
BT3_Rubble Glider_PLURAL,Rubble Gliders,碎石滑行者們
BT3_Ruski Soldier_SINGULAR,Russian Soldier,俄羅斯士兵
BT3_Ruski Soldier_PLURAL,Russian Soldiers,俄羅斯士兵們
BT3_Sable Lich2_SINGULAR,Sable Lich,黑檀巫妖
BT3_Sable Lich2_PLURAL,Sable Liches,黑檀巫妖們
BT3_Sable Lich_SINGULAR,Sable Lich,黑檀巫妖
BT3_Sable Lich_PLURAL,Sable Liches,黑貂巫妖
BT3_Sable Lich1_SINGULAR,Sable Lich,黑貂巫妖
BT3_Sable Lich1_PLURAL,Sable Liches,黑貂巫妖群
BT3_Sable Lich3_SINGULAR,Sable Lich,黑貂巫妖
BT3_Sable Lich3_PLURAL,Sable Liches,黑貂巫妖群
BT3_Sable Lich4_SINGULAR,Sable Lich,黑貂巫妖
BT3_Sable Lich4_PLURAL,Sable Liches,黑貂巫妖群
BT3_Sable Ranger_SINGULAR,Sable Ranger,黑貂遊俠
BT3_Sable Ranger_PLURAL,Sable Rangers,黑貂遊俠群
BT3_Sable Wraith_SINGULAR,Sable Wraith,黑貂縛靈
BT3_Sable Wraith_PLURAL,Sable Wraiths,黑貂縛靈群
BT3_Salii_SINGULAR,Salii,薩利
BT3_Salii_PLURAL,Salii,薩利
BT3_Samurai_SINGULAR,Samurai,武士
BT3_Samurai_PLURAL,Samurai,武士群
BT3_Samurai Lord_SINGULAR,Samurai Lord,武士領主
BT3_Samurai Lord_PLURAL,Samurai Lords,武士領主群
BT3_Saxon Peasant_SINGULAR,Saxon Peasant,撒克遜農民
BT3_Saxon Peasant_PLURAL,Saxon Peasants,撒克遜農民群
BT3_Saxon Witch_SINGULAR,Saxon Witch,撒克遜女巫
BT3_Saxon Witch_PLURAL,Saxon Witches,撒克遜女巫群
BT3_Scavenger_SINGULAR,Scavenger,食腐獸
BT3_Scavenger_PLURAL,Scavengers,食腐獸群
BT3_Sceadu_SINGULAR,Sceadu,斯凱杜
BT3_Sceadu_PLURAL,Sceadu,斯凱杜
BT3_Serpent_SINGULAR,Serpent,巨蛇
BT3_Serpent_PLURAL,Serpents,巨蛇群
BT3_Shade Cougar3_SINGULAR,Shade Cougar,陰影美洲獅
BT3_Shade Cougar3_PLURAL,Shade Cougars,陰影美洲獅群
BT3_Shade Cougar2_SINGULAR,Shade Cougar,陰影美洲獅
BT3_Shade Cougar2_PLURAL,Shade Cougars,暗影美洲獅
BT3_Shade Cougar1_SINGULAR,Shade Cougar,暗影美洲獅
BT3_Shade Cougar1_PLURAL,Shade Cougars,暗影美洲獅群
BT3_Shade Cougar_SINGULAR,Shade Cougar,暗影美洲獅
BT3_Shade Cougar_PLURAL,Shade Cougars,暗影美洲獅群
BT3_Shade Dog_SINGULAR,Shade Dog,暗影犬
BT3_Shade Dog_PLURAL,Shade Dogs,暗影犬群
BT3_Shade Dog3_SINGULAR,Shade Dog,暗影犬
BT3_Shade Dog3_PLURAL,Shade Dogs,暗影犬群
BT3_Shade Dog2_SINGULAR,Shade Dog,暗影犬
BT3_Shade Dog2_PLURAL,Shade Dogs,暗影犬群
BT3_Shade Dog1_SINGULAR,Shade Dog,暗影犬
BT3_Shade Dog1_PLURAL,Shade Dogs,暗影犬群
BT3_Shade Dragon_SINGULAR,Shade Dragon,暗影龍
BT3_Shade Dragon_PLURAL,Shade Dragons,暗影龍群
BT3_Shade Ghoul_SINGULAR,Shade Ghoul,暗影食屍鬼
BT3_Shade Ghoul_PLURAL,Shade Ghouls,暗影食屍鬼群
BT3_Shade Giant_SINGULAR,Shade Giant,暗影巨人
BT3_Shade Giant_PLURAL,Shade Giants,暗影巨人群
BT3_Shade Leopard_SINGULAR,Shade Leopard,暗影豹
BT3_Shade Leopard_PLURAL,Shade Leopards,暗影豹群
BT3_Shade Leopard1_SINGULAR,Shade Leopard,暗影豹
BT3_Shade Leopard1_PLURAL,Shade Leopards,暗影豹群
BT3_Shade Pirahna_SINGULAR,Shade Piranha,暗影食人魚
BT3_Shade Pirahna_PLURAL,Shade Piranhas,暗影食人魚群
BT3_Shade Warrior4_SINGULAR,Shade Warrior,暗影戰士
BT3_Shade Warrior4_PLURAL,Shade Warriors,暗影戰士群
BT3_Shade Warrior3_SINGULAR,Shade Warrior,暗影戰士
BT3_Shade Warrior3_PLURAL,Shade Warriors,暗影戰士群
BT3_Shade Warrior1_SINGULAR,Shade Warrior,暗影戰士
BT3_Shade Warrior1_PLURAL,Shade Warriors,陰影戰士群
BT3_Shade Warrior2_SINGULAR,Shade Warrior,陰影戰士
BT3_Shade Warrior2_PLURAL,Shade Warriors,陰影戰士群
BT3_Shade Warrior_SINGULAR,Shade Warrior,陰影戰士
BT3_Shade Warrior_PLURAL,Shade Warriors,陰影戰士群
BT3_Shade Witch_SINGULAR,Shade Witch,陰影女巫
BT3_Shade Witch_PLURAL,Shade Witches,陰影女巫群
BT3_Shade Wolf_SINGULAR,Shade Wolf,陰影狼
BT3_Shade Wolf_PLURAL,Shade Wolves,陰影狼群
BT3_Shadow Dragon_SINGULAR,Shadow Dragon,暗影龍
BT3_Shadow Dragon_PLURAL,Shadow Dragons,暗影龍群
BT3_Shadow Mage_SINGULAR,Shadow Mage,暗影法師
BT3_Shadow Mage_PLURAL,Shadow Mages,暗影法師群
BT3_Shadowdrifter_SINGULAR,Shadowdrifter,暗影飄移者
BT3_Shadowdrifter_PLURAL,Shadowdrifters,暗影飄移者群
BT3_Shaolin1_SINGULAR,Shaolin,少林武僧
BT3_Shaolin1_PLURAL,Shaolins,少林武僧群
BT3_Shaolin_SINGULAR,Shaolin,少林武僧
BT3_Shaolin_PLURAL,Shaolin,少林武僧
BT3_Shinto Priest_SINGULAR,Shinto Priest,神道教祭司
BT3_Shinto Priest_PLURAL,Shinto Priests,神道教祭司群
BT3_Shock Mage_SINGULAR,Shock Mage,震電法師
BT3_Shock Mage_PLURAL,Shock Mages,震電法師群
BT3_Silver Droid_SINGULAR,Silver Droid,銀色機器人
BT3_Silver Droid_PLURAL,Silver Droids,銀色機器人群
BT3_Silver Sam_SINGULAR,Silver Sam,銀色山姆
BT3_Silver Sam_PLURAL,Silver Sam,銀色山姆
BT3_Silver Shark_SINGULAR,Silver Shark,銀色鯊魚
BT3_Silver Shark_PLURAL,Silver Sharks,銀色鯊魚群
BT3_Silver Siren_SINGULAR,Silver Siren,銀色賽蓮
BT3_Silver Siren_PLURAL,Silver Sirens,銀色女妖
BT3_Skeptic4_SINGULAR,Skeptic,懷疑者
BT3_Skeptic4_PLURAL,Skeptics,懷疑者群
BT3_Skeptic1_SINGULAR,Skeptic,懷疑者
BT3_Skeptic1_PLURAL,Skeptics,懷疑者群
BT3_Skeptic3_SINGULAR,Skeptic,懷疑者
BT3_Skeptic3_PLURAL,Skeptics,懷疑者群
BT3_Skeptic2_SINGULAR,Skeptic,懷疑者
BT3_Skeptic2_PLURAL,Skeptics,懷疑者群
BT3_Skeptic_SINGULAR,Skeptic,懷疑者
BT3_Skeptic_PLURAL,Skeptics,懷疑者群
BT3_Slathbeast_SINGULAR,Slathbeast,泥沼獸
BT3_Slathbeast_PLURAL,Slathbeasts,泥沼獸群
BT3_Slatus_SINGULAR,Slatus,史萊特斯
BT3_Slatus_PLURAL,Slatuses,史萊特斯群
BT3_Slave_SINGULAR,Slave,奴隸
BT3_Slave_PLURAL,Slaves,奴隸群
BT3_Slave2_SINGULAR,Slave,奴隸
BT3_Slave2_PLURAL,Slaves,奴隸群
BT3_Slave1_SINGULAR,Slave,奴隸
BT3_Slave1_PLURAL,Slaves,奴隸群
BT3_Sleet Mage3_SINGULAR,Sleet Mage,冰雹法師
BT3_Sleet Mage3_PLURAL,Sleet Mages,冰雹法師群
BT3_Sleet Mage_SINGULAR,Sleet Mage,冰雹法師
BT3_Sleet Mage_PLURAL,Sleet Mages,冰雹法師群
BT3_Sleet Mage2_SINGULAR,Sleet Mage,冰雹法師
BT3_Sleet Mage2_PLURAL,Sleet Mages,冰雹法師群
BT3_Sleet Mage1_SINGULAR,Sleet Mage,冰雹法師
BT3_Sleet Mage1_PLURAL,Sleet Mages,冰雹法師群
BT3_Sleet Mage4_SINGULAR,Sleet Mage,冰雹法師
BT3_Sleet Mage4_PLURAL,Sleet Mages,冰雹法師
BT3_Sorceress_SINGULAR,Sorceress,女術士
BT3_Sorceress_PLURAL,Sorceresses,女術士群
BT3_Soulcrusher_SINGULAR,Soulcrusher,碎魂者
BT3_Soulcrusher_PLURAL,Soulcrushers,碎魂者群
BT3_Spartan_SINGULAR,Spartan,斯巴達戰士
BT3_Spartan_PLURAL,Spartans,斯巴達戰士群
BT3_Spartan Elite_SINGULAR,Spartan Elite,斯巴達精銳
BT3_Spartan Elite_PLURAL,Spartan Elites,斯巴達精銳群
BT3_Spartan Hero_SINGULAR,Spartan Hero,斯巴達英雄
BT3_Spartan Hero_PLURAL,Spartan Heroes,斯巴達英雄群
BT3_Speed Demon_SINGULAR,Speed Demon,疾速惡魔
BT3_Speed Demon_PLURAL,Speed Demons,疾速惡魔群
BT3_Spirit Mage_SINGULAR,Spirit Mage,靈能法師
BT3_Spirit Mage_PLURAL,Spirit Mages,靈能法師群
BT3_Spirit Serpent_SINGULAR,Spirit Serpent,靈蛇
BT3_Spirit Serpent_PLURAL,Spirit Serpent,靈蛇群
BT3_SS Colonel_SINGULAR,Colonel,上校
BT3_SS Colonel_PLURAL,Colonels,上校群
BT3_SS General_SINGULAR,General,將軍
BT3_SS General_PLURAL,Generals,將軍群
BT3_SS Major1_SINGULAR,Major,少校
BT3_SS Major1_PLURAL,Majors,少校群
BT3_SS Major_SINGULAR,Major,少校
BT3_SS Major_PLURAL,Majors,少校群
BT3_SS Officer_SINGULAR,Officer,軍官
BT3_SS Officer_PLURAL,Officers,軍官群
BT3_Steel Cyborg_SINGULAR,Steel Cyborg,鋼鐵生化人
BT3_Steel Cyborg_PLURAL,Steel Cyborgs,鋼鐵生化人群
BT3_Steel Goblin_SINGULAR,Steel Goblin,鋼鐵哥布林
BT3_Steel Goblin_PLURAL,Steel Goblins,鋼鐵哥布林
BT3_Steel Gyro_SINGULAR,Steel Gyro,鋼鐵陀螺
BT3_Steel Gyro_PLURAL,Steel Gyros,鋼鐵陀螺群
BT3_Steel Serpent_SINGULAR,Steel Serpent,鋼鐵蛇
BT3_Steel Serpent_PLURAL,Steel Serpents,鋼鐵蛇群
BT3_Stone Ogre_SINGULAR,Stone Ogre,石巨魔
BT3_Stone Ogre_PLURAL,Stone Ogres,石巨魔群
BT3_Stone Ogre1_SINGULAR,Stone Ogre,石巨魔
BT3_Stone Ogre1_PLURAL,Stone Ogres,石巨魔群
BT3_Storm Demon_SINGULAR,Storm Demon,風暴惡魔
BT3_Storm Demon_PLURAL,Storm Demons,風暴惡魔群
BT3_Storm Trooper_SINGULAR,Storm Trooper,風暴兵
BT3_Storm Trooper_PLURAL,Storm Troopers,風暴兵群
BT3_Stout Runner_SINGULAR,Stout Runner,健壯奔行者
BT3_Stout Runner_PLURAL,Stout Runners,健壯奔行者群
BT3_Stout Runner1_SINGULAR,Stout Runner,健壯奔行者
BT3_Stout Runner1_PLURAL,Stout Runners,健壯奔行者群
BT3_Strikefast_SINGULAR,Strikefast,疾速者
BT3_Strikefast_PLURAL,Strikefasts,疾速者群
BT3_Swamp Golem_SINGULAR,Swamp Golem,沼澤魔像
BT3_Swamp Golem_PLURAL,Swamp Golems,沼澤魔像群
BT3_Taoist Monk_SINGULAR,Taoist Monk,道士
BT3_Taoist Monk_PLURAL,Taoist Monks,道士群
BT3_Tarjan_SINGULAR,Tarjan,塔爾揚
BT3_Tarjan_PLURAL,Tarjan,塔爾揚
BT3_Tarjan Warrior_SINGULAR,Tarjan Warrior,塔爾揚戰士
BT3_Tarjan Warrior_PLURAL,Tarjan Warrior,塔爾揚戰士
BT3_Tarjan Warrior1_SINGULAR,Tarjan Warrior,塔爾揚戰士
BT3_Tarjan Warrior1_PLURAL,Tarjan Warrior,塔爾揚戰士
BT3_Tarjan's Bull_SINGULAR,Tarjan's Bull,塔爾揚之牛
BT3_Tarjan's Bull_PLURAL,Tarjan's Bulls,塔爾詹的蠻牛
BT3_Tarjan's Bull1_SINGULAR,Tarjan's Bull,塔爾詹的蠻牛
BT3_Tarjan's Bull1_PLURAL,Tarjan's Bulls,塔爾詹的蠻牛
BT3_Tengu_SINGULAR,Tengu,天狗
BT3_Tengu_PLURAL,Tengus,天狗群
BT3_Tin Man_SINGULAR,Tin Man,鐵皮人
BT3_Tin Man_PLURAL,Tin Men,鐵皮人眾
BT3_Titan_SINGULAR,Titan,泰坦
BT3_Titan_PLURAL,Titans,泰坦群
BT3_Toaster_SINGULAR,Toaster,烤麵包機
BT3_Toaster_PLURAL,Toasters,烤麵包機群
BT3_Tree Frog_SINGULAR,Tree Frog,樹蛙
BT3_Tree Frog_PLURAL,Tree Frogs,樹蛙群
BT3_Trojan1_SINGULAR,Trojan,特洛伊兵
BT3_Trojan1_PLURAL,Trojans,特洛伊兵群
BT3_Trojan_SINGULAR,Trojan,特洛伊兵
BT3_Trojan_PLURAL,Trojans,特洛伊兵群
BT3_Trojan Elite_SINGULAR,Trojan Elite,特洛伊精兵
BT3_Trojan Elite_PLURAL,Trojan Elites,特洛伊精兵群
BT3_Trojan Hero_SINGULAR,Trojan Hero,特洛伊英雄
BT3_Trojan Hero_PLURAL,Trojan Heroes,特洛伊英雄群
BT3_Trojan Immortal_SINGULAR,Trojan Immortal,特洛伊不朽者
BT3_Trojan Immortal_PLURAL,Trojan Immortal,特洛伊不朽者
BT3_Trojan Priest_SINGULAR,Trojan Priest,特洛伊祭司
BT3_Trojan Priest_PLURAL,Trojan Priests,特洛伊祭司群
BT3_Tslotha Garnath_SINGULAR,Tslotha Garnath,茲洛薩·加納斯
BT3_Tslotha Garnath_PLURAL,Tslotha Garnath,茲洛薩·加納斯
BT3_Unbeliever_SINGULAR,Unbeliever,不信者
BT3_Unbeliever_PLURAL,Unbelievers,不信者群
BT3_Unbeliever1_SINGULAR,Unbeliever,不信者
BT3_Unbeliever1_PLURAL,Unbelievers,不信者
BT3_Undead Avian_SINGULAR,Undead Avian,亡靈鳥妖
BT3_Undead Avian_PLURAL,Undead Avians,亡靈鳥妖群
BT3_Unholy Mage_SINGULAR,Unholy Mage,邪惡法師
BT3_Unholy Mage_PLURAL,Unholy Mages,邪惡法師群
BT3_Unholy Terror_SINGULAR,Unholy Terror,邪惡驚駭
BT3_Unholy Terror_PLURAL,Unholy Terrors,邪惡驚駭群
BT3_Urmech_SINGULAR,Urmech,烏爾梅克
BT3_Urmech_PLURAL,Urmech,烏爾梅克
BT3_Vampire Lord1_SINGULAR,Vampire Lord,吸血鬼領主
BT3_Vampire Lord1_PLURAL,Vampire Lords,吸血鬼領主群
BT3_Vampire Lord_SINGULAR,Vampire Lord,吸血鬼領主
BT3_Vampire Lord_PLURAL,Vampire Lords,吸血鬼領主群
BT3_Vampire Snake_SINGULAR,Vampire Snake,吸血鬼蛇
BT3_Vampire Snake_PLURAL,Vampire Snakes,吸血鬼蛇群
BT3_Vandal Raider_SINGULAR,Vandal Raider,破壞者掠奪兵
BT3_Vandal Raider_PLURAL,Vandal Raiders,破壞者掠奪兵群
BT3_Vanth_SINGULAR,Vanth,凡斯
BT3_Vanth_PLURAL,Vanth,凡斯
BT3_Vapor Mage_SINGULAR,Vapor Mage,蒸氣法師
BT3_Vapor Mage_PLURAL,Vapor Mages,蒸氣法師群
BT3_Venomclaw_SINGULAR,Venomclaw,毒爪獸
BT3_Venomclaw_PLURAL,Venomclaws,毒爪獸群
BT3_Vestal Virgin_SINGULAR,Vestal Virgin,守貞女祭司
BT3_Vestal Virgin_PLURAL,Vestal Virgins,守貞女祭司群
BT3_Vile Creeper_SINGULAR,Vile Creeper,邪惡爬行者
BT3_Vile Creeper_PLURAL,Vile Creepers,邪惡爬行者群
BT3_Violet Dragon_SINGULAR,Violet Dragon,紫龍
BT3_Violet Dragon_PLURAL,Violet Dragons,紫龍群
BT3_Violet Guard_SINGULAR,Violet Guard,紫衛兵
BT3_Violet Guard_PLURAL,Violet Guards,紫衛兵
BT3_Viper_SINGULAR,Viper,毒蛇
BT3_Viper_PLURAL,Vipers,毒蛇群
BT3_Visigoth_SINGULAR,Visigoth,西哥德人
BT3_Visigoth_PLURAL,Visigoths,西哥德人群
BT3_Vlad_SINGULAR,Vlad,弗拉德
BT3_Vlad_PLURAL,Vlad,弗拉德
BT3_Vortex1_SINGULAR,Vortex,漩渦
BT3_Vortex1_PLURAL,Vortexes,漩渦群
BT3_Vortex_SINGULAR,Vortex,漩渦
BT3_Vortex_PLURAL,Vortexes,漩渦群
BT3_Vortex2_SINGULAR,Vortex,漩渦
BT3_Vortex2_PLURAL,Vortexes,漩渦群
BT3_Warbot_SINGULAR,Warbot,戰鬥機器人
BT3_Warbot_PLURAL,Warbots,戰鬥機器人群
BT3_Warlord_SINGULAR,Warlord,戰帥
BT3_Warlord_PLURAL,Warlords,戰帥群
BT3_Water Demon_SINGULAR,Water Demon,水惡魔
BT3_Water Demon_PLURAL,Water Demons,水惡魔群
BT3_Water Spirit_SINGULAR,Water Spirit,水靈
BT3_Water Spirit_PLURAL,Water Spirits,水靈群
BT3_Were Cougar_SINGULAR,Were Cougar,狼獅人
BT3_Were Cougar_PLURAL,Were Cougars,狼獅人群
BT3_Were-eel_SINGULAR,Were-eel,狼鰻人
BT3_Were-eel_PLURAL,Were-eels,狼鰻人群
BT3_Werra_SINGULAR,Werra,薇拉
BT3_Werra_PLURAL,Werra,薇拉
BT3_White Wizard_SINGULAR,White Wizard,白巫師
BT3_White Wizard_PLURAL,White Wizards,白巫師群
BT3_Wicked Lurker_SINGULAR,Wicked Lurker,邪惡潛伏者
BT3_Wicked Lurker_PLURAL,Wicked Lurkers,邪惡潛伏者
BT3_Wildcat_SINGULAR,Wildcat,野貓
BT3_Wildcat_PLURAL,Wildcats,野貓群
BT3_Wind Daemon_SINGULAR,Wind Daemon,風魔
BT3_Wind Daemon_PLURAL,Wind Daemons,風魔群
BT3_Wind Diver_SINGULAR,Wind Diver,風潛者
BT3_Wind Diver_PLURAL,Wind Divers,風潛者群
BT3_Wind Warrior_SINGULAR,Wind Warrior,風之戰士
BT3_Wind Warrior_PLURAL,Wind Warriors,風之戰士群
BT3_Wing Demon_SINGULAR,Wing Demon,翼魔
BT3_Wing Demon_PLURAL,Wing Demons,翼魔群
BT3_Wing Envenom_SINGULAR,Wing Envenom,翼毒
BT3_Wing Envenom_PLURAL,Wing Envenoms,翼毒群
BT3_Wing Slasher_SINGULAR,Wing Slasher,翼斬者
BT3_Wing Slasher_PLURAL,Wing Slashers,翼斬者群
BT3_Witch_SINGULAR,Witch,女巫
BT3_Witch_PLURAL,Witches,女巫群
BT3_Witch1_SINGULAR,Witch,巫婆
BT3_Witch1_PLURAL,Witches,巫婆群
BT3_Wither Snake_SINGULAR,Wither Snake,枯萎蛇
BT3_Wither Snake_PLURAL,Wither Snakes,枯萎蛇群
BT3_Yellow Dragon_SINGULAR,Yellow Dragon,黃龍
BT3_Yellow Dragon_PLURAL,Yellow Dragon,黃龍
BT3_Yeoman_SINGULAR,Yeoman,自耕農
BT3_Yeoman_PLURAL,Yeomen,自耕農群
BT3_Yeti4_SINGULAR,Yeti,雪人
BT3_Yeti4_PLURAL,Yetis,雪人群
BT3_Yeti5_SINGULAR,Yeti,雪人
BT3_Yeti5_PLURAL,Yetis,雪人群
BT3_Yeti_SINGULAR,Yeti,雪人
BT3_Yeti_PLURAL,Yetis,雪怪群
BT3_Yeti1_SINGULAR,Yeti,雪怪
BT3_Yeti1_PLURAL,Yetis,雪怪群
BT3_Yeti3_SINGULAR,Yeti,雪怪
BT3_Yeti3_PLURAL,Yetis,雪怪群
BT3_Yeti2_SINGULAR,Yeti,雪怪
BT3_Yeti2_PLURAL,Yetis,雪怪群
BT3_York_SINGULAR,York,約克
BT3_York_PLURAL,York,約克
BT3_Zephymage_SINGULAR,Zephymage,西風法師
BT3_Zephymage_PLURAL,Zephymages,西風法師群
BT3_Zephyrlord_SINGULAR,Zephyrlord,西風領主
BT3_Zephyrlord_PLURAL,Zephyrlords,西風領主群
BT3_Zombie Lord_SINGULAR,Zombie Lord,殭屍領主
BT3_Zombie Lord_PLURAL,Zombie Lords,殭屍領主群
BT3_Zombie Mage_SINGULAR,Zombie Mage,殭屍法師
BT3_Zombie Mage_PLURAL,Zombie Mages,殭屍法師群
Summoned_Joe the Sword_SINGULAR,Joe The Sword,劍客喬
Summoned_Joe the Sword_PLURAL,Joe The Sword,劍客喬
Summoned_Earth Elemental_SINGULAR,Earth Elemental,土元素
Summoned_Earth Elemental_PLURAL,Earth Elementals,土元素群
Summoned_Ogre_SINGULAR,Ogre,食人魔
Summoned_Ogre_PLURAL,Ogres,食人魔群
Summoned_Slayer_SINGULAR,Slayer,殺手
Summoned_Slayer_PLURAL,Slayer,殺手
Summoned_Wolf_SINGULAR,Wolf,狼
Summoned_Wolf_PLURAL,Wolves,狼群
Summoned_Bulldozer_SINGULAR,Bulldozer,推土機
Summoned_Bulldozer_PLURAL,Bulldozers,推土機群
Summoned_Blast Dragon_SINGULAR,Blast Dragon,爆破龍
Summoned_Blast Dragon_PLURAL,Blast Dragons,爆裂龍
Summoned_Storm Giant_SINGULAR,Storm Giant,風暴巨人
Summoned_Storm Giant_PLURAL,Storm Giants,風暴巨人
Summoned_Golem_SINGULAR,Golem,魔像
Summoned_Golem_PLURAL,Golems,魔像
Summoned_Herb_SINGULAR,Herb,藥草
Summoned_Herb_PLURAL,Herbs,藥草
Summoned_Lich_SINGULAR,Lich,巫妖
Summoned_Lich_PLURAL,Liches,巫妖
Summoned_Master Wizard_SINGULAR,Master Wizard,大師巫師
Summoned_Master Wizard_PLURAL,Master Wizards,大師巫師
Summoned_Master Mage_SINGULAR,Master Mage,大師法師
Summoned_Master Mage_PLURAL,Master Mages,大師法師
Summoned_Molten Man_SINGULAR,Molten Man,熔岩人
Summoned_Molten Man_PLURAL,Molten Men,熔岩人
Summoned_Mongo_SINGULAR,Mongo,蒙哥
Summoned_Mongo_PLURAL,Mongos,蒙哥
Summoned_Old man_SINGULAR,Old Man,老人
Summoned_Old man_PLURAL,Old Men,老人
Summoned_Samurai_SINGULAR,Samurai,武士
Summoned_Samurai_PLURAL,Samurai,武士
Summoned_Thor_SINGULAR,Thor,索爾
Summoned_Thor_PLURAL,Thor,索爾
Summoned_Titan_SINGULAR,Titan,泰坦
Summoned_Titan_PLURAL,Titans,泰坦
Summoned_Vanquisher_SINGULAR,Vanquisher,征服者
Summoned_Vanquisher_PLURAL,Vanquishers,征服者
Summoned_Familiar_SINGULAR,Familiar,魔寵
Summoned_Familiar_PLURAL,Familiars,魔寵
Summoned_Black Death_SINGULAR,Black Death,黑死病
Summoned_Black Death_PLURAL,Black Deaths,黑死
Summoned_One-eyed Angra_SINGULAR,One-eyed Angra,獨眼安格拉
Summoned_One-eyed Angra_PLURAL,One-eyed Angras,獨眼安格拉群
Summoned_Black Slayer_SINGULAR,Black Slayer,黑色殺手
Summoned_Black Slayer_PLURAL,Black Slayers,黑色殺手群
Summoned_Wraith_SINGULAR,Wraith,縛靈
Summoned_Wraith_PLURAL,Wraiths,縛靈群
Summoned_Greater Demon_SINGULAR,Greater Demon,大惡魔
Summoned_Greater Demon_PLURAL,Greater Demons,大惡魔群
Summoned_Demon Lord_SINGULAR,Demon Lord,惡魔領主
Summoned_Demon Lord_PLURAL,Demon Lords,惡魔領主群
Summoned_Lesser Demon_SINGULAR,Lesser Demon,小惡魔
Summoned_Lesser Demon_PLURAL,Lesser Demons,小惡魔群
Summoned_Demon_SINGULAR,Demon,惡魔
Summoned_Demon_PLURAL,Demons,惡魔群
Summoned_Spectre_SINGULAR,Spectre,幽靈
Summoned_Spectre_PLURAL,Spectres,幽靈群
Summoned_Zombie_SINGULAR,Zombie,殭屍
Summoned_Zombie_PLURAL,Zombies,殭屍群
Summoned_Skeleton_SINGULAR,Skeleton,骷髏
Summoned_Skeleton_PLURAL,Skeletons,骷髏群
Summoned_Fire Elemental_SINGULAR,Fire Elemental,火元素
Summoned_Fire Elemental_PLURAL,Fire Elementals,火元素群
Summoned_Target dummy_SINGULAR,Target Dummy,標靶假人
Summoned_Target dummy_PLURAL,Target Dummy,標靶假人
Summoned_Kringle Brother_SINGULAR,Kringle Brother,克林格兄弟
Summoned_Kringle Brother_PLURAL,Kringle Brothers,克林格兄弟群
Summoned_Red Dragon_SINGULAR,Red Dragon,紅龍
Summoned_Red Dragon_PLURAL,Red Dragons,紅龍群
Summoned_Hero_SINGULAR,Hero,英雄
Summoned_Hero_PLURAL,Heroes,英雄
Summoned_Mercenary_SINGULAR,Ninja,忍者
Summoned_Mercenary_PLURAL,Ninjas,忍者群
Summoned_Wizard Wall_SINGULAR,Wizard Wall,巫師之牆
Summoned_Wizard Wall_PLURAL,Wizard Wall,巫師之牆
BT3_Scarlet_Bard_SINGULAR,Scarlet Bard,緋紅吟遊詩人
BT3_Scarlet_Bard_PLURAL,Scarlet Bard,緋紅吟遊詩人
BESTIARY_PLACEHOLDER,Enter filter...,輸入篩選條件...
BESTIARY_ENCOUNTERSTITLE,Encounters:,遭遇次數：
BESTIARY_KILLSTITLE,Kills:,擊殺數：
BESTIARY_XPTITLE,XP:,經驗值：
BESTIARY_GROUPSIZETITLE,Group Size:,群組規模：
BESTIARY_ACTITLE,AC:,防禦等級：
BESTIARY_HPTITLE,Max HP:,最大生命值：
BESTIARY_SAVETITLE,Spell Save:,法術豁免：
BESTIARY_HITACTITLE,Can Hit AC:,可命中防禦等級：
BESTIARY_WEAKNESSTITLE,Weakness:,弱點：
BESTIARY_IMMUNITYTITLE,Immunity:,免疫：
BESTIARY_LOCATIONSTITLE,Locations:,出現地點：
BESTIARY_NOMONSTERS,- No Monsters Encountered -,- 未遭遇任何怪物 -
BESTIARY_TITLE,Bestiary,怪物圖鑑
ATTACKTYPE_UNKNOWN_HINT,This attack will unlock when a creature uses it against your party.,此攻擊將在怪物對你的隊伍使用後解鎖。
ATTACKTYPE_MELEE_HINT,"Melee attacks deal damage to a single character in the first 4 rows of your party, if their AC is not low enough to resist the attack.",近戰攻擊會對隊伍前四排中的單一角色造成傷害，除非其防禦等級夠低而能抵抗此攻擊。
ATTACKTYPE_RANGED_HINT,Ranged attacks can attack any party member from any distance.,遠程攻擊可從任何距離攻擊任何隊伍成員。
ATTACKTYPE_BREATH_HINT,Breath attacks do damage to all your party members that fail to magically resist.,吐息攻擊會對所有未能以魔法抵抗的隊伍成員造成傷害。
ATTACKTYPE_SPELL_HINT,The creature can cast this spell.,該怪物可施展此法術。
ATTACKTYPE_UNKNOWNSPELL_HINT,"The creature can cast this spell, but you have no sufficiently skilled mages that can identify the spell.",該怪物可施展此法術，但你沒有足夠高階的法師能辨識此法術。
ATTACKTYPE_SUMMONHELP_HINT,The creature will attempt to summon more like creatures to join its group.,該怪物會嘗試召喚更多同類加入其群組。
ATTACKTYPE_SUMMONHELP_DEFEND,"The creature will defend for a round of combat, making them slightly harder to hit.",該怪物會防禦一輪戰鬥，使其稍微更難被命中。
MONSTERATTACK_UNKNOWN,Attack {0}:,攻擊 {0}：
BESTIARY_XP_HINT,Total XP to split among all characters when this creature is killed.,擊殺此生物時，所有角色可分配的總經驗值。
BESTIARY_GROUPSIZE_HINT,Maximum group size this creature will generally be encountered in.,此生物通常遭遇的最大群體規模。
BESTIARY_AC_HINT,Armor Class for this creature determines how hard it is to hit in melee. Lower values are harder to hit.,此生物的防禦等級決定近戰命中難度，數值越低越難擊中。
BESTIARY_HP_HINT,Maximum hit points this creature can have.,此生物可擁有的最大生命值。
BESTIARY_SPELLSAVE_HINT,Maximum spell saving roll this creature can make.,此生物可達成的最大法術豁免擲骰值。
BESTIARY_TOHIT_HINT,The lowest Armor Class this creature can successfully hit in melee.,此生物在近戰中能成功擊中的最低防禦等級。
BESTIARY_WEAKNESS_HINT,The creature takes double damage from these types of spells.,此生物從此類法術承受雙倍傷害。
BESTIARY_IMMUNITY_HINT,The creature takes half damage from these types of spells.,此生物從此類法術承受半數傷害。
BESTIARY_LOCATION_HINT,Where has this creature been encountered.,此生物曾在何處被遭遇。
CASINO_WELCOME,Welcome wealthy ones! Your gold (no credit given) is always good here.,歡迎光臨，富有的貴客！您的金幣（恕不賒帳）在此永遠通行無阻。
CASINO_PLAY_BLACKJACK,Play BlackJack,玩二十一點
CASINO_WHO_WILL_SIT,Who will sit at the table...,誰要坐上牌桌……
CASINO_SORRY_NO_CASH,"I am sorry, none of your characters are cashed up! Come back when you have some coin to play with.",抱歉，您的角色都沒帶夠錢！等您有籌碼再來玩吧。
BLACKJACK,BLACKJACK,二十一點
BUST,BUST,爆牌
Player Wins,Player Wins,玩家獲勝
Player Loses,Player Loses,玩家落敗
Push,Push,平手
BLACKJACK_DEAL,Deal,發牌
BLACKJACK_HIT,Hit,要牌
BLACKJACK_DOUBLE,Double Down,加倍下注
BLACKJACK_LEAVE,Leave Table,離開牌桌
BLACKJACK_STAND,Stand,停牌
Gold,Gold,金幣
Bet,Bet,下注
BUTTON_PauseMenu,<color=#ffff22>F10</color> - Pause Menu,<color=#ffff22>F10</color> - 暫停選單
BUTTON_MoreActions,More Actions,更多動作
BUTTON_WhereAmI,<color=#ffff22>?</color> - Where Am I,<color=#ffff22>?</color> - 我在哪裡
BUTTON_CastSpell,<color=#ffff22>C</color> - Cast a Spell,<color=#ffff22>C</color> - 施放法術
BUTTON_PlaySong,<color=#ffff22>B</color> - Play a Bard Song,<color=#ffff22>B</color> - 演奏吟遊詩人之歌
BUTTON_UseItem,<color=#ffff22>U</color> - Use an Item,<color=#ffff22>U</color> - 使用物品
BUTTON_PortalUp,<color=#ffff22>Q</color> - Take Portal Up,<color=#ffff22>Q</color> - 傳送門向上
BUTTON_PortalDown,<color=#ffff22>Z</color> - Take Portal Down,<color=#ffff22>Z</color> - 傳送門向下
BUTTON_PartyAttack,<color=#ffff22>P</color> - Party Attack,<color=#ffff22>P</color> - 隊伍攻擊
BUTTON_PartyOrder,<color=#ffff22>N</color> - New Party Order,<color=#ffff22>N</color> - 新隊伍順序
BUTTON_ToggleMinimap,<color=#ffff22>M</color> - Toggle Minimap,<color=#ffff22>M</color> - 切換小地圖
BUTTON_ToggleJournal,<color=#ffff22>J</color> - Toggle Journal,<color=#ffff22>J</color> - 切換日誌
BUTTON_Manual,<color=#ffff22>F1</color> - Bard's Tale Trilogy Manual,<color=#ffff22>F1</color> - 冰城傳奇三部曲手冊
BUTTON_ClothMap,<color=#ffff22>F2</color> - Original Cloth Map,<color=#ffff22>F2</color> - 原始布質地圖
BUTTON_Bestiary,<color=#ffff22>F3</color> - Bestiary,<color=#ffff22>F3</color> - 怪物圖鑑
BUTTON_Status,<color=#ffff22>F4</color> - Stats,<color=#ffff22>F4</color> - 統計資料
AutoSave,AutoSave,自動存檔
QuickSave,QuickSave,快速存檔
Load,Load,讀取
Save,Save,存檔
Delete,Delete,刪除
NAME,NAME,名稱
L,L,L
V,V,V
MAP,MAP,地圖
Map,Map,地圖
PLAY TIME,PLAY TIME,遊玩時間
TIMESTAMP,TIMESTAMP,時間戳記
LOADING,Loading...,載入中...
Game Paused,Game Paused,遊戲暫停
CHAPTERTITLE_0,Volume I,第一卷
CHAPTERSTORY_0,"THE LEGEND OF SKARA BRAE



Long ago in the land of Caith, when magic still prevailed, the evil wizard Mangar the Dark threatened a small but harmonious town called Skara Brae. Overnight, all the town's militiamen disappeared, and Mangar froze the surrounding countryside with a spell of Eternal Winter, totally isolating it from any possible help. 



As evil creatures oozed into the sewers to join Mangar’s shadow crusade, the future of Skara Brae hung in the balance. And who was left to resist? Only a handful of unproven young Warriors, some junior magic users, a couple of Bards barely old enough to drink, and a few out of work Rogues.



You are the leader of this ragtag group of freedom fighters. Luckily you have a Bard with you to sing your glories - if you survive - for this is the stuff of legends. 



And thus the story begins...","斯卡拉布雷的傳說


許久以前，在凱斯這片土地上，當魔法仍盛行時，邪惡巫師「黑暗曼加」威脅著一個名為斯卡拉布雷的小鎮，那裡原本和諧安寧。一夜之間，鎮上所有民兵消失無蹤，曼加以永恆寒冬的法術冰封了周圍鄉野，使其完全孤立，無法獲得任何援助。


隨著邪惡生物滲入下水道，加入曼加的陰影遠征，斯卡拉布雷的未來岌岌可危。而留下來抵抗的又是誰呢？只有一群未經考驗的年輕戰士、幾名初階法師、幾位年紀尚輕的吟遊詩人，以及一些失業的盜賊。


你就是這群烏合之眾自由鬥士的領袖。幸運的是，你身邊有一位吟遊詩人，歌頌你的榮耀——如果你能存活下來的話——因為這正是傳奇的素材。


於是，故事就此展開……"
INTROTEXT_BT1_0,"""The song I sing\nwill tell the tale\nof a cold and wintery day""",「我所吟詠的樂章，\n將訴說一段往事——\n那段冰封刺骨的凜冬歲月。」
INTROTEXT_BT1_1,"""When evil fled\nand brave men bled\nthe Dark One came to stay.""",「當正義落荒而逃\n當勇士鮮血流盡\n那名黑暗的主宰，自此降臨肆虐。」
INTROTEXT_BT1_2,"""Of castle walls\nand torchlit halls\nand a price men had to pay.""",「那是關於高聳城牆\n與火炬長廊的過往\n以及凡人不得不付出的沉重代價。」
INTROTEXT_BT1_3,"""Till men of old\nfor blood and gold\nhad rescued Skara Brae.""",「直到那些古老血脈的勇士，\n懷揣著熱血與對黃金的渴望，\n最終奪回並拯救了斯卡拉布雷。」
CHAPTERTITLE_1,Volume II,第二卷
CHAPTERSTORY_1,"A LETTER RECEIVED



Greetings, heroes! My name is Saradon, a wizard of some fame and little fortune. Every bard in Caith sings of your victory over Mangar and his vile horde in Skara Brae. Thus, even though we have never met, I am seeking you out.



Our land now faces a danger even greater than Mangar - an evil that could leave it open to invasion and bloody conquest. The Destiny Wand, which has kept us safe for seven hundred years, has been shattered into seven fragments by the Archmage Lagoth Zanta, and those fragments hidden all across the realm. Until you recover them, reforge the wand, and defeat Lagoth Zanta, Caith is in peril. Save her, I beg you.



Now I must hurry, for while I was attempting to glean knowledge of Zanta, he sensed my prying magic, and even now his Lestradae mercenaries approach. I care not for my own safety, but I pray my magic will keep this letter safe until it reaches your hands. May fate smile upon you... and me.","一封收到的信


致意，英雄們！我的名字是薩拉東，一位小有名氣卻財運不佳的巫師。凱斯境內每位吟遊詩人都傳唱著你們在斯卡拉布雷擊敗曼加及其邪惡大軍的勝利。因此，即使我們素未謀面，我仍設法尋找你們。


我們這片土地如今面臨比曼加更巨大的危險——一種可能讓國門洞開、遭受入侵與血腥征服的邪惡。守護我們七百年之久的命運之杖，已被大法師拉戈斯·贊塔擊碎成七塊碎片，並藏匿於王國各處。在你們尋回碎片、重鑄法杖、擊敗拉戈斯·贊塔之前，凱斯將危在旦夕。我懇求你們，拯救她吧。


我必須趕緊動身了，因為當我試圖窺探贊塔的知識時，他察覺到了我的探查魔法，此刻他的萊斯特拉德傭兵正步步逼近。我不在乎自身安危，但我祈禱我的魔法能保護這封信，直到它送達你們手中。願命運眷顧你們……也眷顧我。"
CHAPTERTITLE_2,Volume III,第三卷
CHAPTERSTORY_2,"As I lay dying...



I leave this record so those who come after will know what horrors that the Mad God Tarjan has perpetrated, and so that they will not be lulled into believing that Skara Brae was his sole target.



We held a great festival to celebrate the victory over Mangar. Then Mangar's Master, The Mad God Tarjan, arrived... His shadow ravaged the city and foul creatures burst forth to assault fair Skara Brae. People ran, but Tarjan's minions left none untouched.

 Tarjan gloated that Skara Brae was merely one in a series of conquests that would complete his revenge. He laughed when I promised that the legendary Hawkslayer, and those who defeated Mangar, would return again to triumph. As payment for my threat, he gave a swift twist of his jewelled sword into my belly. 



Tarjan must be stopped, for upon this rests the fate of more than Skara Brae, more than Caith. Failure will mean the extinction of all life - save for the wretched Tarjan and his servile parasites. Pray for success... and life renewed.","在我垂死之際……


我留下這份記錄，好讓後來者知曉瘋狂之神塔爾揚犯下的恐怖罪行，也讓他們不會誤以為斯卡拉布雷是他唯一的目標。


我們舉辦了一場盛大的慶典，慶祝擊敗曼加的勝利。然後，曼加的主人——瘋狂之神塔爾降臨了……他的陰影蹂躪了城市，邪惡的生物蜂擁而出，襲擊美麗的斯卡拉布雷。人們四處奔逃，但塔爾揚的爪牙無一放過。


塔爾揚得意洋洋地宣稱，斯卡拉布雷只是他完成復仇的一系列征服中的一環。當我誓言傳奇獵鷹殺手以及那些擊敗曼加的人終將歸來、再次獲勝時，他放聲大笑。作為對我這番威脅的報償，他迅速轉動鑲滿寶石的長劍，刺入我的腹部。


必須阻止塔爾揚，因為這關係到的不只是斯卡拉布雷的命運，也不只是凱斯的命運。失敗將意味著所有生命的滅絕——除了可悲的塔爾揚與他那些奴性的寄生蟲。祈求成功……祈求生命重生。"
INTROTEXT_BT3_0,"Come hear the tale of Skara Brae -

A god returned to have his way.

Creatures of darkness, spawn of night,

The Mad One's kin destroyed the site.","且聽斯卡拉布雷的故事——

一位歸來的神祇，欲遂其意。

黑暗的造物，黑夜的孽種，

狂人之親族，摧毀了此地。"
INTROTEXT_BT3_1,"Defenders fell, their bane come true,

Garth, Roscoe, Kylearan too!

As doom approached, the helpless fled.

It did no good, the streets ran red.","守護者隕落，災劫成真，

加斯、羅斯可、凱拉蘭亦同！

末日降臨，無助者四散奔逃。

一切徒勞，街道血流成河。"
INTROTEXT_BT3_2,"Survivors few, they sit and mope,

with but one final ray of hope:

Cross time and space, the legends say,

Heroes, at last! To steal the day!","倖存者寥寥，坐困愁城，

僅存一線希望之光：

穿越時空，傳說有云，

英雄，終將現身！奪回勝利之日！"
OUTROTEXT_BT3_0,"""Welcome, brave heroes. You have succeeded in destroying

the threat to all reality. As you know, to do this, you slipped

the bonds of time, and traveled forbidden routes through that

which has forever been. You pressed your struggle forward

despite danger and death, and you accomplished that which

the gods themselves were unable to do.""",「歡迎，勇敢的英雄們。你們成功摧毀了威脅整個現實的危機。如你們所知，為此你們掙脫了時間的束縛，穿越了永恆存在的禁忌路徑。你們不顧危險與死亡，奮力向前推進，完成了眾神本身也無能為力的事。」
OUTROTEXT_BT3_1,"His praise washes over you like a warm ocean wave, and

you feel strength infuse your body. ""In doing what you have

done, you have proven yourself worthy of nothing less than

the ultimate reward."" He closes his eyes and raises his hands.

""The death of the gods tore reality asunder, but you bound

it up again. The gods of old are dead, therefore I accept you

as my new children. You shall be gods yourselves!""",他的讚美如溫暖的海浪般洗滌你全身，\n\n你感到力量注入體內。「你們的所作所為，\n\n證明了你們配得上這終極的獎賞。」他閉上雙眼，高舉雙手。\n\n「眾神之死撕裂了現實，但你們將其重新縫合。\n\n舊神已逝，因此我接納你們為我的新子嗣。\n\n你們自己將成為神祇！」
OUTROTEXT_BT3_2,"His eyes open again and you look upon infinity. At once you see

Skara Brae restored to its former beauty. You see beyond it

and the Six cities of the Plains. You see the whole world and 

each of its cultures, and you realize all of it is now your domain.",他再次睜開雙眼，你望見了無限。你瞬間看到\n\n斯卡拉布雷恢復了昔日的榮光。你看到平原六城\n\n以及更遠之處。你看到整個世界與\n\n其中的每一種文化，你明白這一切如今都是你的領域。
OUTROTEXT_BT3_3,"""And so it came to pass that eight new stars burned in the

night sky. The least of these, the Companion star, was

named Hawkslayer after a hero of legend. The other seven,

together known as the Company of Heroes, are each

named for one of the New Gods. Each night they can be seen

is betokened a good night, and adventurers know these gods

smile especially upon them...""",「於是，八顆新星在夜空中燃燒。\n\n其中最渺小的一顆，名為伴星，\n\n以傳說中的英雄『獵鷹殺手』命名。其餘七顆，\n\n合稱為英雄連星，每一顆都以一位新神之名命名。\n\n每當夜晚能看見它們，\n\n便預示著一個美好的夜晚，冒險者們知道這些神祇\n\n正對他們微笑……」
OUTROTEXT_BT3_4,"-- excerpt from The Gospel of the New Gods (Chap I, Verses 5-9)",——摘錄自《新神福音書》（第一章，第五至九節）
QUIT_NO_AUTOSAVE_SAVE_AT_GUILD,Quitting now will lose any unsaved progress because you cannot autosave outside of the Guild while Legacy Mode Save-At-Guild is active in Tales of the Unknown or The Destiny Knight. Do you wish to quit anyway?,現在離開將會遺失所有未存檔的進度，因為在《未知傳奇》或《天命勇士》中啟用「公會存檔傳承模式」時，無法在公會外自動存檔。你確定要離開嗎？
QUIT_NO_AUTOSAVE_SNARE,Quitting now will lose any unsaved progress because you cannot autosave during an active death snare event. Do you wish to quit anyway?,現在離開將會遺失所有未存檔的進度，因為在死亡陷阱事件進行中無法自動存檔。你確定要離開嗎？
QUIT_NO_AUTOSAVE_COMBAT,Quitting now will lose any unsaved progress because you cannot autosave during combat. Do you wish to quit anyway?,現在離開將會遺失所有未存檔的進度，因為在戰鬥中無法自動存檔。你確定要離開嗎？
QUIT_NO_AUTOSAVE_EVENT,"Quitting now will lose any unsaved progress because you cannot autosave during special events, or shops. Do you wish to quit anyway?",現在離開將會遺失所有未存檔的進度，因為在特殊事件或商店中無法自動存檔。你確定要離開嗎？
WARNING_NO_SAVE_DURING_DEATH_SNARE,You cannot save during a death snare! They are the ultimate challenge...,死亡陷阱進行中無法存檔！這是最終極的挑戰……
WARNING_NO_SAVE_DURING_COMBAT,You cannot save during combat,戰鬥中無法存檔
WARNING_NO_SAVE_DURING_EVENT,"You cannot save during special events, or shops",特殊事件或商店中無法存檔
INDIVIDUAL_INVENTORY_HINT,"Each character has their own inventory and gold to manage. Gold and items will need to be pooled and traded between characters. Each character can hold up to 16 items at a time, less if Misc Game Differences is enabled.",每個角色都有自己的道具欄與金幣需要管理。金幣與物品需要在角色之間集中分配與交易。每個角色最多可攜帶 16 件物品，若啟用「雜項遊戲差異」則數量更少。
SAVE_AT_GUILD_HINT,"With Save At Guild Only enabled, saving the game will only be possible when the party are in an adventurers guild or camp. Autosave will only fire when entering a guild. With Misc Game Differences also enabled, BT3 will still allow saving anywhere, since the original game introduced a save game option.",啟用「僅在公會存檔」後，只有在冒險者公會或營地時才能儲存遊戲。自動存檔僅在進入公會時觸發。若同時啟用「各代遊戲差異」，BT3 仍允許在任何地方存檔，因為原版遊戲已提供存檔選項。
CHAPTER_DIFFERENCES_HINT,"Enables differences between each game. These include:

- SPECIAL SLOT for monsters only in BT1.

- No archery in BT1.

- No item charges in BT1, instead items have a small chance to disappear on each use.

- 8 slot inventory in BT1 and 10 slots in BT2.

- Wine Skins only available in BT3.

- Rogue identifying items only available in BT3.

- Items and Spells adjusted to match each game.",啟用各代遊戲之間的差異。包括：\n\n- BT1 中怪物專用的特殊欄位。\n\n- BT1 中無弓箭。\n\n- BT1 中物品無充能次數，改為每次使用有低機率消失。\n\n- BT1 道具欄為 8 格，BT2 為 10 格。\n\n- 酒囊僅在 BT3 中可用。\n\n- 盜賊鑑定物品僅在 BT3 中可用。\n\n- 物品與法術已調整以符合各代遊戲。
XP_GRIND_HINT,"Enable the full XP requirements from the originals, and also some exploits that helped with levelling.

- Up to twice the XP needed for each level.

- Allows party attack to be initiated anywhere.

- Enabled shop buy and sell any charged item.

- All game events and battles are now redoable.",啟用原始版本完整的經驗值需求，以及一些有助於升級的漏洞。\n\n- 每個等級所需的經驗值最多增加兩倍。\n\n- 允許在任何地點發起隊伍攻擊。\n\n- 啟用商店買賣任何已充能的物品。\n\n- 所有遊戲事件與戰鬥現在皆可重複進行。
DISABLE_AUTOMAP_HINT,"Grab some grid paper and map the levels yourself. This was a big part of the 1980s experience and why all the spinners and teleports in dungeons exist. For those that have the time and temperament, this can be a rewarding experience. If Misc Game Differences is also enabled, then the <b>Thief of Fate (BT3)</b> will still allow for a simplified journal, just showing map walls and doors, as the original game introduced an automap feature.",拿些方格紙，親手繪製地圖吧。這是1980年代體驗的重要一環，也是地下城中存在這麼多迷向器和傳送門的原因。對於有時間和耐心的玩家來說，這會是一段很有成就感的體驗。如果同時啟用「雜項遊戲差異」，那麼<b>《命運之賊》(BT3)</b>仍會提供簡化的日誌，僅顯示地圖牆壁和門，因為原始遊戲已引入了自動地圖功能。
SONGS_HINT,Enabling this setting restores the way song magic used to work in the originals.\n\nSongs in <b>Tales of the Unknown (BT1)</b> and <b>The Destiny Knight (BT2)</b> revert to having their strength vary with dungeon difficulty. Songs in the <b>Thief of Fate (BT3)</b> have their strength vary with level of the bard that is singing.,啟用此設定會恢復歌曲魔法在原始版本中的運作方式。\n\n在<b>《未知傳奇》(BT1)</b>和<b>《天命勇士》(BT2)</b>中，歌曲的強度會隨地下城難度而變化。在<b>《命運之賊》(BT3)</b>中，歌曲的強度則隨吟唱詩人的等級而變化。
USEUNEQUIPPED_HINT,"On some platforms, such as the Commodore 64 (C64), it was possible to use items, that were not equipped, in combat. This has an especially large impact on bards, choosing to blow horns, or magic users in the <b>Thief of Fate (BT3)</b> using harmonic gems. Enabling this option also removes the ability to equip or unequip items during combat.",在某些平台上，例如Commodore 64 (C64)，可以在戰鬥中使用未裝備的物品。這對選擇吹響號角的吟遊詩人，或在<b>《命運之賊》(BT3)</b>中使用和諧寶石的魔法使用者影響尤其巨大。啟用此選項也會移除在戰鬥中裝備或卸下物品的能力。
NOEMPTYROOM_HINT,"The remaster adds some hints and random gear rewards to be found by searching the empty houses in cities. Ticking this option will remove those and empty houses will just be for finding random groups of enemies to fight, or the occasional dungeon entrance. This makes gaining the first few character levels just a little harder.",重製版在城市中搜索空屋時，會加入一些提示和隨機裝備獎勵。勾選此選項將移除這些獎勵，空屋只會用來尋找隨機的敵人群戰鬥，或偶爾發現地下城入口。這會讓前幾個角色等級的升級過程稍微困難一些。
DELETE_SAVE_CONFIRM,Permanently delete saved game:\n\n{0}\n\nAre you sure?,永久刪除存檔：\n\n{0}\n\n你確定嗎？
ENTER_FILENAME,Enter Filename...,輸入檔案名稱……
LOADINGHINT_0,"Your first three dungeons should be the sewers, the catacombs and the castle (in that order). Each is progressively tougher.",你最初的三個地下城應該是下水道、墓穴與城堡（依此順序）。每個都比前一個更難。
LOADINGHINT_1,You can adjust the speed that messages scroll in combat in gameplay settings.,你可以在遊戲設定中調整戰鬥中訊息滾動的速度。
LOADINGHINT_2,"Avoid traps. Higher level rogues are excellent at opening chests, but when in doubt use the 'Trapzap' spell.",小心陷阱。高等級的盜賊非常擅長開啟寶箱，但若有疑慮，請使用「陷阱轟炸」法術。
LOADINGHINT_3,Be sure that your party is fully healed before entering a new dungeon.,進入新地下城前，務必確保你的隊伍完全恢復生命值。
LOADINGHINT_4,Remember that each succeeding level goes UP in a tower or castle and DOWN in a dungeon.,請記住，在塔或城堡中，每往上一層就是「向上」；在地下城中，每往下一層就是「向下」。
LOADINGHINT_5,Good maps will show you the logical spots for secret doors and secret rooms.,好的地圖會顯示出秘密門與秘密房間的合理位置。
LOADINGHINT_6,Use your spells and Bard songs to lower the armor class of your entire party. The lower the better.,使用你的法術與吟遊詩人之歌來降低整個隊伍的防禦等級。越低越好。
LOADINGHINT_7,You can minimize damage by killing off all but one monster in either of the first two attacking groups.,你可以透過殺死前兩組攻擊怪物中其中一組的所有怪物，只留下一隻，來將傷害降到最低。
LOADINGHINT_8,"Treat the undead with respect. In other words, kill them quickly.",對待亡靈要心存敬畏。換句話說，快點殺了它們。
LOADINGHINT_9,Be prepared to die a lot with level 1 and 2 characters. Especially at night. Especially when you don't have any weapons and are just walking to Garth's Shoppe.,做好準備，等級 1 和 2 的角色會經常死亡。尤其是在夜間。尤其是當你沒有任何武器，只是走去加斯的商店時。
LOADINGHINT_10,"Monsters are smart. They usually attack your most vulnerable characters first, unless one of your members represents a significant threat.",怪物很聰明。它們通常會先攻擊你最脆弱的角色，除非你的某個成員構成重大威脅。
LOADINGHINT_11,Beware the Doppelganger monster. It enters your party and looks just like one of your members.,當心變身怪。它會混入你的隊伍，看起來就像你的其中一個成員。
LOADINGHINT_12,Develop a Sorcerer fast. They are very useful in dungeons.,快點培養一名術士。他們在地下城中非常有用。
LOADINGHINT_13,Don't venture too far into any dungeon without your maximum spell points. A good rule is to leave a dungeon when you are down to one quarter of your maximum spell points.,在法術點數未滿的情況下，不要深入任何地下城。一個好規則是：當你的法術點數降到最大值四分之一時，就該離開地下城。
LOADINGHINT_14,Manage your spell points carefully. Don't waste a spell if you can accomplish the same thing without magic.,謹慎管理你的法術點數。如果能不用魔法就達成同樣效果，就不要浪費法術。
LOADINGHINT_15,"Locate traps, second sight and sorcerer sight spells all identify traps within 30 feet.",「偵測陷阱」、「第二視界」和「術士視界」法術都能識別 30 呎內的陷阱。
LOADINGHINT_16,Cast a long lasting Bard spell right before entering a tavern. It's like getting a free spell.,進入酒館前先施放一個持續時間長的吟遊詩人法術，就像免費獲得一個法術一樣。
LOADINGHINT_17,"Generally, the more expensive the item is, the better it works. Almost like real life.",一般來說，物品越昂貴，效果越好。這幾乎跟現實生活一樣。
LOADINGHINT_18,"There are no cursed or bad items, unlike real life.",這裡沒有被詛咒或劣質的物品，跟現實生活不一樣。
LOADINGHINT_19,"Don't be stingy. Equip your fighters with the best armor, weapon, shield, helmet and gauntlets money can buy. After all, they can't take it with them.",別吝嗇。用金錢能買到最好的盔甲、武器、盾牌、頭盔和護手來裝備你的戰士。畢竟，他們死後也帶不走。
LOADINGHINT_20,Experiment with all items you find to determine their capabilities. Magical items are key to success.,嘗試使用你找到的所有物品，以了解它們的能力。魔法物品是成功的關鍵。
LOADINGHINT_21,"The tavern on Rakhir Street is the only tavern that serves wine. And that wine ""goes down"" easily. Good luck!",拉基爾街上的酒館是唯一供應葡萄酒的酒館。而且那種葡萄酒很容易「下肚」。祝好運！
LOADINGHINT_22,"If your spell points aren't recharging fast enough, go see Roscoe. But be prepared for electrifyingly high fees.",如果你的法術點數恢復得不夠快，就去找羅斯柯。但要做好準備，他的收費高得嚇人。
LOADINGHINT_23,"Temples are divine places of resurrection and complete healing. In fact, this is the only place to cure characters who have been withered or drained of experience.",神廟是進行復活和完全治療的神聖場所。事實上，這是唯一能治癒衰老或經驗耗盡角色的地方。
LOADINGHINT_24,"Gold you receive in battles is pooled for the party and can be used to buy weapons, heal your wounds or regenerate your spell points.",戰鬥中獲得的金幣會歸入隊伍共有，可用來購買武器、治療傷口或恢復法術點數。
LOADINGHINT_25,After battles you may find items which go into a pool for anyone to use. Sell or drop items if your inventory gets too full.,戰鬥後你可能會找到物品，這些物品會進入共用庫存，供任何人使用。如果你的道具欄太滿，就賣掉或丟棄物品。
LOADINGHINT_26,Every mage should know where Roscoe's Energy Emporium is. He will regenerate your magic if the price is right.,每個法師都應該知道羅斯柯的能量商店在哪裡。只要價格合適，他就會幫你恢復魔力。
LOADINGHINT_27,"If you cannot kill off all the magic-using monsters, you may want to cast anti-magic spells to protect against illusions, possessions and other spells.",如果你無法殺光所有會使用魔法的怪物，你可能需要施放反魔法法術來抵禦幻象、附身和其他法術。
LOADINGHINT_28,"It might be a good idea to stay close to a Temple at night, so you can quickly heal any wounds.",晚上最好待在神廟附近，這樣可以快速治療任何傷口。
LOADINGHINT_29,"Wizards are extremely important in advanced levels; they can summon demons, extremely powerful specials.",巫師在高級階段極其重要；他們可以召喚惡魔，這是極其強大的特殊能力。
LOADINGHINT_30,Items that appear in the inventory in red cannot be used by that character class.,道具欄中以紅色顯示的物品，該角色職業無法使用。
LOADINGHINT_31,"Don't be shy about using magic in combat. When in doubt, blast 'em with magic.",在戰鬥中不要吝於使用魔法。當你猶豫不決時，就用魔法轟炸他們。
LOADINGHINT_32,Trapzap spell disarms all traps within 30 feet.,「陷阱解除」法術能解除 30 呎內的所有陷阱。
LOADINGHINT_33,You may wish to drop by a tavern to wet the whistle of your Bard.,你可能想順道去酒館，讓你的吟遊詩人潤潤喉。
LOADINGHINT_34,Deeper dungeons require a higher Hide-In-Shadows and Critical Strike skill,更深層的地下城需要更高的「陰影躲藏」和「暴擊」技能。
ROOMHINT_0,"There's dungeons deep underneath Skara Brae... sewers, catacombs, the castle and more, each more dangerous than the one before.",斯卡拉布雷地下深處有地下城……下水道、地下墓穴、城堡等等，一個比一個危險。
ROOMHINT_1,"Explore and map every square in every maze. There are 'Magic Mouths' that give hints. There are 1-of-a-kind magic items and spell regeneration zones. Good maps will show you the logical spots for secret doors and secret rooms, too.",探索並繪製每個迷宮中每一格的地圖。有些「魔法之口」會提供提示。還有獨一無二的魔法物品和法術恢復區域。好的地圖也會顯示出暗門和密室可能存在的合理位置。
ROOMHINT_2,"Avoid traps. Higher level rogues are excellent at opening chests, but when in doubt use the 'Trapzap' spell.",避開陷阱。高等級的盜賊非常擅長開啟寶箱，但如果不確定，就使用「陷阱解除」法術。
ROOMHINT_3,You can use 'Trapzap' to disarm any traps you encounter.,你可以使用「陷阱解除」來解除你遇到的任何陷阱。
ROOMHINT_4,Be sure that your party is fully healed before entering a new dungeon.,在進入新的地下城之前，務必確保你的隊伍完全恢復。
ROOMHINT_5,"When you are finding your bearings in a maze, remember that each succeeding level goes UP in a tower or castle and DOWN in a dungeon.",當你在迷宮中尋找方向時，請記住，在塔樓或城堡中，每下一層是往上走；在地下城中，每下一層是往下走。
ROOMHINT_6,Your highest dexterity character will attack earliest in combat. Target particularly nasty monsters with spells and attacks from high dexterity characters first. Your less dexterous characters may not survive long enough to get in a first strike.,你敏捷度最高的角色會在戰鬥中最先攻擊。優先讓高敏捷度的角色用法術和攻擊鎖定特別難纏的怪物。你的低敏捷度角色可能撐不到發動先手攻擊的時候。
ROOMHINT_7,Use your spells and Bard songs to lower the armor class of your entire party. The lower the better.,使用你的法術和吟遊詩人之歌來降低整個隊伍的防禦等級。越低越好。
ROOMHINT_8,"If you are attacked by more than 2 groups of monsters, concentrate on magic users first. If you cannot kill off all the magic-using monsters, you may want to cast anti-magic spells to protect against illusions, possessions and other spells.",如果你被超過兩組怪物攻擊，優先集中攻擊會使用魔法的敵人。如果你無法殺光所有會使用魔法的怪物，你可能需要施放反魔法法術來抵禦幻象、附身和其他法術。
ROOMHINT_9,"You can minimize damage by killing off monsters in melee range first. Non-magic users, further than 10' away, will need to advance before they can attack.",你可以先消滅近戰範圍內的怪物，以將傷害降到最低。距離超過 10 呎的非魔法使用者，需要前進才能發動攻擊。
ROOMHINT_10,"Many of the undead monsters are capable of draining experience levels, turning characters old and gray or even turning characters to stone. Treat the undead with respect. In other words, kill them quickly.",許多亡靈怪物能夠吸取經驗等級，讓角色變得衰老灰白，甚至將角色石化。請對待亡靈保持敬意。換句話說，快點幹掉牠們。
ROOMHINT_11,"Be prepared to die a lot with level 1 and 2 characters. Especially at night. Especially when you don't have any weapons and are just walking to Garth's Shoppe. It might even be a good idea to stay close to a Temple at night, so you can quickly heal any wounds.",做好準備，1級和2級的角色會經常陣亡。尤其是在夜間。尤其是當你沒有任何武器，只是步行前往 Garth 的商店時。夜間最好待在神廟附近，這樣就能快速治療任何傷勢。
ROOMHINT_12,"Monsters are smart. They usually attack your most vulnerable characters first, unless one of your members represents a significant threat.",怪物很聰明。牠們通常會先攻擊你最脆弱的角色，除非你的其中一名成員構成重大威脅。
ROOMHINT_13,Beware the Doppelganger monster. It enters your party and looks just like one of your members.,小心變身怪。牠會潛入你的隊伍，看起來就跟你的其中一名成員一模一樣。
ROOMHINT_14,"Develop a Sorcerer fast. They are very useful in dungeons. Wizards are extremely important in advanced levels; they can summon demons, extremely powerful specials. Develop an Archmage, too. You'll need one; you'll want more.",盡快培養一名術士。他們在地下城中非常有用。巫師在高級階段極其重要；他們可以召喚惡魔，這些是極其強大的特殊能力。也培養一名大法師吧。你會需要一個；而且你會想要更多。
ROOMHINT_15,Don't venture too far into any dungeon without your maximum spell points. A good rule is to leave a dungeon when you are down to one quarter of your maximum spell points.,在法術點數未達最大值時，不要冒險深入任何地下城太遠。一個好規則是：當你的法術點數降到最大值四分之一時，就該離開地下城。
ROOMHINT_16,"Manage your spell points carefully. Don't waste a spell if you can accomplish the same thing without magic. Torches, for example, often work as well as magic light spells. On the other hand, don't be shy about using magic in combat. When in doubt, blast 'em with magic.",謹慎管理你的法術點數。如果不用魔法也能達成同樣效果，就不要浪費法術。例如，火把通常和魔法照明法術一樣好用。另一方面，在戰鬥中也不要吝於使用魔法。如果猶豫不決，就用魔法轟炸他們。
ROOMHINT_17,"Locate traps, second sight and sorcerer sight spells all identify traps within 30 feet. Trapzap spell disarms all traps within 30 feet.",「偵測陷阱」、「真知術」和「術士之眼」法術都能在 30 呎內辨識陷阱。「陷阱解除」法術能解除 30 呎內的所有陷阱。
ROOMHINT_18,Cast a long lasting Bard spell right before entering a tavern. It's like getting a free spell.,在進入酒館前，先施放一個持續時間長的吟遊詩人法術。這就像免費獲得一個法術一樣。
ROOMHINT_19,"Generally, the more expensive the item is, the better it works.",一般來說，物品越昂貴，效果就越好。
ROOMHINT_20,There are no cursed or bad items.,這裡沒有詛咒或不良的物品。
ROOMHINT_21,"Don't be stingy. Equip your fighters with the best armor, weapon, shield, helmet and gauntlets money can buy. After all, they can't take it with them.",別吝嗇。用金錢能買到的最好盔甲、武器、盾牌、頭盔和護手來裝備你的戰士。畢竟，他們死後也帶不走。
ROOMHINT_22,"Experiment with all items you find to determine their capabilities. Magical items are key to success. Remember that an item may only be usable for certain characters and classes, so trade items around if you have to.",嘗試使用你找到的所有物品，以確定它們的能力。魔法物品是成功的關鍵。請記住，物品可能只對特定角色和職業可用，所以必要時請互相交換物品。
ROOMHINT_23,Seek out the Review Board. You need to visit there to be awarded new levels and spells.,尋找仲裁委員會。你需要去那裡才能獲得新的等級和法術。
ROOMHINT_24,"By the way, the tavern on Rakhir Street is the only tavern that serves wine. And that wine ""goes down"" easily. You may wish to drop by to wet the whistle of your Bard. Good luck!",順便一提，拉基爾街上的那間酒館是唯一供應葡萄酒的酒館。而且那種酒「很容易下肚」。你可能想順道去那裡，讓你的吟遊詩人潤潤喉。祝好運！
ROOMHINT_25,"If your spell points aren't recharging fast enough, go see Roscoe. But be prepared for electrifyingly high fees.",如果你的法術點數恢復得不夠快，就去找羅斯柯。但要做好準備，他會收取高得嚇人的費用。
ROOMHINT_26,"Temples are divine places of resurrection and complete healing. In fact, this is the only place to cure characters who have been withered or turned to stone.",神廟是進行復活和完全治療的神聖場所。事實上，這裡是唯一能治癒衰老或石化角色的地方。
ROOMHINT_27,"Gold you receive in battles is pooled for the party and can be used to buy weapons, heal your wounds or regenerate your spell points.",你在戰鬥中獲得的金幣會匯入隊伍的共用資金，可以用來購買武器、治療傷口或恢復法術點數。
ROOMHINT_28,After battles you may find items which go into a pool for anyone to use. Sell or drop items if your party inventory gets too full.,戰鬥後你可能會找到物品，這些物品會進入一個任何人都能使用的共用庫存。如果你的隊伍庫存太滿，就賣掉或丟棄物品。
ROOMHINT_29,Every mage should know where Roscoe's Energy Emporium is. He will regenerate your magic if the price is right.,每個法師都應該知道羅斯柯的能量商店在哪裡。只要價格合適，他就會幫你恢復魔力。
ROOMHINT_30,"The temples can heal your wounds, cure your illnesses and even bring back the dead for the right donation.",神廟可以治療你的傷口、治癒你的疾病，甚至只要捐獻足夠的香油錢，就能讓死者復活。
ROOMHINT_31,Deeper dungeons require a higher hide-in-shadows skill. Keep upgrading your skill to 100 and beyond or you will be discovered more often.,更深層的地下城需要更高的「藏身陰影」技能。持續將你的技能提升到 100 或更高，否則你將更常被發現。
ROOMHINT_32,"Search all the buildings in all the towns. There is a dungeon to be found in every town, starting with Tangramayne.",搜索所有城鎮中的所有建築物。從坦格拉梅恩開始，每個城鎮都有一個地下城可以探索。
ROOMHINT_33,"The forests of the Realm hide a variety of interesting buildings, huts and strongholds (as well as a host of evildoers). Crypts can also be found in the wilderness and are worth investigating if you can gain access.",王國的森林中隱藏著各種有趣的建築物、小屋和據點（以及一大群邪惡之徒）。在荒野中也能找到墓穴，如果你能設法進入，這些地方值得調查。
ROOMHINT_34,Be sure to tip the bartender. He has valuable information to give you. Try giving him more money when you can afford it.,記得給酒保小費。他有寶貴的情報可以提供給你。當你負擔得起時，試著給他更多錢。
ROOM_SEARCH,"Searching the room, you discover some parchment from the Adventurer's Guild Handbook. It reads:\n\n",搜索房間時，你發現了一些來自冒險者公會手冊的羊皮紙。上面寫著：\n\n
FOUND_HANDBOOK,There is a scrap of parchment from the Adventurer's Guild Handbook here. It reads:\n\n,這裡有一張來自冒險者公會手冊的羊皮紙碎片。上面寫著：\n\n
NOTE_READS,A note here reads:\n,這裡有一張便條，上面寫著：\n
EXIT_BUILDING,Exit building,離開建築物
IN_EMPTY_BUILDING,You are in an empty building.,你在一個空無一物的建築物裡。
SEARCH_THE_ROOM,You search the room for anything useful...\n\n,你搜索房間尋找任何有用的東西……\n\n
GUILD_TITLE,Thou art in the Guild of Adventurers.,汝身處冒險者公會之中。
ENTER_THE_CITY,Enter the city,進入城市
GUILD_LEADER,Guild Leader,公會長
CAMP_TITLE,Thou art in the camp of Skara Brae.,你身處斯卡拉布雷的營地。
CAMP_ENTER_WILDERNESS,Enter the wilderness,進入荒野
GUILD_BEGIN_VOLUME2,Begin Volume II - The Destiny Knight,開始第二卷——天命勇士
GUILD_BEGIN_VOLUME3,Begin Volume III - Thief of Fate,開始第三卷——命運之賊
GUILD_ADD_MEMBER,Add member to party,新增成員至隊伍
GUILD_REMOVE_MEMBER,Remove member from party,從隊伍中移除成員
GUILD_CREATE_MEMBER,Create a new member,創建新成員
GUILD_DELETE_MEMBER,Delete member from roster,從名冊中刪除成員
GUILD_MORE_OPTIONS,More options...,更多選項……
GUILD_CHOOSE_PORTRAIT,Choose new portrait,選擇新頭像
GUILD_RENAME_MEMBER,Rename a party member,重新命名隊伍成員
GUILD_TALK_TO_LEADER,Talk to the guild leader,與公會長交談
GUILD_SAVE_PARTY,Save party to roster,將隊伍儲存至名冊
GUILD_QUIT_AND_EXIT,Quit and exit game,離開並退出遊戲
GUILD_EXIT_TO_PREVIOUS,Exit to previous menu,返回上一個選單
GUILD_CHANGE_PORTRAIT,Change portrait for which character?,要為哪個角色更換頭像？
GUILD_CHOOSE_CHAR_TO_RENAME,Choose a character to rename:,選擇一個要重新命名的角色：
GUILD_SELECT_NEW_NAME,Select a new name for {0}:,為 {0} 選擇一個新名字：
GUILD_NAME_IS_TAKEN,That name is already taken.,該名字已被使用。
GUILD_LEADER_KILLMANGAR,"All hail to the heroes of Skara Brae.\n\nNow that Mangar is dead, this blizzard will surely lift soon.\n\nYour work here is done. I wish you much luck in your future adventures in the land of Caith!",向斯卡拉布雷的英雄們致敬。\n\n既然曼加爾已死，這場暴風雪肯定很快就會平息。\n\n你在這裡的任務已經完成。祝你在凱斯大陸的未來冒險中好運連連！
GUILD_LEADER_SEVENTHWORD,"Mangar protects himself using a riddle with 7 answers, and you found them all! Your skills are without limit. You will surely be able to rid us of this evil soon!",曼加爾用一個有七個答案的謎語保護自己，而你找到了所有答案！你的技藝無可限量。你一定能很快為我們除去這個邪惡！
GUILD_LEADER_MADGOD,You found the Mad God and defeated him?! That's amazing. Our faith in you was not wasted!,你找到了瘋狂之神並擊敗了他？！太驚人了。我們對你的信任沒有白費！
GUILD_LEADER_TARJANANSWERED,I see you've found an entrance into the catacombs. Your progress is impressive!,我看見你找到了一個進入地下墓穴的入口。你的進展令人印象深刻！
GUILD_LEADER_SAMURAI,What is this? The statue turned into a Samurai and attacked you? This must be Mangar's evil magic. There are guardian statues throughout the town and some are undoubtedly even tougher to defeat!,這是怎麼回事？雕像變成了一個武士並攻擊了你？這一定是曼加爾的邪惡魔法。城鎮各處都有守護雕像，有些無疑更難擊敗！
GUILD_LEADER_MANGAR,"An evil wizard Mangar is threatening the town. He's brought down a blizzard upon us and all manner of evil creatures are wandering about.\n\nTake a party out into town, explore everywhere for clues. You MUST find a way to stop him!",邪惡巫師曼加爾正威脅著這座城鎮。他給我們帶來了暴風雪，各種邪惡生物四處遊蕩。\n\n帶一支隊伍到鎮上去，四處探索尋找線索。你必須找到阻止他的方法！
GUILD_PARTY_FULL,Your party is full. Try removing some members before you add a new member.,你的隊伍已滿。請先移除一些成員，再新增新成員。
GUILD_ROSTER_EMPTY,The roster of heroes is empty. So sad...\n\nYou should go and create some new characters right away!,英雄名冊空空如也。真是令人傷心……\n\n你應該立刻去創建一些新角色！
GUILD_NOBODY_IN_PARTY,"There is nobody in your party, and so you cannot remove a member. Have a good day!",你的隊伍中沒有人，因此無法移除成員。祝你有美好的一天！
GUILD_DELETE_CONFIRM,Did you mean to delete everyone in the heroes roster? Because they are all gone... forever!,你確定要刪除英雄名冊中的所有角色嗎？因為他們將全部消失……永遠消失！
GUILD_PARTY_NOT_WORTH_SAVING,That's not a party worth saving!,這支隊伍根本不值得拯救！
GUILD_NEED_PARTY_FOR_WILDERNESS,You need some active party members before you can enter the wilderness!,你必須先有活躍的隊伍成員，才能進入荒野！
GUILD_NEED_PARTY_FOR_CITY,You need some active party members before you can enter the city!,你必須先有活躍的隊伍成員，才能進入城市！
GUILD_ADD_MEMBER_TO_PARTY,Add member to your party\n,將成員加入你的隊伍\n
GUILD_REMOVE_MEMBER_FROM_PARTY,Remove Member from your party\n,將成員從你的隊伍中移除\n
GUILD_ALL_MEMBERS,All members,所有成員
GUILD_PARTY_ROSTER,Party Roster,隊伍名冊
GUILD_DELETE_MEMBER_PERMANENT,Delete member permanently,永久刪除成員
GUILD_CANNOT_DELETE_MEMBER_IN_PARTY,You cannot delete a character that is in your Party. {0} is not amused.,你無法刪除正在隊伍中的角色。{0} 對此很不高興。
GUILD_CANNOT_DELETE_MEMBER_WITH_QUEST_ITEMS,You cannot delete a character holding quest items... you will need to empty their inventory first.,你無法刪除持有任務物品的角色……你必須先清空他們的道具欄。
GUILD_CONFIRM_DELETE_PARTY,Are you sure you wish to delete the party: {0}?,你確定要刪除隊伍：{0} 嗎？
GUILD_CONFIRM_DELETE_CHAR,Are you sure you wish to delete {0}?,你確定要刪除 {0} 嗎？
GUILD_CONFIRM_ACTION,This action cannot be undone.,此動作無法復原。
GUILD_CREATE_NEW_MEMBER,Create a new guild member...,創建新的公會成員……
GUILD_SELECT_GENDER,Select a gender:,選擇性別：
GUILD_SELECT_RACE,Select a race:,選擇種族：
GUILD_SELECT_PROFESSION,Select a profession:,選擇職業：
GUILD_ROLL_ATTRIBUTES,Roll your attributes...\n,擲骰決定你的屬性……\n
GUILD_CLASS_DEFAULT,-- CLASS DEFAULT --,——職業預設——
GUILD_ENTER_NAME,Enter the new member's name:,輸入新成員的名稱：
GUILD_CHARACTER_ALREADY_EXISTS,A character by the name of {0} already exists in the roster. Please choose a unique name!,名冊中已存在名為 {0} 的角色。請選擇一個獨特的名稱！
GUILD_ENTER_PARTY_NAME,Enter a name for your party:,為你的隊伍輸入名稱：
GUILD_NAME_TAKEN,That name is already taken.,該名稱已被使用。
RB_1_0,Seek out Brilhasti ap Tarj beneath the Mad God's Temple!,前往瘋狂之神神殿下方，尋找 Brilhasti ap Tarj！
RB_1_1,"The old man in the Review Board scratches his head. ""Yes, you are the prophesied ones, but you have come too early. No matter.""",仲裁委員會的老人搔了搔頭。「沒錯，你們就是預言中的人，但你們來得太早了。不過沒關係。」
RB_1_2,"""Beneath Skara Brae you will find one of Tarjan's devotees. Brilhasti ap Tarj is a foul Necromancer, and his life impedes my efforts to stave off disaster.""",「在 Skara Brae 地下，你們會找到 Tarjan 的一名信徒。Brilhasti ap Tarj 是個邪惡的死靈法師，他的存在阻礙了我阻止災難的努力。」
RB_1_3,"""You may enter the Catacombs under the Mad God's Temple by uttering his master's name... 'Tarjan'""",「只要說出他主人的名字……『Tarjan』，你們就能進入瘋狂之神神殿下的墓穴。」
RB_1_4,"""Destroy Brilhasti ap Tarj, then return to me for your true quest.""",「消滅 Brilhasti ap Tarj，然後回來找我，接受你們真正的任務。」
RB_2_0,"""Go to Arboria and retrieve for me Valarian's Bow and The Arrows of Life. The Chronomancer spell, Apport Arboria, cast at the Twilight Copse will get you there. The spell, Reditus Arboria, cast at the point where you arrived, will return you to Caith.""",「前往 Arboria，為我取回瓦拉里安之弓與生命之箭。在暮光林地施展時空術士法術『傳送 Arboria』即可抵達該處。在你抵達的地點施展『回歸 Arboria』法術，則會將你送回 Caith。」
RB_2_1,"""Welcome ye children of the prophecy. Upon your shoulders falls a great weight, for you must embark on what will be your greatest adventure ever.""",「歡迎你們，預言的子民。一副重擔將落在你們肩上，因為你們必須踏上此生最偉大的冒險。」
RB_2_2,"""That which has laid waste to Skara Brae is an ancient evil recently released. It threatens to destroy all reality and time as it has wrought havoc on Skara Brae.""",「那對斯卡拉布雷造成浩劫的，是最近釋放出的遠古邪惡。它已在斯卡拉布雷肆虐，並威脅要毀滅所有的現實與時間。」
RB_2_3,"""If you cannot stop it, it will consume the universe. If you do stop it, you will be rewarded beyond all your dreams.""",「如果你們無法阻止它，它將吞噬整個宇宙。如果你們成功阻止了它，你們將獲得超越一切夢想的獎賞。」
RB_2_4,"""Prepare thyselves, and hasten to the place of trees, for it is most like the first dimension you must sojourn in to blunt the evil.""",「準備好你們自己，趕往樹木之地，因為那裡最像你們必須首先停留以削弱邪惡的第一個次元。」
RB_2_5,"""Arboria, the home of Valarian the bold, is reached through using powerful magic that only a Chronomancer can control.""",「阿博利亞，勇敢者瓦拉利安的家鄉，必須透過只有時空術士才能操控的強大魔法才能抵達。」
RB_2_6,"""Bring to me Valarian's Bow and The Arrows of Life if Valarian will not return here with you.""",「如果瓦拉利安不願隨你們回來，就把瓦拉利安之弓和生命之箭帶回來給我。」
RB_2_7,"""Yes, and be on the lookout for an ally, for you are not the first I have sent on this quest. Though your paths are different, they may cross, and you will do well together.""",「是的，並留意尋找一位盟友，因為你們並非我派去執行此任務的第一批人。雖然你們的道路不同，但可能會交會，而你們聯手將會大有可為。」
RB_3_0,"""Use Apport Gelidia at Cold Peak to travel to Gelidia and retrieve for me the Wand of Power and the Sphere of Lanatir.""",「在冷峰使用『阿波特·格利迪亞』前往格利迪亞，為我取回力量之杖與拉納提爾之球。」
RB_3_1,"The old man takes the news of Valarian's death hard, but he summons a smile to his lips and breathes deeply.",老人聽聞瓦拉利安的死訊後顯得難以承受，但他強擠出一抹微笑掛在唇邊，深深吸了一口氣。
RB_3_2,"""You have done well, children, and I take well the news that Hawkslayer has survived this long. Now you are bound for a place far distant.""",「你們做得很好，孩子們，而『弒鷹者』能存活至今的消息，我也欣然接受。現在，你們將前往一個遙遠的地方。」
RB_3_3,"""It is the dimension of magic. It is known as Gelidia and if your Chronomancer is able, I will share the spells to get you there and back again.""",「那是魔法的次元，被稱為格利迪亞。如果你們的時空術士有能力，我將分享讓你們往返那裡的咒語。」
RB_3_4,"""I shall teach there Apport Gelidia and Reditus Gelidia. Seek out Cold Peak to the north west, as they will only work there.""",「我將在那裡傳授『阿波特·格利迪亞』與『雷迪圖斯·格利迪亞』。前往西北方的冷峰，因為這些法術只在那裡有效。」
RB_3_5,"""Bring Lanatir with you, or, if you cannot convince him to come, coax from him the Wand of Power and the Sphere of Lanatir.""",「帶著拉納提爾一起來，或者，如果你們無法說服他前來，就從他那裡誘出力量之杖與拉納提爾之球。」
RB_4_0,"Seek out Alliria in Lucencia. The Crystal Spring in the east offers passage to Lucencia using Apport Lucencia. Recover the Crown of Truth and the Belt of Alliria!""",「在盧森西亞尋找阿利里亞。東方的水晶泉提供使用『阿波特·盧森西亞』前往盧森西亞的通道。取回真理之冠與阿利里亞之腰帶！」
RB_4_1,"The old man appears visibly shaken by the news of Lanatir's death. After a long silence he stares off into space and mumbles, ""Is it to be that way then?""",老人聽到拉納提爾的死訊後，明顯地動搖了。經過長時間的沉默，他凝視著遠方，喃喃自語：「事情非得如此嗎？」
RB_4_2,"His eyes focus upon you again, and a grim look washes over his features. ""Now you are bound for Lucencia.""",他的目光再次聚焦在你們身上，一抹嚴峻的神色掠過他的面容。「現在，你們將前往盧森西亞。」
RB_4_3,"""To this end, I will teach thee Apport Lucencia and Reditus Lucencia which you must use at the Crystal Spring to the north east.""",「為此，我將教導你們『阿波特·盧森西亞』與『雷迪圖斯·盧森西亞』，你們必須在東北方的水晶泉使用它們。」
RB_4_4,"""I dare not hope Alliria lives, so I want you to recover the Crown of Truth and the Belt of Alliria. Beware, for she had a jealous consort, and he will protect her as best he can.""",「我不敢奢望阿利里亞還活著，所以我希望你們取回真理之冠與阿利里亞之腰帶。小心，因為她有一位善妒的伴侶，他會盡其所能地保護她。」
RB_5_0,"""Get thee to Kinestia and recover The Hammer of Wrath and Ferofist's Helm. Your path begins in the Dwarven Mines to the south west!""",「前往基內斯蒂亞，取回憤怒之錘與費羅菲斯特之頭盔。你們的道路始於西南方的矮人礦坑！」
RB_5_1,"The old man's look of grim determination withstands news of Alliria's death, but the information saps some of his strength.",老人臉上堅毅決絕的神情承受住了阿利里亞死訊的打擊，但這個消息仍削弱了他的一些力量。
RB_5_2,"""Quickly then, my children, to distant Kinestia!""",「那麼，快去吧，我的孩子們，前往遙遠的基內斯蒂亞！」
RB_5_3,"""Learn now, Apport Kinestia and Reditus Kinestia, which will take you to Ferofist in Kinestia if cast from the Dwarven Mines in the south west.""",「現在學會『阿波特·基內斯蒂亞』與『雷迪圖斯·基內斯蒂亞』，若在西南方的矮人礦坑施放，它們將帶你們前往基內斯蒂亞的費羅菲斯特那裡。」
RB_5_4,"""You must return here with The Hammer of Wrath and Ferofist's Helm. I know Ferofist yet lives, but I cannot be sure of how long he will survive.""",「你們必須帶著憤怒之錘與費羅菲斯特之頭盔回到這裡。我知道費羅菲斯特還活著，但我無法確定他還能存活多久。」
RB_5_5,"""Hurry, the pace quickens, and the outlook is horrible if you fail!""",「快點，節奏正在加快，如果你們失敗，前景將不堪設想！」
RB_6_0,"""Get to Tenebrosia! Bring me the Helm of Justice and Sceadu's Cloak. Seek the Shadow Rock!""",「前往泰尼布羅西亞！為我帶來正義之盔與斯卡杜之斗篷。尋找暗影之岩！」
RB_6_1,"The old man's eyes narrow as you tell of Ferofist's end. ""An alliance with the dark one, did he say? It is well he realized his folly in the end.""",當你們訴說費羅菲斯特的結局時，老人瞇起了眼睛。「與黑暗者結盟，他是這麼說的嗎？他最終能認清自己的愚行，這很好。」
RB_6_2,"He pauses a second, and you see utter weariness send a tremor through him. ""Now to Tenebrosia for all of you.""",他停頓了一秒，你們看見極度的疲憊讓他渾身一顫。「現在，你們所有人都要去泰尼布羅西亞。」
RB_6_3,"I endow thee with the spells to travel there and return: Apport Tenebrosia and Reditus Tenebrosia. The spell must be cast at Shadow Rock, which can be seen towering in the east.""",「我授予你們往返該地的咒語：『阿波特·泰尼布羅西亞』與『雷迪圖斯·泰尼布羅西亞』。此咒語必須在暗影之岩施放，那塊岩石高聳於東方，清晰可見。」
RB_6_4,"""Remember, in the land where night is day and day is night, nothing is as you know it to be. Paradox lives there - trust no one but yourselves.""",「記住，在那個夜晚是白天、白天是夜晚的土地上，一切都與你們所知的不同。矛盾存在於那裡——除了你們自己，誰也別相信。」
RB_6_5,"""From there I require the Helm of Justice and Sceadu's Cloak.""",「從那裡，我需要正義之盔與斯卡杜之斗篷。」
RB_7_0,"""Off with you to Tarmitia, land of unceasing warfare. From the Vale to the South, thou must cast Apport Tarmitia. Recover Werra's Shield and the Strifespear.""",「去吧，前往塔米提亞，那永無止境的戰爭之地。從南方的溪谷，你們必須施放『阿波特·塔米提亞』。取回維拉之盾與紛爭之矛。」
RB_7_1,"""No!"" the old man cries out, ""not Sceadu as well. The dark one is utterly mad. Still,"" the old man smiles, ""he burns the chaff while I sow the seed.""",「不！」老人喊道，「連 Sceadu 也……黑暗者徹底瘋了。不過，」老人微微一笑，「他焚燒穀殼，而我播下種子。」
RB_7_2,"""Off with you to Tarmitia, the land of unceasing warfare. A myriad of ages meld together there, and your success depends upon your ability to adapt.""",「去 Tarmitia 吧，那片永無止境的征戰之地。無數紀元在那裡交織融合，你的成功取決於你適應變化的能力。」
RB_7_3,"""Bring me Werra's Shield and the Strifespear.""",「把 Werra 之盾與紛爭之矛帶來給我。」
RB_7_4,"His eyes lose their focus. ""It is almost done, the circle is almost joined.""",他的眼神失去焦距。「就快完成了，圓環即將閉合。」
RB_8_0,The old man lies dead. His last request still plagues your memories. You must endure stench to get to Malefia and help Hawkslayer to defeat the Mad God Tarjan before he destroys all of reality.,老人倒地身亡。他最後的請求仍縈繞在你記憶中。你們必須忍受惡臭前往 Malefia，幫助 Hawkslayer 擊敗瘋狂之神 Tarjan，以免他毀滅一切現實。
RB_8_1,"""I know,"" the old man gurgles, ""Werra lies dead.""\n\nBlood bubbles up on his lips and joins the dark stains on the rest of his clothing. ""I, too, have been slain by the Mad One.""",「我知道，」老人咕噥道，「Werra 已死。」\n\n血沫從他唇邊湧出，與衣物上深色的血漬融為一體。「我也被那瘋狂者殺害了。」
RB_8_2,"""Gather up the prizes you have won, the special ones, those I requested. Hawkslayer has already ventured into Malefia, the land of EVIL.""",「收集你們贏得的獎賞——那些特別的、我指定過的物品。Hawkslayer 已經深入 Malefia，那片邪惡之地。」
RB_8_3,"""I have placed the prizes in the storage building near the entrance of Skara Brae.""",「我已將獎賞存放在 Skara Brae 入口附近的儲藏室裡。」
RB_8_4,"""An acrid stench you must endure to reach the land of EVIL.""",「你們必須忍受一股刺鼻惡臭，才能抵達邪惡之地。」
RB_8_5,"""Get yourselves hence and help him. Destroy the Mad God Tarjan before he destroys all reality!!""",「動身前往，幫助他。在瘋狂之神 Tarjan 毀滅一切現實之前消滅他！！」
RB_8_6,"With those final words, the old man slumps over, and his body dissolves into a mist that a slight breeze stirs and blows away.",說完最後這些話，老人癱倒下去，身軀化為一團薄霧，被微風攪動、吹散。
RB_DEFEATED_BRILLHASTI,"""Yes! You defeated Brillhasti... There is now no doubt. The prophecy begins. Take this experience and let it serve you in the coming battles.""\n\nThe old man spreads his arms and your warriors are instantly advanced to level 35, while your mages are given the wisdom of a 5th level Archmage. You are now truly ready for the adventures ahead.",「是的！你擊敗了 Brillhasti……如今已無庸置疑。預言開始了。收下這份經驗，讓它在接下來的戰鬥中助你一臂之力。」\n\n老人張開雙臂，你的戰士們瞬間提升至35級，而你的法師們則獲得了5級大法師的智慧。你現在確實已準備好迎接前方的冒險。
RB_OLD_MAN_REWARD_XP,The old man rewards each member 600000 experience points.,老人獎勵每位成員 600000 點經驗值。
RB_OLD_MAN_REENERGIZE,"With a wave of his hand, the old man re-energizes all magic users.",老人揮了揮手，為所有魔法使用者重新補充能量。
RB_REVIEW_BOARD_EMPTY,The review board lies empty... The last elder is gone and you are alone.\n\nAll that is left is the elder's last words echoing in your mind... to endure the acrid stench that leads to the land of EVIL and to find and destroy the Mad God Tarjan before he destroys all reality!,仲裁委員會已空無一人……最後一位長老已逝，如今只剩你獨自一人。\n\n耳邊僅存長老最後的話語迴盪……忍受那通往邪惡之地的刺鼻惡臭，找到並摧毀瘋狂之神塔爾揚，在他毀滅所有現實之前！
RB_HALL_OF_WIZARDS,Thou art in the hall of wizards.\n\nWould thou like...,汝身處巫師大廳。\n\n汝是否想要……
RB_LAST_GUILD_ELDER,The last of the guild elders is here.\n\nWould thou like...,公會長老最後一位在此。\n\n汝是否想要……
RB_REVIEWED_FOR_WHAT,Wouldst thou like to be reviewed for:,汝是否想要接受審核以：
RB_ADVANCEMENT,Advancement,晉升
RB_SPELL_AQUIRING,Spell Acquiring,學習法術
RB_CLASS_CHANGE,Class Change,轉換職業
RB_BUY_A_NEW_SPELL,Buy a new spell,購買新法術
RB_TALK_TO_THE_ELDER,Talk to the elder,與長老交談
RB_WHO_SEEKS_KNOWLEDGE,Who seeks the special knowledge of the mystic arts?,誰在尋求神秘技藝的特殊知識？
RB_NOT_A_SPELLCASTER,Thou art not a spell caster!,汝並非施法者！
RB_ALREADY_KNOW_SPELL,Thou already knows that spell!,汝已習得該法術！
RB_CANNOT_AFFORD_SPELL,You cannot afford to learn this spell. Come back when you have at least {0} gold.,你負擔不起學習此法的費用。當你至少有 {0} 金幣時再來吧。
RB_LEARN_SPELL_FOR_X_GOLD,Thou may learn {0} for {1} gold.,汝可以花費 {1} 金幣學習 {0}。
RB_NOBODY_MAYBE_LATER,"Nobody, maybe later",沒有人，或許下次吧
RB_YES_I_WANT_TO_LEARN,"Yes, I want to learn!",是的，我想要學習！
RB_TITLE,Empty Review Board,仲裁委員會空無一人
RB_CHAR_CANNOT_AFFORD_TO_LEARN,{0} cannot afford the {1} gold needed to learn this spell.,{0} 負擔不起學習此法術所需的 {1} 金幣。
RB_ELDERS_TEACH_LORE,The Elders teach you the lore.,長老們傳授你知識。
RB_GUILD_ELDER_PREPARES_TO_REVIEW,The guild elder prepares to weigh thy merits.\n\nWho shall be reviewed?,公會長老準備評定你的功績。\n\n誰將接受審查？
RB_ELDERS_PREPARE_TO_REVIEW,The elders prepare to weigh thy merits.\n\nWho shall be reviewed?,長老們準備評定你的功績。\n\n誰將接受審查？
RB_GUILD_LEADERS_PREPARE_TO_REVIEW,The guild leaders prepare to weigh thy merits.\n\nWho shall be reviewed?,公會領袖們準備評定你的功績。\n\n誰將接受審查？
RB_GUILD_ELDER_DEEMS_ADVANCE,The guild elder deems that {0} hath earned a level of advancement...\n\n,公會長老判定 {0} 已獲得晉升一級的資格……\n\n
RB_GUILD_ELDER_DEEMS_NO_ADVANCE,The guild elder deems that {0} still needeth {1} experience prior to advancement...,公會長老判定 {0} 在晉升前仍需 {1} 經驗值……
RB_ELDERS_DEEM_ADVANCE,The elders deem that {0} hath earned a level of advancement...\n\n,長老們判定 {0} 已獲得晉升一級的資格……\n\n
RB_ELDERS_DEEM_NO_ADVANCE,The elders deem that {0} still needeth {1} experience prior to advancement...,長老們判定 {0} 在晉升前仍需 {1} 經驗值……
RB_GUILD_LEADERS_ADVANCE,The guild leaders deem that {0} hath earned a level of advancement...\n\n,公會領袖們判定 {0} 已獲得晉升一級的資格……\n\n
RB_GUILD_LEADERS_NO_ADVANCE,The guild leaders deem that {0} still needeth {1} experience prior to advancement...,公會領袖們判定 {0} 在晉升前仍需 {1} 經驗值……
RB_NO_MEMBERS_NEED_SPELL_LEVELS,You have no members that can be taught new spell levels.,你沒有任何成員能夠學習新的法術等級。
RB_ALREADY_MAXIMUM_SPELL_LEVEL,Thou art already at maximum spell level!,你已達到最高法術等級！
RB_CANNOT_LEARN_NEW_SPELLS,Thou cannot learn new spells yet!,你還不能學習新法術！
RB_SPELL_LEVEL_COST_THEE_GOLD,{0} spell level {1} will cost thee {2} in gold.,{0} 的法術等級 {1} 將花費你 {2} 金幣。
RB_YOU_WILL_LEARN_SPELLS,You will learn these spells:,你將學習這些法術：
RB_YES_PAY,"Yes, I will pay now! Teach me...",是的，我現在就付費！教導我吧……
RB_NO_DONT_PAY,"No, I will come back later.",不，我稍後再來。
RB_NEED_GOLD_FOR_NEW_SPELLS,You need {0} gold before you can be taught the new spells!,你需要 {0} 金幣才能學習新法術！
RB_OLD_MAN_TAUGHT_LORE,The old man has taught you the lore.,老人已傳授你知識。
RB_SAGES_TAUGHT_LORE,The Spell Sages have taught you the lore.,法術賢者們已傳授你知識。
RB_MAGE_SEEKS_CLASS,Which mage seeks to change their class?,哪位法師尋求轉換職業？
RB_YOU_HAVE_NO_MAGES_SEEK_CLASS,You have no mages in your party that can change class!,你的隊伍中沒有可以轉換職業的法師！
RB_MUST_KNOW_3_SPELL_LEVELS,You must know at least 3 spell levels in your present art first.,你必須先精通至少三級現有法術。
RB_NO_CLASS_TO_CHANGE_TO,There is no class you can change to!,沒有你可以轉換的職業！
RB_CHAR_WHAT_TO_BECOME,"{0}, what wouldst thou become?",{0}，你想成為什麼？
RB_CHAR_NEW_CLASS_LEARNT_SPELLS,{0} is now a {1} and has learnt the following spells:,{0} 現在是一名 {1}，並學會了以下法術：
RB_UNDERSTAND_SACRIFICE,"Thee understands the sacrifice, dost thou not?\nThee will be stripped of all thy spells and knowledge thereof. Thee will be more powerful than ever before, but more vulnerable as well.\nDost thou accept this sacrifice?",你明白這項犧牲，對吧？\n你將被剝奪所有法術及相關知識。你將比以往更強大，但也更脆弱。\n你接受這項犧牲嗎？
RB_ARBORIA_SPELL,"Know this, the spell to enter Arboria is invoked by uttering 'Apport Arboria' and the spell to return is 'Reditus Arboria'. Be wary, for the spells only work in one place in the land.\n\nThere is a large grove of trees just southwest of Skara Brae. The spell will work there.",切記，進入阿博利亞的咒語是誦唸「Apport Arboria」，返回的咒語則是「Reditus Arboria」。務必謹慎，因為這些咒語只能在該大陸的特定地點生效。\n\n在斯卡拉布雷西南方有一大片樹林。咒語將在那裡起作用。
BH_DRAGONSONG,Dragon Song,龍之歌
BH_DRAGONSONG_1,"Dragon, dragon,\nWhy do you lair?\nUnfurl your wings, Take to the air!\nSoar high above, Far away fly,\nOr is that where, You wish to die?",巨龍，巨龍，\n為何蟄伏巢中？\n展開雙翼，翱翔蒼穹！\n高飛遠颺，遠離此地，\n抑或此處，便是你葬身之地？
BH_DRAGONSONG_2,"Hawkslayer, Hawkslayer,\nWhy do you ask?\nKilling me is a difficult task.\nMy claws are sharp, my fangs sharper yet,\nAnd my breath flames, let us not forget.",屠鷹者，屠鷹者，\n為何發問？\n殺我豈是易事一樁。\n利爪鋒銳，尖牙更甚，\莫忘我吐息烈焰焚天。
BH_DRAGONSONG_3,"Dragon, dragon,\nThou art quite strong.\nYour scales are bright and talons are long,\nBut a duty I have and it is clear:\nWhatever it takes, I will drive you from here.",巨龍啊，巨龍，\n你確實強悍無比。\n鱗片閃耀，利爪長長，\n但我肩負的職責再清楚不過：\n無論付出何種代價，我都要將你驅離此地。
BH_DRAGONSONG_4,"Hawkslayer, Hawkslayer,\nSuch a brief life.\nHave you no wish to again see your wife?\nImagine her tears and grief and despair,\nWalk away from this fight, you have not a prayer.",弒鷹者，弒鷹者，\n生命如此短暫。\n難道你不想再見到你的妻子？\n想想她的淚水、悲傷與絕望，\n從這場戰鬥中退開吧，你連一絲勝算都沒有。
BH_DRAGONSONG_5,"Dragon, dragon,\nHow wise thou art.\nA massive beast with such a kind heart.\nI do wish to kiss my wife and my heir,\nPray, fly to the mountains and await me there.",巨龍啊，巨龍，\n你何其睿智。\n一頭龐大的野獸，卻有如此仁慈的心。\n我確實渴望親吻我的妻子與子嗣，\拜託，飛向群山，在那裡等我。
BH_DRAGONSONG_6,"Hawkslayer, Hawkslayer,\nI thought you were brave.\nHere I await you, deep in this cave.\nCome, little man, and I'll eat your brain,\nThen ravage Lucencia again and again.",弒鷹者，弒鷹者，\n我以為你很勇敢。\n我在這洞穴深處等你。\n來吧，小個子，我會吃掉你的腦子，\n然後一次又一次蹂躪盧森西亞。
BH_DRAGONSONG_7,"Dragon, dragon,\nGreat is your heart.\nMassive your body, but you are not smart.\nThe rumble you hear and the dust in the air?\nI've closed the cave off and trapped you in there.",巨龍啊，巨龍，\n你的心腸偉大。\n身軀龐大，但你並不聰明。\n你聽到的轟鳴聲和空中的塵土？\n我已經封住了洞穴，把你困在裡面了。
BH_DRAGONSONG_8,"Hawkslayer, Hawkslayer,\nOthers will come.\nI will wait but I will not succumb.\nHero you are, and incredibly sly,\nBut the future I know and a hero you'll die...",弒鷹者，弒鷹者，\n其他人會來的。\n我會等待，但我不會屈服。\n你是英雄，而且極其狡猾，\n但我知道未來，你終將以英雄之姿死去……
BH_FLOWERSONG,Flower Ballad,花之歌謠
BH_FLOWERSONG_1,"He was born with the red, red rose,\nSign of his blood, was the link to the past.",他生來帶著那朵紅玫瑰，\n血脈的象徵，是與過去的連結。
BH_FLOWERSONG_2,"In battle, he won the blue, blue rose,\nBlossom of his valor, his weapons were cast.",在戰鬥中，他贏得了那朵藍玫瑰，\n勇氣的花朵，他的武器因而鑄成。
BH_FLOWERSONG_3,"She was for him the yellow, yellow rose,\nHer spirit divine, his love would always last.",她對他而言是那朵黃玫瑰，\n她的靈魂神聖，他的愛將永恆不渝。
BH_FLOWERSONG_4,"His pledge he made o'er the white, white rose,\nAnd she accepted it as sooth, and remained his steadfast.",他在那朵白玫瑰上立下誓言，\n而她視之為真誠，始終堅定不移。
BH_FLOWERSONG_5,"So he made for her the rainbow rose,\nLike Alliria's beauty, a blossom unsurpassed.",於是他為她打造了那朵彩虹玫瑰，\n如同艾里瑞亞之美，一朵無與倫比的花。
BH_TARJANSONG,Gale of Gods,眾神之風
BH_TARJANSONG_1,"Mad god, bad god,\nThrust from the sky,\nFoolish god, ghoulish god.\nWe can't hear you cry.",瘋狂的神，邪惡的神，\n被逐出天際，\n愚蠢的神，鬼魅般的神。\n我們聽不見你的哭喊。
BH_TARJANSONG_2,"Rude god, crude god,\nWhy must you terrify?\nError god, terror god,\nDo not your future scry.",粗魯的神，殘酷的神，\n為何你必須帶來恐懼？\n錯誤的神，恐怖的神，\n別窺視你的未來。
BH_TARJANSONG_3,"Clever god, never god,\nYour time is nigh.\nDire god, liar god,\nWhy won't you just die?",狡猾的神，從未存在的神，\n你的時日將近。\n可怕的神，說謊的神，\n為何你不乾脆死去？
BH_EVILSONG,Evil's Bane,邪惡剋星
BH_EVILSONG_1,"In the land of no time,\nThe Clock within burns like a flame,",在無時之地，\n時鐘如火焰般燃燒，
BH_EVILSONG_2,Locking each in his own crime:\nOne can only leave when he came.,將每個人鎖在自己的罪孽中：\n唯有在他到來之時才能離去。
BH_GREETING,Welcome and be happy o'weary travellers! Step to the stage and listen to my tales.\n\nYou can:,歡迎，疲憊的旅人們，願你們快樂！請走上舞台，聆聽我的故事。\n\n你可以：
BH_LISTEN_TO_BARD,Listen to the bard,聆聽吟遊詩人
BH_THESE_SONGS_I_KNOW,These are the songs I know:,這是我所知的歌謠：
BH_NO_BARDS_THAT_DONT_KNOW_SONG,There are no bards in your party that don't already know this song.,你的隊伍中沒有吟遊詩人還不知道這首歌。
BH_COST_X_GOLD_FOR_SONG,"The bard smiles and says, ""That one will cost thee {0} gold, since your bards will learn the magic of my song.""\n\n",吟遊詩人微笑著說：「那首會花費你 {0} 金幣，因為你的吟遊詩人們將學會我歌曲中的魔法。」\n\n
BH_COME_BACK_WITH_GOLD,Come back when you have enough gold!,等你湊夠金幣再回來吧！
BH_BARD_PLAYS_SONG,The bard plays the song and you memorize the lines.,吟遊詩人演奏了這首歌，你記下了歌詞。
GET_OUT_CLOSED_FOR_NIGHT,"Sorry, you have to leave. We are closed for the night!",抱歉，你必須離開了。我們今晚打烊了！
GARTHS_WELCOME,"Welcome to Garth's Equipment Shoppe, oh wealthy travellers! Which of you is interested in my fine wares?",歡迎來到加斯裝備商店，富有的旅人們！你們之中誰對我的精美貨品有興趣？
GARTHS_GREETING_CHAR,Greetings {0}.\n,你好，{0}。\n
GARTHS_CHAR_HAS_NO_FREE_INVENTORY,{0} has no free inventory slots.,{0} 沒有空的道具欄位。
GARTHS_CHAR_HAS_NO_SPACE,Your party has no space for new items. You need to drop or equip something.,你的隊伍沒有空間容納新物品。你需要丟棄或裝備某樣東西。
CHAR_HAS_X_GOLD,{0} has {1} gold,{0} 擁有 {1} 金幣
GARTHS_CHAR_CHOOSE_ITEM,"{0}, choose an item:",{0}，選擇一個物品：
GARTHS_NO_SPACE,You don't not have space in your inventory!,你的道具欄沒有空間了！
GARTHS_NO_ITEMS_TO_SELL,You have no items to sell.,你沒有可以販賣的物品。
GARTHS_HAS_GOLD_SELL_ITEM,"{0} has gold {1}, sell item:",{0} 擁有 {1} 金幣，販賣物品：
GARTHS_SELECT_ITEM_TO_SELL,Select item to sell:,選擇要販賣的物品：
GARTHS_CANNOT_SELL_EQUIPPED,Cannot sell an item while it is equipped!,無法販賣已裝備的物品！
GARTHS_CHAR_HAS_X_GOLD_IDENTIFY,"{0} has {1} gold, identify:",{0} 擁有 {1} 金幣，鑑定：
GARTHS_SELECT_ITEM_IDENTIFY,Select item to identify:,選擇要鑑定的物品：
GARTHS_IDENTIFIED_ITEM,An unidentified {0},一個未鑑定的 {0}
GARTHS_NO_ITEMS_NEED_IDENT,You have no items that need identifying.,你沒有需要鑑定的物品。
GARTHS_TRY_ROSCOES,Try Roscoe's Energy Emporium if you have some magical items with unidentified special uses.,如果你有一些帶有未鑑定特殊用途的魔法物品，試試 Roscoe 的能量商店。
GARTHS_ITEM_ALREADY_IDENTIFIED_TRY_MAGIC,The item is already identified! Only through magic can you learn more about it...,該物品已經鑑定過了！只有透過魔法才能進一步了解它……
GARTHS_ITEM_ALREADY_IDENTIFIED_TRY_ROSCOE,The item is already identified! Perhaps Roscoe can tell you more...,該物品已經鑑定過了！或許 Roscoe 能告訴你更多……
GARTHS_PURCHASED,PURCHASED,已購買
GARTHS_PURCHASED_EQUIPPED,PURCHASED AND EQUIPPED,已購買並裝備
PARTY_EXPIRED,"Alas, your party has expired, and has gone to adventurer heaven.",唉，你的隊伍已經壽終正寢，前往了冒險者的天堂。
SORRY_BUD,"Sorry, bud",抱歉啦，老兄
ROSCOES_WELCOME,"Welcome, my friends, to Roscoe's Energy Emporium.",歡迎，我的朋友們，來到 Roscoe 的能量商店。
ROSCOES_WHO_NEEDETH_POINTS,Who needeth spell points restored?,誰需要恢復法術點數？
ROSCOES_RESTORE_ALL,Restore spell points for all mages,為所有法師恢復法術點數
ROSCOES_COME_AGAIN,Come visit me when you have mages that require spell points restored.,當你有需要恢復法術點數的法師時，再來找我吧。
ROSCOES_I_PROVIDE_INSIGHTS,I can also provide insights about your magical items.,我也可以提供關於你魔法物品的見解。
ROSCOES_IDENTIFY_ITEM,Identify magic item,鑑定魔法物品
ROSCOES_PARTY_HAS_NO_ITEMS,Your party has no items that need identifying.,你的隊伍沒有需要鑑定的物品。
ROSCOES_CHOOSE_ITEM,Choose an item to identify:,選擇一個要鑑定的物品：
ROSCOES_WILL_YOU_PAY,I can identify this item for {0} gold. Who will pay?,我可以為你鑑定這個物品，費用是 {0} 金幣。誰要付錢？
ROSCOES_COME_BACK_WHEN_YOU_CAN_AFFORD,My services would cost {0} gold. Be sure to come back when you can afford it.,我的服務需要花費 {0} 金幣。等你付得起的時候再回來吧。
ROSCOES_ITEM_WAS_IDENTIFIED,Item was identified as:\n{0}\n{1},物品鑑定結果為：\n{0}\n{1}
ROSCOES_CHAR_DOES_NOT_NEED_REST,{0} does not require restoration.,{0} 不需要恢復。
ROSCOES_CHAR_NEEDS_REST,{0} has some definite spell point problems. It will cost {1} in gold.,{0} 的法術點數確實有些問題。這需要花費 {1} 金幣。
ROSCOES_YES_RECHARGE,"""Yes, I want the recharge.""",「是的，我要充能。」
ROSCOES_NO_RECHARGE,"""No, maybe later.""",「不，也許下次吧。」
ROSCOES_NO_CHAR_HAS_MONEY,"""I am sorry, but no character has enough gold to pay!""",「抱歉，沒有任何角色有足夠的金幣可以支付！」
ROSCOES_ENERGIZES_CHAR,Roscoes re-energizes {0}.,Roscoes 為 {0} 重新充能。
ROSCOES_MAGES_NEED_RECHARGE,Your mages do indeed have need of my spell point recharge service. My price is {0} gold.,你的法師們確實需要我的法術點數充能服務。我的價格是 {0} 金幣。
ROSCOES_COME_AGAIN_WITH_GOLD,Come back when you can afford my services.,等你付得起我的服務費時再回來吧。
ROSCOES_YES_RECHARGE_ALL,"""Yes, recharge all my mages.""",「是的，為我所有法師充能。」
ROSCOES_CHAR_REENERGIZED,{0} is re-energized!,{0} 已重新充能！
Identify Magic Item,Identify Magic Item,鑑定魔法物品
Treasure,Treasure,寶藏
TREASURE_EACH_CHAR_RECEIVES_XP,Each character receives {0} experience points for valor and battle knowledge.,每位角色因英勇表現與戰鬥知識獲得 {0} 經驗值。
TREASURE_EACH_CHAR_RECEIVES_GOLD,Each character receives {0} pieces of gold.\n,每位角色獲得 {0} 枚金幣。\n
TREASURE_PARTY_RECEIVES_GOLD,The party receives {0} pieces of gold.\n,隊伍獲得 {0} 枚金幣。\n
BANK_SELECT_CHAR_GREETINGS,Greetings honored ones. Welcome to Bedder's Bank for the Bold.\nWho would like to do some banking?,尊敬的諸位，歡迎光臨貝德勇者銀行。\n誰想辦理銀行業務？
BANK_GREETINGS_CHAR,Greetings {0}. What can I do for you today?\n,{0} 您好，今天有什麼能為您服務的？\n
BANK_GREETINGS,Greetings honored ones. Welcome to Bedder's Bank for the Bold.\n,尊敬的諸位，歡迎光臨貝德勇者銀行。\n
BANK_CURRENT_DEPOSIT,Current Deposit: {0:n0} Gold,當前存款：{0:n0} 金幣
BANK_CURRENT_ITEMS,Current Items Held: {0} / {1},當前保管物品：{0} / {1}
BANK_DEPOSIT_GOLD,Deposit some gold,存入金幣
BANK_WITHDRAW_GOLD,Withdraw some gold,提取金幣
BANK_BUY_SAFE_DEPOSIT,Buy 10 safe deposit slots ({0:n0} gold),購買 10 個保險箱格位（{0:n0} 金幣）
BANK_STORE_ITEMS,Store items,存放物品
BANK_RETRIEVE_ITEMS,Retrieve items,取回物品
BANK_END_DEALINGS,End dealings,結束交易
BANK_NOT_ENOUGH_GOLD_TO_BUY_SLOT,You do not have enough gold to buy another safety deposit slot!,你沒有足夠的金幣購買另一個保險箱格位！
BANK_HOW_MUCH_TO_DEPOSIT,How much would you like to deposit?\n,請問您要存入多少金幣？\n
BANK_CARRYING_GOLD,You are carrying: {0:n0} Gold,您隨身攜帶：{0:n0} 金幣
BANK_YOUR_GOLD_WAS_DEPOSITED,"""Your gold has been deposited. Thank you, it will be safe with us.""",「您的金幣已存入。感謝您，放在我們這裡很安全。」
BANK_YOU_DONT_HAVE_MONEY,You don't have that much money! What are you trying to pull here buddy?,你哪有那麼多錢！老兄，你是想耍什麼花招？
BANK_SORRY_DONT_UNDERSTAND,"""Sorry, I don't understand you!""",「抱歉，我聽不懂你在說什麼！」
BANK_SORRY_NO_DEPOSITS,"""I'm sorry, but you don't currently have any deposits with us.""",「很抱歉，您目前在本行沒有任何存款。」
BANK_HOW_MUCH_TO_WITHDRAW,How much would you like to withdraw?\n,請問您要提領多少錢？\n
BANK_GOLD_HAS_BEEN_WITHDRAWN,"""Your gold has been withdrawn. Thank you, we hope you'll bank with us again in the future.""",「您的黃金已提領完畢。感謝您，希望您未來繼續光顧本行。」
BANK_DO_NOT_OWN_SAFTEY_SLOTS,You do not own any safety deposit slots. You will need to buy some first!,您沒有任何保險箱格位。請先購買一些！
BANK_ALL_SLOTS_ARE_FULL,I'm sorry but all your safety deposit slots are full!,抱歉，您所有的保險箱格位都已滿了！
BANK_NO_ITEMS_TO_STORE,You have no items to store.,您沒有物品可以存放。
BANK_SELECT_ITEM_TO_STORE,Select item to store:,選擇要存放的物品：
BANK_STORE_ITEM,Store item,存放物品
BANK_STORED,STORED,已存放
BANK_NO_CURRENT_ITEMS,We are not currently holding any of your items!,我們目前沒有保管您的任何物品！
BANK_NO_INVENTORY_SPACE,You have no inventory space to retrieve any items from the Bank!\n\nYou should drop or sell some items first.,您的道具欄空間不足，無法從銀行取回任何物品！\n\n請先丟棄或販賣一些物品。
BANK_SELECT_ITEM_TO_RETRIEVE,Select item to retrieve:,選擇要取回的物品：
BANK_RETRIEVE_ITEM,Retrieve item,取回物品
no charge,no charge,免費
gold,gold,金幣
TEMPLE_WELCOME_THIEVES,Welcome to the temple of the Thieves.\n\nNo charge to guild members for our services.\n,歡迎來到盜賊之神廟。\n\n公會成員使用我們的服務完全免費。\n
TEMPLE_WELCOME,"Welcome, oh weary ones, to our humble temple.\n",歡迎，疲憊的旅人們，來到我們這間簡陋的神廟。\n
TEMPLE_WHO_NEED_HEAL,Who needeth healing?,誰需要治療？
TEMPLE_HEAL_ENTIRE_PARTY,Heal entire party?,要治療整個隊伍嗎？
REQUIRES_X_GOLD,Requires {0} gold,需要 {0} 金幣
TEMPLE_RETURN_WHEN_NEED_HEALING,Visit us when a party member has need of healing.,當隊伍成員需要治療時，歡迎再次光臨。
TEMPLE_EXIT,Exit the temple,離開神廟
TEMPLE_CHAR_NO_REQUIRE_HEAL,{0} does not require any healing.,{0} 不需要任何治療。
TEMPLE_CHAR_IN_BAD_SHAPE,"{0} is in bad shape, indeed. Thou must offer {1} in gold to the gods.",{0} 的狀況確實很糟。你必須向諸神獻上 {1} 金幣。
TEMPLE_YES_HEAL,"Yes, perform the healing.",是，進行治療。
TEMPLE_YES_HEAL_PARTY,"Yes, heal the entire party.",是，治療整個隊伍。
NO_IT_COSTS_TOO_MUCH,"No, it costs too much.",不，太貴了。
TEMPLE_CHAR_NEEDS_HEALING,{0} has wounds which need tending. Thou must make an offering of {1} gold.,{0} 身上有需要處理的傷口。你必須獻上 {1} 金幣作為供品。
TEMPLE_PARTY_NEEDS_MINOR_HEALING,"Your party requires some minor medical attention. If thou wilt offer {0} gold to the gods, we can attend to all your wounds at once.",你的隊伍需要一些輕微的醫療照料。若你願意向諸神獻上 {0} 枚金幣，我們可以立刻治療你們所有的傷勢。
TEMPLE_PARTY_NEEDS_MEDIUM_HEALING,"You party has taken much damage from battle. If thou wilt offer {0} gold to the gods, we can aid thee.",你的隊伍在戰鬥中承受了大量傷害。若你願意向諸神獻上 {0} 枚金幣，我們可以協助你們。
TEMPLE_PARTY_NEEDS_MAJOR_HEALING,"Your party is in bad shape, indeed. If thou wilt offer {0} gold to the gods, we shall restore all your members to full health.",你的隊伍狀況確實很糟。若你願意向諸神獻上 {0} 枚金幣，我們將讓所有成員恢復完全健康。
TEMPLE_LAY_HANDS_ON,The priests lay hands on {0}...,祭司們將手按在 {0} 身上……
TEMPLE_AND_IS_HEALED,... and {0} is healed!,……而 {0} 痊癒了！
TEMPLE_CHAR_IS_DESTONED,{0} is destoned...,{0} 解除石化……
TEMPLE_CHAR_IS_RESURRECTED,{0} is resurrected...,{0} 復活……
TEMPLE_CHAR_IS_CURED_POISON,{0} is cured of poison...,{0} 的毒素被治癒……
TEMPLE_CHAR_IS_CURED_PARALYSIS,{0} is cured of paralysis...,{0} 的麻痺被治癒……
TEMPLE_CHAR_IS_CURED_OLD,{0} is cured of withering...,{0} 的衰老被治癒……
TEMPLE_CHAR_IS_CURED_POSSESSION,{0} is cured of possession...,{0} 的附身被治癒……
TEMPLE_CHAR_IS_CURED_INSANTY,{0} is cured of insanity...,{0} 的瘋狂被治癒……
TEMPLE_CHAR_IS_CURED_DRAIN,{0} is cured of level drain effects...,{0} 的等級吸取效果被治癒……
TEMPLE_CHAR_IS_HEALED,{0} is healed...,{0} 被治癒……
TAVERN_GREETING,"Hail, Travellers! Step to the bar and I'll draw you a tankard.\n\nWho will step up to the bar?",幸會，旅人們！到吧檯前來，我為你們斟上一杯麥酒。\n\n誰要上前到吧檯？
TAVERN_EXIT,Exit the tavern,離開酒館
TAVERN_SCARLET_BARD,The Scarlet Bard,赤紅吟遊詩人
TAVERN_SCARLET_BARD_APPROACH,You are in what seems to be the wreckage of the old Dragonbreath Inn. A bard playing solemn tunes on his lute sits in the corner. Who will approach him?,你身處一個看似是舊龍息旅店的廢墟中。一名吟遊詩人坐在角落，用他的魯特琴彈奏著莊嚴的曲調。誰要上前接近他？
TAVERN_SCARLET_BARD_GREET,"""Greetings, my friend. It is good to see the living amongst so much death. I am here trying to sing the ghosts of this place to rest.",「你好，我的朋友。在如此多的死亡之中見到生者，真是太好了。我在這裡試圖用歌聲讓此地的鬼魂安息。
TAVERN_SCARLET_BARD_GREET_NOT_BARD,"If you were a Bard, I could possibly teach you some songs, but since you are not, I'm afraid I cannot help you.""",如果你是吟遊詩人，我也許能教你一些歌曲，但既然你不是，恐怕我幫不了你。」
TAVERN_SCARLET_BARD_GREET_BARD,"For {0} gold I could teach you some magical songs. I apologize for asking so much, but the money will go toward the refugees and (I hope) to one day help rebuild Skara Brae.""",只要 {0} 枚金幣，我就能教你一些魔法歌曲。我很抱歉要這麼多錢，但這些錢將用於難民，並且（我希望）有朝一日能幫助重建斯卡拉布雷。」
TAVERN_LEAVE_THE_BARD,Leave the bard for now,暫時離開吟遊詩人
TAVERN_TEACH_ME_A_SONG,Teach me a song,教我一首歌
TAVERN_SCARLET_BARD_NO_ENOUGH_GOLD,"I'm sorry, but I must insist on {0} gold payment in advance. Come back when you have the gold.",抱歉，但我必須堅持先收取 {0} 枚金幣。等你湊夠了錢再回來吧。
TAVERN_SCARLET_BARD_CHOOSE_SONG,"Choose a song, you have {0} gold to spend...",選擇一首歌，你有 {0} 枚金幣可以花費……
TAVERN_SCARLET_BARD_KNOW_ALL_SONGS,"""I'm sorry my friend but you already know all my songs.""",「抱歉，我的朋友，你已經學會我所有的歌了。」
TAVERN_SCARLET_BARD_TAUGHT_CHAR,The Scarlet Bard has taught {0} how to play {1}.,赤紅吟遊詩人教會了 {0} 如何演奏 {1}。
TAVERN_NO_CONDITION_TO_ORDER,Thou are in no condition to order anything. Come back when you sober up a bit.,你現在的狀況不適合點任何東西。等你清醒一點再回來吧。
TAVERN_GOOD_DAY,Good day to you {0}. What can I do for you today?\n,日安，{0}。今天有什麼我能為你效勞的？\n
TAVERN_SCARLET_BARD_IS_HERE,There is a red-headed bard in the corner. The locals call him 'The Scarlet Bard' and he is a master of song magic.\n,角落裡有一名紅髮吟遊詩人。當地人稱他為「赤紅吟遊詩人」，他是歌曲魔法的大師。\n
TAVERN_APPROACH_BARD,Approach the Scarlet Bard,接近赤紅吟遊詩人
TAVERN_ORDER_DRINK,Order a drink,點一杯飲料
TAVERN_BUY_WINESKIN,Buy a wineskin,買一個酒囊
TAVERN_TALK_TO_BARKEEP,Talk to the barkeep,與酒保交談
TAVERN_LEAVE_BAR,Leave the bar,離開酒吧
TAVERN_SCARLET_BARD_WELCOME_BT2,"Well met. Your stories precede you, my friends. We all fight in the best way we can. Would you like to hear the song I am composing of your deeds? Your example gives the people hope.\n\nI also know some magical tunes that I could sell thee.",幸會。諸位的事蹟早已如雷貫耳，我的朋友們。我們都以各自的方式奮戰。想聽聽我為你們譜寫的歌謠嗎？你們的榜樣帶給了人民希望。\n\n我也懂得一些魔法曲調，可以賣給你們。
TAVERN_SCARLET_BARD_LISTEN,Listen to his composition,聆聽他的創作
TAVERN_SCARLET_BARD_WELCOME_BT3,Welcome my good fellows. I have travelled these lands and come to learn many great songs of legend. For the right price I could teach you some songs that might save your life one day!,歡迎，我的好朋友們。我遊歷四方，學會了許多傳奇歌謠。只要價錢合適，我可以教你們一些日後或許能救命的曲子！
TAVERN_SCARLET_BARD_BUY_TUNES,Buy magical tunes,購買魔法曲調
TAVERN_SCARLET_BARD_RETURN,Return to the bar,返回酒吧
TAVERN_SBSONG_1,"Beyond the Bard's Tale, as was told,

An epic great will now unfold

And in the quest, before thy sight,

A mortal man becomes the Knight.



Of wounds this many can never die;

His lips will never, voice the cry

Which doomed another, ages gone

Who now is trapped as evil's pawn.","超越冰城傳奇，如所述之言，

一部偉大史詩即將展開

而在這趟征途中，在你眼前，

一名凡人將化為騎士。



如此多的傷口無法令他倒下；

他的雙唇永不發出那聲哀嚎——

那曾在遠古時代毀滅另一人，

如今那人淪為邪惡的棋子。"
TAVERN_SBSONG_2,"Of puissant might and matchless brawn

The knight's fierce fate is plainly drawn

Upon the tome of life, in fact

And in this power lies the pact.



So seek the wand, and face the snare

Yet in no way can you prepare

For Zanta's wrath and endless guile -

Now try the quest, friend... for a while.","擁有無上威能與無匹蠻力，

騎士的兇猛命運清晰刻劃

於生命之書中，確然無疑，

而這股力量便是契約所在。



所以去尋找那魔杖，面對陷阱，

但你無論如何也無法準備好

應對贊塔的怒火與無盡詭計——

現在，朋友，試試這趟任務吧……先撐一陣子。"
TAVERN_SB_SONG_NOT_BARD,"Well met, good friend. If only you were a Bard I'm sure I could teach you a thing or two.",幸會，好朋友。可惜你不是吟遊詩人，不然我肯定能教你幾招。
TAVERN_SB_SONG_NEED_GOLD,"Well met, fine Bard. I teach song magic but I fear my prices may be too steep for you. Come back when you have {0:n0} gold",幸會，優秀的吟遊詩人。我傳授歌曲魔法，但恐怕我的價格對你來說太高了。等你湊齊 {0:n0} 金幣再來吧。
TAVERN_SB_WANT_TO_BUY_SONG,"Well met fine Bard. I know a lot of powerful song magic. For {0:n0} gold, I'll teach you one. What song would you like to know?",幸會，優秀的吟遊詩人。我懂得許多強大的歌曲魔法。只要 {0:n0} 金幣，我就教你一首。你想學哪一首？
TAVERN_SB_NOTHING_MORE_TO_TEACH,I'm sorry my friend but there is nothing more I can teach you.,抱歉，我的朋友，我已經沒有什麼能教你的了。
TAVERN_SB_TAUGHT,The Scarlet Bard has taught {0} how to play {1}.,赤紅吟遊詩人教會了 {0} 演奏 {1}。
TAVERN_DO_YOU_WANT_WINESKIN,"I can give you a wineskin full of our best spirits.\n\nIt's 5 gold per serve, and the wineskin can hold up to 10 serves.\n\nHow many do you want?""",我可以給你一個裝滿我們頂級烈酒的酒囊。\n\n每份 5 金幣，酒囊最多可裝 10 份。\n\n你想要多少份？
TAVERN_WINESKIN_BAD_SERVES,"Listen bud, the wineskin can only hold between 1 and 10 serves. Let's try that again...",聽著，老兄，酒囊只能裝 1 到 10 份。我們重來一次……
TAVERN_WINESKIN_NO_GOLD,That'd cost {0} gold and looks like that's a bit steep for your sort. Why don't you come back when you have more coin!,那要花 {0} 金幣，看來對你這種人來說有點貴。等你錢多點再來吧！
TAVERN_DONT_UNDERSTAND,"I got no idea what you said? Maybe you've had enough drink already, eh?",我不知道你在說什麼？也許你已經喝夠了，嗯？
DRUNK_MSG_0,You feel a little light-headed.,你感到有點暈眩。
DRUNK_MSG_1,You start hiccupping.,你開始打起嗝來。
DRUNK_MSG_2,You begin to sing 99 bottles of beer on the wall.,你開始唱起「牆上的九十九瓶啤酒」。
DRUNK_MSG_3,You seem to have a hard time staying on the bar stool.,你似乎很難在酒吧凳子上坐穩。
DRUNK_MSG_4,You collapse on the floor.,你癱倒在地板上。
GIRLS_NOT_IMP_0,The girls in the tavern laugh at you.,酒館裡的女孩們嘲笑你。
GIRLS_NOT_IMP_1,The girls in the tavern are not impressed!,酒館裡的女孩們不為所動！
GIRLS_NOT_IMP_2,No-one is impressed.,沒有人為之所動。
TAVERN_SEAT_THYSELF,"Seat thyself, {0}.\nWhat'll it be?",請坐，{0}。\n要來點什麼？
Ale,Ale,麥酒
Beer,Beer,啤酒
Mead,Mead,蜂蜜酒
Foul spirits,Foul spirits,劣質烈酒
Ginger Ale,Ginger Ale,薑汁汽水
Wine,Wine,葡萄酒
TAVERN_NOT_BAD,Not Bad!,還不賴！
TAVERN_NOT_WELL,You don't feel too well!,你感覺不太舒服！
TAVERN_KICK_OUT,"In fact, thy party is a disgrace...\n\nBouncers!!!",說真的，你的隊伍真是丟人現眼……\n\n保鏢！！！
TAVERN_ENTER_TIP,"""Talk aint cheap"" the barkeep says.\nHow much will you tip him?",「說話可不便宜，」酒保說道。\n你打算給他多少小費？
TAVERN_NEG_TIP,I don't understand... you want ME to pay YOU? That aint gonna happen bud!,我不懂……你要我付錢給你？這不可能，老兄！
TAVERN_ZERO_TIP,"Yeah, I got a free tip for ya... Nothings for free!",是啊，我倒是可以免費給你個建議……天下沒有白吃的午餐！
TAVERN_UNKNOWN_TIP,"What kind of tip is that? I just accept gold, bud!",那是什麼建議？我只收金幣，老兄！
TAVERN_TO_WINE_CELLAR,"The barkeep says, ""Go down to the cellar and pick out a bottle.""",酒保說：「下到地窖去，挑一瓶上來。」
TAVERNTIP_BT1_0,"""The guardians can be deadly"", the barkeep smirks.",「守衛可是會要人命的，」酒保得意地笑著說。
TAVERNTIP_BT1_1,"""A taste of wine might turn to ready adventure"", the barkeep chuckles.",「嚐一口美酒，或許就會轉為一場現成的冒險，」酒保輕聲笑道。
TAVERNTIP_BT1_2,"""Look for the Review Board on Trumpet Street"", the barkeep whispers,",「去喇叭街找仲裁委員會，」酒保低聲說道。
TAVERNTIP_BT1_3,"""The gates cannot be scaled, but an entrance always exists"", the barkeep stutters.",「城門無法攀越，但總有入口存在，」酒保結結巴巴地說。
TAVERNTIP_BT1_4,"""The Stone Golem has been spoken of twofold"", the barkeep smiles.",「石魔像的傳聞有兩個版本，」酒保微笑著說。
TAVERNTIP_BT1_5,"""The Spectre Snare can draw in even the mightiest"", the barkeep grumbles.",「幽魂陷阱連最強大的傢伙都能吸進去，」酒保咕噥道。
TAVERNTIP_BT2_0,"""Seek knowledge from the sage,"" the barkeep smirks.",「去向賢者求取知識，」酒保得意地笑著說。
TAVERNTIP_BT2_1,"""The Scarlet Bard likes his ale... Some more coin might help me remember his favorite tavern..."" the barkeep chuckles.",「猩紅吟遊詩人喜歡他的麥酒……多給點金幣或許能幫我想起他最愛去哪家酒館……」酒保輕聲笑道。
TAVERNTIP_BT2_2,"""The Sage charges 500 in gold for information on magical items,"" the barkeep whispers.",「賢者對魔法物品的情報收費五百金幣，」酒保低聲說道。
TAVERNTIP_BT2_3,"""Seek the Masterkey to pass the gates,"" the barkeep stutters. ""The crypt lies in the wilderness,"" the barkeep whispers.",「去找萬能鑰匙來通過城門，」酒保結結巴巴地說。「墓穴就在荒野之中，」酒保低聲說道。
TAVERNTIP_BT2_4,"""The Scarlet Bard's is often hanging around the Greysword Inn in the south end of Ephesus."" the barkeep informs you.",「猩紅吟遊詩人經常待在以弗所南端的灰劍旅店附近。」酒保告訴你。
TAVERNTIP_BT2_5,"""The Dreamspell can be learned from the rock,"" the barkeep grumbles.",「夢之法術可以從岩石中學到，」酒保咕噥道。
TAVERNTIP_BT2_6,"""Every city has one dungeon within it,"" the barkeep grumbles.",「每座城市裡都有一個地下城，」酒保咕噥道。
TAVERNTIP_BT2_7,"""Traecham solved his task by chilling; he said 'F.....',"" the barkeep mutters.",「崔查姆用冷凍的方式解決了他的任務；他說『該死的……』，」酒保喃喃自語。
TAVERNTIP_BT2_8,"""Oscon was sorcerer to Count Waldec... until he turned coat and slew him. Rumour is he’s working with Lagoth Zanta,"" the barkeep grumbles.",「奧斯康曾是瓦爾德克伯爵的術士……直到他叛變並殺死了伯爵。謠傳他現在和拉戈斯·贊塔合作，」酒保咕噥道。
TAVERNTIP_BT2_9,"""There’s a tower in Philippi... it just appeared one day, out of nothing... Some say it comes from another realm, whatever the heck that means,"" the barkeep whispers.",「腓立比有座塔……有一天就那麼憑空冒了出來……有人說它來自另一個領域，管他那是什麼意思，」酒保低聲說道。
TAVERNTIP_BT3_0,"""There's a building in Skara Brae where some of the survivors stashed their goods. It may be helpful,"" smiles the bartender.",「斯卡拉布雷有棟建築，一些倖存者把他們的東西藏在那裡。或許會有幫助，」酒保微笑著說。
TAVERNTIP_BT3_1,"""Be on the lookout for the magic gems, your spellcasters will need them""",「留意那些魔法寶石，你的施法者會需要它們。」
TAVERNTIP_BT3_2,"""There lies another bar in Celaria Bree, seek it. It exists only in the dimension called Lucencia.""",「在瑟拉利亞·布里還有另一間酒吧，去找它。它只存在於名為盧森西亞的次元中。」
TAVERNTIP_BT3_3,"""Seek out the old man in the Review Board. He keeps watch over everything.""",「去仲裁委員會找那位老人。他監視著一切。」
TAVERNTIP_BT3_4,"""Go to the bard's hall and listen to the songs they sing. They contain useful information.""",「前往吟遊詩人大廳，聆聽他們吟唱的歌曲。其中包含有用的資訊。」
TAVERNTIP_BT3_5,"""There is said to be a key existing in the Violet Mountains, this will gain access to Cyanis's Tower""",「據說在紫羅蘭山脈中存在一把鑰匙，它能讓你進入賽亞尼斯之塔。」
TAVERNTIP_BT3_6,"""Ack! It's not just a word, but a state of mind.""",「啊！這不只是一句話，而是一種心境。」
TAVERNTIP_BT3_7,"""The key to finding Sceadu is finding the lock.""",「找到斯凱杜的關鍵，就是找到那把鎖。」
TAVERNTIP_BT3_8,"""Sceadu can be found in the middle of Nowhere.""",「斯凱杜可以在『無何有之鄉』的中間找到。」
TAVERNTIP_BT3_9,"""Seek Werra in Tarmitia.""",「在塔米提亞尋找維拉。」
Chest,Chest,寶箱
CHEST_INTRO,There is a chest here.,這裡有一個寶箱。
CHEST_ZANDUVAR_CARACK,"The magic sounds of the Zanduvar Carack protects you from any trap, so you open it.",贊杜瓦·卡拉克的魔法音律保護你免受任何陷阱傷害，於是你打開了它。
CHEST_ROGUE_AUTO_DISARM,{0} uses {1} 100% chance of disarming traps to identify the trap on this chest and disarm it.,{0} 使用 {1} 100% 的解除陷阱機率，來辨識這個寶箱上的陷阱並將其解除。
CHEST_CHAR_DISCOVERS_TRAP,{0} discovers a trap - {1}.\n,{0} 發現了一個陷阱——{1}。\n
CHEST_NO_TRAP_DETECTED,No-one is able to detect any traps on the chest.\n,沒有人能夠偵測到寶箱上的任何陷阱。\n
CHEST_WHAT_WILL_YOU_DO,What will you do?,你要怎麼做？
Disarm,Disarm,解除陷阱
chance,chance,機率
Trap Zap,Trap Zap,陷阱電擊
spellpoints,spell points,法術點數
CHEST_OPEN_UNCHECKED,Open it unchecked,直接打開
CHEST_LEAVE_IT,Leave it,離開
CHEST_NO_CHARACTERS,There are no characters that can do that!,沒有角色能夠執行此動作！
CHEST_WHO_WILL_OPEN,Who will open it?,誰來打開它？
CHEST_YOU_SET_OFF_TRAP,You set off the trap - {0}\n\n,你觸發了陷阱——{0}\n\n
CHEST_SUCCESS,Success!!,成功！！
CHEST_CHAR_NOT_ENOUGH_SPELLPOINTS,{0} does not have enough spell points to cast Trap Zap!,{0} 沒有足夠的法術點數來施展陷阱電擊！
CHEST_ANTIMAGIC_AURA,An anti-magic aura in this place prevents the use of Trap Zap!,此處的反魔法力場阻止了陷阱電擊的使用！
CHEST_CHAR_DISARMS,{0} successfully disarms the trap!,{0} 成功解除了陷阱！
Credits,Credits,製作群
Settings,Settings,設定
Graphics,Graphics,圖形
Graphics settings,Graphics settings,圖形設定
Audio,Audio,音效
Gameplay,Gameplay,遊戲性
Gameplay Settings,Gameplay Settings,遊戲性設定
Legacy,Legacy,經典模式
Resolution,Resolution,解析度
Resolution_DESC,Change the resolution of the game.,變更遊戲的解析度。
Fullscreen,Fullscreen,全螢幕
SSAO,SSAO,SSAO
Shadows,Shadows,陰影
Bloom,Bloom,泛光
Grass,Grass,草地
3D View Gamma,3D View Gamma,3D 視野伽瑪值
Text Scroll Speed,Text Scroll Speed,文字捲動速度
Minimap Alpha,Minimap Alpha,小地圖透明度
Large 3D (small text),Large 3D,大型 3D 視野
Inverse Mouse Look Y,Inverse Mouse Look Y,滑鼠 Y 軸反轉
Background Pause,Background Pause,背景暫停
Party Inventory Divider,Party Inventory Divider,隊伍道具欄分隔線
Mouse Friendly Combat,Mouse Friendly Combat,滑鼠友善戰鬥
ESDF Movement Keys,ESDF Movement Keys,ESDF 移動按鍵
Show Combat Effects,Show Combat Effects,顯示戰鬥特效
SETTINGS_BACKGROUND_PAUSE_TOOLTIP,The game will pause and bring up the Pause Menu whenever the game window loses focus.,當遊戲視窗失去焦點時，遊戲會暫停並顯示暫停選單。
SETTINGS_INVERSE_MOUSE_TOOLTIP,Mouse look in the 3d view is reversed on the Y axis.,在 3D 視野中，滑鼠的 Y 軸方向會反轉。
SETTINGS_LARGE_VIEW,"This will use an alternative layout where the 3d view is much larger, but the player info and message scroll are smaller and use smaller text.\nNote: This is NOT supported on 4:3 aspect.",這將使用另一種版面配置，讓 3D 視野變得更大，但玩家資訊與訊息捲動區域會變小，並使用較小的文字。\n注意：此功能不支援 4:3 比例。
SETTINGS_MOUSE_FRIENDLY,"Combat actions that are not available will be transparent, rather than being removed. This way the options do not move on screen between characters and are easier to click on.",無法使用的戰鬥動作會以半透明顯示，而非直接移除。如此一來，不同角色之間的選項位置不會在畫面上移動，更容易點擊。
SETTINGS_ESDF_MOVEMENT,"For AZERTY keyboard users, you can now navigate the game using ESDF keys, instead of the usual WASD keys.",對於使用 AZERTY 鍵盤的使用者，現在可以使用 ESDF 按鍵來操作遊戲，取代原本的 WASD 按鍵。
SETTINGS_COMBAT_EFFECTS,Do a visual effect whenever a monster or ally is attacked in combat. You may prefer to turn this off if you want a more passive experience.,每當戰鬥中怪物或盟友受到攻擊時，顯示視覺特效。如果您偏好較被動的體驗，可以關閉此選項。
SETTINGS_INVENTORY_DIVIDER,"Place a separator between character inventory and party inventory. This is more intuitive, though it means the UI must rebuild when items are equipped and unequipped.",在角色道具欄與隊伍道具欄之間放置分隔線。這會更直觀，但代表裝備或卸下物品時，UI 必須重新建構。
SETTINGS_FULLSCREEN_TOOLTIP,Toggles Fullscreen. Fullscreen maximises the game window to fit the screen.,切換全螢幕。全螢幕會將遊戲視窗最大化以填滿螢幕。
SETTINGS_SSAO_TOOLTIP,Toggles SSAO. SSAO (Screen Space Ambient Occlusion) creates advanced lighting effects for each point and how exposed it is to ambient lighting. Turning SSAO off may improve performance.,切換SSAO。SSAO（螢幕空間環境光遮蔽）能為每個點及其受環境光照射的程度建立進階光影效果。關閉SSAO可提升效能。
SETTINGS_SHADOWS_TOOLTIP,Toggles Shadows. Cast shadows from sunlight or moonlight.,切換陰影。投射來自陽光或月光的陰影。
SETTINGS_BLOOM_TOOLTIP,"Toggles Bloom. Bloom produces edges of light extending from the borders of bright areas, making lights brighter than what they actually appear.",切換泛光效果。泛光效果會讓明亮區域的邊緣產生光暈，使光線比實際看起來更亮。
SETTINGS_GRASS_TOOLTIP,Toggles Grass. Grass is nature's carpet.,切雜草。雜草是大自然的地毯。
SETTINGS_GAMMA_TOOLTIP,Adjusts in game brightness levels.,調整遊戲內的亮度等級。
SETTINGS_TEXTSCROLLSPEED_TOOLTIP,"Text scroll speed changes the speed that scroll text in combat gets presented and shifted up. Scroll speed can also be adjusted by its <l=""MAN_COMBAT_COMMANDS"",""shortcut keys""/>.","文字捲動速度會改變戰鬥中文字捲動與上移的速度。捲動速度也可透過其<l=""MAN_COMBAT_COMMANDS"",""shortcut keys""/>調整。"
SETTINGS_MINIMAPALPHA_TOOLTIP,"Minimap alpha controls the visibility of the minimap in the <l=""MAN_3D_GAME_VIEW"",""3D game view""/>.","小地圖透明度控制<l=""MAN_3D_GAME_VIEW"",""3D game view""/>中小地圖的可見度。"
CREDITS_COPYRIGHT,"© 2019 inXile entertainment. All rights reserved.



The Bard’s Tale is a trademark or registered trademark of

inXile entertainment in certain countries, and is a trademark

or registered trademark of Electronic Arts Inc. in certain other

countries where it is used under license.



inXile entertainment and the inXile logo are trademarks of

inXile entertainment.","© 2019 inXile entertainment。版權所有。



冰城傳奇是 inXile entertainment 在特定國家的商標或註冊商標，

並在特定其他國家經授權使用，為 Electronic Arts Inc. 的商標

或註冊商標。



inXile entertainment 與 inXile 標誌為 inXile entertainment 的商標。"
CREDITS_TITLE,Bard's Tale,冰城傳奇
CREDITS_THE,The,The
CREDITS_TRILOGY,TRILOGY,三部曲
LEGACY_OPTIONS,Choose Legacy Options\nPlay the game like it played in the 80s,選擇經典選項\n以80年代的風格遊玩遊戲
LEGACY_OPTIONS_INGAME,Your game is using these legacy options:,你的遊戲正在使用以下經典選項：
Individual Inventory,Individual Inventory,個別道具欄
Misc Game Differences,Misc Game Differences,雜項遊戲差異
Game Specific Songs,Game Specific Songs,遊戲專屬歌曲
Use Unequipped Items,Use Unequipped Items,使用未裝備物品
Automap Disabled,Automap Disabled,關閉自動地圖
Full XP Requirements,Full XP Requirements,完整經驗值需求
Save at Guild Only,Save at Guild Only,僅在公會存檔
No Items in Empty Houses,No Items in Empty Houses,空屋無物品
Game Stats,Game Stats,遊戲統計
Time:,Time:,時間：
Battles Fought:,Battles Fought:,戰鬥次數：
Monsters Summoned:,Monsters Summoned:,召喚怪物：
Damage Dealt:,Damage Dealt:,造成傷害：
Items Sold:,Items Sold:,售出物品：
Disarmed Chests:,Disarmed Chests:,解除陷阱寶箱：
Ranged Attacks:,Ranged Attacks:,遠程攻擊：
Blackjack Wins:,BlackJack Wins:,黑傑克勝利次數：
Steps:,Steps:,步數：
Battles Run:,Battles Run:,戰鬥次數：
Spells Cast:,Spells Cast:,施法次數：
Damage Taken:,Damage Taken:,承受傷害：
Items Identified:,Items Identified:,鑑定物品：
Disarmed Traps:,Disarmed Traps:,解除陷阱：
Levels Attained:,Levels Attained:,升級次數：
Black Jack Loses:,BlackJack Losses:,二十一點輸局：
Turns:,Turns:,回合數：
Monsters Killed:,Monsters Killed:,擊殺怪物：
Points Used:,Points Used:,使用點數：
Items Bought:,Items Bought:,購買物品：
Items Used:,Items Used:,使用物品：
Songs Sung:,Songs Sung:,吟唱歌曲：
XP Attained:,XP Attained:,獲得經驗值：
BlackJack Pushes:,BlackJack Pushes:,二十一點平局：
Entire Trilogy,Entire Trilogy,全三部曲
hrs_short,h,時
min_short,m,分
hrs,hrs,小時
min,min,分
mins,mins,分鐘
secs,secs,秒
Enter filter...,Enter filter...,輸入篩選...
MAN_CONJURER_SPELLS,Conjurer Spells,咒術師法術
MAN_MAGICIAN_SPELLS,Magician Spells,幻術師法術
MAN_SORCERER_SPELLS,Sorcerer Spells,術士法術
MAN_WIZARD_SPELLS,Wizard Spells,巫師法術
MAN_ARCHMAGE_SPELLS,Archmage Spells,大法師法術
MAN_CHRONOMANCER_SPELLS,Chronomancer Spells,時空術士法術
MAN_GEOMANCER_SPELLS,Geomancer Spells,大地術士法術
MANUAL_TITLE,Bard's Tale Trilogy Remaster Manual,冰城傳奇三部曲重製版手冊
MAN_ABOUT,About,關於
MAN_ABOUT_TEXT,"The Bard’s Tale was originally written as trilogy of games. The release of the 3 titles was between 1985-1988.

<color=@#Heading#>

<b>Tales of the Unknown (BT1)</b>

<b>The Destiny Knight (BT2)</b>

<b>Thief of Fate (BT3)</b>

</color>

This remaster combines the three games into a single narrative. Some features from The Destiny Knight and Thief of Fate have been taken through all three games to provide a consistent gameplay experience across the 3 volumes.","《冰城傳奇》最初是以三部曲的形式撰寫而成。這三部作品於 1985 年至 1988 年間發行。

<color=@#Heading#>

<b>《未知傳奇》（BT1）</b>

<b>《天命勇士》（BT2）</b>

<b>《命運之賊》（BT3）</b>

</color>

本次重製將三部遊戲合併為一個連貫的故事。為了在三部曲中提供一致的遊戲體驗，我們從《天命勇士》和《命運之賊》中選取了部分特色，並將其貫穿於所有三部遊戲之中。"
MAN_GAME_SCREEN_ELEMENTS,Game Screen Elements,遊戲畫面元素
MAN_GAME_SCREEN_ELEMENTS_TEXT,"<pos=0%><sprite=55/></pos><pos=47.5f%><sprite=56/></pos><line-height=1150%>

</line-height><size=50%><pos=11.5f%><sprite=35/></pos></pos><pos=15%><sprite=37/></pos><pos=20%><sprite=38/></pos><pos=25.5f%><sprite=39/></pos><pos=30f%><sprite=40/></pos><pos=34f%><sprite=42/></pos></size><line-height=105%>

</line-height><size=80%><pos=40f%>@#AC#</pos><pos=55.5f%><color=#141414>@#HP#</color></pos><pos=78f%>@#SP#</pos><pos=95.5f%>@#CL#</pos>

<pos=0.25f%>1</pos><pos=2.5f%>@#Brian the Fist#</pos><pos=40f%>-10</pos><pos=53f%><color=#141414>108/</color><color=#F0F0F0FF>258</color></pos><pos=75f%></pos><pos=95f%>@#WA#</pos>

<pos=0f%>2</pos><pos=2.5f%>@#El Cid#</pos><pos=40f%>-8</pos><pos=53f%><color=#141414>215/</color><color=#F0F0F0FF>226</color></pos><pos=75f%></pos><pos=95f%>@#PA#</pos>

<pos=0f%>3</pos><pos=2.5f%>@#Markus#</pos><pos=40f%>-4</pos><pos=53f%><color=#141414>176/</color><color=#F0F0F0FF>198</color></pos><pos=75f%></pos><pos=95f%>@#BA#</pos>

<pos=0f%>4</pos><pos=2.5f%>@#Sir Grady#</pos><pos=40f%>-5</pos><pos=53f%><color=#141414>178/</color><color=#F0F0F0FF>215</color></pos><pos=75f%></pos><pos=95f%>@#RO#</pos>

<pos=0f%>5</pos><pos=2.5f%>@#Merlin#</pos><pos=40f%>-1</pos><pos=53f%><color=#141414>145/</color><color=#F0F0F0FF>145</color></pos><pos=75f%></pos><color=#141414>409/</color><color=#F0F0F0FF>512</color><pos=95f%>@#CO#</pos>

<pos=0f%>6</pos><pos=2.5f%>@#Omar#</pos><pos=40.5f%>2</pos><pos=53f%><color=#141414>163/</color><color=#F0F0F0FF>163</color></pos><pos=75f%></pos><color=#141414>367/</color><color=#F0F0F0FF>571</color><pos=95f%>@#MA#</pos>

<pos=0f%>7</pos></size>

The main game screen consists of 3 main sections. Each serving different but specific purposes.

<l=""MAN_3D_GAME_VIEW""/>

<l=""MAN_SCROLL""/>

<l=""MAN_PARTY_STATUS""/>","<pos=0%><sprite=55/></pos><pos=47.5f%><sprite=56/></pos><line-height=1150%>

</line-height><size=50%><pos=11.5f%><sprite=35/></pos></pos><pos=15%><sprite=37/></pos><pos=20%><sprite=38/></pos><pos=25.5f%><sprite=39/></pos><pos=30f%><sprite=40/></pos><pos=34f%><sprite=42/></pos></size><line-height=105%>

</line-height><size=80%><pos=40f%>@#AC#</pos><pos=55.5f%><color=#141414>@#HP#</color></pos><pos=78f%>@#SP#</pos><pos=95.5f%>@#CL#</pos>

XTAGX42<sprite=55/>43XTAGX<pos=2.5f%>@#Brian the Fist#</pos><pos=40f%>-10</pos><pos=53f%><color=#141414>108/</color><color=#F0F0F0FF>258</color></pos><pos=75f%></pos><pos=95f%>@#WA#</pos>

XTAGX58</pos>59XTAGX<pos=2.5f%>@#El Cid#</pos><pos=40f%>-8</pos><pos=53f%><color=#141414>215/</color><color=#F0F0F0FF>226</color></pos><pos=75f%></pos><pos=95f%>@#PA#</pos>

XTAGX74<pos=47.5f%>75XTAGX<pos=2.5f%>@#Markus#</pos><pos=40f%>-4</pos><pos=53f%><color=#141414>176/</color><color=#F0F0F0FF>198</color></pos><pos=75f%></pos><pos=95f%>@#BA#</pos>

XTAGX90<sprite=56/>91XTAGX<pos=2.5f%>@#Sir Grady#</pos><pos=40f%>-5</pos><pos=53f%><color=#141414>178/</color><color=#F0F0F0FF>215</color></pos><pos=75f%></pos><pos=95f%>@#RO#</pos>

XTAGX106</pos>107XTAGX<pos=2.5f%>@#Merlin#</pos><pos=40f%>-1</pos><pos=53f%><color=#141414>145/</color><color=#F0F0F0FF>145</color></pos><pos=75f%></pos><color=#141414>409/</color><color=#F0F0F0FF>512</color><pos=95f%>@#CO#</pos>

XTAGX126<line-height=1150%>127XTAGX<pos=2.5f%>@#Omar#</pos>XTAGX130</pos>131XTAGX<pos=53f%><color=#141414>163/</color><color=#F0F0F0FF>163</color></pos><pos=75f%></pos><color=#141414>367/</color><color=#F0F0F0FF>571</color><pos=95f%>@#MA#</pos>

XTAGX146</line-height>147XTAGX</size>

主遊戲畫面由三個主要區塊構成。每個區塊各自服務不同但特定的用途。

<l=""MAN_3D_GAME_VIEW""/>

<l=""MAN_SCROLL""/>

<l=""MAN_PARTY_STATUS""/>"
MAN_3D_GAME_VIEW,3D Game View,3D 遊戲視角
MAN_3D_GAME_VIEW_TEXT,"<pos=15%><sprite=51/></pos><line-height=1500%>

</line-height>

<color=@#SubHeading#><b>3D View</b></color>

Located in the center, framed by big stone blocks, this is the window which shows the 3D world that the party is exploring. All character, non-player-character cameos and visual effects will appear in this window. The cursor can be used inside of this window to <l=""MAN_MOVEMENT"",""move""/> the party.



<color=@#SubHeading#><b>Magic Detection Skull</b></color>

Located in the middle of the top of the stone frame is the <l=""MAN_MAGIC_DETECTION_SKULL"",""skull""/>. It changes its appearance to reflect the magic it is sensing. It helps track important information which is blessing or cursing the party.



<color=@#SubHeading#><b>Gold & Inventory</b></color>

Gold and Inventory space are displayed along the bottom of the 3D window frame.



<color=@#SubHeading#><b>Text Plate</b></color>

At the bottom of the 3D view is a black banner that details a number of things. Such as what location the party is currently in, what person or object is the focus and names of enemies and group size the party is facing. This text is changing quite frequently.



<color=@#SubHeading#><b>Minimap</b></color>

The minimap is located in the bottom right corner of the 3D view (<l=""MAN_ACTIONS"",""when active""/>). The minimap is a small map that assists navigation, like the one found in the journal. The orientation of the minimap and the player is subject to change based on the active spells and effects.



<color=@#SubHeading#><b>Left Ribbon Action Buttons</b></color>

This ribbon in the top left holds the buttons for the alternative panels -<line-height=130%>

</line-height><sprite=10/> <b><color=@#InteractionCommand#>F10</color></b> - Opens the Menu.



<sprite=11/> <b><color=@#InteractionCommand#>F1</color></b> - Opens this Manual.



<sprite=12/> <b><color=@#InteractionCommand#>F2</color></b> - Opens the Cloth Map.



<sprite=13/> <b><color=@#InteractionCommand#>F3</color></b> - Opens the Bestiary.



<sprite=14/> <b><color=@#InteractionCommand#>F4</color></b> - Opens Game Stats.



<color=@#SubHeading#><b>Right Ribbon Action Buttons</b></color>

This ribbon in the top right holds the buttons for actions -<line-height=130%>

</line-height><sprite=9/> - More Options.



<sprite=15/> @#BUTTON_WhereAmI#.



<sprite=16/> @#BUTTON_CastSpell#.



<sprite=17/> @#BUTTON_PlaySong#.



<sprite=18/> @#BUTTON_UseItem#. 



<sprite=19/> @#BUTTON_PortalUp#.



<sprite=20/> @#BUTTON_PortalDown#.



<sprite=21/> @#BUTTON_PartyAttack#.



<sprite=22/> @#BUTTON_PartyOrder#.



<sprite=23/> @#BUTTON_ToggleMinimap#.



<sprite=24/> @#BUTTON_ToggleJournal#.","<pos=15%><sprite=51/></pos><line-height=1500%>

</line-height>

<color=@#SubHeading#><b>3D 視野</b></color>

位於畫面中央，由大石塊框住，這是顯示隊伍正在探索的 3D 世界的視窗。所有角色、非玩家角色客串以及視覺效果都會出現在此視窗中。滑鼠游標可在這個視窗內使用，以 <l=""MAN_MOVEMENT"",""move""/> 隊伍。

<color=@#SubHeading#><b>魔法偵測骷髏</b></color>

位於石框頂部中央的是 <l=""MAN_MAGIC_DETECTION_SKULL"",""skull""/>。它會根據偵測到的魔法改變外觀。它有助於追蹤對隊伍有益或有害的重要資訊。

<color=@#SubHeading#><b>金幣與庫存</b></color>

金幣與庫存空間顯示在 3D 視窗框架的底部。

<color=@#SubHeading#><b>文字面板</b></color>

在 3D 視野的底部有一條黑色橫幅，詳細說明了許多事項。例如隊伍目前所在的位置、焦點人物或物體，以及隊伍面對的敵人名稱和群體大小。這段文字會相當頻繁地變更。

<color=@#SubHeading#><b>小地圖</b></color>

小地圖位於 3D 視野的右下角（<l=""MAN_ACTIONS"",""when active""/>）。小地圖是一張協助導航的小型地圖，類似於日記中的地圖。小地圖和玩家的方位會根據當前啟用的法術和效果而改變。

<color=@#SubHeading#><b>左側功能列動作按鈕</b></color>

左上角的這個功能列包含了用於開啟其他面板的按鈕 -<line-height=130%>

</line-height><sprite=10/> <b><color=@#InteractionCommand#>F10</color></b> - 開啟選單。

<sprite=11/> <b><color=@#InteractionCommand#>F1</color></b> - 開啟此手冊。

<sprite=12/> <b><color=@#InteractionCommand#>F2</color></b> - 開啟布質地圖。

<sprite=13/> <b><color=@#InteractionCommand#>F3</color></b> - 開啟怪物圖鑑。

<sprite=14/> <b><color=@#InteractionCommand#>F4</color></b> - 開啟遊戲統計。

<color=@#SubHeading#><b>右側功能列動作按鈕</b></color>

右上角的這個功能列包含了用於動作的按鈕 -<line-height=130%>

</line-height><sprite=9/> - 更多選項。

<sprite=15/> @#BUTTON_WhereAmI#。

<sprite=16/> @#BUTTON_CastSpell#。

<sprite=17/> @#BUTTON_PlaySong#。

<sprite=18/> @#BUTTON_UseItem#。

<sprite=19/> @#BUTTON_PortalUp#。

<sprite=20/> @#BUTTON_PortalDown#。

<sprite=21/> @#BUTTON_PartyAttack#。

<sprite=22/> @#BUTTON_PartyOrder#。

<sprite=23/> @#BUTTON_ToggleMinimap#。

<sprite=24/> @#BUTTON_ToggleJournal#。"
MAN_SCROLL,Scroll,卷軸
MAN_SCROLL_TEXT,"<pos=50%><sprite=34/></pos><line-height=1250%>

</line-height>This scroll contains essentially all of the changing text within the game, where majority of the in game information is read and most in game actions are decided. Information such as - Character information, Inventory and Items management, Combat text, Choices and Commands, Spell casting and even a text field for typing.



All of the options presented in the scroll can be clicked with mouse or the appropriate <color=@#InteractionCommand#>key</color> pressed on a keyboard.



@#MOUSE_SCROLL_REVIEW#","<pos=50%><sprite=34/></pos><line-height=1250%>

</line-height>此卷軸基本上包含了遊戲中所有會變動的文字，遊戲中的大部分資訊都在此閱讀，且大多數遊戲內動作都在此決定。例如：角色資訊、庫存與物品管理、戰鬥文字、選擇與指令、施法，甚至還有一個用於輸入的文字欄位。

卷軸中呈現的所有選項都可以用滑鼠點擊，或在鍵盤上按下對應的 <color=@#InteractionCommand#>按鍵</color>。

@#MOUSE_SCROLL_REVIEW#"
MAN_PARTY_STATUS,Party Status,隊伍狀態
MAN_PARTY_STATUS_TEXT,"The party status contains all of the information about the party, this includes -

Party slots and party slot numbers, all party members and their names, party member <l=""MAN_ARMOR_CLASS"",@#AC#/>, <l=""MAN_HIT_POINTS"",@#HP#/>, <l=""MAN_SPELL_POINTS"",@#SP#/>, <l=""MAN_CLASS"",@#class#/>, <l=""MAN_CHARACTER_CONDITIONS"",""conditions""/> and any active magical effect.

<pos=15%><sprite=35/></pos></pos><pos=23%><sprite=37/></pos><pos=33%><sprite=38/></pos><pos=44%><sprite=39/></pos><pos=53%><sprite=40/></pos><pos=62%><sprite=42/></pos>

<line-height=200%>

</line-height><pos=40f%>@#AC#</pos><pos=55.5f%><color=#141414>@#HP#</color></pos><pos=78f%>@#SP#</pos><pos=95.5f%>@#CL#</pos>

<pos=0.25f%>1</pos><pos=2.5f%>@#Brian the Fist#</pos><pos=40f%>-10</pos><pos=53f%><color=#141414>108/</color><color=#F0F0F0FF>258</color></pos><pos=75f%></pos><pos=95f%>@#WA#</pos>

<pos=0f%>2</pos><pos=2.5f%>@#El Cid#</pos><pos=40f%>-8</pos><pos=53f%><color=#141414>215/</color><color=#F0F0F0FF>226</color></pos><pos=75f%></pos><pos=95f%>@#PA#</pos>

<pos=0f%>3</pos><pos=2.5f%>@#Markus#</pos><pos=40f%>-4</pos><pos=53f%><color=#141414>176/</color><color=#F0F0F0FF>198</color></pos><pos=75f%></pos><pos=95f%>@#BA#</pos>

<pos=0f%>4</pos><pos=2.5f%>@#Sir Grady#</pos><pos=40f%>-5</pos><pos=53f%><color=#141414>178/</color><color=#F0F0F0FF>215</color></pos><pos=75f%></pos><pos=95f%>@#RO#</pos>

<pos=0f%>5</pos><pos=2.5f%>@#Merlin#</pos><pos=40f%>-1</pos><pos=53f%><color=#141414>145/</color><color=#F0F0F0FF>145</color></pos><pos=75f%></pos><color=#141414>409/</color><color=#F0F0F0FF>512</color><pos=95f%>@#CO#</pos>

<pos=0f%>6</pos><pos=2.5f%>@#Omar#</pos><pos=40.5f%>2</pos><pos=53f%><color=#141414>163/</color><color=#F0F0F0FF>163</color></pos><pos=75f%></pos><color=#141414>367/</color><color=#F0F0F0FF>571</color><pos=95f%>@#MA#</pos>

<pos=0f%>7</pos>



<color=@#SubHeading#><b>Light</b></color><pos=0%><sprite=43/></pos><pos=5.5f%><sprite=44/></size><line-height=125%>

</line-height><margin-left=10fem>The light icons represent if the party has a light source to guide their way. Light icons can be two different shades. Lighter for light that <u>can not</u> detect secret doors, darker for light that <u>can</u> detect secret doors.</margin>



<color=@#SubHeading#><b>Levitation</b></color><pos=0%><sprite=45/></pos><line-height=125%>

</line-height><margin-left=10fem>The levitation icon represents if the party has any form levitation in effect.</margin>



<color=@#SubHeading#><b>Sight</b></color><pos=0%><sprite=46/></pos><line-height=125%>

</line-height><margin-left=10fem>The sight icon represents if an effect is active, assisting the parties navigation.</margin>



<color=@#SubHeading#><b>Shield</b></color><pos=0%><sprite=47/></pos><line-height=125%>

</line-height><margin-left=10fem>The shield icon represents if the party has an effect that is improving their defensive capabilities.</margin>



<color=@#SubHeading#><b>Compass</b></color><pos=0%><sprite=48/></pos><pos=4f%><sprite=49/></pos><line-height=125%>

</line-height><margin-left=10fem>The compass icons represent if the party has a bearing on direction. A compass with a highlighted arrow shows which world space direction the party is facing. A rotating compass with a question mark means the party has lost their bearings.</margin>



<color=@#SubHeading#><b>Bard Song</b></color><pos=1%><sprite=50/></pos><line-height=125%>

</line-height><margin-left=10fem>The song icon represents if a bard song is being sung, providing a beneficial effect for the party.</margin>



<color=@#SubHeading#><b>Tooltip</b></color>

Hovering the mouse cursor over any magical effect icon display a tooltip that details the source and the time remaining on the effect.","隊伍狀態包含了關於隊伍的所有資訊，其中包括：

隊伍欄位與隊伍欄位編號、所有隊伍成員及其姓名、隊伍成員的 <l=""MAN_ARMOR_CLASS"",@#AC#/>、<l=""MAN_HIT_POINTS"",@#HP#/>、<l=""MAN_SPELL_POINTS"",@#SP#/>、<l=""MAN_CLASS"",@#class#/>、<l=""MAN_CHARACTER_CONDITIONS"",""conditions""/> 以及任何生效中的魔法效果。

<pos=15%><sprite=35/></pos></pos><pos=23%><sprite=37/></pos><pos=33%><sprite=38/></pos><pos=44%><sprite=39/></pos><pos=53%><sprite=40/></pos><pos=62%><sprite=42/></pos>

<line-height=200%>

</line-height><pos=40f%>@#AC#</pos><pos=55.5f%><color=#141414>@#HP#</color></pos><pos=78f%>@#SP#</pos><pos=95.5f%>@#CL#</pos>

XTAGX36<l=""MAN_HIT_POINTS"",@#HP#/>37XTAGX<pos=2.5f%>@#Brian the Fist#</pos><pos=40f%>-10</pos><pos=53f%><color=#141414>108/</color><color=#F0F0F0FF>258</color></pos><pos=75f%></pos><pos=95f%>@#WA#</pos>

XTAGX52<l=""MAN_SPELL_POINTS"",@#SP#/>53XTAGX<pos=2.5f%>@#El Cid#</pos><pos=40f%>-8</pos><pos=53f%><color=#141414>215/</color><color=#F0F0F0FF>226</color></pos><pos=75f%></pos><pos=95f%>@#PA#</pos>

XTAGX68<l=""MAN_CLASS"",@#class#/>69XTAGX<pos=2.5f%>@#Markus#</pos><pos=40f%>-4</pos><pos=53f%><color=#141414>176/</color><color=#F0F0F0FF>198</color></pos><pos=75f%></pos><pos=95f%>@#BA#</pos>

XTAGX84<l=""MAN_CHARACTER_CONDITIONS"",""conditions""/>85XTAGX<pos=2.5f%>@#Sir Grady#</pos><pos=40f%>-5</pos><pos=53f%><color=#141414>178/</color><color=#F0F0F0FF>215</color></pos><pos=75f%></pos><pos=95f%>@#RO#</pos>

XTAGX100<pos=15%>101XTAGX<pos=2.5f%>@#Merlin#</pos><pos=40f%>-1</pos><pos=53f%><color=#141414>145/</color><color=#F0F0F0FF>145</color></pos><pos=75f%></pos><color=#141414>409/</color><color=#F0F0F0FF>512</color><pos=95f%>@#CO#</pos>

XTAGX120<sprite=35/>121XTAGX<pos=2.5f%>@#Omar#</pos>XTAGX124<l=""MAN_SPELL_POINTS"",@#SP#/>125XTAGX<pos=53f%><color=#141414>163/</color><color=#F0F0F0FF>163</color></pos><pos=75f%></pos><color=#141414>367/</color><color=#F0F0F0FF>571</color><pos=95f%>@#MA#</pos>

XTAGX140</pos>141XTAGX



<color=@#SubHeading#><b>光源</b></color><pos=0%><sprite=43/></pos><pos=5.5f%><sprite=44/></size><line-height=125%>

</line-height><margin-left=10fem>光源圖示代表隊伍是否有光源指引道路。光源圖示有兩種深淺色調。較亮的表示光線 <u>無法</u>偵測到密門，較暗的表示光線 <u>可以</u>偵測到密門。</margin>



<color=@#SubHeading#><b>漂浮</b></color><pos=0%><sprite=45/></pos><line-height=125%>

</line-height><margin-left=10fem>漂浮圖示代表隊伍是否有任何形式的漂浮效果正在生效。</margin>



<color=@#SubHeading#><b>視野</b></color><pos=0%><sprite=46/></pos><line-height=125%>

</line-height><margin-left=10fem>視野圖示代表是否有輔助隊伍導航的效果正在生效。</margin>



<color=@#SubHeading#><b>護盾</b></color><pos=0%><sprite=47/></pos><line-height=125%>

</line-height><margin-left=10fem>護盾圖示代表隊伍是否有提升其防禦能力的效果正在生效。</margin>



<color=@#SubHeading#><b>指南針</b></color><pos=0%><sprite=48/></pos><pos=4f%><sprite=49/></pos><line-height=125%>

</line-height><margin-left=10fem>指南針圖示代表隊伍是否掌握方向。帶有高亮箭頭的指南針顯示隊伍面對的世界空間方向。帶有問號的旋轉指南針則表示隊伍已迷失方向。</margin>



<color=@#SubHeading#><b>吟遊詩人之歌</b></color><pos=1%><sprite=50/></pos><line-height=125%>

</line-height><margin-left=10fem>歌曲圖示代表是否有吟遊詩人之歌正在演唱，為隊伍提供增益效果。</margin>



<color=@#SubHeading#><b>工具提示</b></color>

將滑鼠游標懸停在任何魔法效果圖示上，會顯示一個工具提示，詳細說明效果的來源和剩餘時間。"
MAN_SETTINGS,Settings,設定
MAN_SETTINGS_TEXT,"Multiple adjustments can be made via the settings panel in the pause menu.<line-height=130%>

</line-height><sprite=10/> <b><color=@#InteractionCommand#>F10</color></b><line-height=140%>

</line-height><l=""MAN_GRAPHICS""/>

<l=""MAN_AUDIO""/>

<l=""MAN_GAMEPLAY""/>","可透過暫停選單中的設定面板進行多項調整。<line-height=130%>

</line-height><sprite=10/> <b><color=@#InteractionCommand#>F10</color></b><line-height=140%>

</line-height><l=""MAN_GRAPHICS""/>

<l=""MAN_AUDIO""/>

<l=""MAN_GAMEPLAY""/>"
MAN_AUDIO,Audio,音訊
MAN_AUDIO_TEXT,"Audio Settings.



<sprite=57/> Adjust the volume of all music in the game.





<sprite=58/> Adjust the volume of all sound effects (SFX) in the game.",音訊設定。\n\n\n\n<sprite=57/> 調整遊戲中所有音樂的音量。\n\n\n\n\n\n<sprite=58/> 調整遊戲中所有音效（SFX）的音量。
MAN_CONTROLS,Controls,操作
MAN_CONTROLS_TEXT,"The Bard's Tale Trilogy presents choices throughout the game. Choices are <b><color=@#InteractionCommand#>highlighted</color></b> in yellow and defines what key to press to select that choice.

<pos=1%><sprite=25/></pos>

<margin=6.25fem>The cursor can also be used to click any of the same options and buttons throughout The Bard's Tale Trilogy.</margin>","《冰城傳奇三部曲》在遊戲過程中會提供各種選擇。選擇會以 <b><color=@#InteractionCommand#>黃色高亮</color></b> 標示，並定義按下哪個按鍵來選取該選項。

<pos=1%><sprite=25/></pos>

<margin=6.25fem>你也可以使用游標點擊《冰城傳奇三部曲》中任何相同的選項和按鈕。</margin>"
MAN_MOVEMENT,Movement,移動
MAN_MOVEMENT_TEXT,"<color=@#SubHeading#><b>Keyboard</b></color>

<b><color=@#InteractionCommand#>W</color></b> - move forward.

<b><color=@#InteractionCommand#>S</color></b> - turn to face the opposite direction.

<b><color=@#InteractionCommand#>A</color></b> - turn left.

<b><color=@#InteractionCommand#>D</color></b> - turn right.



<color=@#SubHeading#><b>Mouse</b></color>

When the pointer is placed within the <l=""MAN_3D_GAME_VIEW"",""3D game view""/>, it turns into a directional arrow. As the cursor is moved, the arrow points out the various directions of can travel. Ahead, around corners, into buildings, through doors. Click to go in the direction currently indicated by the arrow.



<pos=40%><sprite=59/></pos>

<pos=31%><sprite=60/></pos><pos=48%><sprite=61/></pos>

<pos=40%><sprite=62/></pos><line-height=200%>

</line-height><b><color=@#InteractionCommand#>Up-Arrow</color></b> - move forward.

<b><color=@#InteractionCommand#>Down-Arrow</color></b> - turn around 180 degrees.

<b><color=@#InteractionCommand#>Left-Arrow</color></b> - turn left 90 degrees.

<b><color=@#InteractionCommand#>Right-Arrow</color></b> - turn right 90 degrees.

The left mouse button can also be held down to continuously move.","<color=@#SubHeading#><b>鍵盤</b></color>

<b><color=@#InteractionCommand#>W</color></b> - 向前移動。

<b><color=@#InteractionCommand#>S</color></b> - 轉向面對相反方向。

<b><color=@#InteractionCommand#>A</color></b> - 向左轉。

<b><color=@#InteractionCommand#>D</color></b> - 向右轉。



<color=@#SubHeading#><b>滑鼠</b></color>

當指標置於 <l=""MAN_3D_GAME_VIEW"",""3D game view""/> 內時，會變成方向箭頭。移動游標時，箭頭會指向可前進的各個方向：前方、轉角、進入建築物、穿過門。點擊即可朝箭頭當前指示的方向前進。



<pos=40%><sprite=59/></pos>

<pos=31%><sprite=60/></pos><pos=48%><sprite=61/></pos>

<pos=40%><sprite=62/></pos><line-height=200%>

</line-height><b><color=@#InteractionCommand#>上方向鍵</color></b> - 向前移動。

<b><color=@#InteractionCommand#>下方向鍵</color></b> - 向後轉180度。

<b><color=@#InteractionCommand#>左方向鍵</color></b> - 向左轉90度。

<b><color=@#InteractionCommand#>右方向鍵</color></b> - 向右轉90度。

按住滑鼠左鍵也可持續移動。"
MAN_ACTIONS,Actions,動作
MAN_ACTIONS_TEXT,"Clicking a character name plate in <l=""MAN_PARTY_STATUS"",""party status""/> or pressing (<b><color=@#InteractionCommand#>1</color></b> - <b><color=@#InteractionCommand#>7</color></b>) opens character information in the <l=""MAN_SCROLL"",""scroll""/>.<line-height=130%>

</line-height><sprite=10/>  <b><color=@#InteractionCommand#>F10</color></b> - Opens the Menu.



<sprite=11/>  <b><color=@#InteractionCommand#>F1</color></b> - Opens this Manual.



<sprite=12/>  <b><color=@#InteractionCommand#>F2</color></b> - Opens the Cloth Map.



<sprite=13/>  <b><color=@#InteractionCommand#>F3</color></b> - Opens the Bestiary.



<sprite=14/>  <b><color=@#InteractionCommand#>F4</color></b> - Opens Game Stats.



<sprite=9/> - More Options.<line-height=130%>

</line-height><indent=1.2f%>When peacefully exploring streets, cities or navigating through dungeons the more options button can be pressed to use the following buttons -</indent>



<line-height=130%><sprite=15/> @#BUTTON_WhereAmI#.

</line-height><indent=1.2f%>Learn the name of the location the party is in, and the time of day. If within a city this will also tell the street name.</indent>



<line-height=130%><sprite=16/> @#BUTTON_CastSpell#.

</line-height><indent=1.2f%>Casts a spell from a selected mage. This can also be done by pressing a magic users party slot number (<b><color=@#InteractionCommand#>1</color></b> - <b><color=@#InteractionCommand#>7</color></b>) key, or click on a magic user's name in the party status and press (<b><color=@#InteractionCommand#>S</color></b>) - to open the spell list.</indent>



<line-height=130%><sprite=17/> @#BUTTON_PlaySong#.

</line-height><indent=1.2f%>Sing a Bard's tune.</indent>



<line-height=130%><sprite=18/> @#BUTTON_UseItem#. 

</line-height><indent=1.2f%>Use an equipped item.</indent>



<line-height=130%><sprite=19/> @#BUTTON_PortalUp#.

</line-height><indent=1.2f%>Ascend <u>up</u> through a portal.</indent>



<line-height=130%><sprite=20/> @#BUTTON_PortalDown#.

</line-height><indent=1.2f%>Descend <u>down</u> through a portal.</indent>



<line-height=130%><sprite=21/> @#BUTTON_PartyAttack#.

</line-height><indent=1.2f%>Assault another member of the party, including special members.</indent>



<line-height=130%><sprite=22/> @#BUTTON_PartyOrder#.

</line-height><indent=1.2f%>Set a new party order from (<b><color=@#InteractionCommand#>1</color></b> - <b><color=@#InteractionCommand#>7</color></b>). This can also be done by dragging and dropping character names in the party status.</size></indent>



<line-height=130%><sprite=23/> @#BUTTON_ToggleMinimap#.

</line-height><indent=1.2f%>Toggles the minimap in the 3d view.</indent>



<line-height=130%><sprite=24/> @#BUTTON_ToggleJournal#.

</line-height><indent=1.2f%>Opens the journal.</indent>","在 <l=""MAN_PARTY_STATUS"",""party status""/> 中點擊角色名牌，或按下 (<b>XTAGX2<b>3XTAGX</b> - <b><color=@#InteractionCommand#>7</color></b>) 可在 <l=""MAN_SCROLL"",""scroll""/> 中開啟角色資訊。<line-height=130%>

</line-height><sprite=10/>  <b><color=@#InteractionCommand#>F10</color></b> - 開啟選單。



<sprite=11/>  <b><color=@#InteractionCommand#>F1</color></b> - 開啟此手冊。



<sprite=12/>  <b><color=@#InteractionCommand#>F2</color></b> - 開啟布質地圖。



<sprite=13/>  <b><color=@#InteractionCommand#>F3</color></b> - 開啟怪物圖鑑。



<sprite=14/>  <b><color=@#InteractionCommand#>F4</color></b> - 開啟遊戲統計。



<sprite=9/> - 更多選項。<line-height=130%>

</line-height><indent=1.2f%>在和平探索街道、城市或穿越地下城時，可按下更多選項按鈕來使用以下按鈕：</indent>



<line-height=130%><sprite=15/> @#BUTTON_WhereAmI#。

</line-height><indent=1.2f%>了解隊伍所在位置的名稱及當前時間。若在城市中，還會告知街道名稱。</indent>



<line-height=130%><sprite=16/> @#BUTTON_CastSpell#。

</line-height><indent=1.2f%>從選定的法師施展法術。也可按下魔法使用者的隊伍欄位編號 (<b>XTAGX52<b>53XTAGX</b> - <b>XTAGX56</color>57XTAGX</b>) 鍵，或點擊隊伍狀態中魔法使用者的名字並按下 (<b><color=@#InteractionCommand#>S</color></b>) 來開啟法術列表。</indent>



<line-height=130%><sprite=17/> @#BUTTON_PlaySong#。

</line-height><indent=1.2f%>吟唱吟遊詩人的曲調。</indent>



<line-height=130%><sprite=18/> @#BUTTON_UseItem#。

</line-height><indent=1.2f%>使用已裝備的物品。</indent>



<line-height=130%><sprite=19/> @#BUTTON_PortalUp#。

</line-height><indent=1.2f%>通過傳送門 <u>向上</u> 移動。</indent>



<line-height=130%><sprite=20/> @#BUTTON_PortalDown#。

</line-height><indent=1.2f%>通過傳送門 <u>向下</u> 移動。</indent>



<line-height=130%><sprite=21/> @#BUTTON_PartyAttack#。

</line-height><indent=1.2f%>攻擊隊伍中的另一名成員，包括特殊成員。</indent>



<line-height=130%><sprite=22/> @#BUTTON_PartyOrder#。

</line-height><indent=1.2f%>設定新的隊伍順序 (<b>XTAGX98<b>99XTAGX</b> - <b>XTAGX102</color>103XTAGX</b>)。也可透過在隊伍狀態中拖放角色名稱來完成。</size></indent>



<line-height=130%><sprite=23/> @#BUTTON_ToggleMinimap#。

</line-height><indent=1.2f%>切換3D視野中的小地圖。</indent>



<line-height=130%><sprite=24/> @#BUTTON_ToggleJournal#。

</line-height><indent=1.2f%>開啟日誌。</indent>"
MAN_COMBAT_COMMANDS,Combat,戰鬥
MAN_COMBAT_COMMANDS_TEXT,"During battle, the actions and options characters can take appear in the <l=""MAN_SCROLL"",""scroll""/>.



<color=@#SubHeading#>@#Advance ahead#</color> - Moves the party closer to the nearest group of enemies.

<color=@#SubHeading#>@#Fight bravely#</color> - Engages in combat.

<color=@#SubHeading#>@#Run away#</color> - Attempts to try and safely escape combat without having to engage.



<color=@#SubHeading#>@#Attack#</color> - Physically assaults foes any of the first 4 groups of monsters within 10'.

<color=@#SubHeading#>@#Defend#</color> - Do not interact this round - reduces chance of being hit.

<color=@#SubHeading#>@#Bard song#</color> - Plays a bard song to affect the party or groups of foes.

<color=@#SubHeading#>@#Hide in the shadows#</color> - Try to avoid combat by hiding. If successful, will not be a target of attack in the upcoming combat round.

<color=@#SubHeading#>@#Cast a spell#</color> - Casts a spell at enemies or the party.

<color=@#SubHeading#>@#Use an equipped item#</color> - Use an item or currently equipped item.

<color=@#SubHeading#>@#Ranged attack#</color> - Shoot or throw a projectile from a distance.

<color=@#SubHeading#>@#Party attack#</color> - Assault another member of the party, including special members. 

<color=@#SubHeading#>@#EQUIP_OR_UNEQUIP#</color> - The party-member will equip or unequip a single item.

<color=@#SubHeading#>@#KICK_DEAD_MONSTERS#</color> - Free up character slots during combat by removing all existing dead monsters from the party.



<sprite=26/> - increase message scrolling rate.

<sprite=27/> - decrease message scrolling rate.","戰鬥期間，角色可採取的動作與選項會顯示在 <l=""MAN_SCROLL"",""scroll""/> 中。



<color=@#SubHeading#>@#向前推進#</color> - 讓隊伍靠近最近的敵人群組。

<color=@#SubHeading#>@#勇敢戰鬥#</color> - 進入戰鬥。

<color=@#SubHeading#>@#逃跑#</color> - 嘗試安全逃離戰鬥，無需交戰。



<color=@#SubHeading#>@#攻擊#</color> - 對10呎內前4組怪物進行物理攻擊。

<color=@#SubHeading#>@#防禦#</color> - 此回合不行動，降低被擊中機率。

<color=@#SubHeading#>@#吟遊詩人之歌#</color> - 演奏吟遊詩人之歌以影響隊伍或敵人群組。

<color=@#SubHeading#>@#躲入陰影#</color> - 嘗試躲藏以避開戰鬥。若成功，在接下來的戰鬥回合中不會成為攻擊目標。

<color=@#SubHeading#>@#施展法術#</color> - 對敵人或隊伍施展法術。

<color=@#SubHeading#>@#使用已裝備物品#</color> - 使用物品或當前裝備的物品。

<color=@#SubHeading#>@#遠程攻擊#</color> - 從遠處射擊或投擲投射物。

<color=@#SubHeading#>@#攻擊隊友#</color> - 攻擊隊伍中的另一名成員，包括特殊成員。

<color=@#SubHeading#>@#EQUIP_OR_UNEQUIP#</color> - 隊伍成員將裝備或卸下單一物品。

<color=@#SubHeading#>@#KICK_DEAD_MONSTERS#</color> - 在戰鬥中移除所有已死亡的怪物，以釋放角色欄位。



<sprite=26/> - 增加訊息捲動速度。

<sprite=27/> - 減少訊息捲動速度。"
MAN_CHARACTER,Character,角色
MAN_CHARACTER_TEXT,"Characters can be created at the <b><l=""MAN_ADVENTURERS_GUILD"",""Adventurer's Guild""/></b> in the

<b>Tales of the Unknown (BT1)</b>, <b>The Destiny Knight (BT2)</b>, and in the <b><l=""MAN_REFUGEE_CAMP"",""refugee camp""/></b> in the <b>Thief of Fate (BT3)</b>.","角色可在 <b><l=""MAN_ADVENTURERS_GUILD"",""Adventurer's Guild""/></b> 處創建，位於
<b>《未知傳奇》（BT1）</b>、<b>《天命勇士》（BT2）</b>，以及在 <b><l=""MAN_REFUGEE_CAMP"",""refugee camp""/></b> 處創建，位於 <b>《命運之賊》（BT3）</b>。"
MAN_RACE,Race,種族
MAN_RACE_TEXT,"Humans are not the only race in the world of The Bard's Tale. There is no single best race, each has its own strengths. Some are more magically inclined, some are stronger and some are smarter. There are 7 races:

<b><l=""MAN_HUMAN""/></b>

<b><l=""MAN_ELF""/></b>

<b><l=""MAN_DWARF""/></b>

<b><l=""MAN_HOBBIT""/></b>

<b><l=""MAN_HALFELF""/></b>

<b><l=""MAN_HALFORC""/></b>

<b><l=""MAN_GNOME""/></b>","人類並非《冰城傳奇》世界中唯一的種族。沒有哪個種族絕對最強，每個種族都有其優勢。有些種族天生擅長魔法，有些更強壯，有些則更聰明。共有 7 個種族：

<b><l=""MAN_HUMAN""/></b>

<b><l=""MAN_ELF""/></b>

<b><l=""MAN_DWARF""/></b>

<b><l=""MAN_HOBBIT""/></b>

<b><l=""MAN_HALFELF""/></b>

<b><l=""MAN_HALFORC""/></b>

<b><l=""MAN_GNOME""/></b>"
MAN_HUMAN,Human,人類
MAN_HUMAN_TEXT,"While possibly being of hardier stock, this character is nonetheless like you or me. The people of this race are known for their inventiveness, hardiness, aggressiveness, and downright stubbornness in the face of adversity.



Human capable classes -

<l=""MAN_WARRIOR""/>

<l=""MAN_PALADIN""/>

<l=""MAN_ROGUE""/>

<l=""MAN_BARD""/>

<l=""MAN_HUNTER""/>

<l=""MAN_MONK""/>

<l=""MAN_CONJURER""/>

<l=""MAN_MAGICIAN""/>","儘管體格可能較為強健，但這個角色終究與你我無異。這個種族的人民以他們的創造力、堅韌、好鬥，以及在逆境中頑固不屈而聞名。

人類可勝任的職業——

<l=""MAN_WARRIOR""/>

<l=""MAN_PALADIN""/>

<l=""MAN_ROGUE""/>

<l=""MAN_BARD""/>

<l=""MAN_HUNTER""/>

<l=""MAN_MONK""/>

<l=""MAN_CONJURER""/>

<l=""MAN_MAGICIAN""/>"
MAN_ELF,Elf,精靈
MAN_ELF_TEXT,"These fair-haired, fair-skinned people closely resemble humans but are frequently taller, faster, and more agile due to their slim builds. The Elven people are highly skilled in the arts, especially magic and war.



Elf capable classes -

<l=""MAN_WARRIOR""/>

<l=""MAN_PALADIN""/>

<l=""MAN_ROGUE""/>

<l=""MAN_BARD""/>

<l=""MAN_MONK""/>

<l=""MAN_CONJURER""/>

<l=""MAN_MAGICIAN""/>



Not capable classes -

<l=""MAN_HUNTER""/>","這些金髮白膚的種族與人類極為相似，但由於體型纖細，他們通常更高、更快、更敏捷。精靈族在藝術方面技藝高超，尤其擅長魔法與戰爭。

精靈可勝任的職業——

<l=""MAN_WARRIOR""/>

<l=""MAN_PALADIN""/>

<l=""MAN_ROGUE""/>

<l=""MAN_BARD""/>

<l=""MAN_MONK""/>

<l=""MAN_CONJURER""/>

<l=""MAN_MAGICIAN""/>


無法勝任的職業——

<l=""MAN_HUNTER""/>"
MAN_DWARF,Dwarf,矮人
MAN_DWARF_TEXT,"The Dwarven people are short and stout, extremely strong and healthy, but not amazingly intelligent. What they lack in intelligence, they more than make up for in their fighting abilities.



Dwarf capable classes -

<l=""MAN_WARRIOR""/>

<l=""MAN_PALADIN""/>

<l=""MAN_ROGUE""/>

<l=""MAN_BARD""/>

<l=""MAN_HUNTER""/>

<l=""MAN_MONK""/>



Not capable classes -

<l=""MAN_CONJURER""/>

<l=""MAN_MAGICIAN""/>","矮人族身材矮小粗壯，極其強壯健康，但智力並非特別出眾。他們在智力上的不足，完全由戰鬥能力所彌補。

矮人可勝任的職業——

<l=""MAN_WARRIOR""/>

<l=""MAN_PALADIN""/>

<l=""MAN_ROGUE""/>

<l=""MAN_BARD""/>

<l=""MAN_HUNTER""/>

<l=""MAN_MONK""/>


無法勝任的職業——

<l=""MAN_CONJURER""/>

<l=""MAN_MAGICIAN""/>"
MAN_HOBBIT,Hobbit,哈比人
MAN_HOBBIT_TEXT,"Hobbits are slightly smaller than Dwarves but are wise, nimble, dexterous and usually very patient. It is said, if need be, a hobbit can steal the gold-purse from a shadow. Just the right makeup for a rogue.



Hobbit capable classes -

<l=""MAN_WARRIOR""/>

<l=""MAN_ROGUE""/>

<l=""MAN_BARD""/>

<l=""MAN_MONK""/>

<l=""MAN_CONJURER""/>

<l=""MAN_MAGICIAN""/>



Not capable classes -

<l=""MAN_PALADIN""/>

<l=""MAN_HUNTER""/>","哈比人比矮人略為矮小，但他們睿智、靈巧、敏捷，而且通常非常有耐心。據說，如有必要，哈比人能從影子裡偷走錢袋。這正是成為盜賊的絕佳特質。


哈比人可勝任職業 -

<l=""MAN_WARRIOR""/>

<l=""MAN_ROGUE""/>

<l=""MAN_BARD""/>

<l=""MAN_MONK""/>

<l=""MAN_CONJURER""/>

<l=""MAN_MAGICIAN""/>



無法勝任職業 -

<l=""MAN_PALADIN""/>

<l=""MAN_HUNTER""/>"
MAN_HALFELF,Half-Elf,半精靈
MAN_HALFELF_TEXT,"These people are living proof of the compatibility between humans and elves. They are fair-haired and light-skinned like elves, but gain some bulk and strength through their human ancestry.



Half-Elf capable classes -

<l=""MAN_WARRIOR""/>

<l=""MAN_ROGUE""/>

<l=""MAN_BARD""/>

<l=""MAN_MONK""/>

<l=""MAN_CONJURER""/>

<l=""MAN_MAGICIAN""/>



Not capable classes -

<l=""MAN_PALADIN""/>

<l=""MAN_HUNTER""/>","這些人是人類與精靈能夠共存的活生生證明。他們像精靈一樣有著淺色頭髮和淺色皮膚，但透過人類的血統獲得了些許體格與力量。


半精靈可勝任職業 -

<l=""MAN_WARRIOR""/>

<l=""MAN_ROGUE""/>

<l=""MAN_BARD""/>

<l=""MAN_MONK""/>

<l=""MAN_CONJURER""/>

<l=""MAN_MAGICIAN""/>



無法勝任職業 -

<l=""MAN_PALADIN""/>

<l=""MAN_HUNTER""/>"
MAN_HALFORC,Half-Orc,半獸人
MAN_HALFORC_TEXT,"Orcs are large, semi-intelligent, pig-like creatures that can usually be found working for evil wizards. Half-orcs, being half human, aren't quite as despicable as full orcs but you wouldn't want to date one.



Half-Orc capable classes -

<l=""MAN_WARRIOR""/>

<l=""MAN_ROGUE""/>

<l=""MAN_HUNTER""/>

<l=""MAN_CONJURER""/>

<l=""MAN_MAGICIAN""/>



Not capable classes -

<l=""MAN_PALADIN""/>

<l=""MAN_BARD""/>

<l=""MAN_MONK""/>","獸人體型龐大、半具智慧、長得像豬的生物，通常會為邪惡巫師效力。半獸人因為有一半人類血統，不至於像純種獸人那樣卑鄙，但你絕對不會想跟他們約會。


半獸人可勝任職業 -

<l=""MAN_WARRIOR""/>

<l=""MAN_ROGUE""/>

<l=""MAN_HUNTER""/>

<l=""MAN_CONJURER""/>

<l=""MAN_MAGICIAN""/>



無法勝任職業 -

<l=""MAN_PALADIN""/>

<l=""MAN_BARD""/>

<l=""MAN_MONK""/>"
MAN_GNOME,Gnome,地侏
MAN_GNOME_TEXT,"These people resemble dwarves, but usually have less hair, shorter tempers, and are always better at using magic.



Gnome capable classes -

<l=""MAN_WARRIOR""/>

<l=""MAN_ROGUE""/>

<l=""MAN_HUNTER""/>

<l=""MAN_MONK""/>

<l=""MAN_CONJURER""/>

<l=""MAN_MAGICIAN""/>



Not capable classes -

<l=""MAN_PALADIN""/>

<l=""MAN_BARD""/>","這些種族長得像矮人，但通常毛髮較少、脾氣更暴躁，而且總是更擅長使用魔法。


地侏可勝任職業 -

<l=""MAN_WARRIOR""/>

<l=""MAN_ROGUE""/>

<l=""MAN_HUNTER""/>

<l=""MAN_MONK""/>

<l=""MAN_CONJURER""/>

<l=""MAN_MAGICIAN""/>



無法勝任職業 -

<l=""MAN_PALADIN""/>

<l=""MAN_BARD""/>"
MAN_CLASS,Class,職業
MAN_CLASS_TEXT,"Classes represent a characters profession. They determine what gear they can were and use and what, if any, magic they can wield.",職業代表角色的專業。它們決定角色能穿戴與使用哪些裝備，以及能施展何種魔法（若有的話）。
MAN_FIGHTERS,Fighters,戰鬥者
MAN_FIGHTERS_TEXT,Fighters are classes best suited to physical combat.,戰鬥者是專精於物理戰鬥的職業。
MAN_WARRIOR,Warrior,戰士
MAN_WARRIOR_TEXT,"<color=@#Fighter#>Fighter</color>

Warriors are fighters. They can use nearly every weapon there is. For every 4 levels of experience after the first, warriors get an <l=""MAN_MELEE_COMBAT"",""extra attack""/> capability in combat.



Capable of becoming a <l=""MAN_GEOMANCER""/>.","<color=@#Fighter#>戰士</color>

戰士就是戰鬥者。他們幾乎能使用所有武器。每當經驗等級超過第一級後，每提升四級，戰士就會在戰鬥中獲得一次<l=""MAN_MELEE_COMBAT"",""extra attack""/>能力。


可晉升為<l=""MAN_GEOMANCER""/>。"
MAN_PALADIN,Paladin,聖騎士
MAN_PALADIN_TEXT,"<color=@#Fighter#>Fighter</color>

Paladins are fighters who have sworn to fight all evil and uphold honor and purity in all places and situations. Paladins can use most weapons including many that other fighters can't. Paladins get <l=""MAN_MELEE_COMBAT"",""multiple attacks""/> at higher levels and also have greater resistance to evil magic.



Capable of becoming a <l=""MAN_GEOMANCER""/>.","<color=@#Fighter#>戰士</color>

聖騎士是發誓對抗一切邪惡，並在任何地方與情況下維護榮譽與純潔的戰士。聖騎士能使用大多數武器，包括許多其他戰士無法使用的。聖騎士在高等級時會獲得<l=""MAN_MELEE_COMBAT"",""multiple attacks""/>，並且對邪惡魔法有更強的抵抗力。



能夠成為<l=""MAN_GEOMANCER""/>。"
MAN_ROGUE,Rogue,盜賊
MAN_ROGUE_TEXT,"<color=@#Fighter#>Fighter</color>

Rogues are professional thieves with mediocre combat skills. However, rogues are experts at skulking in the shadows, as well as searching for <l=""MAN_CHEST_TRAPS"",""chest traps""/> and disarming them. Without a rogue in the ranks of the party, booty will come at an unusually high price.



When rogues successfully slip into the shadows to avoid combat, they advance 10 feet. If they are already cloaked in the shadows, they can continue to advance further and further. An attack from the shadows have a good chance of getting a <l=""MAN_MELEE_COMBAT"",""critical hit""/> because they are striking the monster from behind.","<color=@#Fighter#>戰士</color>

盜賊是戰鬥技巧平庸的專業竊賊。然而，盜賊是潛行陰影以及搜尋<l=""MAN_CHEST_TRAPS"",""chest traps""/>並解除它們的專家。冒險隊伍中若沒有盜賊，戰利品將付出異常高昂的代價。



當盜賊成功潛入陰影以避免戰鬥時，他們會前進10英尺。如果他們已隱蔽在陰影中，則可以繼續前進得更遠。從陰影發動的攻擊有很高機率造成<l=""MAN_MELEE_COMBAT"",""critical hit""/>，因為他們是從怪物背後發動襲擊。"
MAN_BARD,Bard,吟遊詩人
MAN_BARD_TEXT,"<color=@#Fighter#>Fighter</color><sprite=4/>

<width=65%>The bard is a wandering minstrel. He is always seen with a tankard of ale in front of him in even the less reputable of taverns. The rowdier the better.



Most bards are warriors who have given up the art of war for the art of <l=""MAN_BARD_SONGS"",""magical music""/>. This doesn't mean that they have forgotten how to handle warrior weapons.</width>

But because they're not true warriors, bards don't get the advantage of extra attacks during combat. Their magic is so unique, it is almost impossible to survive without one.



Any true bard has a variety of tunes on their lips, though to play them, they must have an instrument equipped and a healthy voice. When the going gets tough, the bard goes drinking.



Capable of becoming a <l=""MAN_GEOMANCER""/>.","<color=@#Fighter#>戰士</color><sprite=4/>

<width=65%>吟遊詩人是個流浪的樂師。即使在最不入流的酒館裡，也總能看到他面前擺著一杯麥芽酒。越喧鬧越好。



大多數吟遊詩人是放棄了戰爭藝術，轉而投入<l=""MAN_BARD_SONGS"",""magical music""/>藝術的戰士。這並不代表他們忘記了如何使用戰士的武器。</width>

但因為他們並非真正的戰士，吟遊詩人在戰鬥中無法獲得額外攻擊的優勢。他們的魔法如此獨特，以至於隊伍中幾乎不可能沒有吟遊詩人而存活。



任何真正的吟遊詩人都會哼唱各種曲調，但要演奏它們，必須裝備樂器並擁有健康的嗓音。當情況變得艱難時，吟遊詩人就會去喝酒。



能夠成為<l=""MAN_GEOMANCER""/>。"
MAN_HUNTER,Hunter,獵人
MAN_HUNTER_TEXT,"<color=@#Fighter#>Fighter</color>

The Hunter is an assassin, a mercenary, but also a ninja. The hunter can use most weapons, and has the ability to do <l=""MAN_MELEE_COMBAT"",""critical hits""/> in combat. As the hunter levels up so does the skill that increases critical hit chance.



Capable of becoming a <l=""MAN_GEOMANCER""/>.","<color=@#Fighter#>戰士</color>

獵人是刺客、傭兵，同時也是忍者。獵人能使用大多數武器，並擁有在戰鬥中造成<l=""MAN_MELEE_COMBAT"",""critical hits""/>的能力。隨著獵人升級，增加暴擊機率的技能也會提升。



能夠成為<l=""MAN_GEOMANCER""/>。"
MAN_MONK,Monk,武僧
MAN_MONK_TEXT,"<color=@#Fighter#>Fighter</color>

The monk is a martial artist. An almost inhuman fighting machine trained to fight without weapons or armor. The monk can use them, but, at higher levels particularly, often does better without. Monks do well in combat because of their ability to attack <l=""MAN_MELEE_COMBAT"",""multiple times""/>.



Capable of becoming a <l=""MAN_GEOMANCER""/>.","<color=@#Fighter#>戰士</color>

武僧是名武術家。一個幾乎非人的戰鬥機器，受訓成不靠武器或護甲戰鬥。武僧可以使用它們，但在高等級時，尤其是不使用時表現更佳。武僧在戰鬥中表現出色，因為他們有能力進行<l=""MAN_MELEE_COMBAT"",""multiple times""/>攻擊。



能夠成為<l=""MAN_GEOMANCER""/>。"
MAN_MAGES,Mages,法師
MAN_MAGES_TEXT,"Mages are the types of classes that are best suited for magic based combat by casting <l=""MAN_SPELLS"",""spells""/>.



Casting spells uses <l=""MAN_SPELL_POINTS"",""spell points""/> and spells require different amounts spell points. Magic users qualify to learn spells in the next <l=""MAN_SPELL_LEVEL"",""spell level""/> when they are at an eligible <l=""MAN_LEVEL"",""level""/>. It takes <l=""MAN_GOLD"",""gold""/> to actually learn the new spells. Once a Magic User leaves a mage class, they can never return to it. Make sure to master each class before changing, to get full effectiveness out of a mage.



<b>Tales of the Unknown (BT1)</b> starts with the classes - <l=""MAN_CONJURER""/>, <l=""MAN_MAGICIAN""/>, <l=""MAN_SORCERER""/>, <l=""MAN_WIZARD""/>.



<b>The Destiny Knight (BT2)</b> introduces the - <l=""MAN_ARCHMAGE""/> class.



<b>Thief of Fate (BT3)</b> adds the - <l=""MAN_CHRONOMANCER""/> and <l=""MAN_GEOMANCER""/> classes.","法師是適合以施放<l=""MAN_SPELLS"",""spells""/>進行魔法戰鬥的職業類型。

施放法術會消耗<l=""MAN_SPELL_POINTS"",""spell points""/>，且不同法術需要不同數量的法術點數。法師在達到符合資格的<l=""MAN_LEVEL"",""level""/>時，便有資格學習下一個<l=""MAN_SPELL_LEVEL"",""spell level""/>中的法術。實際學習新法術需要花費<l=""MAN_GOLD"",""gold""/>。一旦法師離開某個法師職業，就永遠無法再回到該職業。請務必在轉職前精通每個職業，才能充分發揮法師的效能。

<b>《未知傳奇》（BT1）</b> 起始職業為：<l=""MAN_CONJURER""/>、<l=""MAN_MAGICIAN""/>、<l=""MAN_SORCERER""/>、<l=""MAN_WIZARD""/>。

<b>《天命勇士》（BT2）</b> 引入了 <l=""MAN_ARCHMAGE""/> 職業。

<b>《命運之賊》（BT3）</b> 新增了 <l=""MAN_CHRONOMANCER""/> 和 <l=""MAN_GEOMANCER""/> 職業。"
MAN_CONJURER,Conjurer,咒術師
MAN_CONJURER_TEXT,"<color=@#MagicUser#>Magic User</color> (<l=""MAN_CONJURER_SPELLS"",""@#MAN_SPELLS#""/>)

Conjuring deals with healing the wounded, instantaneous creation of physical phenomena and effects, through the channeling of a mage's power. Conjurer spells are potent, but not unlimited in effect, since the exercise of creation takes a large amount of energy to produce even a moderate effect. A conjurer can also produce effects that distort non-solid things to produce new effects, like the distortion of space and time required to teleport human bodies to a new location.



<sprite=0/>","<color=@#MagicUser#>法師</color>（<l=""MAN_CONJURER_SPELLS"",""@#MAN_SPELLS#""/>）

咒術涉及透過引導法師的力量來治療傷者、即時創造物理現象與效果。咒術師的法術威力強大，但效果並非無限，因為即使是創造中等效果也需要耗費大量能量。咒術師也能扭曲非實體事物以產生新效果，例如扭曲時空以將人體傳送至新地點。

<sprite=0/>"
MAN_MAGICIAN,Magician,幻術師
MAN_MAGICIAN_TEXT,"<color=@#MagicUser#>Magic User</color> (<l=""MAN_MAGICIAN_SPELLS"",""@#MAN_SPELLS#""/>)

Magic, the art practiced by a Magician, deals with bestowing magical effects on common objects. The items do not become magical, but radiate fields of power for the duration of a spell. The gist of Magic is that it can increase an item's capability, give it a totally new capability, or change its form to something totally different.



<pos=2.5f%><sprite=1/></pos>","<color=@#MagicUser#>法師</color>（<l=""MAN_MAGICIAN_SPELLS"",""@#MAN_SPELLS#""/>）

魔法，即幻術師所實踐的技藝，涉及將魔法效果賦予普通物品。這些物品並不會變成魔法物品，而是在法術持續期間散發出力量場域。魔法的精髓在於它能提升物品的能力、賦予其全新的能力，或將其形態改變成完全不同的東西。

<pos=2.5f%><sprite=1/></pos>"
MAN_SORCERER,Sorcerer,術士
MAN_SORCERER_TEXT,"<color=@#MagicUser#>Magic User</color> (<l=""MAN_SORCERER_SPELLS"",""@#MAN_SPELLS#""/>)

Sorcery does not deal with a physical, manifestation, but rather the creation and manipulation of illusion and tapping into a heightened sense of awareness.

<pos=70%><sprite=2/></pos>

<width=67.5f%>An illusion is an image envisioned by the spell caster, which they then lay over the retinas of all who watch, augmenting this with appropriate stimulation of nerve endings to fool the other four senses. The human mind, believing an illusionary creation to be real, can be hurt or even killed by it, unless it is somehow disbelieved.<width=65%> A sorcerer, with the aid of their art, can also perceive certain special things hidden from view.</width>



Due to the power of Sorcerer spells, this class is not available to newly created characters. To become a Sorcerer, the mage must first have achieved spell level 3 in one of the other magical arts.","<color=@#MagicUser#>法師</color>（<l=""MAN_SORCERER_SPELLS"",""@#MAN_SPELLS#""/>）

術法並不涉及物理顯現，而是創造與操控幻象，並挖掘出更高層次的感知能力。

<pos=70%><sprite=2/></pos>

<width=67.5f%>幻象是施法者想像出的影像，他們將其投射在所有觀看者的視網膜上，並輔以適當的神經末梢刺激，以欺騙其他四種感官。人類的心靈若相信幻象創造物為真，便可能因此受傷甚至死亡，除非能以某種方式識破它。<width=65%>術士在其技藝的輔助下，也能感知某些隱藏於視線之外的特殊事物。</width>

由於術士法術的強大威力，此職業不開放給新創建的角色。要成為術士，法師必須先在另一門魔法技藝中達到法術等級 3。"
MAN_WIZARD,Wizard,巫師
MAN_WIZARD_TEXT,"<color=@#MagicUser#>Magic User</color> (<l=""MAN_WIZARD_SPELLS"",""@#MAN_SPELLS#""/>)

Wizardry deals with the summoning and binding of various supernatural creatures. These creatures are not friendly to humankind and trying to control them is extremely hazardous.

<pos=1%><sprite=3/></pos>

<margin-left=25fem>The wizard has fewer spells than the other three classes, but theirs are by far the most potent. The creatures they can summon come from another plane of existence, called the negative plane. The summoned monsters will join party, and will fight until defeated. The wizard has some ability to trap and control normal monsters as well.</margin>



Due to the power of Wizard spells, this class is not available to newly created characters. To become a Wizard, the mage must first have achieved spell level 3 in two other magical arts.","<color=@#MagicUser#>法師</color>（<l=""MAN_WIZARD_SPELLS"",""@#MAN_SPELLS#""/>）

巫術涉及召喚與束縛各種超自然生物。這些生物對人類並不友善，試圖控制它們極度危險。

<pos=1%><sprite=3/></pos>

<margin-left=25fem>巫師擁有的法術數量少於其他三個職業，但其法術威力遠勝於其他。他們能召喚的怪物來自另一個存在位面，稱為負能量位面。召喚出的怪物會加入隊伍，並戰鬥至被擊敗為止。巫師也具備一定能力來陷阱與控制普通怪物。</margin>

由於巫師法術的強大威力，此職業不開放給新創建的角色。要成為巫師，法師必須先在另外兩門魔法技藝中達到法術等級 3。"
MAN_ARCHMAGE,Archmage,大法師
MAN_ARCHMAGE_TEXT,"<color=@#MagicUser#>Magic User</color> (<l=""MAN_ARCHMAGE_SPELLS"",""@#MAN_SPELLS#""/>)

Archmage's are masters of magic. They are the most powerful form of mage because an archmage can do almost anything. These masters of magic have risen through at least three <l=""MAN_SPELL_LEVEL"",""spell levels""/> for each of the previous four magic using classes - <b><l=""MAN_CONJURER""/></b>, <b><l=""MAN_MAGICIAN""/></b>, <b><l=""MAN_SORCERER""/></b> and a <b><l=""MAN_WIZARD""/></b>.



Archmages possess the knowledge to cast all of the spells learnt from their previous classes.","<color=@#MagicUser#>法師</color> (<l=""MAN_ARCHMAGE_SPELLS"",""@#MAN_SPELLS#""/>)

大法師是魔法的宗師。他們是最強大的法師型態，因為大法師幾乎無所不能。這些魔法宗師至少在前四個魔法職業中，每個職業都達到了<l=""MAN_SPELL_LEVEL"",""spell levels""/>以上的等級——分別是<b><l=""MAN_CONJURER""/></b>、<b><l=""MAN_MAGICIAN""/></b>、<b><l=""MAN_SORCERER""/></b>，以及<b><l=""MAN_WIZARD""/></b>。

大法師擁有施展先前所有職業習得法術的知識。"
MAN_CHRONOMANCER,Chronomancer,時空術士
MAN_CHRONOMANCER_TEXT,"<color=@#MagicUser#>Magic User</color> (<l=""MAN_CHRONOMANCER_SPELLS"",""@#MAN_SPELLS#""/>)

Chronomancers are the key to distant lands. Chronomancers are the travel experts of magic users. They help the party move from dimension to dimension with their special teleport spells. They also have a number of vicious offensive spells. Before becoming a chronomancer, a magic user must be an archmage and have a spell level of 3 or higher.



When a mage becomes a chronomancer, they lose the power to use all the spells they had previously learnt. It may sound unfair, but the chronomancer needs to focus all of their attention on the important dimension teleport spells.



In <b>The Thief of Fate</b> a Chronomancer is <uppercase>necessary</uppercase> to get around.","<color=@#MagicUser#>法師</color> (<l=""MAN_CHRONOMANCER_SPELLS"",""@#MAN_SPELLS#""/>)

時空術士是通往遙遠國度的關鍵。時空術士是魔法使用者中的旅行專家。他們憑藉特殊的傳送法術，幫助隊伍在次元之間移動。他們也擁有一些強大的攻擊法術。在成為時空術士之前，魔法使用者必須先是大法師，且法術等級達到3級或以上。

當法師成為時空術士時，他們會失去所有先前習得法術的使用能力。這聽起來可能不公平，但時空術士需要將所有注意力集中在重要的次元傳送法術上。

在<b>《命運之賊》</b>中，時空術士是<uppercase>必要</uppercase>的，才能四處移動。"
MAN_GEOMANCER,Geomancer,大地術士
MAN_GEOMANCER_TEXT,"<color=@#MagicUser#>Magic User</color> (<l=""MAN_GEOMANCER_SPELLS"",""@#MAN_SPELLS#""/>)

The most physically adept of all the spell casters, Geomancers can handle most weapons that fighters can. Their combative nature shows in their repertoire of predominantly offensive spells. Geomancers are fighters who want to convert to a life of magic. Once they choose to change, they can still use the armor, weapons, and magic items that the fighter classes use. Unfortunately, when a fighter becomes a geomancer, they lose some class specific traits.



<l=""MAN_WARRIOR"",""Warriors""/> lose their <l=""MAN_MELEE_COMBAT"",""multiple attacks""/>.

<l=""MAN_PALADIN"",""Paladins""/> lose their <l=""MAN_MELEE_COMBAT"",""multiple attacks""/>.

<l=""MAN_MONK"",""Monks""/> lose their <l=""MAN_MELEE_COMBAT"",""multiple attacks""/> and <l=""MAN_ARMOR_CLASS"",""armor class""/> bonus.

<l=""MAN_BARD"",""Bards""/> lose their <l=""MAN_BARD_SONGS"",""songs""/>.

<l=""MAN_HUNTER"",""Hunters""/> lose their <l=""MAN_MELEE_COMBAT"",""critical hit""/> ability.



It is a part of the trade off. To become a geomancer, a special location must be found. It is the only place the rite of passage to become a Geomancer can be performed.","<color=@#MagicUser#>法師</color> (<l=""MAN_GEOMANCER_SPELLS"",""@#MAN_SPELLS#""/>)

在所有施法者中體能最為出色的，大地術士能夠使用大多數戰士能用的武器。他們好戰的本性體現在以攻擊法術為主的法術庫中。大地術士是想要轉向魔法生活的戰士。一旦他們選擇轉變，仍然可以使用戰士職業能用的護甲、武器和魔法物品。不幸的是，當戰士成為大地術士時，他們會失去一些職業特有的特性。

<l=""MAN_WARRIOR"",""Warriors""/> 失去他們的 <l=""MAN_MELEE_COMBAT"",""multiple attacks""/>。

<l=""MAN_PALADIN"",""Paladins""/> 失去他們的 <l=""MAN_MELEE_COMBAT"",""multiple attacks""/>。

<l=""MAN_MONK"",""Monks""/> 失去他們的 <l=""MAN_MELEE_COMBAT"",""multiple attacks""/> 和 <l=""MAN_ARMOR_CLASS"",""armor class""/> 加成。

<l=""MAN_BARD"",""Bards""/> 失去他們的 <l=""MAN_BARD_SONGS"",""songs""/>。

<l=""MAN_HUNTER"",""Hunters""/> 失去他們的 <l=""MAN_MELEE_COMBAT"",""critical hit""/> 能力。

這是取捨的一部分。要成為大地術士，必須找到一個特殊地點。那是唯一能進行成為大地術士入門儀式的地方。"
MAN_ATTRIBUTES,Attributes,屬性
MAN_ATTRIBUTES_TEXT,"Each character has five basic attributes which define their physical and mental prowess.

<b><l=""MAN_STRENGTH""/></b>

<b><l=""MAN_INTELLIGENCE""/></b>

<b><l=""MAN_DEXTERITY""/></b>

<b><l=""MAN_CONSTITUTION""/></b>

<b><l=""MAN_LUCK""/></b>



Every character also has other <b><l=""MAN_STATISTICS"",""statistics""/></b>.



When a character is created, each attribute is randomly assigned a value from a <l=""MAN_RACE"",""races'""/> base <l=""MAN_BASE_RACIAL_ATTRIBUTES"",""racial attribute""/> value, to a maximum of 18. Higher numbers reflect higher capability. These stats can be re-rolled before confirming and applying these to the character.","每個角色都有五項基本屬性，定義了他們的身體與心智能力。

<b><l=""MAN_STRENGTH""/></b>

<b><l=""MAN_INTELLIGENCE""/></b>

<b><l=""MAN_DEXTERITY""/></b>

<b><l=""MAN_CONSTITUTION""/></b>

<b><l=""MAN_LUCK""/></b>

每個角色還有其他<b><l=""MAN_STATISTICS"",""statistics""/></b>。

當角色創建時，每項屬性會從<l=""MAN_RACE"",""races'""/>基礎<l=""MAN_BASE_RACIAL_ATTRIBUTES"",""racial attribute""/>值開始隨機分配，最高可達18。數值越高代表能力越強。在確認並套用這些數值到角色之前，可以重新擲骰。"
MAN_BASE_RACIAL_ATTRIBUTES,Base Racial Attributes,種族基礎屬性
MAN_BASE_RACIAL_ATTRIBUTES_TEXT,"Each <l=""MAN_RACE"",""race""/> has base value <l=""MAN_ATTRIBUTES"",""attributes""/>. These values act as a minimum value for an attribute roll and will never be less than the base value. Consider making characters races which have high base attributes that best benefit their <l=""MAN_CLASS"",""class""/>.



<size=125%><color=@#Heading#><align=""center""><b>Base Values</b></align></color></size>

<pos=14.5f%>Strength</pos><pos=30%>Intelligence</pos><pos=52%>Dexterity</pos><pos=67%>Constitution</pos><pos=85%>Luck</pos>

<b>Human</b><pos=18%>10</pos><pos=35%>6</pos><pos=56f%>8</pos><pos=72.5f%>8</pos><pos=87.5f%>5</pos>

<b>Elf</b><pos=18%>8</pos><pos=35%>9</pos><pos=56f%>9</pos><pos=72.5f%>6</pos><pos=87.5f%>6</pos>

<b>Dwarf</b><pos=18%>12</pos><pos=35f%>6</pos><pos=56f%>7</pos><pos=72.5f%>10</pos><pos=87.5f%>3</pos>

<b>Hobbit</b><pos=18%>4</pos><pos=35f%>6</pos><pos=56f%>12</pos><pos=72.5f%>5</pos><pos=87.5f%>10</pos>

<b>Half-Elf</b><pos=18%>9</pos><pos=35%>8</pos><pos=56f%>9</pos><pos=72.5f%>7</pos><pos=87.5f%>6</pos>

<b>Half-Orc</b><pos=18%>11</pos><pos=35%>3</pos><pos=56f%>8</pos><pos=72.5f%>11</pos><pos=87.5f%>4</pos>

<b>Gnome</b><pos=18%>9</pos><pos=35%>10</pos><pos=56f%>7</pos><pos=72.5f%>3</pos><pos=87.5f%>4</pos>","每個<l=""MAN_RACE"",""race""/>都有基礎值<l=""MAN_ATTRIBUTES"",""attributes""/>。這些數值作為屬性擲骰的最低值，永遠不會低於基礎值。考慮讓角色選擇基礎屬性較高、最能增益其<l=""MAN_CLASS"",""class""/>的種族。

<size=125%><color=@#Heading#><align=""center""><b>基礎值</b></align></color></size>

<pos=14.5f%>力量</pos><pos=30%>智力</pos><pos=52%>敏捷</pos><pos=67%>體質</pos><pos=85%>幸運</pos>

<b>人類</b>XTAGX23</size>24XTAGXXTAGX25<b>26XTAGXXTAGX27</align>28XTAGXXTAGX29</align>30XTAGXXTAGX31<align=""center"">32XTAGX

<b>精靈</b>XTAGX35</align>36XTAGXXTAGX37</color>38XTAGXXTAGX39</color>40XTAGXXTAGX41<b>42XTAGXXTAGX43<b>44XTAGX

<b>矮人</b>XTAGX47</pos>48XTAGXXTAGX49<b>50XTAGXXTAGX51</b>52XTAGXXTAGX53</size>54XTAGXXTAGX55<size=125%>56XTAGX

<b>哈比人</b>XTAGX59<color=@#Heading#>60XTAGXXTAGX61<b>62XTAGXXTAGX63</pos>64XTAGXXTAGX65<align=""center"">66XTAGXXTAGX67</size>68XTAGX

<b>半精靈</b>XTAGX71</color>72XTAGXXTAGX73</align>74XTAGXXTAGX75</color>76XTAGXXTAGX77</b>78XTAGXXTAGX79<b>80XTAGX

<b>半獸人</b>XTAGX83<pos=14.5f%>84XTAGXXTAGX85<size=125%>86XTAGXXTAGX87</align>88XTAGXXTAGX89<pos=14.5f%>90XTAGXXTAGX91<color=@#Heading#>92XTAGX

<b>地精</b>XTAGX95</color>96XTAGXXTAGX97</size>98XTAGXXTAGX99</b>100XTAGXXTAGX101<size=125%>102XTAGXXTAGX103<color=@#Heading#>104XTAGX"
MAN_STRENGTH,Strength,力量
MAN_STRENGTH_TEXT,"Strength is physical power and chiefly affects the amount of damage a character can do to an opponent in <l=""MAN_MELEE_COMBAT"",""melee combat""/>. Make sure <color=@#Fighter#>fighters</color> are strong.","力量代表物理強度，主要影響角色在<l=""MAN_MELEE_COMBAT"",""melee combat""/>中對敵人造成的傷害量。請確保<color=@#Fighter#>戰士</color>擁有足夠的力量。"
MAN_INTELLIGENCE,Intelligence,智力
MAN_INTELLIGENCE_TEXT,"Intelligence is mental power. A high intelligence rating will enable <color=@#MagicUser#>magic users</color> to get bonus <l=""MAN_SPELL_POINTS"",""spell points""/>.","智力代表心智力量。高智力值能讓<color=@#MagicUser#>法師</color>獲得額外的<l=""MAN_SPELL_POINTS"",""spell points""/>。"
MAN_DEXTERITY,Dexterity,敏捷
MAN_DEXTERITY_TEXT,"Dexterity measures agility and nimbleness. A high Dexterity makes characters harder to hit and helps them strike the first blow in <l=""MAN_COMBAT"",""combat""/>.","敏捷衡量靈巧與反應速度。高敏捷值能讓角色更難被擊中，並有助於他們在<l=""MAN_COMBAT"",""combat""/>中搶先發動攻擊。"
MAN_CONSTITUTION,Constitution,體質
MAN_CONSTITUTION_TEXT,"Constitution measures healthiness and survivability. It takes more damage to kill a character with a high constitution. Constitution is reflected with bonus <b><l=""MAN_HIT_POINTS"",""hit points""/></b>.","體質衡量健康與生存能力。體質高的角色需要承受更多傷害才會死亡。體質會反映在額外的<b><l=""MAN_HIT_POINTS"",""hit points""/></b>上。"
MAN_LUCK,Luck,幸運
MAN_LUCK_TEXT,"Luck is ambiguous, unpredictable, and has a number of unforeseen effects on characters' lives. Lucky characters are more likely to resist evil magic and avoid <l=""MAN_TRAPS"",""traps""/> and <l=""MAN_CHEST_TRAPS"",""chest traps""/>.","幸運難以捉摸、無法預測，並對角色的命運有許多難以預見的影響。幸運值高的角色更容易抵抗邪惡魔法，並避開<l=""MAN_TRAPS"",""traps""/>與<l=""MAN_CHEST_TRAPS"",""chest traps""/>。"
MAN_STATISTICS,Statistics,數值
MAN_STATISTICS_TEXT,"Each character also has statistics dependant on <b><l=""MAN_CLASS"",""class""/></b>.

<b><l=""MAN_LEVEL""/></b>

<b><l=""MAN_HIT_POINTS""/></b>

<b><l=""MAN_SPELL_POINTS""/></b>

<b><l=""MAN_EXPERIENCE""/></b>

<b><l=""MAN_ARMOR_CLASS""/></b>","每個角色還擁有取決於<b><l=""MAN_CLASS"",""class""/></b>的數值。

<b><l=""MAN_LEVEL""/></b>

<b><l=""MAN_HIT_POINTS""/></b>

<b><l=""MAN_SPELL_POINTS""/></b>

<b><l=""MAN_EXPERIENCE""/></b>

<b><l=""MAN_ARMOR_CLASS""/></b>"
MAN_LEVEL,Level,等級
MAN_LEVEL_TEXT,"Level is a general measure of achievement within a character's class.



The <b><l=""MAN_REVIEW_BOARD"",""Review board""/></b> will promote a character to higher levels based on their <b><l=""MAN_EXPERIENCE"",""experience""/></b>, but only upon the character's in-person request. Advancement in levels is very important because it generally means an increase in <b><l=""MAN_ATTRIBUTES"",""attributes""/></b>.","等級是衡量角色在其職業中成就的通用標準。

公會長會根據角色的經驗值來晉升角色至更高等級，但必須由角色親自提出請求。等級的提升非常重要，因為這通常意味著生命值、法術點數和防禦等級的增加。"
MAN_EXPERIENCE,Experience (XP),經驗值（XP）
MAN_EXPERIENCE_TEXT,"Experience (XP) measures abilities gained by experience, the higher the number, the better the character. Characters are <l=""MAN_CHESTS"",""awarded""/> XP for successful combat.



XP is used to <b><l=""MAN_LEVEL"",""level""/></b> characters up. When a character has enough XP to reach the next level, an arrow will appear on the left of a character's name in the <l=""MAN_PARTY_STATUS"",""party status""/>.



<pos=40f%>@#AC#</pos><pos=55.5f%><color=#141414>@#HP#</color></pos><pos=78f%>@#SP#</pos><pos=95.5f%>@#CL#</pos>

<pos=0.25f%>1</pos><pos=2%><sprite=63/></pos><pos=5.5f%>@#Brian the Fist#</pos><pos=40f%>-10</pos><pos=53f%><color=#141414>108/</color><color=#F0F0F0FF>258</color></pos><pos=75f%></pos><pos=95f%>@#WA#</pos>

<pos=0f%>2</pos><pos=2%><sprite=63/></pos><pos=5.5f%>@#El Cid#</pos><pos=40f%>-8</pos><pos=53f%><color=#141414>215/</color><color=#F0F0F0FF>226</color></pos><pos=75f%></pos><pos=95f%>@#PA#</pos>

<pos=0f%>3</pos><pos=2%><sprite=63/></pos><pos=5.5f%>@#Markus#</pos><pos=40f%>-4</pos><pos=53f%><color=#141414>176/</color><color=#F0F0F0FF>198</color></pos><pos=75f%></pos><pos=95f%>@#BA#</pos>

<pos=0f%>4</pos><pos=2%><sprite=63/></pos><pos=5.5f%>@#Sir Grady#</pos><pos=40f%>-5</pos><pos=53f%><color=#141414>178/</color><color=#F0F0F0FF>215</color></pos><pos=75f%></pos><pos=95f%>@#RO#</pos>

<pos=0f%>5</pos><pos=2%><sprite=63/></pos><pos=5.5f%>@#Merlin#</pos><pos=40f%>-1</pos><pos=53f%><color=#141414>145/</color><color=#F0F0F0FF>145</color></pos><pos=75f%></pos><color=#141414>409/</color><color=#F0F0F0FF>512</color><pos=95f%>@#CO#</pos>

<pos=0f%>6</pos><pos=2%><sprite=63/></pos><pos=5.5f%>@#Omar#</pos><pos=40.5f%>2</pos><pos=53f%><color=#141414>163/</color><color=#F0F0F0FF>163</color></pos><pos=75f%></pos><color=#141414>367/</color><color=#F0F0F0FF>571</color><pos=95f%>@#MA#</pos>

<pos=0f%>7</pos>","經驗值（XP）衡量透過經驗獲得的能力，數值越高，角色越強。角色在成功戰鬥後會獲得經驗值。

經驗值用於提升角色等級。當角色擁有足夠的經驗值達到下一級時，角色名稱左側會出現一個箭頭。

1. Brian the Fist -10 108/258 WA
2. El Cid -8 215/226 PA
3. Markus -4 176/198 BA
4. Sir Grady -5 178/215 RO
5. Merlin -1 145/145 409/512 CO
6. Omar 2 163/163 367/571 MA
7."
MAN_ARMOR_CLASS,Armor Class (AC),防禦等級（AC）
MAN_ARMOR_CLASS_TEXT,"Armor Class reflects the level of protection a character has from physical attacks. Armor class starts at 10, the lower the armor class the better.



As the character's protection improves through armor, spells, and other means, the armor class drops to a maximum of -50.","防禦等級反映角色對物理攻擊的防護程度。防禦等級從 10 開始，數值越低越好。

隨著角色透過盔甲、法術和其他方式提升防護，防禦等級最多可降至 -50。"
MAN_HIT_POINTS,Hit Points (HP),生命值（HP）
MAN_HIT_POINTS_TEXT,"Hit Points (@#HP#) measure the damage a character can take before they are killed.



The @#HP# is represented by <color=#141414>(current health)/</color><color=#F0F0F0FF>(maximum health)</color>

<color=#141414>126/</color><color=#F0F0F0FF>258</color>



If a party members current @#HP# is 0 or less. They are <l=""MAN_CHARACTER_CONDITIONS"",""dead""/>.

<color=#141414>0/</color><color=#F0F0F0FF><uppercase>dead</uppercase></color>



@#HP# also shows any <l=""MAN_CHARACTER_CONDITIONS"",""condition""/> that the character has.



Character's details in the <l=""MAN_PARTY_STATUS"",""party status""/> will cause the party slot line of the party member, to flash a color when something is affecting them.



Being hit or taking damage - flashes red.

<pos=0.25f%>1</pos><pos=2.5f%><mark=#A100003C>@#Brian the Fist#</pos><pos=25f%>-10</pos><pos=35f%><color=#141414>108/</color><color=#F0F0F0FF>258</color></pos><pos=50f%></pos><pos=65f%>@#WA#</pos></mark>

<pos=0f%>2</pos><pos=2.5f%><mark=#A100003C>@#El Cid#</pos><pos=25f%>-8</pos><pos=35f%><color=#141414>215/</color><color=#F0F0F0FF>226</color></pos><pos=50f%></pos><pos=65f%>@#PA#</pos></mark>



Regenerating @#HP# or being healed - flashes yellow.

<pos=0.25f%>1</pos><pos=2.5f%><mark=#FFC91928>@#Brian the Fist#</pos><pos=25f%>-10</pos><pos=35f%><color=#141414>108/</color><color=#F0F0F0FF>258</color></pos><pos=50f%></pos><pos=65f%>@#WA#</pos></mark>

<pos=0f%>2</pos><pos=2.5f%><mark=#FFC91928>@#El Cid#</pos><pos=25f%>-8</pos><pos=35f%><color=#141414>215/</color><color=#F0F0F0FF>226</color></pos><pos=50f%></pos><pos=65f%>@#PA#</pos></mark>

<pos=0f%>5</pos><pos=2.5f%><mark=#FFC91928>@#Merlin#</pos><pos=25f%>-1</pos><pos=35f%><color=#141414>145/</color><color=#F0F0F0FF>145</color><pos=50f%></pos><color=#141414>409/</color><color=#F0F0F0FF>512</color><pos=50f%></pos><pos=65f%>@#CO#</pos></mark>

<pos=0f%>6</pos><pos=2.5f%><mark=#FFC91928>@#Omar#</pos><pos=25.5f%>2</pos><pos=35f%><color=#141414>163/</color><color=#F0F0F0FF>163</color></pos><pos=50f%></pos><color=#141414>367/</color><color=#F0F0F0FF>571</color><pos=65f%>@#MA#</pos></mark>



Taking damage from being <l=""MAN_CHARACTER_CONDITIONS"",""poisoned""/> - flashes green.

<pos=0f%>2</pos><pos=2.5f%><mark=#00800064>@#El Cid#</pos><pos=25f%>-8</pos><pos=35f%><color=#141414>215/</color><color=#F0F0F0FF>226</color></pos><pos=50f%></pos><pos=65f%>@#PA#</pos></mark>

<pos=0f%>6</pos><pos=2.5f%><mark=#00800064>@#Omar#</pos><pos=25.5f%>2</pos><pos=35f%><color=#141414>163/</color><color=#F0F0F0FF>163</color></pos><pos=50f%></pos><color=#141414>367/</color><color=#F0F0F0FF>571</color><pos=65f%>@#MA#</pos></mark>



Dead party members can be revived at a <l=""MAN_TEMPLE"",""temple""/>, or by <l=""MAN_SPELLS"",""spells""/>.","生命值（HP）衡量角色在死亡前能承受的傷害。

HP 以（目前生命值）/（最大生命值）表示，例如：126/258。

如果隊伍成員的目前 HP 為 0 或更低，他們就會死亡，例如：0/0 dead。

HP 也會顯示角色身上的任何狀態效果。

角色詳情中的狀態會導致隊伍欄位在受到影響時閃爍顏色。

受到攻擊或承受傷害——閃紅光。
1. Brian the Fist -10 108/258 WA
2. El Cid -8 215/226 PA

HP 恢復或被治療——閃黃光。
1. Brian the Fist -10 108/258 WA
2. El Cid -8 215/226 PA
5. Merlin -1 145/145 409/512 CO
6. Omar 2 163/163 367/571 MA

因中毒而承受傷害——閃綠光。
2. El Cid -8 215/226 PA
6. Omar 2 163/163 367/571 MA

死亡的隊伍成員可以在神廟復活，或透過法術復活。"
MAN_SPELL_POINTS,Spell Points (SP),法術點數（SP）
MAN_SPELL_POINTS_TEXT,"Spell Points (@#SP#) are used to cast <l=""MAN_SPELLS"",""magic spells""/>. @#SP# are used up with each cast of a magic spell. Spells have a required amount of @#SP# to be cast. If a magic users @#SP# do no meet the requirements of the spell, the <color=#991A1AFF>spell name will be red</color>, it will fizzle - and not be cast.



Spell points are regenerated automatically when a magic user is in a city or out in a wilderness in the daytime. Spell points may also be regenerated in <l=""MAN_ROSCOES_ENERGY_EMPORIUM""/> or special <l=""MAN_DUNGEON_REGENERATION"",""spell point regeneration""/> tiles in some <l=""MAN_DUNGEONS"",""dungeons""/>.



The @#SP# is represented by <color=#141414>(current spell points)/</color><color=#F0F0F0FF>(maximum spell points)</color>

<color=#141414>64/</color><color=#F0F0F0FF>128</color>



A character’s party slot will flash blue when spell points are regenerated.

<pos=0f%>5</pos><pos=2.5f%><mark=#0069D22D>@#Merlin#</pos><pos=25f%>-1</pos><pos=35f%><color=#141414>145/</color><color=#F0F0F0FF>145</color><pos=50f%></pos><color=#141414>409/</color><color=#F0F0F0FF>512</color><pos=50f%></pos><pos=65f%>@#CO#</pos></mark>

<pos=0f%>6</pos><pos=2.5f%><mark=#0069D22D>@#Omar#</pos><pos=25.5f%>2</pos><pos=35f%><color=#141414>163/</color><color=#F0F0F0FF>163</color></pos><pos=50f%></pos><color=#141414>367/</color><color=#F0F0F0FF>571</color><pos=65f%>@#MA#</pos></mark>","法術點數（SP）用於施放法術。每次施放魔法法術都會消耗 SP。法術需要一定數量的 SP 才能施放。如果魔法使用者的 SP 未達到法術要求，法術名稱會顯示為紅色，法術會失效且無法施放。

法術點數會在魔法使用者位於城市或白天身處野外時自動恢復。法術點數也可以在某些地下城中的旅館或特殊恢復格上恢復。

SP 以（目前法術點數）/（最大法術點數）表示，例如：64/128。

當法術點數恢復時，角色的隊伍欄位會閃藍光。
5. Merlin -1 145/145 409/512 CO
6. Omar 2 163/163 367/571 MA"
MAN_SPELL_LEVEL,Spell Level,法術等級
MAN_SPELL_LEVEL_TEXT,"Spell level is the highest tier of magic spells a character can use in any given school of magic. There are 7 spell levels of magic for each <l=""MAN_MAGES"",""mage class""/>. To be eligible to learn a new level of magic spells, a magic user must advance two <l=""MAN_LEVEL"",""levels""/>.<line-height=120%>

</line-height><margin=15fem>Level<pos=42%>Spell Level</pos></margin>

<margin=17em>1<pos=45.5%></pos>1

2<pos=45.5%></pos>1

3<pos=45.5%></pos>2<sprite=64/>

4<pos=45.5%></pos>2

5<pos=45.5%></pos>3<sprite=64/>

6<pos=45.5%></pos>3

7<pos=45.5%></pos>4<sprite=64/>

8<pos=45.5%></pos>4

9<pos=45.5%></pos>5<sprite=64/>

10<pos=45.5%></pos>5 

11<pos=45.5%></pos>6<sprite=64/>

12<pos=45.5%></pos>6

13+<pos=45.5%></pos>7<sprite=64/></margin><line-height=120%>

</line-height>When a character is at a level where they are eligible to advance their spell level, a star will appear on the left of a character's name in the <l=""MAN_PARTY_STATUS"",""party status""/>.



<pos=0f%>5</pos><pos=2%><sprite=64/></pos><pos=5.5f%>@#Merlin#</pos><pos=40f%>-1</pos><pos=53f%><color=#141414>145/</color><color=#F0F0F0FF>145</color></pos><pos=75f%></pos><color=#141414>409/</color><color=#F0F0F0FF>512</color><pos=95f%>@#CO#</pos>

<pos=0f%>6</pos><pos=2%><sprite=64/></pos><pos=5.5f%>@#Omar#</pos><pos=40.5f%>2</pos><pos=53f%><color=#141414>163/</color><color=#F0F0F0FF>163</color></pos><pos=75f%></pos><color=#141414>367/</color><color=#F0F0F0FF>571</color><pos=95f%>@#MA#</pos>



Mages who have learnt at least 3 spell levels (<l=""MAN_LEVEL"",""level""/> 5+) in an art may elect to change to another mage class at any time. A mage changing class will have very basic knowledge of the class they are new to learning. However they retain all current <l=""MAN_ATTRIBUTES"",""attributes""/>, <l=""MAN_STATISTICS"",""statistics""/> and all knowledge of spells they have practiced in all previous classes. 



Once a magic user leaves a mage class, they can never return to it. Make sure to master each class before changing, to get full effectiveness out of a mage.","法術等級是角色在任何特定魔法學派中能使用的最高階法術層級。每個 <l=""MAN_MAGES"",""mage class""/> 共有 7 個法術等級。要符合學習新法術等級的資格，魔法使用者必須提升兩級 <l=""MAN_LEVEL"",""levels""/>。<line-height=120%>

</line-height><margin=15fem>等級<pos=42%>法術等級</pos></margin>

XTAGX8<l=""MAN_LEVEL"",""levels""/>9XTAGX</pos>1

2<pos=45.5%></pos>1

3<pos=45.5%>XTAGX14<line-height=120%>15XTAGX

4<pos=45.5%></pos>2

5<pos=45.5%>XTAGX19</line-height>20XTAGX

6<pos=45.5%></pos>3

7<pos=45.5%>XTAGX24<margin=15fem>25XTAGX

8<pos=45.5%></pos>4

9<pos=45.5%>XTAGX29<pos=42%>30XTAGX

10<pos=45.5%></pos>5

11<pos=45.5%>XTAGX34</pos>35XTAGX

12<pos=45.5%></pos>6

13+<pos=45.5%>XTAGX39</margin>40XTAGX</margin><line-height=120%>

</line-height>當角色達到可提升法術等級的等級時，角色名稱左側會出現一顆星星，顯示於 <l=""MAN_PARTY_STATUS"",""party status""/>。

XTAGX45<pos=42%>46XTAGX<pos=2%><sprite=64/></pos><pos=5.5f%>@#Merlin#</pos><pos=40f%>-1</pos><pos=53f%><color=#141414>145/</color><color=#F0F0F0FF>145</color></pos><pos=75f%></pos><color=#141414>409/</color><color=#F0F0F0FF>512</color><pos=95f%>@#CO#</pos>

XTAGX68</pos>69XTAGX<pos=2%><sprite=64/></pos><pos=5.5f%>@#Omar#</pos>XTAGX75<line-height=120%>76XTAGX<pos=53f%><color=#141414>163/</color><color=#F0F0F0FF>163</color></pos><pos=75f%></pos><color=#141414>367/</color><color=#F0F0F0FF>571</color><pos=95f%>@#MA#</pos>

已學會至少 3 個法術等級（<l=""MAN_LEVEL"",""level""/> 5+）的法師，可隨時選擇轉換為其他法師職業。轉換職業的法師對新職業僅有非常基礎的知識，但仍保留所有現有的 <l=""MAN_ATTRIBUTES"",""attributes""/>、<l=""MAN_STATISTICS"",""statistics""/>，以及先前所有職業中練習過的法術知識。

一旦魔法使用者離開某個法師職業，便永遠無法回到該職業。請務必在轉換前精通每個職業，以充分發揮法師的效能。"
MAN_CHARACTER_CONDITIONS,Conditions,狀態
MAN_CHARACTER_CONDITIONS_TEXT,"Conditions affect characters and monsters. Conditions hinder abilities in and out of battle. Conditions are inflicted by special attacks, spells, or <l=""MAN_TRAPS"",""traps""/>. Each condition has its own effect and usually lingers until they are cured at a <l=""MAN_TEMPLE"",""temple""/> or by <l=""MAN_SPELLS"",""magic spells""/>. These conditions cover the maximum health text of a character on party roster, and are abbreviated to a code no longer than 5 letters. (<color=#141414>current health</color>)/(<color=#F0F0F0FF><uppercase>cond</uppercase></color>)



<pos=0.25f%>1</pos><pos=2.5f%>@#Brian the Fist#</pos><pos=25f%>-10</pos><pos=35f%><color=#141414>108/</color><color=#F0F0F0FF>258</color></pos><pos=50f%></pos><pos=65f%>@#WA#</pos>

<pos=0f%>5</pos><pos=2.5f%>@#Merlin#</pos><pos=25f%>-1</pos><pos=35f%><color=#141414>145/</color><color=#F0F0F0FF>145</color><pos=50f%></pos><color=#141414>409/</color><color=#F0F0F0FF>512</color><pos=50f%></pos><pos=65f%>@#CO#</pos>



<smallcaps>Death</smallcaps> - <color=#F0F0F0FF>DEAD</color>

Dead - not alive. This party member has had their health drop to 0. A dead party member can not act in any way. Resurrected by - <u>Temple & Spells</u>.



<smallcaps>Poison</smallcaps> - <color=#F0F0F0FF>POIS</color>

Hit points are slowly drained. This includes while moving and after each round of combat. Cured by - <u>Temple & Spells</u>.



<smallcaps>Petrification</smallcaps> - <color=#F0F0F0FF>STON</color>

Being turned to stone effectively kills the character twice - they will drop to the bottom of the roster, and after being un-petrified they will still need to be resurrected. Cured by - <u>Temple & Spells</u>.



<smallcaps>Insanity</smallcaps> - <color=#F0F0F0FF>NUTS</color>

Insanity causes the loss of control of actions. Insane party members will perform random actions in and out of combat. It is common for the insane to attack other party members at any time. Cured by - <u>Temple & Spells</u>.



<smallcaps>Paralysis</smallcaps> - <color=#F0F0F0FF>PARA</color>

Immobilized from performing actions, including combat. Cured by - <u>Temple & Spells</u>.



<smallcaps>Possession</smallcaps> - <color=#F0F0F0FF>POSS</color>

Being possessed turns the party member against the party. In combat possessed party members will attack members within the party. When not in combat, they will initiate a party attack. Cured by - <u>Temple & Spells</u>.



<smallcaps>Drained</smallcaps> - <color=#F0F0F0FF>DRAIN</color>

The character's level is drained, reducing their level by 1 and reducing their maximum @#HP#. Cured by - <u>Temple</u>.



<smallcaps>Withering</smallcaps> - <color=#F0F0F0FF>OLD</color>

All attributes are reduced to 1. Cured by - <u>Temple & Spells</u>.



<smallcaps>Stunned</smallcaps> - <color=#F0F0F0FF>STUN</color>

Stunned party members miss a round in combat and perform no actions. Cured by - <u>Time</u>.



<smallcaps>Hidden in Shadows</smallcaps> - <color=#F0F0F0FF>HIDE</color>

Party members hidden in shadows are cloaked and practically invisible, they can not be targeted for attack. Cancelled by - <u>Performing an attack</u>.","狀態會影響角色與怪物。狀態會妨礙戰鬥內外的能力。狀態由特殊攻擊、法術或 <l=""MAN_TRAPS"",""traps""/> 造成。每種狀態都有其效果，通常會持續存在，直到在 <l=""MAN_TEMPLE"",""temple""/> 或透過 <l=""MAN_SPELLS"",""magic spells""/> 治癒。這些狀態會覆蓋隊伍名冊中角色的最大生命值文字，並以不超過 5 個字母的代碼縮寫表示。（<color=#141414>目前生命值</color>）/（<color=#F0F0F0FF><uppercase>狀態</uppercase></color>）

XTAGX9<l=""MAN_TEMPLE"",""temple""/>10XTAGX<pos=2.5f%>@#Brian the Fist#</pos><pos=25f%>-10</pos><pos=35f%><color=#141414>108/</color><color=#F0F0F0FF>258</color></pos><pos=50f%></pos><pos=65f%>@#WA#</pos>

XTAGX25<color=#F0F0F0FF>26XTAGX<pos=2.5f%>@#Merlin#</pos><pos=25f%>-1</pos><pos=35f%><color=#141414>145/</color><color=#F0F0F0FF>145</color><pos=50f%></pos><color=#141414>409/</color><color=#F0F0F0FF>512</color><pos=50f%></pos><pos=65f%>@#CO#</pos>

<smallcaps>死亡</smallcaps> - <color=#F0F0F0FF>DEAD</color>

死亡 - 不再存活。此隊伍成員的生命值降至 0。死亡的隊伍成員無法進行任何行動。復活方式 - <u>神廟與法術</u>。

<smallcaps>中毒</smallcaps> - <color=#F0F0F0FF>POIS</color>

生命值緩慢流失，包括移動時及每回合戰鬥後。治癒方式 - <u>神廟與法術</u>。

<smallcaps>石化</smallcaps> - <color=#F0F0F0FF>STON</color>

變成石頭實際上會讓角色死亡兩次——他們會掉到名冊底部，解除石化後仍需復活。治癒方式 - <u>神廟與法術</u>。

<smallcaps>瘋狂</smallcaps> - <color=#F0F0F0FF>NUTS</color>

瘋狂會導致失去對行動的控制。瘋狂的隊伍成員會在戰鬥內外做出隨機行動。瘋狂者隨時可能攻擊其他隊伍成員。治癒方式 - <u>神廟與法術</u>。

<smallcaps>麻痺</smallcaps> - <color=#F0F0F0FF>PARA</color>

無法進行任何行動，包括戰鬥。治癒方式 - <u>神廟與法術</u>。

<smallcaps>附身</smallcaps> - <color=#F0F0F0FF>POSS</color>

被附身會使隊伍成員與隊伍為敵。戰鬥中，被附身的隊伍成員會攻擊隊伍內的成員。非戰鬥時，他們會發起隊伍攻擊。治癒方式 - <u>神廟與法術</u>。

<smallcaps>耗盡</smallcaps> - <color=#F0F0F0FF>DRAIN</color>

角色的等級被吸取，降低 1 級並減少最大 @#HP#。治癒方式 - <u>神廟</u>。

<smallcaps>衰老</smallcaps> - <color=#F0F0F0FF>OLD</color>

所有屬性降至 1。治癒方式 - <u>神廟與法術</u>。

<smallcaps>暈眩</smallcaps> - <color=#F0F0F0FF>STUN</color>

暈眩的隊伍成員會在戰鬥中錯過一回合，無法進行任何行動。治癒方式 - <u>時間</u>。

<smallcaps>隱身於暗影</smallcaps> - <color=#F0F0F0FF>HIDE</color>

隱身於暗影的隊伍成員被遮蔽，幾乎隱形，無法成為攻擊目標。解除方式 - <u>發動攻擊</u>。"
MAN_SPELLS,Spells,法術
MAN_SPELLS_TEXT,"Spells are used for a multitude of reasons, including - to damage, heal, summon, bolster, navigate, defend, explore and disarm. Spells are the primary way that <l=""MAN_MAGES"",""mages""/> inflict damage in <l=""MAN_COMBAT"",""combat""/>. In order to advance in <l=""MAN_SPELL_LEVEL"",""spell level""/>, the mage must be an appropriate <l=""MAN_LEVEL"",""level""/>.



Spells can be searched for by a spell code, through filters, or navigating and selecting with the mouse.



Spells have the ability to fizzle. Fizzling is when a spell is cast, the spell points are deducted from the mage, but the effect of the spell does not work. There are multiple reasons why a spell could fizzle.



A spell consists of - a code, cost (<l=""MAN_SPELL_POINTS"",""spell points""/>), target group, range, duration and effect.



<color=@#SPELL_HEADER_COL#><pos=0%/>Code<pos=@#COL_COST#/>Cost<pos=@#COL_RANGE#/>Target Group/Range<pos=@#COL_DURATION#/>Duration</pos></color><line-height=130%>

<color=@#SPELL_HEADER_COL#><pos=0%/>@#CODE_ARFI#<pos=@#COL_COST#/>3 @#SP#<pos=@#COL_RANGE#/>1 @#FOE# (10')<pos=@#COL_DURATION#/>@#COMBAT#</pos></color>

<b>@#SPELL_ArcFire#:</b> @#SPELL_ArcFire_DESC,1,4#","法術用於多種用途，包括：造成傷害、治療、召喚、強化、導航、防禦、探索與解除陷阱。法術是 <l=""MAN_MAGES"",""mages""/> 在 <l=""MAN_COMBAT"",""combat""/> 中造成傷害的主要方式。為了在 <l=""MAN_SPELL_LEVEL"",""spell level""/> 中提升，法師必須達到適當的 <l=""MAN_LEVEL"",""level""/>。

法術可透過法術代碼、篩選條件，或使用滑鼠瀏覽與選取來搜尋。

法術有可能失效。失效是指施放法術時，法術點數已從法師身上扣除，但法術效果並未發揮。法術失效的原因有多種。

一個法術包含：代碼、消耗（<l=""MAN_SPELL_POINTS"",""spell points""/>）、目標群組、範圍、持續時間與效果。

<color=@#SPELL_HEADER_COL#><pos=0%/>代碼<pos=@#COL_COST#/>消耗<pos=@#COL_RANGE#/>目標群組/範圍<pos=@#COL_DURATION#/>持續時間</pos></color><line-height=130%>

<color=@#SPELL_HEADER_COL#><pos=0%/>@#CODE_ARFI#<pos=@#COL_COST#/>3 @#SP#<pos=@#COL_RANGE#/>1 @#FOE# (10')<pos=@#COL_DURATION#/>@#COMBAT#</pos></color>

<b>@#SPELL_ArcFire#:</b> @#SPELL_ArcFire_DESC,1,4#"
MAN_BARD_SONGS,Bard Songs,吟遊詩人之歌
MAN_BARD_SONGS_TEXT,"The Bard makes magic by playing music. They need an equipped musical instrument, of course. They can play in combat or during exploration, with different <l=""MAN_BARD_SONG_EFFECTS"",""effect""/>. A Bard can play as many tunes as they have experience <l=""MAN_LEVEL"",""levels""/>, before their throat gets dry. Then they need to get a drink from any nearby <l=""MAN_TAVERN"",""tavern""/> to rejuvenate their voice. Tough duty, but someone has to do it.



A song played as the party is exploring is long-lasting and continues into <b><l=""MAN_COMBAT"",""combat""/></b> and remains after the party returns, even if other songs were played during. After combat has ended, any songs and effects gained by playing during the battle, vanish.



Songs played during combat have an abbreviated effect, creating different magical effects than the full non-combat versions. Some Bard songs can be played multiple times in combat - stacking the effect. Bard song strength varies with the bards level.



Only one Bard tune can be played at a time outside of combat. If a second one is played while the first is still playing (by the same or a different Bard), the first will end. 



@#BARD_STARTING_SONGS#","吟遊詩人透過演奏音樂來施展魔法。他們當然需要裝備一件樂器。他們可以在戰鬥中或探索時演奏，產生不同的 <l=""MAN_BARD_SONG_EFFECTS"",""effect""/>。吟遊詩人可以在喉嚨乾燥前，演奏與其經驗 <l=""MAN_LEVEL"",""levels""/> 相同數量的曲子。之後他們需要從附近的任何 <l=""MAN_TAVERN"",""tavern""/> 喝點東西來恢復嗓音。任務艱鉅，但總得有人來做。

當隊伍在探索時演奏的歌曲效果持久，會延續到 <b><l=""MAN_COMBAT"",""combat""/></b>，並在隊伍返回後仍然存在，即使期間演奏了其他歌曲。戰鬥結束後，戰鬥中演奏所獲得的任何歌曲與效果都會消失。

戰鬥中演奏的歌曲效果會縮減，產生與非戰鬥完整版本不同的魔法效果。部分吟遊詩人之歌可在戰鬥中多次演奏，疊加效果。吟遊詩人之歌的強度隨吟遊詩人的等級而變化。

非戰鬥時，一次只能演奏一首吟遊詩人之歌。如果在第一首仍在演奏時演奏第二首（由同一或不同吟遊詩人演奏），第一首將會結束。

@#BARD_STARTING_SONGS#"
MAN_BARD_SONG_EFFECTS,Song Effects,歌曲效果
MAN_INVENTORY,Inventory,道具欄
MAN_INVENTORY_TEXT,"The party has a shared inventory space of <u>40</u>. When the inventory is full, no more items will be placed in it, until spaces are available. Visit <l=""MAN_GARTHS_SHOPPE""/> to sell some wares, free up inventory space and make a little gold in the meanwhile.



An item which has been equipped is marked in white and is above the party inventory text. Items below the party inventory line are not equipped. Some items can only be used by specific characters. <l=""MAN_ITEMS"",""Unidentified items""/> and an item which can never be used by a character is marked in red.<pos=75%><sprite=30/></pos>

<color=""white"">Item</color> - Equipped Item.

<color=""black"">Item</color> - Unequipped Item.

<color=@#CantEquip#>Item</color> - Unidentified or class can not use.



<color=""white"">Weapon</color>

<color=""white"">Armor</color>

<color=""white"">Gloves</color>

<color=#664C33>@#PARTY_INVENTORY#</color>

<color=""black"">Lamp (1)</color>

<color=""black"">Lamp (1)</color>

<color=@#CantEquip#>Unidentified Item</color>

<color=@#CantEquip#>Unidentified Item</color>

<color=@#CantEquip#>Unidentified Weapon</color>","隊伍擁有共用的道具欄空間，共 <u>40</u> 格。當道具欄滿時，將無法再放入任何物品，直到有空位為止。前往 <l=""MAN_GARTHS_SHOPPE""/> 出售一些貨物，清出道具欄空間，同時賺點金幣。

已裝備的物品以白色標示，位於隊伍道具欄文字上方。隊伍道具欄線下方的物品則未裝備。部分物品僅能由特定角色使用。<l=""MAN_ITEMS"",""Unidentified items""/> 而角色永遠無法使用的物品會以紅色標示。<pos=75%><sprite=30/></pos>

<color=""white"">物品</color> - 已裝備物品。

<color=""black"">物品</color> - 未裝備物品。

<color=@#CantEquip#>物品</color> - 未鑑定或職業無法使用。

<color=""white"">武器</color>

<color=""white"">護甲</color>

<color=""white"">手套</color>

<color=#664C33>@#PARTY_INVENTORY#</color>

<color=""black"">燈具 (1)</color>

<color=""black"">燈具 (1)</color>

<color=@#CantEquip#>未鑑定物品</color>

<color=@#CantEquip#>未鑑定物品</color>

<color=@#CantEquip#>未鑑定武器</color>"
MAN_ITEMS,Items,物品
MAN_ITEMS_TEXT,"There are 11 different item types. Characters have 11 item slots. Only one item of each type can be equipped for use at any one time. Item types fall under 3 categories -



<smallcaps>Offense<pos=20%>Defense</pos><pos=40%>Item</pos></smallcaps>

Weapons<pos=20%>Armor</pos><pos=40%>Instrument</pos>

Offhand<pos=20%>Helm</pos><pos=40%>General</pos>

Arrow<pos=20%>Gloves</pos><pos=40%>Figurine</pos>

<pos=20%>Ring</pos>

<pos=20%>Boots</pos>



<color=@#SubHeading#><b>Thief of Fate Specific</b></color>

There are two special item types which have special item slots in the the third of the trilogy -

Suit

Container



<color=@#SubHeading#><b>Unidentified Items & Specials</b></color>

<color=@#CantEquip#>Unidentified items</color> can be identified by a <l=""MAN_ROGUE""/> or <l=""MAN_GARTHS_SHOPPE""/>. Items that have a special power can have it identified at <l=""MAN_ROSCOES_ENERGY_EMPORIUM""/>.","共有11種不同的物品類型。角色擁有11個物品欄位。同一時間每種物品類型只能裝備一件使用。物品類型分為3個類別——

<smallcaps>攻擊類<pos=20%>防禦類</pos><pos=40%>物品類</pos></smallcaps>

武器<pos=20%>護甲</pos><pos=40%>樂器</pos>

副手<pos=20%>頭盔</pos><pos=40%>通用</pos>

箭矢<pos=20%>手套</pos><pos=40%>雕像</pos>

<pos=20%>戒指</pos>

<pos=20%>靴子</pos>



<color=@#SubHeading#><b>命運之賊專屬</b></color>

在三部曲的第三部中，有兩種特殊的物品類型擁有專屬的物品欄位——

套裝

容器



<color=@#SubHeading#><b>未鑑定物品與特殊物品</b></color>

<color=@#CantEquip#>未鑑定物品</color>可以透過<l=""MAN_ROGUE""/>或<l=""MAN_GARTHS_SHOPPE""/>來鑑定。具有特殊力量的物品可以在<l=""MAN_ROSCOES_ENERGY_EMPORIUM""/>處鑑定其能力。"
MAN_GOLD,Gold,金幣
MAN_GOLD_TEXT,"Gold is the currency used in all of the realms. It is primarily accumulated through <l=""MAN_CHESTS"",""rewards""/> of successful combat. It can also be accumulated through selling wares at <l=""MAN_GARTHS_SHOPPE""/> or gambling at the <l=""MAN_CASINO"",""casino""/>. It can be stored at the <l=""MAN_BANK"",""bank""/>, and spent at various <l=""MAN_LOCATIONS"",""locations""/> throughout the realms.



Keep a decent portion set aside for learning new <l=""MAN_SPELL_LEVEL"",""spell levels""/> at the <l=""MAN_REVIEW_BOARD"",""review board""/>, reviving and healing characters at the <l=""MAN_TEMPLE"",""temple""/> and rejuvenating <l=""MAN_SPELL_POINTS"",""spell points""/> at <l=""MAN_ROSCOES_ENERGY_EMPORIUM""/>.



The amount of gold that the party has can be seen at the bottom of the <l=""MAN_3D_GAME_VIEW"",""3D game view""/>.<line-height=250%>

</line-height><sprite=31/>","金幣是所有領域通用的貨幣。主要透過<l=""MAN_CHESTS"",""rewards""/>成功的戰鬥來累積。也可以透過在<l=""MAN_GARTHS_SHOPPE""/>販賣商品或在<l=""MAN_CASINO"",""casino""/>賭博來獲得。金幣可以存放在<l=""MAN_BANK"",""bank""/>，並在各領域的各種<l=""MAN_LOCATIONS"",""locations""/>消費。



記得保留相當一部分金幣，用於在<l=""MAN_REVIEW_BOARD"",""review board""/>學習新的<l=""MAN_SPELL_LEVEL"",""spell levels""/>、在<l=""MAN_TEMPLE"",""temple""/>復活和治療角色，以及在<l=""MAN_ROSCOES_ENERGY_EMPORIUM""/>恢復<l=""MAN_SPELL_POINTS"",""spell points""/>。



隊伍擁有的金幣數量可以在<l=""MAN_3D_GAME_VIEW"",""3D game view""/>底部看到。<line-height=250%>

</line-height><sprite=31/>"
MAN_TIME,Time,時間
MAN_TIME_TEXT,"Time waits for no one. Even without keystrokes, time passes, from day to night and back again. Night time is especially nasty. The really evil monsters hit the city streets and wilderness at night.



In addition, what's worse is that spell points get used up faster, because spell points only regenerate in daylight.



Time is extremely important to keep in mind for <l=""MAN_TIMED_TRAPS"",""timed traps""/>.","時間不等人。即使沒有按鍵輸入，時間依然流逝，從白天到夜晚，再回到白天。夜晚尤其危險。真正邪惡的怪物會在夜間出沒於城市街道和荒野。



此外，更糟的是，法術點數消耗得更快，因為法術點數只在白天恢復。



對於<l=""MAN_TIMED_TRAPS"",""timed traps""/>來說，牢記時間極其重要。"
MAN_COMBAT,Combat,戰鬥
MAN_COMBAT_TEXT,"Like a boxing match, combat is divided into a series of rounds. At the beginning of each round, a decision must be made for what action each character will perform in the upcoming fight. At the beginning of the round a menu of battle options will appear in the <l=""MAN_SCROLL"",""scroll""/>, displaying the actions each character can perform the following round. There are several <b><l=""MAN_COMBAT_COMMANDS"",""combat commands""/></b>, some are <b><l=""MAN_CLASS"",""class""/></b> specific.



Enemies appear within a range of 10' to 90' feet from the party. Melee range is 10’ feet. Enemies 10' feet away are in melee range and can attack or be attacked with hand-held weapons. <l=""MAN_ROGUE"",""Rogues""/> can choose to hide in shadows and, if successful, can increase their range by 10’ feet each combat round until they perform an attack.



Only the first 4 characters and the first 4 rows of monsters can be attacked physically, as long as they are within <l=""MAN_MELEE_COMBAT"",""melee range""/>. The last 3 characters can only be struck by magical and ranged attacks, and can only attack back, with magic or ranged weapons. This simulates the first 4 party-members being up on the front line of attack, with the last 3 characters acting as backup in case one of the first 4 is killed. The first 4 groups of monsters are in a similar position, they are the only enemies who can attack or be attacked physically.



Once all the choices for characters have been entered, the round begins. The most <l=""MAN_DEXTERITY"",""dexterous""/> characters or monsters usually make the first strike, but <l=""MAN_LUCK"",""luck""/>, <l=""MAN_LEVEL"",""character level""/> and <l=""MAN_CLASS"",""character class""/> also affect this. In evenly matched fights, the outcome often depends on which side gets in the first blow.



At the end of a combat round, the monsters that are killed, are removed from the foe’s ranks so their bodies don’t pile up and interfere with battle. A fresh group of monsters may also advance into the first 4 ranks to assist their fellow monsters.



If party member dies in combat, they are shuffled to the bottom of the party list.



When all of the enemies or party members in combat are dead (whichever comes first) - combat is over. Successfully defeating enemies in combat, awards each party member (characters only) <l=""MAN_EXPERIENCE"",@#XP#/>. The amount of XP awarded varies based on difficulty of the fight, the number of enemies defeated and the number of characters who survive. Surviving combat also offers the potential for the party to find a <l=""MAN_CHESTS"",""chest""/>.



Combat with enemies occurs both randomly and at set locations. Intra-party combat (Party Attack) can be initiated at almost any time, in case one of the members has become hostile.



The rate of scrolling of the combat messages can be <l=""MAN_COMBAT_COMMANDS"",""sped up or slowed down""/>.","就像拳擊比賽一樣，戰鬥分為一系列回合。在每個回合開始時，必須決定每個角色在即將到來的戰鬥中將採取什麼行動。回合開始時，<l=""MAN_SCROLL"",""scroll""/>會出現一個戰鬥選項選單，顯示每個角色在下個回合可以執行的行動。有幾種<b><l=""MAN_COMBAT_COMMANDS"",""combat commands""/></b>，有些是<b><l=""MAN_CLASS"",""class""/></b>專屬的。



敵人的出現範圍在距離隊伍10呎到90呎之間。近戰範圍是10呎。距離10呎的敵人處於近戰範圍內，可以使用手持武器攻擊或被攻擊。<l=""MAN_ROGUE"",""Rogues""/>可以選擇隱入陰影，如果成功，每個戰鬥回合可以增加10呎的距離，直到他們發動攻擊。



只有前4個角色和前4排的怪物可以在近戰範圍內受到物理攻擊。最後3個角色只能受到魔法和遠程攻擊，並且只能使用魔法或遠程武器反擊。這模擬了前4名隊員在前線攻擊，而最後3名角色則作為後備，以防前4名中的一人陣亡。前4組怪物也處於類似的位置，他們是唯一能夠進行物理攻擊或被物理攻擊的敵人。



一旦所有角色的選擇都輸入完畢，回合就開始了。最<l=""MAN_DEXTERITY"",""dexterous""/>的角色或怪物通常會先出手，但<l=""MAN_LUCK"",""luck""/>、<l=""MAN_LEVEL"",""character level""/>和<l=""MAN_CLASS"",""character class""/>也會影響這一點。在勢均力敵的戰鬥中，結果往往取決於哪一方先出手。



在戰鬥回合結束時，被殺死的怪物會從敵方隊伍中移除，這樣它們的屍體就不會堆積起來干擾戰鬥。新的一組怪物也可能會前進到前4排來協助它們的同類。



如果隊伍成員在戰鬥中死亡，他們會被移到隊伍列表的底部。



當戰鬥中的所有敵人或隊伍成員都死亡時（以先發生者為準）——戰鬥結束。成功擊敗戰鬥中的敵人，會獎勵每個隊伍成員（僅限角色）<l=""MAN_EXPERIENCE"",@#XP#/>。獲得的經驗值數量根據戰鬥的難度、擊敗的敵人數量和存活下來的角色數量而變化。在戰鬥中存活下來也提供了隊伍找到<l=""MAN_CHESTS"",""chest""/>的可能性。



與敵人的戰鬥既會隨機發生，也會在固定地點發生。隊伍內部戰鬥（隊伍攻擊）幾乎可以在任何時候發起，以防其中一名成員變得敵對。



戰鬥訊息的滾動速度可以<l=""MAN_COMBAT_COMMANDS"",""sped up or slowed down""/>。"
MAN_MELEE_COMBAT,Melee Combat,近戰
MAN_MELEE_COMBAT_TEXT,"Melee combat is the act of physically assaulting enemies. Melee combat always takes place within 10' feet. Only the first 4 characters and the first 4 groups of monsters can be attacked physically. Melee damage can only be inflicted on enemies if they are in within melee range. Anything further than that, and the party members out of range will have to advance, throw a weapon or use an item to inflict damage. Weapons that have a range and the ability to be thrown, although they might not return. Weapons that can be thrown can still be used in melee combat (without throwing them).



<color=@#SubHeading#><b>Critical Hit</b></color>

Critical hits are an attack that hits a nerve center or other vital area which kills an opponent instantly. <l=""MAN_HUNTER"",""Hunters""/> and <l=""MAN_ROGUE"",""Rogues""/> have the ability to perform critical hits. Rogues only have the ability to do so when hidden in shadows.



<color=@#SubHeading#><b>Multiple Attacks</b></color>

Multiple attacks is the ability to attack the enemy with multiple hits within a single round of combat. <l=""MAN_WARRIOR"",""Warriors""/>, <l=""MAN_PALADIN"",""Paladins""/> and <l=""MAN_MONK"",""Monks""/> have the ability to perform multiple attacks.","近戰戰鬥是對敵人進行物理攻擊的行為。近戰戰鬥總是在10呎範圍內進行。只有前4個角色和前4組怪物可以受到物理攻擊。只有當敵人在近戰範圍內時，才能對他們造成近戰傷害。任何超出這個範圍的距離，隊伍成員就必須前進、投擲武器或使用物品來造成傷害。具有射程和可投擲能力的武器，雖然它們可能不會返回。可投擲的武器仍然可以在近戰戰鬥中使用（不投擲它們）。



<color=@#SubHeading#><b>暴擊</b></color>

暴擊是一種擊中神經中樞或其他要害部位的攻擊，能立即殺死對手。<l=""MAN_HUNTER"",""Hunters""/>和<l=""MAN_ROGUE"",""Rogues""/>有能力造成暴擊。盜賊只有在隱入陰影時才能做到這一點。



<color=@#SubHeading#><b>多重攻擊</b></color>

多重攻擊是指在單個戰鬥回合內對敵人進行多次攻擊的能力。<l=""MAN_WARRIOR"",""Warriors""/>、<l=""MAN_PALADIN"",""Paladins""/>和<l=""MAN_MONK"",""Monks""/>有能力進行多重攻擊。"
MAN_RANGED_COMBAT,Ranged Combat,遠程戰鬥
MAN_RANGED_COMBAT_TEXT,"Ranged combat is the act of attacking enemies from a distance.

Range is represented by 10' - 90' feet. 20'+ is always ranged.



Weapons that are thrown or shot are known as missile weapons and have a range in which they are effective. To use arrows, a bow must be equipped. Missile weapons are usually nonrecoverable - they can be used only once. There are, of course, exceptions to this rule. Some magical missile weapons such as Zen arrows can be reused, and at least one non magical missile weapon, the boomerang, can be reused because it returns to the one who threw it.



<l=""MAN_ITEMS"",""Weapons and items""/> will always display their maximum range.","遠程戰鬥是指從遠處攻擊敵人的作戰方式。

距離以 10 呎至 90 呎表示。20 呎以上一律視為遠程。

投擲或射出的武器稱為投射武器，並有其有效射程。要使用箭矢，必須裝備弓。投射武器通常無法回收——只能使用一次。當然，此規則也有例外。某些魔法投射武器（如禪箭）可以重複使用，而至少有一種非魔法投射武器——迴力鏢——因為會回到投擲者手中，所以也能重複使用。

<l=""MAN_ITEMS"",""Weapons and items""/> 永遠會顯示其最大射程。"
MAN_CHESTS,Chests,寶箱
MAN_CHESTS_TEXT,"<pos=77.5f%><sprite=29/></pos><width=75%><pos=0.0%>After defeating a group of enemies in <l=""MAN_COMBAT"",""combat""/> the party may find a chest. Chests can contain <l=""MAN_GOLD"",""gold""/> and <l=""MAN_ITEMS"",""items""/>. A chest can also be armed with a <l=""MAN_CHEST_TRAPS"",""trap""/> and may need to be disarmed, in order to retrieve its glorious plunder.</width>



Monitor how much free inventory space the party has. If the inventory is full, no items will be found in chests until there is space. Consider discarding unwanted items or selling them to <l=""MAN_GARTHS_SHOPPE""/>. It is wise to have a clean inventory before proceeding into a new dungeon.","<pos=77.5f%><sprite=29/></pos><width=75%><pos=0.0%>在 <l=""MAN_COMBAT"",""combat""/> 擊敗一群敵人後，隊伍可能會找到一個寶箱。寶箱內可能含有 <l=""MAN_GOLD"",""gold""/> 和 <l=""MAN_ITEMS"",""items""/>。寶箱也可能設有 <l=""MAN_CHEST_TRAPS"",""trap""/>，需要先解除陷阱才能取得其中的輝煌戰利品。</width>

請留意隊伍剩餘的道具欄空間。如果道具欄已滿，在清出空間之前，寶箱中將不會出現任何物品。考慮丟棄不需要的物品，或將它們賣給 <l=""MAN_GARTHS_SHOPPE""/>。在進入新的地下城之前，保持道具欄整潔是明智之舉。"
MAN_CHEST_TRAPS,Chest Traps,寶箱陷阱
MAN_CHEST_TRAPS_TEXT,"Traps in side chests as the same as regular <l=""MAN_TRAPS"",""traps""/>. Chest traps can be disarmed by a skilled <l=""MAN_ROGUE""/> as well as <l=""MAN_CONJURER_SPELLS"",""trap zapped""/> (<smallcaps><color=@#SPELL_HEADER_COL#>TRZP</color></smallcaps>) by a <l=""MAN_MAGES"",""mage""/>. The disarm chance of a rogue is dependant on their level and the difficulty of the traps within a dungeon. <color=@#SPELL_HEADER_COL#>TRZP</color> has a <u>100%</u> chance of disarming a trap.



In the event that a trap has not been disarmed and the party continues to try and retrieve the contents within, the trap will unleash its trap on the party. If the character opening it is <l=""MAN_LUCK"",""lucky""/> enough, they may avoid what the trap releases.



Beware<size=100%>.<size=90%>.<size=80%>. <size=100%>traps can be extremely dangerous and potentially deadly. The party can always walk away from a chest. The loot retrieved may be less than what it costs to revive or heal those unfortunate enough to be subject to the traps effect.","側邊寶箱中的陷阱與一般 <l=""MAN_TRAPS"",""traps""/> 相同。寶箱陷阱可由熟練的 <l=""MAN_ROGUE""/> 解除，也可由 <l=""MAN_CONJURER_SPELLS"",""trap zapped""/>（<smallcaps><color=@#SPELL_HEADER_COL#>TRZP</color></smallcaps>）透過 <l=""MAN_MAGES"",""mage""/> 來解除。盜賊的解除陷阱機率取決於其等級以及地下城中陷阱的難度。<color=@#SPELL_HEADER_COL#>TRZP</color> 有 <u>100%</u> 的機率解除陷阱。

如果陷阱未被解除，而隊伍仍試圖取出內容物，陷阱便會對隊伍發動攻擊。若開啟寶箱的角色夠 <l=""MAN_LUCK"",""lucky""/>，或許能避開陷阱的影響。

小心 <size=100%>。<size=90%>。<size=80%>。<size=100%>陷阱可能極度危險，甚至致命。隊伍隨時可以放棄寶箱。取得的戰利品，可能還比不上復活或治療那些不幸中招者的代價。"
MAN_LOCATIONS,Locations,地點
MAN_LOCATIONS_TEXT,There are many locations to explore within the world of 'The Bard's Tale' which all serve different purposes.,在《冰城傳奇》的世界中，有許多可供探索的地點，各自發揮不同的功用。
MAN_ADVENTURERS_GUILD,The Adventurer's Guild,冒險者公會
MAN_ADVENTURERS_GUILD_TEXT,"The Guild is like a union hall where adventurers hang out, hoping to join a party. This is where a party is formed and where all adventures begin.



A party can have a total roster of 7 characters. Characters can also be added, removed, renamed, change their portrait, or permanently delete them. Entire parties can also be saved or deleted. There is a pre-built party - <b>The A-TEAM</b>, ready to jump straight into gameplay. They might not have the best <l=""MAN_ATTRIBUTES"",""attributes""/> or <l=""MAN_STATISTICS"",""statistics""/> but they get the job done.



In <b>Tales of the Unknown (BT1)</b>, and <b> The Destiny Knight (BT2)</b>, the game starts in the <b>Adventurer's Guild</b>. In <b>Thief of Fate (BT3)</b>, the game starts in the <b><l=""MAN_REFUGEE_CAMP"",""refugee camp""/></b>.



The Adventurer's Guild and the refugee camp are the <u>only</u> spots a party can be formed, characters created, and parties saved.



If an entire party roster dies while out and about, they will be transported, <u>still dead</u>, to the guild. By creating and adding a live character, the new very much alive character can then ferry the dead characters to a <l=""MAN_TEMPLE"",""temple""/> to resurrect them, or just remove or delete them and create new characters.



Visiting an Adventurer's Guild makes time seem like it's flying by. When exiting, it always turns night to day.



The Adventurer's Guild is <u>always open</u>.","公會就像冒險者聚集的工會大廳，他們在此等待加入隊伍。這裡是組成隊伍的地方，也是所有冒險的起點。

一支隊伍最多可容納 7 名角色。角色可以新增、移除、重新命名、更換肖像，或永久刪除。整個隊伍也可以儲存或刪除。遊戲內建了一支預設隊伍——<b>A 小隊</b>，準備好直接投入遊戲。他們或許不是 <l=""MAN_ATTRIBUTES"",""attributes""/> 或 <l=""MAN_STATISTICS"",""statistics""/> 最強的，但足以完成任務。

在 <b>《未知傳奇》（BT1）</b> 和 <b>《天命勇士》（BT2）</b> 中，遊戲從 <b>冒險者公會</b> 開始。在 <b>《命運之賊》（BT3）</b> 中，遊戲則從 <b><l=""MAN_REFUGEE_CAMP"",""refugee camp""/></b> 開始。

冒險者公會和難民營是 <u>唯一</u> 可以組成隊伍、創建角色以及儲存隊伍的地點。

如果整支隊伍在外出時全滅，他們會被傳送回公會，<u>仍然死亡</u>。透過創建並加入一名存活角色，這個活蹦亂跳的新角色就能將死者運送到 <l=""MAN_TEMPLE"",""temple""/> 進行復活，或者直接移除或刪除他們，再創建新角色。

造訪冒險者公會會讓時間飛逝。離開時，總是會從夜晚轉為白天。

冒險者公會 <u>全天候開放</u>。"
MAN_REFUGEE_CAMP,Refugee Camp,難民營
MAN_REFUGEE_CAMP_TEXT,"Once, there was a home to travellers called the <b><l=""MAN_ADVENTURERS_GUILD"",""Adventurer's Guild""/></b>. Wayfarers stopped there when they wanted to slake a thirst, engage in merriment, or just rest their weary feet. Now that the plague has descended and Skara Brae has been shattered, the Refugee Camp serves as the gathering point for travellers.



The Refugee Camp is the same as the Adventurer's Guild, although lacking the niceties like tables, heating and vermin-free bedding, they do the same things.



If an entire party roster dies while out and about, they will be transported, <u>still dead</u>, to the camp. By creating and adding a live character, the new very much alive character can then ferry the dead characters to a <l=""MAN_TEMPLE"",""temple""/> to resurrect them, or just remove or delete them and create new characters.



Visiting the refugee camp, it will make time seem like it's flying by. When exiting, it always turns night to day.



The refugee camp is <u>always open</u>.","從前，有一個名為 <b><l=""MAN_ADVENTURERS_GUILD"",""Adventurer's Guild""/></b> 的旅者之家。旅人們會在口渴時、想尋歡作樂時，或只是為了讓疲憊的雙腳休息時，在此停留。如今瘟疫降臨，斯卡拉布雷城已支離破碎，難民營成了旅人們的聚集點。

難民營與冒險者公會功能相同，雖然缺乏桌子、暖氣和沒有蟲子的床鋪等舒適設施，但能做的事情都一樣。

如果整支隊伍在外出時全滅，他們會被傳送回營地，<u>仍然死亡</u>。透過創建並加入一名存活角色，這個活蹦亂跳的新角色就能將死者運送到 <l=""MAN_TEMPLE"",""temple""/> 進行復活，或者直接移除或刪除他們，再創建新角色。

造訪難民營會讓時間飛逝。離開時，總是會從夜晚轉為白天。

難民營 <u>全天候開放</u>。"
MAN_REVIEW_BOARD,Review Board,仲裁委員會
MAN_REVIEW_BOARD_TEXT,"The Review Board is a group of high level representatives from all 13 different <b><l=""MAN_CLASS"",""classes""/></b>.



Upon an in person request, the board will determine whether a character has accumulated enough experience points for advancement to higher <l=""MAN_LEVEL"",""levels""/>. The board teaches new <l=""MAN_SPELLS"",""spells""/> to magic users who qualify for higher <b><l=""MAN_SPELL_LEVEL"",""spell levels""/></b> too, but charges for this training.



Review Boards are <u>closed</u> at night.","仲裁委員會是由全部13種不同職業的高階代表所組成的團體。

親自提出請求後，委員會將判定一名角色是否累積了足夠的經驗值以晉升至更高的等級。委員會也會傳授新的法術給符合晉升條件的魔法使用者，但會為此收取訓練費用。

仲裁委員會在夜間是關閉的。"
MAN_GARTHS_SHOPPE,Garth's Shoppe,加斯商店
MAN_GARTHS_SHOPPE_TEXT,"Garth is one of yesterday's almost forgotten heroes, now retired from active adventuring to supply tomorrow's would-be greats. At Garth's shoppe characters can buy armor and weapons, sell items, have items identified, or pool all the party's gold for buying expensive items.



Due to a deal with the city blacksmith, Garth has an infinite supply of basic armor and supplies. But unique Items found in labyrinths, even if sold to Garth, remain in his inventory only until they are sold. Occasionally an item won in combat will remain unidentified. This means that its general type might be apparent such as a shield or ring, but not which exact type, like a dragon shield or ring of power.



Garth can identify items... for a price.



Garth's shop is <u>closed</u> at night.","Garth是昨日幾乎被遺忘的英雄之一，如今已從活躍的冒險生涯退休，為明日未來的偉大人物提供補給。在Garth的商店裡，角色可以購買護甲與武器、販賣物品、鑑定物品，或集中隊伍的所有金幣來購買昂貴的物品。

由於與城市鐵匠有協議，Garth擁有無限供應的基本護甲與補給品。但在地城中找到的獨特物品，即使賣給Garth，也只會留在他的庫存中直到售出為止。偶爾在戰鬥中獲得的物品會保持未鑑定狀態。這意味著其大致類型可能顯而易見，例如盾牌或戒指，但無法確定具體是哪一種，例如龍盾或力量戒指。

Garth可以鑑定物品……但要收費。

Garth的商店在夜間是關閉的。"
MAN_ROSCOES_ENERGY_EMPORIUM,Roscoe's Energy Emporium,羅斯柯能量商店
MAN_ROSCOES_ENERGY_EMPORIUM_TEXT,"If spell points aren't re-charging fast enough, visit Roscoe's energy emporium. Roscoe will replenish a single or all magic users spell points for a fee. But be prepared for electrifyingly high fees. 



Roscoe can identify specials traits of weapons, armor and items... for a price.



Roscoes is <u>open</u> at night.","如果法術點數恢復得不夠快，請造訪Roscoe的能量商店。Roscoe會收取費用，為單一或所有魔法使用者的法術點數進行補充。但請準備好面對高得驚人的費用。

Roscoe可以鑑定武器、護甲與物品的特殊屬性……但要收費。

Roscoe的商店在夜間是營業的。"
MAN_TAVERN,Tavern,酒館
MAN_TAVERN_TEXT,"Taverns are favorite places to obtain refreshment and gossip. Watch <b><l=""MAN_BARD"",""Bards""/></b> in taverns - they have a tendency to over tip the bartender and - tip over the barmaid.



Order a drink for a bard to refresh the amount <l=""MAN_BARD_SONGS"",""songs""/> they can sing.



Taverns are <u>open</u> at night.","酒館是獲取飲料與八卦的最愛去處。在酒館裡要留意吟遊詩人——他們往往會給酒保太多小費，還會撞倒女侍者。

為吟遊詩人點一杯飲料，可以恢復他們能夠吟唱的次數。

酒館在夜間是營業的。"
MAN_TEMPLE,Temple,神廟
MAN_TEMPLE_TEXT,"Temples are divine places of resurrection and complete healing.



A resurrected character retains all the items, gold and experience points they had before dying, but comes back to life with only 1 hit point.



When they finds out how much it cost to be resurrected, they may turn over their grave.



Temples are <u>open</u> at night.","神廟是進行復活與完全治療的神聖場所。

被復活的角色會保留死亡前擁有的所有物品、金幣與經驗值，但復活時僅有1點生命值。

當他們發現復活要花多少錢時，可能會氣得在墳墓裡翻身。

神廟在夜間是營業的。"
MAN_BANK,Bank,銀行
MAN_BANK_TEXT,"<width=71f%>Bedder - an old half-elf who reportedly sold his mother to a band of lonely orcs in order to finance his first branch - will deposit gold for safekeeping at any of his bank's branches throughout the realm. Although stingy old Bedder doesn't pay interest on gold deposits, his bank is never robbed and gold can be withdrawn at any time, at any branch.</width><pos=72.5f%><sprite=28/></pos>



Bedder's Bank for the Bold can also safely store some items the party has accumulated through adventuring in the banks safety deposit slots. Unfortunately, Bedder charges a hefty fee to purchase these safety deposit slots. For 10,000 gold he will safely store 10 items. With another 50,000 gold Bedder's bank will store an additional 10 items.



60,000 gold for 20 safety deposit boxes may not be the cheapest thing in the realm, but it is handy.



Banks are <u>closed</u> at night.","<width=71f%>貝德——一名年邁的半精靈，據說為了籌措開設第一家分行，將自己的母親賣給了一群孤獨的獸人——他會在王國各地的銀行分行為冒險隊伍保管金幣。雖然吝嗇的老貝德不支付存款利息，但他的銀行從未被搶劫過，金幣也可隨時在任何分行提取。</width><pos=72.5f%><sprite=28/></pos>


貝德勇者銀行還可以在銀行的安全保管箱中，安全存放冒險隊伍在冒險中累積的一些物品。不幸的是，貝德對購買這些安全保管箱收取高額費用。花費10,000金幣，他可以安全存放10件物品。再花費50,000金幣，貝德的銀行將額外存放10件物品。


花費60,000金幣購買20個安全保管箱，可能不是王國中最便宜的選擇，但確實很方便。


銀行在夜間<u>關閉</u>。"
MAN_CASINO,Casino,賭場
MAN_CASINO_TEXT,"Casino gambling is a favorite way to relax after a hard day of battling orcs, and casinos are found in almost all of the Realm's cities. The casinos play a game whose closest equivalent is BlackJack.



Casinos are <u>closed</u> at night.","賭場賭博是在與獸人激戰一天後最受歡迎的放鬆方式，王國中幾乎所有城市都有賭場。賭場玩一種最接近二十一點的遊戲。


賭場在夜間<u>關閉</u>。"
MAN_UNMARKED_BUILDINGS,Unmarked Buildings,無標記建築
MAN_UNMARKED_BUILDINGS_TEXT,"Most buildings are unmarked, but some of them are inhabited by corrupt creatures who have skulked in. Don't be afraid to kick in a few doors and find them. Remember that fighting is good for the party, it's the only way to build up enough experience to challenge the more and more difficult enemies.



There are also handy tips in a few of these.","大多數建築物都沒有標記，但其中一些被潛入的腐敗生物佔據。不要害怕踢開幾扇門去找出它們。記住，戰鬥對冒險隊伍有益，這是累積足夠經驗值以挑戰越來越強大敵人的唯一途徑。


其中一些地方也藏有實用的小提示。"
MAN_DUNGEONS,Dungeons & Towers,地下城與高塔
MAN_DUNGEONS_TEXT,"Dungeons take a variety of forms such as catacombs, tombs, underwater palaces and pits. Towers also take a variety of forms such as keeps, castles and towers. Both dungeons and towers can have a varied number of levels.



Levels higher or lower than the parties current level, can be navigated to by using <b><l=""MAN_STAIRS"",""stairways""/></b>, <b><l=""MAN_PORTAL"",""portals""/></b>, or <l=""MAN_TELEPORTATION"",""teleportation""/> - whichever is more convenient or readily available. 



All noteworthy tiles are marked in the journal and have a respective icon.","地下城有多種形式，例如地下墓穴、陵墓、水下宮殿和深坑。高塔也有多種形式，例如堡壘、城堡和塔樓。地下城和高塔都可能擁有不同數量的樓層。


可以使用<b><l=""MAN_STAIRS"",""stairways""/></b>、<b><l=""MAN_PORTAL"",""portals""/></b>或<l=""MAN_TELEPORTATION"",""teleportation""/>——視哪一種更方便或更容易取得——來前往比冒險隊伍當前樓層更高或更低的樓層。


所有值得注意的地磚都會標記在日誌中，並帶有相應的圖示。"
MAN_STAIRS,Stairs,樓梯
MAN_STAIRS_TEXT,"Stairways are not visible from a distance. But when the party moves onto one, a prompt will appear in the <l=""MAN_SCROLL"",""scroll""/> asking whether to ascend or descend.



Each <u>succeeding</u> level goes <u><b><smallcaps>up</smallcaps></b></u> in a tower, and <u><b><smallcaps>down</smallcaps></b></u> in a dungeon.","樓梯在遠處無法看見。但當冒險隊伍移動到樓梯上時，<l=""MAN_SCROLL"",""scroll""/>中會出現提示，詢問是要向上還是向下。


在高塔中，每<u>往後</u>的樓層是<u><b><smallcaps>向上</smallcaps></b></u>；在地下城中，則是<u><b><smallcaps>向下</smallcaps></b></u>。"
MAN_PORTAL,Portals,傳送門
MAN_PORTAL_TEXT,"Portals are holes in the floors and ceilings, and are visible from a distance. The party will not go through a portal merely by standing on it. They must first be instructed to do so. If they jump down through a portal, they will be damaged from the fall unless a levitation spell is active, or an item that conjures the magical equivalent. The only way to go <smallcaps><b><u>up</u></b></smallcaps> through a portal is by levitation.



A basic levitation (<color=@#SPELL_HEADER_COL#>LEVI</color>) spell is learnt by a <b><l=""MAN_CONJURER""/></b> with a <b><l=""MAN_SPELL_LEVEL"",""spell level""/></b> of 3 or higher.



<line-height=130%><sprite=19/> <b><color=@#InteractionCommand#>Q</color></b> - Portal Up.

</line-height><indent=1.2f%>Ascend up through a portal.</indent>



<line-height=130%><sprite=20/> <b><color=@#InteractionCommand#>Z</color></b> - Portal Down.

</line-height><indent=1.2f%>Descend down through a portal.</indent>



Each <u>succeeding</u> level goes <u><b><smallcaps>up</smallcaps></b></u> in a tower, and <u><b><smallcaps>down</smallcaps></b></u> in a dungeon.","傳送門是地板和天花板上的洞口，從遠處就能看見。冒險隊伍不會因為站在傳送門上就通過它。他們必須先下達指令才行。如果他們從傳送門跳下去，除非有漂浮法術生效，或是有能產生同等魔法效果的物品，否則會因墜落而受傷。唯一能<smallcaps><b><u>向上</u></b></smallcaps>通過傳送門的方法就是漂浮。

一個基本的漂浮（<color=@#SPELL_HEADER_COL#>LEVI</color>）法術，可由一位<b><l=""MAN_CONJURER""/></b>且<b><l=""MAN_SPELL_LEVEL"",""spell level""/></b>達到3或以上者習得。

<line-height=130%><sprite=19/> <b><color=@#InteractionCommand#>Q</color></b> - 傳送門向上。

</line-height><indent=1.2f%>向上穿過傳送門。</indent>

<line-height=130%><sprite=20/> <b><color=@#InteractionCommand#>Z</color></b> - 傳送門向下。

</line-height><indent=1.2f%>向下穿過傳送門。</indent>

每一層<u>後續</u>的樓層，在塔中會<u><b><smallcaps>向上</smallcaps></b></u>，而在地下城中則會<u><b><smallcaps>向下</smallcaps></b></u>。"
MAN_PORTAL_JOYPAD,Portals,傳送門
MAN_PORTAL_JOYPAD_TEXT,"Portals are holes in the floors and ceilings, and are visible from a distance. The party will not go through a portal merely by standing on it. They must first be instructed to do so. If they jump down through a portal, they will be damaged from the fall unless a levitation spell is active, or an item that conjures the magical equivalent. The only way to go <smallcaps><b><u>up</u></b></smallcaps> through a portal is by levitation.



A basic levitation (<color=@#SPELL_HEADER_COL#>LEVI</color>) spell is learnt by a <b><l=""MAN_CONJURER""/></b> with a <b><l=""MAN_SPELL_LEVEL"",""spell level""/></b> of 3 or higher.



Each <u>succeeding</u> level goes <u><b><smallcaps>up</smallcaps></b></u> in a tower, and <u><b><smallcaps>down</smallcaps></b></u> in a dungeon.","傳送門是地板和天花板上的洞口，從遠處就能看見。冒險隊伍不會因為站在傳送門上就通過它。他們必須先下達指令才行。如果他們從傳送門跳下去，除非有漂浮法術生效，或是有能產生同等魔法效果的物品，否則會因墜落而受傷。唯一能<smallcaps><b><u>向上</u></b></smallcaps>通過傳送門的方法就是漂浮。

一個基本的漂浮（<color=@#SPELL_HEADER_COL#>LEVI</color>）法術，可由一位<b><l=""MAN_CONJURER""/></b>且<b><l=""MAN_SPELL_LEVEL"",""spell level""/></b>達到3或以上者習得。

每一層<u>後續</u>的樓層，在塔中會<u><b><smallcaps>向上</smallcaps></b></u>，而在地下城中則會<u><b><smallcaps>向下</smallcaps></b></u>。"
MAN_MAGIC_DETECTION_SKULL,Magic Detection Skull,魔法偵測頭骨
MAN_MAGIC_DETECTION_SKULL_TEXT,"The skull at the top of the <l=""MAN_3D_GAME_VIEW,"",""3D game view""/>, shows information related to the current effects on the party within dungeons.



When the skull's eyes are <u>not</u> glowing, the dungeon has no aura and the party is in a harm free space.



When the skull's eyes <b>are</b> glowing, it is in a state where it has information about something in the dungeon that is causing an effect on the party.



<color=#e50b0b>Red</color> - only a curse, active aura, event timer or general harm is affecting the party.

<color=#0b7cef>Blue</color> - only a blessing is affecting the party.

<color=#9d10e5>Purple</color> - a combination of blessings and curses.

<pos=20%><sprite=52/></pos><pos=45%><sprite=54/></pos><pos=70%><sprite=53/></pos><line-height=350%>

</line-height>

<color=@#SubHeading#><b>Curses</b></color>

A curse is a magical effect that is inflicted upon the party to hinder their ability to navigate. Curses can impair vision, stop bard songs and even stop the use of magic. Curses are commonly documented as <l=""MAN_DUNGEON_HAZARDS"",""hazardous""/> locations.



<color=@#SubHeading#><b>Blessings</b></color>

Blessings are a magical effect that benefit party members. Blessings are commonly documented as locations of <l=""MAN_DUNGEON_REGENERATION"",""regeneration""/>.



<color=@#SubHeading#><b>Active Aura</b></color>

An aura is an invisible magical essence that lurks within the dungeon. The aura can also be built directly into the dungeons structure. Auras can cause anti-magic, anti-apport or anti-phasedoor.



<color=@#SubHeading#><b>Event Timers</b></color>

<l=""MAN_TIMED_TRAPS"",""Timed traps""/> are time based events. The magic detection skull keeps track of the time left in these events.



<color=@#SubHeading#><b>General Harm</b></color>

Sometimes the party gets into a bit of trouble, the magic detection skull also shows if the party is drowning or freezing.","位於<l=""MAN_3D_GAME_VIEW,"",""3D game view""/>頂端的骷髏頭，會顯示與地下城中當前影響隊伍的效果相關的資訊。

當骷髏頭的眼睛<u>沒有</u>發光時，表示地下城沒有靈氣，隊伍處於無害的空間。

當骷髏頭的眼睛<b>正在</b>發光時，表示它處於一種狀態，顯示地下城中某物正對隊伍造成影響。

<color=#e50b0b>紅色</color> - 僅有詛咒、活躍靈氣、事件計時器或一般傷害正在影響隊伍。

<color=#0b7cef>藍色</color> - 僅有祝福正在影響隊伍。

<color=#9d10e5>紫色</color> - 祝福與詛咒的組合。

<pos=20%><sprite=52/></pos><pos=45%><sprite=54/></pos><pos=70%><sprite=53/></pos><line-height=350%>

</line-height>

<color=@#SubHeading#><b>詛咒</b></color>

詛咒是一種施加在隊伍身上以妨礙其導航能力的魔法效果。詛咒會削弱視力、停止吟遊詩人之歌，甚至阻止魔法的使用。詛咒通常被記錄為<l=""MAN_DUNGEON_HAZARDS"",""hazardous""/>地點。

<color=@#SubHeading#><b>祝福</b></color>

祝福是一種有益於隊伍成員的魔法效果。祝福通常被記錄為<l=""MAN_DUNGEON_REGENERATION"",""regeneration""/>的地點。

<color=@#SubHeading#><b>活躍靈氣</b></color>

靈氣是一種潛伏在地下城中的無形魔法本質。靈氣也可能直接建構在地下城的結構中。靈氣可能造成反魔法、反傳送或反相位門。

<color=@#SubHeading#><b>事件計時器</b></color>

<l=""MAN_TIMED_TRAPS"",""Timed traps""/>是基於時間的事件。魔法偵測骷髏頭會追蹤這些事件剩餘的時間。

<color=@#SubHeading#><b>一般傷害</b></color>

有時候隊伍會陷入一些麻煩，魔法偵測骷髏頭也會顯示隊伍是否正在溺水或凍僵。"
MAN_TELEPORTATION,Teleportation,傳送術
MAN_TELEPORTATION_TEXT,"Teleportation requires the Apport Arcane (<color=@#SPELL_HEADER_COL#>APAR</color>) spell.



<color=@#SPELL_HEADER_COL#>APAR</color> can be cast from a magic user that has been, or is a <b><l=""MAN_CONJURER""/></b> with a <b><l=""MAN_SPELL_LEVEL"",""spell level""/></b> of 7 or higher.



<color=@#SPELL_HEADER_COL#>APAR</color> teleports from the parties <u><smallcaps>current</smallcaps></u> location. <color=@#SPELL_HEADER_COL#>APAR</color> always travels in the worlds North, East, South and West directions. Not the relative direction of the party.

Scry Sight (<color=@#SPELL_HEADER_COL#>SCSI</color>) is a helpful spell to identify which direction the party is facing. The direction is also pointed out in the journal, minimap and <l=""MAN_PARTY_STATUS"",""party status""/> compass if the appropriate spells are active.","傳送需要傳送奧術（<color=@#SPELL_HEADER_COL#>APAR</color>）法術。

<color=@#SPELL_HEADER_COL#>APAR</color>可由一位曾經是或現在是<b><l=""MAN_CONJURER""/></b>且<b><l=""MAN_SPELL_LEVEL"",""spell level""/></b>達到7或以上的法師施放。

<color=@#SPELL_HEADER_COL#>APAR</color>會從隊伍<u><smallcaps>當前</smallcaps></u>的位置進行傳送。<color=@#SPELL_HEADER_COL#>APAR</color>總是沿著世界的北、東、南、西方向移動，而非隊伍的相對方向。

千里眼（<color=@#SPELL_HEADER_COL#>SCSI</color>）是一個有助於辨識隊伍面向方向的法術。如果適當的法術已生效，該方向也會在日誌、小地圖和<l=""MAN_PARTY_STATUS"",""party status""/>指南針中標示出來。"
MAN_DUNGEON_HAZARDS,Hazards,危險
MAN_DUNGEON_HAZARDS_TEXT,"Hazards come in many shapes and forms. They are scattered throughout <l=""MAN_DUNGEONS"",""dungeons & towers""/> in 'The Bard’s Tale'. All of these tiles have a corresponding icon within the journal.



<color=@#TrapHazard#><smallcaps>Darkness</smallcaps></color>

Cancels any light from the party. Including light or vision improving effect produced by <l=""MAN_SPELLS"",""spells""/>, <l=""MAN_ITEMS"",""items""/> and <l=""MAN_BARD_SONGS"",""Bard songs""/>.



<color=@#TrapHazard#><smallcaps>Trap</smallcaps></color>

Trap tiles can contain any random <l=""MAN_TRAPS"",""trap""/>.



<color=@#TrapHazard#><smallcaps>Encounter</smallcaps></color>

Forces the party into <l=""MAN_COMBAT"",""combat""/> with a random group of enemies.



<color=@#TrapHazard#><smallcaps>Spinner</smallcaps></color>

Spins the party to face a random direction when landing on the trap, and after executing an action. Some <l=""MAN_ITEMS"",""items""/>, <l=""MAN_SPELLS"",""spells""/> or <l=""MAN_BARD_SONGS"",""Bard songs""/> may help reduce the possibility of being spun.



<color=@#TrapHazard#><smallcaps>Anti-Magic</smallcaps></color>

A field which causes <b><u>all</u></b> magical <l=""MAN_SPELLS"",""spells""/> being cast, to fizzle. <l=""MAN_ITEMS""/> can still be used in this field.

<pos=80%><sprite=33/></pos>

<width=77.5f%><color=@#TrapHazard#><smallcaps>Health Drain</smallcaps></color>

Drains an amount of <l=""MAN_HIT_POINTS"",""hit points""/> (@#HP#) from every party member after a short period of time.</width>

<pos=80%><sprite=32/></pos>

<width=77.5f%><color=@#TrapHazard#><smallcaps>Magic Drain</smallcaps></color>

Drains an amount of <l=""MAN_SPELL_POINTS"",""spell points""/> (@#SP#) from every party member after a short period of time.</width>



<color=@#TrapHazard#><smallcaps>Silence</smallcaps></color>

Stops all <l=""MAN_BARD_SONGS"",""Bard songs""/> currently being played, and stops any bard songs from being sung.



<color=@#TrapHazard#><smallcaps>Turncoat</smallcaps></color>

Turns a random monster in the party against the team. Initiating intra-party <l=""MAN_COMBAT"",""combat""/>.



<color=@#TrapHazard#><smallcaps>Smoke</smallcaps></color>

Reduces visibility of the in game <l=""MAN_3D_GAME_VIEW"",""3D game view""/>.



<color=@#TrapHazard#><smallcaps>Explosive Gas</smallcaps></color>

Explodes when coming into contact with any open flame, dealing damage to each party member, just like a <l=""MAN_TRAPS"",""trap""/>.



<color=@#TrapHazard#><smallcaps>Anti-Apport Arcane</smallcaps></color>

Stops any attempt to <l=""MAN_TELEPORTATION"",""teleport""/> to or from this tile.



<color=@#TrapHazard#><smallcaps>Magic Chains</smallcaps></color>

Temporarily immobilizes the party from moving forward. Moving lots might break the effects of magic chains.","危險有許多不同的形狀和形式。它們散佈在《冰城傳奇》的<l=""MAN_DUNGEONS"",""dungeons & towers""/>各處。所有這些方格在日誌中都有對應的圖示。

<color=@#TrapHazard#><smallcaps>黑暗</smallcaps></color>

取消隊伍的所有光源。包括由<l=""MAN_SPELLS"",""spells""/>、<l=""MAN_ITEMS"",""items""/>和<l=""MAN_BARD_SONGS"",""Bard songs""/>產生的光線或視覺強化效果。

<color=@#TrapHazard#><smallcaps>陷阱</smallcaps></color>

陷阱方格可能包含任何隨機的<l=""MAN_TRAPS"",""trap""/>。

<color=@#TrapHazard#><smallcaps>遭遇</smallcaps></color>

強迫隊伍與一群隨機敵人進入<l=""MAN_COMBAT"",""combat""/>。

<color=@#TrapHazard#><smallcaps>迷向器</smallcaps></color>

當踏上陷阱時，以及在執行一個動作後，會將隊伍旋轉至一個隨機方向。某些<l=""MAN_ITEMS"",""items""/>、<l=""MAN_SPELLS"",""spells""/>或<l=""MAN_BARD_SONGS"",""Bard songs""/>可能有助於降低被旋轉的可能性。

<color=@#TrapHazard#><smallcaps>反魔法</smallcaps></color>

一個會導致<b><u>所有</u></b>正在施放的魔法<l=""MAN_SPELLS"",""spells""/>失效的力場。在此力場中仍可使用<l=""MAN_ITEMS""/>。

<pos=80%><sprite=33/></pos>

<width=77.5f%><color=@#TrapHazard#><smallcaps>生命值吸取</smallcaps></color>

在一段短時間後，從每個隊伍成員身上吸取一定量的<l=""MAN_HIT_POINTS"",""hit points""/>（@#HP#）。</width>

<pos=80%><sprite=32/></pos>

<width=77.5f%><color=@#TrapHazard#><smallcaps>法術點數吸取</smallcaps></color>

在一段短時間後，從每個隊伍成員身上吸取一定量的<l=""MAN_SPELL_POINTS"",""spell points""/>（@#SP#）。</width>

<color=@#TrapHazard#><smallcaps>沉默</smallcaps></color>

停止所有正在演奏的<l=""MAN_BARD_SONGS"",""Bard songs""/>，並阻止任何吟遊詩人之歌被唱出。

<color=@#TrapHazard#><smallcaps>叛變</smallcaps></color>

將隊伍中的一個隨機怪物轉而對抗團隊。引發隊伍內部的<l=""MAN_COMBAT"",""combat""/>。

<color=@#TrapHazard#><smallcaps>煙霧</smallcaps></color>

降低遊戲中<l=""MAN_3D_GAME_VIEW"",""3D game view""/>的可見度。

<color=@#TrapHazard#><smallcaps>爆炸性氣體</smallcaps></color>

接觸到任何明火時會爆炸，對每個隊伍成員造成傷害，就像<l=""MAN_TRAPS"",""trap""/>一樣。

<color=@#TrapHazard#><smallcaps>反傳送奧術</smallcaps></color>

阻止任何從此方格<l=""MAN_TELEPORTATION"",""teleport""/>進出或傳送至該方格的嘗試。

<color=@#TrapHazard#><smallcaps>魔法鎖鏈</smallcaps></color>

暫時使隊伍無法向前移動。大量移動或許能打破魔法鎖鏈的效果。"
MAN_TRAPS,Traps,陷阱
MAN_TRAPS_TEXT,"Beware<size=100%>.<size=90%>.<size=80%>. <size=100%>traps can be extremely dangerous and potentially deadly. Traps can be disarmed by <l=""MAN_CONJURER_SPELLS"",""trap zapping""/> (<color=@#SPELL_HEADER_COL#>TRZP</color>) them. <color=@#SPELL_HEADER_COL#>TRZP</color> has a <u>100%</u> chance of disarming a trap. If leading party member has a high level of <l=""MAN_LUCK"",""luck""/>, they may cause the party to avoid what the trap releases.



Traps can affect a <smallcaps>single party member</smallcaps> or the <smallcaps>entire party</smallcaps>. Traps can inflict <smallcaps>damage</smallcaps>, <smallcaps>conditions</smallcaps>, or both. Characters get a saving roll to avoid the trap.","請小心，<size=100%><size=90%><size=80%>。<size=100%>陷阱極度危險，可能致命。陷阱可由 <l=""MAN_CONJURER_SPELLS"",""trap zapping""/>（<color=@#SPELL_HEADER_COL#>TRZP</color>）解除。<color=@#SPELL_HEADER_COL#>TRZP</color> 有 <u>100%</u> 的機率解除陷阱。若領隊角色擁有較高的 <l=""MAN_LUCK"",""luck""/> 等級，可能使隊伍避開陷阱釋放的影響。

陷阱可能影響 <smallcaps>單一隊員</smallcaps> 或 <smallcaps>整個隊伍</smallcaps>。陷阱可能造成 <smallcaps>傷害</smallcaps>、<smallcaps>狀態效果</smallcaps>，或兩者兼具。角色可進行豁免擲骰以避免陷阱。"
MAN_DUNGEON_REGENERATION,Regeneration,再生
MAN_DUNGEON_REGENERATION_TEXT,"Scattered throughout <l=""MAN_DUNGEONS"",""dungeons & towers""/> are regeneration tiles. All of these tiles have a corresponding icon within the journal.

<sprite=33/>

<margin-left=16fem><color=@#TrapHazard#><smallcaps>Health Regeneration</smallcaps></color>

Regenerates an amount of Hit Points (@#HP#) to every party member after a short period of time. The amount of @#HP# regenerated will benefit from <l=""MAN_ITEMS"",""items""/> and <l=""MAN_BARD_SONGS"",""Bard songs""/>.</margin>

<sprite=32/>

<margin-left=16fem><color=@#TrapHazard#><smallcaps>Magic Regeneration</smallcaps></color>

Regenerates an amount of Spell Points (@#SP#) to every party member after a short period of time. The amount of @#SP# regenerated will benefit from <l=""MAN_ITEMS"",""items""/> and <l=""MAN_BARD_SONGS"",""Bard songs""/>.</margin>","<l=""MAN_DUNGEONS"",""dungeons & towers""/> 各處散落著再生地磚。所有此類地磚在日誌中都有對應的圖示。

<sprite=33/>

<margin-left=16fem><color=@#TrapHazard#><smallcaps>生命值再生</smallcaps></color>

每隔一小段時間，為每位隊員恢復一定數量的生命值（@#HP#）。恢復的 @#HP# 量將受益於 <l=""MAN_ITEMS"",""items""/> 和 <l=""MAN_BARD_SONGS"",""Bard songs""/>。</margin>

<sprite=32/>

<margin-left=16fem><color=@#TrapHazard#><smallcaps>法術點數再生</smallcaps></color>

每隔一小段時間，為每位隊員恢復一定數量的法術點數（@#SP#）。恢復的 @#SP# 量將受益於 <l=""MAN_ITEMS"",""items""/> 和 <l=""MAN_BARD_SONGS"",""Bard songs""/>。</margin>"
MAN_TIMED_TRAPS,Timed Traps,計時陷阱
MAN_TIMED_TRAPS_TEXT,"Dungeons can contain timed traps which operate in real world seconds. Pausing the game will not stop these timers and the game can not be saved whilst in one.



<color=@#SubHeading#><b>Death Snare</b></color>

Snares are special areas, that once entered - must have a puzzle solved within a time frame, in order to exit. Keep a close eye on the amount of time remaining to solve a Death Snare, dreadful things happen once it reaches zero. Death snares are specific to <b>The Destiny Knight (BT2)</b>.



<color=@#SubHeading#><b>Tripwire</b></color>

Tripwires are special traps, that once triggered - is a race to get as far away as possible, as fast as possible. Disarming a tripwire requires the party to move onto a specific, but hidden location. Once the trap goes off, those standing near enough don't fare too well.



Time remaining for death snares and tripwires can be monitored by the <l=""MAN_MAGIC_DETECTION_SKULL"",""magic detection skull""/>.","地下城中可能含有以現實世界秒數計時的陷阱。暫停遊戲無法停止這些計時器，且身處其中時無法存檔。

<color=@#SubHeading#><b>死亡陷阱</b></color>

死亡陷阱是特殊的區域，一旦進入，就必須在時限內解開謎題才能離開。請密切注意剩餘時間，一旦歸零，可怕的事情就會發生。死亡陷阱是 <b>《天命勇士》（BT2）</b> 特有的。

<color=@#SubHeading#><b>絆索</b></color>

絆索是特殊的陷阱，一旦觸發，就是一場盡快逃離的競賽。解除絆索需要隊伍移動到一個特定但隱藏的地點。一旦陷阱觸發，附近的人下場都不會太好。

死亡陷阱和絆索的剩餘時間可透過 <l=""MAN_MAGIC_DETECTION_SKULL"",""magic detection skull""/> 監控。"
MAN_LEGACY_MODE,Legacy Mode,經典模式
MAN_LEGACY_MODE_TEXT,"Legacy Mode will revert new features in the remaster and try to behave more like the original 1980's titles. This includes things such as changing how features have been merged across the three games.



Legacy settings can be toggled on and off to suit a variety of different play styles and desires. These settings are -

<l=""MAN_INDIVIDUAL_INVENTORY""/>

<l=""MAN_MISC_GAME_DIFFERENCES""/>

<l=""MAN_GAME_SPECIFIC_SONGS""/>

<l=""MAN_USE_UNEQUIPPED_ITEMS""/>

<l=""MAN_AUTOMAP_DISABLED""/>

<l=""MAN_FULL_XP_REQUIREMENTS""/>

<l=""MAN_SAVE_AT_GUILD_ONLY""/>

<l=""MAN_NO_ITEMS_IN_EMPTY_HOUSES""/>



Any save game with a legacy option on, will have an icon in the load and save file menus.

<sprite=65/>","經典模式將還原重製版中的新功能，並試圖更貼近 1980 年代原版遊戲的表現。這包括改變三款遊戲功能合併方式等內容。

經典設定可自由開啟或關閉，以適應各種不同的遊玩風格與需求。這些設定包括——

<l=""MAN_INDIVIDUAL_INVENTORY""/>

<l=""MAN_MISC_GAME_DIFFERENCES""/>

<l=""MAN_GAME_SPECIFIC_SONGS""/>

<l=""MAN_USE_UNEQUIPPED_ITEMS""/>

<l=""MAN_AUTOMAP_DISABLED""/>

<l=""MAN_FULL_XP_REQUIREMENTS""/>

<l=""MAN_SAVE_AT_GUILD_ONLY""/>

<l=""MAN_NO_ITEMS_IN_EMPTY_HOUSES""/>

任何開啟經典選項的存檔，在讀取與存檔選單中都會顯示一個圖示。

<sprite=65/>"
MAN_INDIVIDUAL_INVENTORY,Individual Inventory,個別道具欄
MAN_INDIVIDUAL_INVENTORY_TEXT,"@#INDIVIDUAL_INVENTORY_HINT#



<color=@#SubHeading#><b>Gold</b></color>

Gold is displayed on each party members character information sheet, along with their used inventory space and inventory capacity. (Used space / Capacity)

To pool gold or trade gold, open a party members character information sheet.

Pool gold - All of the gold that each party member has gets given to this character.

Trade gold - Give gold to a selected party member.



<color=@#SubHeading#><b>Items</b></color>

To trade items, open a characters inventory.

Trade item to another party member - Sends the selected item to the chosen party member.","@#INDIVIDUAL_INVENTORY_HINT#

<color=@#SubHeading#><b>金幣</b></color>

每位隊員的角色資訊頁面上都會顯示金幣數量，以及已使用的道具欄空間與道具欄容量。（已使用空間 / 容量）

若要集中金幣或交易金幣，請開啟隊員的角色資訊頁面。

集中金幣——將所有隊員持有的金幣全部給予此角色。

交易金幣——將金幣給予指定的隊員。

<color=@#SubHeading#><b>物品</b></color>

若要交易物品，請開啟角色的道具欄。

將物品交易給其他隊員——將選中的物品發送給指定的隊員。"
MAN_MISC_GAME_DIFFERENCES,Misc Game Differences,其他遊戲差異
MAN_MISC_GAME_DIFFERENCES_TEXT,"Misc Game Differences contains a number of differences between each game but apply all of the listed changes.



<align=""center""><color=@#Heading#><b>Differences - Summarized</b></color></align>

<smallcaps><b>All Games</b></smallcaps><size=85%>

- Items & spells adjusted to match each game.</size>

<smallcaps><b>Tales of the Unknown (BT1)</b></smallcaps><size=85%>

- Special slot for monsters and summoned creatures.

- No archery.

- No item charges. Instead items have a small chance to disappear on each use.

- Individual inventory provides <u>8</u> inventory slots per character.</size>

<smallcaps><b>The Destiny Knight (BT2)</b></smallcaps><size=85%>

- Individual inventory provides <u>10</u> inventory slots per character.</size>

<smallcaps><b>Thief of Fate (BT3)</b></smallcaps><size=85%>

- Exclusive wine skins.

- Exclusive identifying items through Rogues.</size>



<align=""center""><color=@#Heading#><b>Differences - Detailed</b></align>

<color=@#SubHeading#><b>Adjusted Items & Spells</b></color>

Each game within the trilogy has their own set of items and spells. In the remaster all generic (not specialised) items and spells have been merged to be found across all three volumes of the trilogy. This option reverts all items and spells to be specific to the games they were originally found in.



<color=@#SubHeading#><b>Special Slot</b></color>

Special slot (S) is a slot in the party roster specifically for monsters and summoned creatures. No other party member or character can be in this slot. Having misc game differences toggled <b><u>on</u></b> will add a special slot to front the party roster leaving 6 spaces for characters - exclusively in Tales of the Unknown. Having this option turned off will maintain the party roster having 7 available spaces for characters, monsters and summoned creatures across all three games of the trilogy.



<pos=0f%>S</pos><pos=2.5f%>Summoned Wolf</pos><pos=25.5f%>2</pos><pos=37.25f%><color=#141414>11/</color><color=#F0F0F0FF>13</color></pos><pos=53f%></pos><color=#141414>?/</color><color=#F0F0F0FF>?</color><pos=65f%>IL</pos>

<pos=0.25f%>1</pos><pos=2.5f%>@#Brian the Fist#</pos><pos=25f%>-10</pos><pos=35f%><color=#141414>108/</color><color=#F0F0F0FF>258</color></pos><pos=50f%></pos><pos=65f%>@#WA#</pos>

<pos=0f%>2</pos><pos=2.5f%>@#El Cid#</pos><pos=25f%>-8</pos><pos=35f%><color=#141414>215/</color><color=#F0F0F0FF>226</color></pos><pos=50f%></pos><pos=65f%>@#PA#</pos>

<pos=0f%>3</pos><pos=2.5f%>@#Markus#</pos><pos=25f%>-4</pos><pos=35f%><color=#141414>176/</color><color=#F0F0F0FF>198</color></pos><pos=50f%></pos><pos=65f%>@#BA#</pos>

<pos=0f%>4</pos><pos=2.5f%>@#Sir Grady#</pos><pos=25f%>-5</pos><pos=35f%><color=#141414>178/</color><color=#F0F0F0FF>215</color></pos><pos=50f%></pos><pos=65f%>@#RO#</pos>

<pos=0f%>5</pos><pos=2.5f%>@#Merlin#</pos><pos=25f%>-1</pos><pos=35f%><color=#141414>145/</color><color=#F0F0F0FF>145</color><pos=50f%></pos><color=#141414>409/</color><color=#F0F0F0FF>512</color><pos=50f%></pos><pos=65f%>@#CO#</pos>

<pos=0f%>6</pos><pos=2.5f%>@#Omar#</pos><pos=25.5f%>2</pos><pos=35f%><color=#141414>163/</color><color=#F0F0F0FF>163</color></pos><pos=50f%></pos><color=#141414>367/</color><color=#F0F0F0FF>571</color><pos=65f%>@#MA#</pos>



Specials cannot be controlled in battle. They choose their own attack mode and generally go after the primary group of monsters the party is facing. Specials are removed from the S slot when killed. Illusionary specials (created by a <l=""MAN_MAGES"",""mage""/>) are removed if any foe disbelieve them. If a non-illusionary special is attacked by another member of the party for any reason, it will turn hostile immediately and fight until defeated.



<color=@#SubHeading#><b>No Archery</b></color>

Removes all forms of Archery and archery specific items that were not in the original Tales of the Unknown.



<color=@#SubHeading#><b>No Item Charges</b></color>

Items no longer have a specific amount of charges (uses) and are now reverted to being potentially infinite with a small chance to disappear on each use.



<color=@#SubHeading#><b>Different Game Sized Inventories</b></color>

Each character has their own inventory and holds their own gold, the same as <l=""MAN_INDIVIDUAL_INVENTORY"",""individual inventory""/>. But each game has different sized inventories instead of the consistent 16 across all 3 of the trilogy.



<color=@#Heading#><b>Tales of the Unknown (BT1)</b></color> - Each member has <u>8</u> inventory slots.

<color=@#Heading#><b>The Destiny Knight (BT2)</b></color> - Each member has <u>10</u> inventory slots.

<color=@#Heading#><b>Thief of Fate (BT3)</b></color> - Each member has <u>16</u> inventory slots.



<color=@#SubHeading#><b>Exclusive Wineskins</b></color>

Wine skins become exclusive again to the Thief of Fate within the trilogy, no longer being accessible from Tales of the Unknown or The Destiny Knight.



<color=@#SubHeading#><b>Exclusive Item Identification</b></color>

Item identification through a Rogues abilities becomes restricted to the Thief of Fate and no longer available in Tales of the Unknown or The Destiny Knight.","雜項遊戲差異包含各遊戲之間的多項差異，但會套用所有列出的變更。



<align=""center""><color=@#Heading#><b>差異摘要</b></color></align>

<smallcaps><b>所有遊戲</b></smallcaps><size=85%>

- 物品與法術已調整以符合各遊戲。</size>

<smallcaps><b>未知傳奇（BT1）</b></smallcaps><size=85%>

- 怪物與召喚生物專用特殊欄位。

- 無弓箭。

- 無物品使用次數。物品每次使用時有低機率消失。

- 個人道具欄提供每位角色 XTAGX17</b>18XTAGX 格道具欄位。</size>

<smallcaps><b>天命勇士（BT2）</b></smallcaps><size=85%>

- 個人道具欄提供每位角色 XTAGX25<size=85%>26XTAGX 格道具欄位。</size>

<smallcaps><b>命運之賊（BT3）</b></smallcaps><size=85%>

- 專屬酒囊。

- 專屬透過盜賊鑑定物品。</size>



<align=""center""><color=@#Heading#><b>差異詳解</b></align>

<color=@#SubHeading#><b>調整物品與法術</b></color>

三部曲中的每款遊戲都有其專屬的物品與法術。在重製版中，所有通用（非專屬）物品與法術已合併，可在三部曲的所有三卷中找到。此選項會將所有物品與法術還原為最初在各自遊戲中出現的專屬版本。



<color=@#SubHeading#><b>特殊欄位</b></color>

特殊欄位（S）是隊伍名冊中專門用於怪物與召喚生物的欄位。其他隊伍成員或角色不得佔用此欄位。啟用雜項遊戲差異 <b><u>開啟</u></b> 時，將在隊伍名冊前端新增一個特殊欄位，僅在《未知傳奇》中為角色留下 6 個空間。關閉此選項則會在三部曲的所有三款遊戲中，維持隊伍名冊有 7 個可用空間供角色、怪物與召喚生物使用。



<pos=0f%>S</pos><pos=2.5f%>召喚狼</pos>XTAGX55<b>56XTAGX<pos=37.25f%><color=#141414>11/</color>XTAGX60<b>61XTAGX</pos><pos=53f%></pos><color=#141414>?/</color><color=#F0F0F0FF>?</color><pos=65f%>IL</pos>

XTAGX71<color=@#Heading#>72XTAGX<pos=2.5f%>@#Brian the Fist#</pos><pos=25f%>-10</pos><pos=35f%><color=#141414>108/</color><color=#F0F0F0FF>258</color></pos><pos=50f%></pos><pos=65f%>@#WA#</pos>

XTAGX87<b>88XTAGX<pos=2.5f%>@#El Cid#</pos><pos=25f%>-8</pos><pos=35f%><color=#141414>215/</color><color=#F0F0F0FF>226</color></pos><pos=50f%></pos><pos=65f%>@#PA#</pos>

XTAGX103</b>104XTAGX<pos=2.5f%>@#Markus#</pos><pos=25f%>-4</pos><pos=35f%><color=#141414>176/</color><color=#F0F0F0FF>198</color></pos><pos=50f%></pos><pos=65f%>@#BA#</pos>

XTAGX119</color>120XTAGX<pos=2.5f%>@#Sir Grady#</pos><pos=25f%>-5</pos><pos=35f%><color=#141414>178/</color><color=#F0F0F0FF>215</color></pos><pos=50f%></pos><pos=65f%>@#RO#</pos>

XTAGX135</align>136XTAGX<pos=2.5f%>@#Merlin#</pos><pos=25f%>-1</pos><pos=35f%><color=#141414>145/</color><color=#F0F0F0FF>145</color><pos=50f%></pos><color=#141414>409/</color><color=#F0F0F0FF>512</color><pos=50f%></pos><pos=65f%>@#CO#</pos>

XTAGX156<smallcaps>157XTAGX<pos=2.5f%>@#Omar#</pos>XTAGX160<b>161XTAGX<pos=35f%><color=#141414>163/</color>XTAGX165<color=#141414>166XTAGX</pos><pos=50f%></pos><color=#141414>367/</color><color=#F0F0F0FF>571</color><pos=65f%>@#MA#</pos>



特殊單位無法在戰鬥中控制。它們會自行選擇攻擊模式，通常會攻擊隊伍正在面對的主要怪物群。特殊單位被殺死時會從 S 欄位移除。幻象特殊單位（由 <l=""MAN_MAGES"",""mage""/> 創造）若被任何敵人識破則會被移除。若非幻象的特殊單位因任何原因受到隊伍其他成員攻擊，它會立即轉為敵對並戰鬥至被擊敗。



<color=@#SubHeading#><b>無弓箭</b></color>

移除所有形式的弓箭以及原版《未知傳奇》中不存在的弓箭專用物品。



<color=@#SubHeading#><b>無物品使用次數</b></color>

物品不再有特定的使用次數，現在還原為可能無限使用，但每次使用時有低機率消失。



<color=@#SubHeading#><b>不同遊戲尺寸的道具欄</b></color>

每位角色擁有自己的道具欄並持有自己的金幣，與 <l=""MAN_INDIVIDUAL_INVENTORY"",""individual inventory""/> 相同。但每款遊戲的道具欄尺寸不同，而非三部曲中統一的 16 格。



<color=@#Heading#><b>未知傳奇（BT1）</b></color> - 每位成員有 XTAGX194</b>195XTAGX 格道具欄位。

<color=@#Heading#><b>天命勇士（BT2）</b></color> - 每位成員有 XTAGX200<size=85%>201XTAGX 格道具欄位。

<color=@#Heading#><b>命運之賊（BT3）</b></color> - 每位成員有 XTAGX206<size=85%>207XTAGX 格道具欄位。



<color=@#SubHeading#><b>專屬酒囊</b></color>

酒囊再次成為《命運之賊》在三部曲中的專屬物品，不再能從《未知傳奇》或《天命勇士》中取得。



<color=@#SubHeading#><b>專屬物品鑑定</b></color>

透過盜賊能力鑑定物品的功能將限制於《命運之賊》，不再適用於《未知傳奇》或《天命勇士》。"
MAN_GAME_SPECIFIC_SONGS,Game Specific Songs,遊戲專屬歌曲
MAN_GAME_SPECIFIC_SONGS_TEXT,"@#SONGS_HINT#



3 Songs from <l=""MAN_THE_DESTINY_KNIGHT"",""The Destiny Knight (BT2)""/> revert to having their original effect.

<color=@#SPELL_HEADER_COL#><smallcaps><b>@#SONG_SpellSong#</b></smallcaps></color>

<color=@#SPELL_HEADER_COL#><smallcaps><b>@#SONG_SanctuaryScore#</b></smallcaps></color>

<color=@#SPELL_HEADER_COL#><smallcaps><b>@#SONG_WatchwoodMelody#</b></smallcaps></color>","@#SONGS_HINT#



來自 <l=""MAN_THE_DESTINY_KNIGHT"",""The Destiny Knight (BT2)""/> 的 3 首歌曲還原為原始效果。

<color=@#SPELL_HEADER_COL#><smallcaps><b>@#SONG_SpellSong#</b></smallcaps></color>

<color=@#SPELL_HEADER_COL#><smallcaps><b>@#SONG_SanctuaryScore#</b></smallcaps></color>

<color=@#SPELL_HEADER_COL#><smallcaps><b>@#SONG_WatchwoodMelody#</b></smallcaps></color>"
MAN_TALES_OF_THE_UNKNOWN,Tales Of The Unknown,未知傳奇
MAN_TALES_OF_THE_UNKNOWN_TEXT,"Songs available in <b>Tales of the Unknown (BT1)</b>.



<color=@#SPELL_HEADER_COL#><smallcaps><b>@#SONG_FalkentynesFury#</b></smallcaps></color>

@#SONG_FalkentynesFury_DESC#



<color=@#SPELL_HEADER_COL#><smallcaps><b>@#SONG_SeekersBallad#</b></smallcaps></color>

@#SONG_SeekersBallad_DESC#



<color=@#SPELL_HEADER_COL#><smallcaps><b>@#SONG_WaylandsWatch#</b></smallcaps></color>

@#SONG_WaylandsWatch_DESC#



<color=@#SPELL_HEADER_COL#><smallcaps><b>@#SONG_BadhrKilnfest#</b></smallcaps></color>

@#SONG_BadhrKilnfest_DESC#



<color=@#SPELL_HEADER_COL#><smallcaps><b>@#SONG_TravellersTune#</b></smallcaps></color>

@#SONG_TravellersTune_DESC#



<color=@#SPELL_HEADER_COL#><smallcaps><b>@#SONG_Lucklaran#</b></smallcaps></color>

@#SONG_Lucklaran_DESC#","可在 <b>《未知傳奇》（BT1）</b> 中獲得的歌曲。



<color=@#SPELL_HEADER_COL#><smallcaps><b>@#SONG_FalkentynesFury#</b></smallcaps></color>

@#SONG_FalkentynesFury_DESC#



<color=@#SPELL_HEADER_COL#><smallcaps><b>@#SONG_SeekersBallad#</b></smallcaps></color>

@#SONG_SeekersBallad_DESC#



<color=@#SPELL_HEADER_COL#><smallcaps><b>@#SONG_WaylandsWatch#</b></smallcaps></color>

@#SONG_WaylandsWatch_DESC#



<color=@#SPELL_HEADER_COL#><smallcaps><b>@#SONG_BadhrKilnfest#</b></smallcaps></color>

@#SONG_BadhrKilnfest_DESC#



<color=@#SPELL_HEADER_COL#><smallcaps><b>@#SONG_TravellersTune#</b></smallcaps></color>

@#SONG_TravellersTune_DESC#



<color=@#SPELL_HEADER_COL#><smallcaps><b>@#SONG_Lucklaran#</b></smallcaps></color>

@#SONG_Lucklaran_DESC#"
MAN_THE_DESTINY_KNIGHT,The Destiny Knight,天命勇士
MAN_THE_DESTINY_KNIGHT_TEXT,"Songs available in <b>The Destiny Knight (BT2)</b>.



<color=@#SPELL_HEADER_COL#><smallcaps><b>@#SONG_ArchersTune#</b></smallcaps></color>

@#SONG_ArchersTune_DESC#



<color=@#SPELL_HEADER_COL#><smallcaps><b>@#SONG_SpellSong#</b></smallcaps></color>

@#SONG_SpellSong_DESC_BT2#



<color=@#SPELL_HEADER_COL#><smallcaps><b>@#SONG_SanctuaryScore#</b></smallcaps></color>

@#SONG_SanctuaryScore_DESC_BT2#



<color=@#SPELL_HEADER_COL#><smallcaps><b>@#SONG_MeleeMarch#</b></smallcaps></color>

@#SONG_MeleeMarch_DESC#



<color=@#SPELL_HEADER_COL#><smallcaps><b>@#SONG_ZanduvarCarack#</b></smallcaps></color>

@#SONG_ZanduvarCarack_DESC#



<color=@#SPELL_HEADER_COL#><smallcaps><b>@#SONG_RhymeOfDuotime#</b></smallcaps></color>

@#SONG_RhymeOfDuotime_DESC#



<color=@#SPELL_HEADER_COL#><smallcaps><b>@#SONG_WatchwoodMelody#</b></smallcaps></color>

@#SONG_WatchwoodMelody_DESC_BT2#","可在 <b>《天命勇士》（BT2）</b> 中獲得的歌曲。



<color=@#SPELL_HEADER_COL#><smallcaps><b>@#SONG_ArchersTune#</b></smallcaps></color>

@#SONG_ArchersTune_DESC#



<color=@#SPELL_HEADER_COL#><smallcaps><b>@#SONG_SpellSong#</b></smallcaps></color>

@#SONG_SpellSong_DESC_BT2#



<color=@#SPELL_HEADER_COL#><smallcaps><b>@#SONG_SanctuaryScore#</b></smallcaps></color>

@#SONG_SanctuaryScore_DESC_BT2#



<color=@#SPELL_HEADER_COL#><smallcaps><b>@#SONG_MeleeMarch#</b></smallcaps></color>

@#SONG_MeleeMarch_DESC#



<color=@#SPELL_HEADER_COL#><smallcaps><b>@#SONG_ZanduvarCarack#</b></smallcaps></color>

@#SONG_ZanduvarCarack_DESC#



<color=@#SPELL_HEADER_COL#><smallcaps><b>@#SONG_RhymeOfDuotime#</b></smallcaps></color>

@#SONG_RhymeOfDuotime_DESC#



<color=@#SPELL_HEADER_COL#><smallcaps><b>@#SONG_WatchwoodMelody#</b></smallcaps></color>

@#SONG_WatchwoodMelody_DESC_BT2#"
MAN_THIEF_OF_FATE,Thief Of Fate,命運之賊
MAN_THIEF_OF_FATE_TEXT,"Songs available in <b>Thief Of Fate (BT3)</b>.



<color=@#SPELL_HEADER_COL#><smallcaps><b>@#SONG_SirRobinsTune#</b></smallcaps></color>

@#SONG_SirRobinsTune_DESC#



<color=@#SPELL_HEADER_COL#><smallcaps><b>@#SONG_SafetySong#</b></smallcaps></color>

@#SONG_SafetySong_DESC#



<color=@#SPELL_HEADER_COL#><smallcaps><b>@#SONG_SanctuaryScore#</b></smallcaps></color>

@#SONG_SanctuaryScore_DESC#



<color=@#SPELL_HEADER_COL#><smallcaps><b>@#SONG_BringaroundBallad#</b></smallcaps></color>

@#SONG_BringaroundBallad_DESC#



<color=@#SPELL_HEADER_COL#><smallcaps><b>@#SONG_RhymeOfDuotime#</b></smallcaps></color>

@#SONG_RhymeOfDuotime_DESC#



<color=@#SPELL_HEADER_COL#><smallcaps><b>@#SONG_KielsOverture#</b></smallcaps></color>

@#SONG_KielsOverture_DESC#



<color=@#SPELL_HEADER_COL#><smallcaps><b>@#SONG_MinstrelShield#</b></smallcaps></color>

@#SONG_MinstrelShield_DESC#","可在 <b>《命運之賊》（BT3）</b> 中獲得的歌曲。



<color=@#SPELL_HEADER_COL#><smallcaps><b>@#SONG_SirRobinsTune#</b></smallcaps></color>

@#SONG_SirRobinsTune_DESC#



<color=@#SPELL_HEADER_COL#><smallcaps><b>@#SONG_SafetySong#</b></smallcaps></color>

@#SONG_SafetySong_DESC#



<color=@#SPELL_HEADER_COL#><smallcaps><b>@#SONG_SanctuaryScore#</b></smallcaps></color>

@#SONG_SanctuaryScore_DESC#



<color=@#SPELL_HEADER_COL#><smallcaps><b>@#SONG_BringaroundBallad#</b></smallcaps></color>

@#SONG_BringaroundBallad_DESC#



<color=@#SPELL_HEADER_COL#><smallcaps><b>@#SONG_RhymeOfDuotime#</b></smallcaps></color>

@#SONG_RhymeOfDuotime_DESC#



<color=@#SPELL_HEADER_COL#><smallcaps><b>@#SONG_KielsOverture#</b></smallcaps></color>

@#SONG_KielsOverture_DESC#



<color=@#SPELL_HEADER_COL#><smallcaps><b>@#SONG_MinstrelShield#</b></smallcaps></color>

@#SONG_MinstrelShield_DESC#"
MAN_USE_UNEQUIPPED_ITEMS,Use Equipped Items,使用已裝備物品
MAN_USE_UNEQUIPPED_ITEMS_TEXT,@#USEUNEQUIPPED_HINT#,@#USEUNEQUIPPED_HINT#
MAN_AUTOMAP_DISABLED,Automap Disabled,自動地圖已關閉
MAN_AUTOMAP_DISABLED_TEXT,@#DISABLE_AUTOMAP_HINT#,@#DISABLE_AUTOMAP_HINT#
MAN_FULL_XP_REQUIREMENTS,Full XP Requirements,完整經驗值需求
MAN_FULL_XP_REQUIREMENTS_TEXT,"@#XP_GRIND_HINT#



<color=@#SubHeading#><b>Double XP Requirements</b></color>

Up to twice the XP is needed for each level.



<color=@#SubHeading#><b>Un-restricted Party Attack</b></color>

Allows party attack to be initiated anywhere.



<color=@#SubHeading#><b>Shop Charged Items</b></color>

Enabled shop buy and sell any charged item.



<color=@#SubHeading#><b>Repeatable Events and Battles</b></color>

All game events and battles are now repeatable.","@#XP_GRIND_HINT#

<color=@#SubHeading#><b>雙倍經驗需求</b></color>

每個等級所需的經驗值最多可達兩倍。

<color=@#SubHeading#><b>無限制隊伍攻擊</b></color>

允許在任何地點發動隊伍攻擊。

<color=@#SubHeading#><b>商店販售充能物品</b></color>

啟用商店買賣任何充能物品。

<color=@#SubHeading#><b>可重複事件與戰鬥</b></color>

所有遊戲事件與戰鬥現在均可重複進行。"
MAN_SAVE_AT_GUILD_ONLY,Save At Guild Only,僅限公會存檔
MAN_SAVE_AT_GUILD_ONLY_TEXT,@#SAVE_AT_GUILD_HINT#,@#SAVE_AT_GUILD_HINT#
MAN_NO_ITEMS_IN_EMPTY_HOUSES,No Items In Empty Houses,空屋無物品
MAN_NO_ITEMS_IN_EMPTY_HOUSES_TEXT,@#NOEMPTYROOM_HINT#,@#NOEMPTYROOM_HINT#
MAN_FINISHING_A_VOLUME,Finishing A Volume,完成一部曲
MAN_FINISHING_A_VOLUME_TEXT,"When a volume of the trilogy has been completed and there is nothing of value left to do, head to any <l=""MAN_ADVENTURERS_GUILD"",""Adventurer's Guild""/>. A new option will be present which will advance the game to the next volume in the trilogy. This option will only occur in <b>Tales of the Unknown (BT1)</b> and <b>The Destiny Knight (BT2)</b>.



Finishing <b>Tales of the Unknown</b> will present -

Begin Volume II - The Destiny Knight.



Finishing <b>The Destiny Knight</b> will present -

Begin Volume III - Thief of Fate.



Finishing a volume does not require forming a new party, losing all gold and emptying all inventories. A <l=""MAN_CHARACTER_TRANSFER"",""character transfer""/> option is available.



Characters can always be left behind at a guild and new ones created to take their place if the party needs a bit of a different composition. Alternatively - exit to the main menu and start an entirely fresh save for the new volume.



It is recommended to create a save file before transferring to a new volume.","當三部曲中的某一卷完成，且沒有其他有價值的事情可做時，前往任何一座 <l=""MAN_ADVENTURERS_GUILD"",""Adventurer's Guild""/>。將會出現一個新選項，讓遊戲推進至三部曲的下一卷。此選項僅會出現在 <b>《未知傳奇》（BT1）</b> 與 <b>《天命勇士》（BT2）</b> 中。

完成 <b>《未知傳奇》</b> 將會出現——

開始第二卷——天命勇士。

完成 <b>《天命勇士》</b> 將會出現——

開始第三卷——命運之賊。

完成一卷並不需要重新組建隊伍、損失所有金幣或清空所有道具欄。有 <l=""MAN_CHARACTER_TRANSFER"",""character transfer""/> 選項可供使用。

角色隨時可以留在公會中，並創建新角色來取代他們的位置，如果隊伍需要稍微不同的組成。或者，退出到主選單，為新卷從頭開始全新的存檔。

建議在轉移至新卷之前建立一個存檔。"
MAN_CHARACTER_TRANSFER,Character Transfer,角色轉移
MAN_CHARACTER_TRANSFER_TEXT,"When advancing to a new volume, there are 3 different options that allow characters to be transferred at different power levels and to retain different amounts of loot.



<color=@#SubHeading#><b>Full Power Transfer</b></color>

Bring over all characters exactly as they are with all experience and items. All inventories will be preserved.



<color=@#SubHeading#><b>Moderate Power Transfer</b></color>

Characters will be levelled down to a suitable level for the content. All inventories will be preserved.



<color=@#SubHeading#><b>Full Reset</b></color>

All characters will be reset to level 1. All inventories will be cleared.



Transferring characters across volumes will also transfer characters in the guild roster.



It is recommended to create a save file before transferring to a new volume.","當推進至新卷時，有 3 種不同的選項，允許角色以不同的強度等級轉移，並保留不同數量的戰利品。

<color=@#SubHeading#><b>完整強度轉移</b></color>

將所有角色原封不動地帶過來，保留所有經驗值與物品。所有道具欄都將保留。

<color=@#SubHeading#><b>中等強度轉移</b></color>

角色將降級至適合該內容的等級。所有道具欄都將保留。

<color=@#SubHeading#><b>完全重置</b></color>

所有角色將重置為等級 1。所有道具欄都將清空。

跨卷轉移角色也會轉移公會名冊中的角色。

建議在轉移至新卷之前建立一個存檔。"
Brian the Fist,Brian the Fist,鐵拳布萊恩
El Cid,El Cid,艾爾·席德
Markus,Markus,馬庫斯
Sir Grady,Sir Grady,格雷迪爵士
Merlin,Merlin,梅林
Omar,Omar,奧瑪
MOUSE_SCROLL_REVIEW,You can also use the mouse scroll wheel to review text that has been written to the scroll during combat.,你也可以使用滑鼠滾輪來回顧戰鬥期間寫入卷軸的文字。
BARD_STARTING_SONGS,"A newly created Bard will know only a handful of songs, determined by the current volume being played. Bards may learn songs from previous game volumes if they can find someone to teach them.",新創建的吟遊詩人只會知道少數幾首歌曲，由當前遊玩的遊戲章節決定。吟遊詩人可以從前幾代的遊戲中學習歌曲，只要他們能找到人教導。
SUMMON,SUMMON,召喚
PORTRAIT_Warrior Barbarian,Warrior Barbarian,戰士 野蠻人
PORTRAIT_Experienced Paladin,Experienced Paladin,資深聖騎士
PORTRAIT_Vampire Lord,Vampire Lord,吸血鬼領主
PRESS_XX_TO_CONTINUE,Press <color=#ffff22>{0}</color> to continue...,按下 <color=#ffff22>{0}</color> 繼續……
CHOOSE_CHAR_TO_VIEW,Choose a character to view:,選擇一個角色來檢視：
XB_ToggleHelp,Toggle Help,切換幫助
XB_ToggleMinimap,Toggle Minimap,切換小地圖
XB_OpenJournal,Open Journal,開啟日誌
XB_Menu,Pause Menu,暫停選單
XB_CommandsPopup,Commands Popup,指令彈出視窗
XB_WhereAmI,Where Am I,我在哪裡
XB_ViewChar,View Char,檢視角色
XB_CastSpell,Cast Spell,施放法術
XB_PlaySong,Play Song,演奏歌曲
XB_UseItem,Use Item,使用物品
XB_LookAround,Look Around 3D,3D 環顧四周
XB_Move,Move Around 3D,3D 移動
XB_SwitchProfiles,Switch Profiles,切換設定檔
USER_SIGNED_OUT,User Signed Out,使用者已登出
SIGNED_IN_AS,Signed in as:,登入為：
SFX,SFX,音效
Music,Music,音樂
ACTIVE_AURA_TITLE,"Active Auras, Timers and Spell Effects",啟用的靈氣、計時器與法術效果
COMMAND_PortalUp,Take Portal Up,使用傳送門向上
COMMAND_PortalDown,Take Portal Down,使用傳送門向下
COMMAND_PartyAttack,Party attack,隊伍攻擊
COMMAND_PartyOrder,New Party Order,新隊伍順序
COMMAND_Manual,Bard's Tale Trilogy Manual,冰城傳奇三部曲手冊
COMMAND_ClothMap,Original Cloth Map,原版布質地圖
COMMAND_Bestiary,Bestiary,怪物圖鑑
COMMAND_Stats,Statistics,統計資料
COMMAND_Controls,View Controls,視角控制
Accept,Accept,接受
TRANSFER_FULL_DESC,"Bring over your characters exactly as they are with all experience and items.

All inventories will be preserved.",直接將你的角色原封不動地帶過來，保留所有經驗值與物品。\n\n所有道具欄內容將被保留。
TRANSFER_PARTIAL_DESC,"Characters will be levelled down to a suitable level for the content.

All inventories will be preserved.",角色等級將被降至適合該內容的等級。\n\n所有道具欄內容將被保留。
TRANSFER_RESET_DESC,"All characters will be reset to level 1.

All inventories will be cleared.",所有角色將被重置為等級 1。\n\n所有道具欄內容將被清空。
DESTINY_KNIGHT_HINT,"The Destiny Knight is immune to all status conditions and cannot be turned to stoned or killed with a critical hit. Any damage to the Destiny Knight that would normally kill them, will instead reduce a small amount of their spell points. If they run out of magic, they can still die!",天命勇士免疫所有狀態異常，無法被石化，也無法被暴擊殺死。任何原本會殺死天命勇士的傷害，都只會減少其少量法術點數。如果他們耗盡魔力，仍然會死亡！
BANK_RETRIEVED,RETRIEVED,已取回
CONTROLLER_REMOVED,Please reconnect the controller or connect a different controller.,請重新連接控制器，或連接其他控制器。
PORTRAIT_Sneaky Rogue,Sneaky Rogue,狡猾盜賊
PORTRAIT_Virtuoso Bard,Virtuoso Bard,大師吟遊詩人
PORTRAIT_Deadly Hunter,Deadly Hunter,致命獵人
PORTRAIT_Adept Conjurer,Adept Conjurer,熟練咒術師
PORTRAIT_Master Magician,Master Magician,幻術大師
PORTRAIT_Runic Wizard,Runic Wizard,符文巫師
Song List,Song List,歌曲列表
Spell List,Spell List,法術列表
GAME_QUICKSAVED,Game has been quick-saved.,遊戲已快速存檔。
Breath Attack,Breath Attack,吐息攻擊
CHEST_Poison Needle,Poison Needle,毒針
CHEST_Blades,Blades,刀刃
CHEST_Darts,Darts,飛鏢
CHEST_Gas Cloud,Gas Cloud,毒氣雲
CHEST_Shocker,Shocker,電擊器
CHEST_Crazy Cloud,Crazy Cloud,瘋狂雲霧
CHEST_Mind Trap,Mind Trap,心靈陷阱
CHEST_Poison Blades,Poison Blades,毒刃
CHEST_Shock Wave,Shock Wave,衝擊波
CHEST_Vortex,Vortex,漩渦
CHEST_Shocks,Shocks,震擊
CHEST_Poison Darts,Poison Darts,毒鏢
CHEST_Acid Burst,Acid Burst,酸液爆發
CHEST_Poison Spikes,Poison Spikes,毒刺
CHEST_Mind Blast,Mind Blast,心靈爆裂
CHEST_Mind Jab,Mind Jab,心靈刺擊
CHEST_Basilisk Snare,Basilisk Snare,蛇妖陷阱
CHEST_Death Blades,Death Blades,死亡刀鋒
CHEST_Codger Bomb,Codger Bomb,老鬼炸彈
CHEST_Swindler,Swindler,騙徒
CHEST_Hammer,Hammer,鐵鎚
MAP_Pit,pit!,陷阱坑！
MAP_Spiked Pit,spiked pit!,尖刺陷阱坑！
MAP_Warstrike,timed Warstrike spell!,定時戰爭法術！
MAP_Gas Cloud,poison gas cloud!,毒氣雲！
MAP_Darts,"tripwire, which caused poison darts to shoot!",絆線觸發，毒鏽齊射！
MAP_Stone Block,"tripwire, which caused a stone block to fall!",絆線觸發，巨石墜落！
MAP_Crossbows,"tripwire, which caused several crossbows to fire at you!",絆線觸發，數把十字弓朝你射擊！
MAP_Basilisk Snare,Basilisk snare!,蛇妖陷阱！
MAP_BT3_Stone Block,stone block!,巨石！
MAP_Tripwire,tripwire!,絆線！
MAP_Stakes,punji stakes!,竹尖樁！
MAP_BT3_Crossbows,crossbow bolts!,十字弓弩箭！
MAP_Shock Wave,shock wave!,衝擊波！
MAP_Acid,acid bath!,酸液池！
MAP_Mind Zap,mind zap!,心靈電擊！
MAP_Poison Spray,poison spray!,毒霧噴射！
MAP_Poison Spiked Pit,poison spiked pit!,毒刺陷阱坑！
MAP_Mage Zap,mage zap!,法師電擊！
MAP_Decapitator,decapitator!,斬首者！
MAP_BT3_Warstrike,timed warstrike!,時機戰擊！
MAP_Shock Sphere,shock sphere!,震盪球！
MAP_Crushing Walls,crushing walls!,壓迫之牆！
MAP_Rolling Ball,rolling ball!,滾石！
MAP_BT3_Basilisk Snare,basilisk snare!,蛇妖陷阱！
MAP_Wither Strike,wither strike!,衰老打擊！
MAP_SledgeHammer,sledgehammer!,重鎚！
MAP_Earthquake,earthquake!,地震！
MAP_Deathstrike,deathstrike!,死亡一擊！
MAP_Bonkers,bonkers!,瘋狂！
All Classes,All Classes,所有職業
All Melee,All Melee,所有近戰
All Mages,All Mages,所有法師
Empty Slot,Empty Slot,空欄位
XB1GuestUserConfirm,Guest Users cannot save or load. Switch Profiles to save or load.,訪客使用者無法存檔或讀檔。請切換設定檔以進行存檔或讀檔。
XB1NewGameGuest,Game progress is not saved for Guest Users.,訪客使用者的遊戲進度不會被儲存。
RESUME_TEXT_SIGNEDIN,Active User,目前使用者
RESUME_TEXT_WHO,Who are you,你是誰
SONG_SanctuaryScore_DESC,"Provides general protection for your party. Lowers their AC, and increases the chance to run from combat, dodge missiles, resist spells and avoid traps.",為你的隊伍提供全面防護。降低防禦等級，並提高逃離戰鬥、閃避遠程攻擊、抵抗法術及避開陷阱的機率。
GR_Signing_In,Signing In,登入中
GR_Loading_Profile,Loading Profile,載入設定檔
GR_Caching_Saves,Caching Saves,快取存檔中
GR_Checking_License,Checking License,檢查授權
GR_Checking_Updates,Checking For Updates,檢查更新中
GR_Signed_In,Signed In,已登入
GR_Storage_Failed,Storage Init Failed,儲存初始化失敗
GR_License_Failed_Not_Trial_Owner,License Failed\nNot Trial Owner,授權失敗\n非試玩版擁有者
GR_License_Failed_Trial_Expired,License Failed\nTrial Expired,授權失敗\n試玩版已過期
GR_License_Failed_General,License Failed\nGeneral Failure,授權失敗\n一般錯誤
GR_Downloading,Downloading Updates,正在下載更新
GR_Installing,Installing Updates,正在安裝更新
SPELLFILTER_RecentSpells_Heading,Recent Spells,最近使用的法術
SPELLFILTER_RecentSpells,Lists the most recently used spells by this character.,列出此角色最近使用過的法術。
Sign_In,Sign In,登入
CASTER,CASTER,施法者
AnswerThisRiddle,Answer this riddle to pass:,回答此謎題以通過：
GARTHS_CLOSED_AT_NIGHT,The shoppe is closed at night.,商店在夜間不營業。
REVIEWBOARD_CLOSED_AT_NIGHT,The Review Board is closed for the evening. The guild leaders will meet with you in the morning.,仲裁委員會晚間休息。公會長們會在早上與你會面。
BANK_CLOSED_AT_NIGHT,Bank business hours are between dawn and dusk.,銀行的營業時間是從黎明到黃昏。
CASINO_CLOSED_AT_NIGHT,The casino is closed at night.,賭場在夜間不營業。
ROOMHINT_35,Looking for adventure? Seek the dungeon on the east side of Tangramayne.,尋找冒險？前往坦格拉梅恩東側的地下城。
ROOMHINT_36,"Your spell casters are able to identify what spells an enemy magic user is casting, if they know the spell themselves.",如果你的施法者本身懂得某個法術，他們就能辨識出敵方法師正在施展的法術。
ROOMHINT_37,It's possible for Bards to learn more songs. But first you need to find someone who will teach you. This is something a Bartender might be able to help you with.,吟遊詩人有機會學會更多歌曲。但你首先得找到願意教你的人。酒保或許能幫上這個忙。
ROOMHINT_38,"Some places have a natural malevolence to them which may turn monsters against you. There is said to be a set of Bracers that, when equipped, will keep a monster calm. If you can't find one, there is always magic.",有些地方天生帶有惡意，會促使怪物攻擊你。據說有一副護腕，裝備後能讓怪物保持冷靜。如果你找不到，魔法總是可行的辦法。
Accept Changes?,Accept Changes?,接受變更？
Please Wait,Please Wait,請稍候
GR_Update_Failed,Update Failed,更新失敗
GR_Update_Success,Update Success,更新成功
GR_Update_Required,Update Required\nPlease Update in the store.,需要更新\n請在商店中進行更新。
GR_Signed_Out,User Signed Out\nPress Ok to exit.,使用者已登出\n按確定以離開。
OriginInitFailed,Something Went Wrong\nEnsure Origin client is loaded.,發生錯誤\n請確認 Origin 用戶端已載入。
XB_CommandBarHelp,Help,說明
XB_CommandBarJournal,Journal,日誌
XB_CommandBarPause,Pause,暫停
XB_CommandBarCommands,Commands,指令
PRESS_SPACE_FIX,Press <color=#ffff22>SPACE</color> to continue...,按 <color=#ffff22>空白鍵</color> 繼續...
PRESS_SPACE_FIX2,Press SPACE to continue...,按空白鍵繼續...
PRESS_SPACE_FIX3,Press SPACE to continue,按空白鍵繼續
GUILD_ADD_MEMBER_COLOR,<color=#ffff22>A</color>dd member to party,<color=#ffff22>A</color>新增成員至隊伍
GUILD_REMOVE_MEMBER_COLOR,<color=#ffff22>R</color>emove member from party,<color=#ffff22>R</color>從隊伍中移除成員
GUILD_CREATE_MEMBER_COLOR,<color=#ffff22>C</color>reate a new member,<color=#ffff22>C</color>創建新成員
GUILD_DELETE_MEMBER_COLOR,<color=#ffff22>D</color>elete member from roster,<color=#ffff22>D</color>從名冊中刪除成員
GUILD_ENTER_CITY_COLOR,<color=#ffff22>E</color>nter the city,<color=#ffff22>E</color>進入城市
GUILD_ENTER_WILDERNESS_COLOR,<color=#ffff22>E</color>nter the wilderness,<color=#ffff22>E</color>進入荒野
GUILD_MORE_OPTIONS_COLOR,<color=#ffff22>M</color>ore options...,<color=#ffff22>M</color>更多選項...
GUILD_CHOOSE_PORTRAIT_COLOR,<color=#ffff22>C</color>hoose new portrait,<color=#ffff22>C</color>選擇新頭像
GUILD_RENAME_MEMBER_COLOR,<color=#ffff22>R</color>ename a party member,<color=#ffff22>R</color>重新命名隊伍成員
GUILD_TALK_TO_GUILD_LEADER,<color=#ffff22>T</color>alk to the guild leader,<color=#ffff22>T</color>與公會長交談
GUILD_SAVE_PARTY_TO_ROSTER,<color=#ffff22>S</color>ave party to roster,<color=#ffff22>S</color>將隊伍儲存至名冊
GUILD_QUIT_AND_EXIT_GAME,<color=#ffff22>Q</color>uit and exit game,<color=#ffff22>Q</color>離開並結束遊戲
GUILD_EXIT_TO_PREVIOUS_MENU,<color=#ffff22>E</color>xit to previous menu,<color=#ffff22>E</color>返回上一個選單
GUILD_BEGIN_VOLUME2_COLOR,<color=#ffff22>B</color>egin Volume II - The Destiny Knight,<color=#ffff22>B</color>開始第二卷 - 天命勇士
GUILD_BEGIN_VOLUME3_COLOR,<color=#ffff22>B</color>egin Volume III - Thief of Fate,<color=#ffff22>B</color>開始第三卷 - 命運之賊
GUILD_REROLL,<color=#ffff22>R</color>eroll,<color=#ffff22>R</color>重新擲骰
GUILD_REROLL,<color=#ffff22>A</color>ccept Character,<color=#ffff22>A</color>接受角色
GUILD_SAVE_PARTY_TO_ROSTER,<color=#ffff22>S</color>ave party to roster,<color=#ffff22>S</color>將隊伍儲存至名冊
UI_Yes,<color=#ffff22>Y</color>es,<color=#ffff22>是</color>
UI_No,<color=#ffff22>N</color>o,<color=#ffff22>否</color>
UI_ExitBuilding,<color=#ffff22>E</color>xit building,<color=#ffff22>E</color>離開建築
UI_FightBravely,<color=#ffff22>F</color>ight bravely,<color=#ffff22>F</color>英勇戰鬥
UI_RunAway,<color=#ffff22>R</color>un away,<color=#ffff22>R</color>逃跑
UI_AttackFoes,<color=#ffff22>A</color>ttack foes,<color=#ffff22>A</color>攻擊敵人
UI_Defend,<color=#ffff22>D</color>efend,<color=#ffff22>D</color>防禦
UI_PartyAttack,<color=#ffff22>P</color>arty attack,<color=#ffff22>P</color>隊伍攻擊
UI_EquipItem,<color=#ffff22>E</color>quip or Unequip a single item,<color=#ffff22>E</color>裝備或卸下單一物品
UI_BardSong,<color=#ffff22>B</color>ard song,<color=#ffff22>B</color>吟遊詩人歌曲
UI_UseItem,<color=#ffff22>U</color>se an equipped item,<color=#ffff22>U</color>使用已裝備物品
UI_RangedAttack,<color=#ffff22>R</color>anged attack (30'),<color=#ffff22>R</color>遠程攻擊 (30')
UI_CastSpell,<color=#ffff22>C</color>ast a spell,<color=#ffff22>C</color>施放法術
UI_HideShadows,<color=#ffff22>H</color>ide in the shadows ({0}% Chance),<color=#ffff22>H</color>躲藏在陰影中 ({0}% 機率)
UI_All,All,全部
VAR_Level_Gender_Race_Class,Level {0} {1} {2} {3},第{0}級 {1}{2}{3}
VAR_Gender_Race_Class,{0} {1} {2},{0}{1}{2}
VAR_Name_Class,{0} ({1}),{0}（{1}）
VAR_Spell_Range,{0} ({1}'),{0} ({1}')
VAR_Spell_Code_Range,{0} ({1}') ({2} Target),{0} ({1}') ({2}目標)
VAR_Level_Exp,Level: {0} Experience: {1}/{2},等級：{0} 經驗值：{1}/{2}
VAR_StrIntDex,Strength: {0} Intelligence: {1} Dexterity: {2},力量：{0} 智力：{1} 敏捷：{2}
VAR_ConLuck,Constitution: {0} Luck: {1},體質：{0} 運氣：{1}
VAR_HpSp,Hit Points: {0}/{1} Spell Points: {2}/{3},生命值：{0}/{1} 法力值：{2}/{3}
VAR_ConjMag,Conjurer: {0} Magician: {1},魔術師：{0} 魔法師：{1}
VAR_SorcWiz,Sorcerer: {0} Wizard: {1},巫師：{0} 巫師：{1}
VAR_Class_Lv,{0} Lv {1},{0} Lv {1}
UI_Single,Single,單體
UI_Group,Group,群體
UI_Any,Any,任何
UI_None,None,無
UI_SPELL_LIST,<color=#ffff22>S</color>pell List,<color=#ffff22>法</color>術列表
UI_INVENTORY,<color=#ffff22>I</color>nventory,<color=#ffff22>道</color>具欄
SPELL_TOOLTIP_1,{0} ({1}') {2} Lv {3} {4},{0} ({1}') {2} Lv {3}\n{4}
SPELL_TOOLTIP_2,{0} {1} Lv {2} {3},{0} {1} Lv {2}\n{3}
PARTY_INV_SPRITE,"<sprite name=""LeftDivider"">Party Inventory<sprite name=""RightDivider"">","<sprite name=""LeftDivider"">隊伍庫存<sprite name=""RightDivider"">"
INV_SPACE,<color=#ffff00>SPACE</color> Equip/Unequip,<color=#ffff00>SPACE</color> 裝備/卸下
INV_DROP,<color=#ffff22>D</color>rop item,<color=#ffff22>D</color> 丟棄物品
INV_USE,<color=#ffff22>U</color>se item,<color=#ffff22>U</color> 使用物品
SLOT_ARMOR,Slot: Armor,欄位：防具
SLOT_WEAPON,Slot: Weapon,欄位：武器
EQUIPPED_X,Equipped: {0},已裝備：{0}
DAMAGE_MIN_X,Damage Min: {0},最小傷害：{0}
DAMAGE_MAX_X,Damage Max: {0},最大傷害：{0}
CLASSES_ALL,Classes: All Classes,適用職業：所有職業
STAT_STR,Strength: {0},力量：{0}
STAT_INT,Intelligence: {0},智力：{0}
STAT_DEX,Dexterity: {0},敏捷：{0}
STAT_CON,Constitution: {0},體質：{0}
STAT_LUCK,Luck: {0},運氣：{0}
STAT_HP,Hit Points: {0},生命值：{0}
STAT_SP,Spell Points: {0},法力值：{0}
